Timestamp,Open,High,Low,Close,Volume
2025-10-06T16:10:00Z,25191.0,25192.0,25183.25,25186.5,3137
2025-10-06T16:15:00Z,25186.75,25196.75,25182.75,25193.5,2764
2025-10-06T16:20:00Z,25193.75,25201.5,25187.75,25201.5,2099
2025-10-06T16:25:00Z,25200.75,25204.75,25197.5,25202.75,1762
2025-10-06T16:30:00Z,25203.25,25204.0,25194.0,25195.5,1751
2025-10-06T16:35:00Z,25195.5,25200.25,25187.75,25196.75,2162
2025-10-06T16:40:00Z,25196.75,25199.75,25188.75,25196.75,1647
2025-10-06T16:45:00Z,25196.5,25202.5,25190.5,25192.0,1743
2025-10-06T16:50:00Z,25191.5,25202.75,25190.0,25201.5,1775
2025-10-06T16:55:00Z,25201.75,25204.75,25198.75,25202.25,1529
2025-10-06T17:00:00Z,25202.5,25204.5,25195.5,25198.0,1459
2025-10-06T17:05:00Z,25197.5,25198.25,25189.25,25191.25,1850
2025-10-06T17:10:00Z,25191.5,25193.5,25184.25,25193.0,2016
2025-10-06T17:15:00Z,25192.5,25201.0,25183.0,25200.0,2392
2025-10-06T17:20:00Z,25199.75,25230.0,25198.25,25225.25,5590
2025-10-06T17:25:00Z,25225.0,25231.75,25216.75,25221.0,4117
2025-10-06T17:30:00Z,25221.5,25225.75,25216.0,25219.0,2866
2025-10-06T17:35:00Z,25219.25,25225.5,25209.0,25223.5,3314
2025-10-06T17:40:00Z,25223.5,25225.25,25206.5,25210.5,2643
2025-10-06T17:45:00Z,25210.0,25222.25,25209.75,25221.0,2715
2025-10-06T17:50:00Z,25221.0,25229.0,25219.0,25223.75,2433
2025-10-06T17:55:00Z,25223.5,25231.5,25220.25,25227.5,2157
2025-10-06T18:00:00Z,25227.75,25236.25,25218.5,25231.25,3443
2025-10-06T18:05:00Z,25231.5,25234.75,25222.0,25223.5,2699
2025-10-06T18:10:00Z,25223.0,25231.75,25218.75,25224.5,1966
2025-10-06T18:15:00Z,25224.75,25232.0,25222.25,25230.75,1826
2025-10-06T18:20:00Z,25231.0,25236.75,25226.75,25234.75,2129
2025-10-06T18:25:00Z,25234.75,25240.25,25231.5,25235.5,2290
2025-10-06T18:30:00Z,25235.5,25251.5,25234.25,25245.5,4490
2025-10-06T18:35:00Z,25245.75,25252.75,25236.75,25237.5,2801
2025-10-06T18:40:00Z,25237.5,25242.0,25228.0,25236.25,3192
2025-10-06T18:45:00Z,25236.5,25244.5,25234.25,25238.75,1635
2025-10-06T18:50:00Z,25238.75,25247.75,25238.5,25241.75,1633
2025-10-06T18:55:00Z,25241.0,25244.75,25230.5,25238.75,2405
2025-10-06T19:00:00Z,25238.25,25239.0,25229.75,25230.5,2100
2025-10-06T19:05:00Z,25230.5,25238.75,25227.5,25235.0,2091
2025-10-06T19:10:00Z,25235.0,25237.5,25230.5,25235.25,1473
2025-10-06T19:15:00Z,25235.75,25236.5,25227.75,25229.75,2212
2025-10-06T19:20:00Z,25229.25,25229.5,25217.5,25223.5,3191
2025-10-06T19:25:00Z,25223.5,25229.75,25221.75,25223.25,1919
2025-10-06T19:30:00Z,25223.25,25225.75,25216.25,25223.0,2411
2025-10-06T19:35:00Z,25222.75,25228.75,25217.25,25227.25,2561
2025-10-06T19:40:00Z,25227.0,25229.5,25206.0,25210.5,6585
2025-10-06T19:45:00Z,25210.5,25213.0,25188.25,25195.75,6667
2025-10-06T19:50:00Z,25195.0,25208.25,25191.75,25199.75,7303
2025-10-06T19:55:00Z,25199.5,25204.25,25180.5,25184.25,13305
2025-10-06T20:00:00Z,25184.5,25190.0,25175.0,25185.75,5678
2025-10-06T20:05:00Z,25185.75,25187.25,25181.25,25182.5,1327
2025-10-06T20:10:00Z,25183.0,25183.75,25176.0,25177.0,1458
2025-10-06T20:15:00Z,25177.75,25181.75,25174.0,25178.5,959
2025-10-06T20:20:00Z,25178.25,25181.25,25175.25,25178.0,726
2025-10-06T20:25:00Z,25178.75,25182.25,25178.5,25179.25,388
2025-10-06T20:30:00Z,25178.75,25184.25,25178.0,25181.25,387
2025-10-06T20:35:00Z,25181.5,25184.75,25181.5,25184.5,342
2025-10-06T20:40:00Z,25184.25,25187.25,25179.0,25181.25,745
2025-10-06T20:45:00Z,25181.5,25181.75,25178.25,25179.25,484
2025-10-06T20:50:00Z,25178.5,25182.25,25177.5,25182.25,353
2025-10-06T20:55:00Z,25182.25,25188.0,25180.5,25184.0,907
2025-10-06T22:00:00Z,25184.5,25197.0,25183.0,25187.75,0
2025-10-06T22:05:00Z,25186.75,25191.0,25185.0,25191.0,198
2025-10-06T22:10:00Z,25191.0,25196.25,25187.0,25188.75,300
2025-10-06T22:15:00Z,25189.25,25191.25,25188.25,25189.5,81
2025-10-06T22:20:00Z,25190.0,25196.0,25189.25,25195.5,183
2025-10-06T22:25:00Z,25195.75,25196.25,25189.0,25191.5,255
2025-10-06T22:30:00Z,25192.25,25192.75,25183.25,25184.5,347
2025-10-06T22:35:00Z,25184.25,25185.25,25171.0,25172.0,487
2025-10-06T22:40:00Z,25171.75,25174.75,25154.25,25162.25,848
2025-10-06T22:45:00Z,25162.25,25168.5,25159.5,25166.5,256
2025-10-06T22:50:00Z,25166.75,25168.75,25156.0,25158.0,328
2025-10-06T22:55:00Z,25157.5,25157.5,25135.25,25141.25,901
2025-10-06T23:00:00Z,25141.25,25144.0,25134.0,25136.5,492
2025-10-06T23:05:00Z,25136.75,25140.0,25131.25,25137.25,298
2025-10-06T23:10:00Z,25138.0,25144.0,25136.0,25140.0,312
2025-10-06T23:15:00Z,25139.0,25145.0,25135.0,25144.25,268
2025-10-06T23:20:00Z,25143.5,25151.25,25140.0,25149.0,475
2025-10-06T23:25:00Z,25148.25,25151.25,25145.25,25145.25,217
2025-10-06T23:30:00Z,25146.25,25147.75,25140.75,25142.5,160
2025-10-06T23:35:00Z,25143.25,25151.75,25140.5,25149.75,243
2025-10-06T23:40:00Z,25150.5,25152.75,25148.25,25149.25,162
2025-10-06T23:45:00Z,25150.25,25152.25,25145.75,25151.0,221
2025-10-06T23:50:00Z,25150.75,25153.0,25148.5,25149.0,294
2025-10-06T23:55:00Z,25149.0,25149.0,25139.75,25142.0,309
2025-10-07T00:00:00Z,25141.25,25147.5,25137.0,25140.25,484
2025-10-07T00:05:00Z,25141.75,25142.0,25135.5,25136.75,325
2025-10-07T00:10:00Z,25137.5,25139.25,25128.5,25136.75,461
2025-10-07T00:15:00Z,25137.0,25143.25,25134.25,25142.0,258
2025-10-07T00:20:00Z,25142.0,25144.5,25139.5,25142.0,191
2025-10-07T00:25:00Z,25142.5,25144.0,25138.25,25142.0,148
2025-10-07T00:30:00Z,25142.0,25144.75,25128.0,25131.25,403
2025-10-07T00:35:00Z,25131.5,25138.0,25129.0,25129.0,389
2025-10-07T00:40:00Z,25128.75,25140.25,25128.75,25132.25,267
2025-10-07T00:45:00Z,25134.0,25134.0,25125.25,25130.0,305
2025-10-07T00:50:00Z,25129.0,25132.0,25122.5,25132.0,337
2025-10-07T00:55:00Z,25131.5,25135.0,25130.25,25131.0,177
2025-10-07T01:00:00Z,25131.5,25140.75,25131.0,25134.25,494
2025-10-07T01:05:00Z,25133.25,25141.5,25131.25,25138.75,304
2025-10-07T01:10:00Z,25139.25,25140.0,25134.75,25138.25,221
2025-10-07T01:15:00Z,25139.0,25139.5,25131.75,25134.5,224
2025-10-07T01:20:00Z,25134.0,25135.5,25126.25,25134.25,316
2025-10-07T01:25:00Z,25134.5,25141.0,25133.75,25140.25,177
2025-10-07T01:30:00Z,25140.0,25141.0,25135.5,25139.25,215
2025-10-07T01:35:00Z,25138.25,25141.75,25134.5,25137.0,225
2025-10-07T01:40:00Z,25137.75,25141.75,25137.0,25141.75,121
2025-10-07T01:45:00Z,25141.5,25145.5,25139.75,25142.5,192
2025-10-07T01:50:00Z,25142.0,25146.25,25137.25,25145.75,202
2025-10-07T01:55:00Z,25146.0,25148.75,25144.5,25146.75,240
2025-10-07T02:00:00Z,25147.75,25149.0,25144.5,25147.75,208
2025-10-07T02:05:00Z,25147.5,25151.25,25146.25,25149.75,185
2025-10-07T02:10:00Z,25149.75,25153.25,25148.5,25152.0,310
2025-10-07T02:15:00Z,25152.75,25154.5,25144.25,25144.25,283
2025-10-07T02:20:00Z,25144.0,25146.5,25139.0,25143.75,313
2025-10-07T02:25:00Z,25143.5,25146.75,25141.0,25145.5,210
2025-10-07T02:30:00Z,25146.75,25148.75,25143.5,25144.25,108
2025-10-07T02:35:00Z,25144.75,25148.5,25144.25,25146.0,84
2025-10-07T02:40:00Z,25145.25,25146.25,25142.0,25144.75,109
2025-10-07T02:45:00Z,25144.0,25147.5,25143.75,25146.0,58
2025-10-07T02:50:00Z,25146.0,25149.25,25145.25,25148.5,108
2025-10-07T02:55:00Z,25148.75,25153.5,25148.75,25151.5,159
2025-10-07T03:00:00Z,25151.5,25154.0,25150.25,25150.25,123
2025-10-07T03:05:00Z,25150.75,25153.0,25150.0,25150.0,118
2025-10-07T03:10:00Z,25149.75,25156.5,25147.5,25156.0,405
2025-10-07T03:15:00Z,25156.25,25161.75,25156.25,25161.0,244
2025-10-07T03:20:00Z,25160.75,25162.5,25158.25,25160.75,169
2025-10-07T03:25:00Z,25160.5,25162.5,25157.75,25160.75,158
2025-10-07T03:30:00Z,25160.75,25162.25,25154.5,25155.0,257
2025-10-07T03:35:00Z,25155.0,25159.25,25153.25,25158.75,201
2025-10-07T03:40:00Z,25159.0,25164.25,25158.5,25163.5,190
2025-10-07T03:45:00Z,25163.75,25164.25,25158.75,25161.25,197
2025-10-07T03:50:00Z,25161.25,25163.0,25160.75,25162.0,82
2025-10-07T03:55:00Z,25161.5,25162.5,25159.75,25160.0,59
2025-10-07T04:05:00Z,25169.0,25169.5,25168.0,25169.0,416
2025-10-07T04:10:00Z,25169.5,25180.0,25169.5,25177.75,641
2025-10-07T04:15:00Z,25177.25,25178.25,25173.0,25176.5,163
2025-10-07T04:20:00Z,25176.5,25179.75,25175.5,25178.25,127
2025-10-07T04:25:00Z,25178.25,25180.0,25176.25,25180.0,136
2025-10-07T04:30:00Z,25180.0,25183.5,25175.5,25178.0,246
2025-10-07T04:35:00Z,25177.5,25178.5,25174.5,25176.5,103
2025-10-07T04:40:00Z,25176.75,25177.0,25174.0,25174.25,90
2025-10-07T04:45:00Z,25173.75,25177.5,25173.0,25176.75,106
2025-10-07T04:50:00Z,25176.75,25179.0,25176.0,25178.25,87
2025-10-07T04:55:00Z,25178.25,25182.0,25178.25,25181.5,146
2025-10-07T05:00:00Z,25181.0,25183.0,25175.0,25175.25,191
2025-10-07T05:05:00Z,25174.75,25176.75,25169.25,25175.75,259
2025-10-07T05:10:00Z,25175.5,25179.0,25174.0,25178.25,160
2025-10-07T05:15:00Z,25177.75,25180.0,25174.0,25174.0,126
2025-10-07T05:20:00Z,25174.0,25179.5,25173.75,25177.5,101
2025-10-07T05:25:00Z,25177.5,25184.0,25177.0,25182.0,210
2025-10-07T05:30:00Z,25183.25,25183.75,25178.75,25183.25,180
2025-10-07T05:35:00Z,25184.0,25186.25,25182.0,25184.0,204
2025-10-07T05:40:00Z,25184.5,25186.25,25183.0,25184.0,117
2025-10-07T05:45:00Z,25183.25,25183.5,25180.0,25180.0,127
2025-10-07T05:50:00Z,25179.25,25179.5,25171.5,25174.0,285
2025-10-07T05:55:00Z,25174.0,25177.0,25171.25,25172.5,212
2025-10-07T06:00:00Z,25171.5,25176.5,25167.25,25175.0,532
2025-10-07T06:05:00Z,25175.5,25178.25,25172.0,25174.0,300
2025-10-07T06:10:00Z,25173.25,25173.75,25165.25,25167.75,345
2025-10-07T06:15:00Z,25167.0,25170.0,25163.25,25165.0,192
2025-10-07T06:20:00Z,25165.0,25167.5,25146.5,25150.75,676
2025-10-07T06:25:00Z,25150.5,25154.5,25144.0,25147.0,451
2025-10-07T06:30:00Z,25146.75,25156.25,25138.0,25156.0,833
2025-10-07T06:35:00Z,25156.5,25159.5,25154.0,25155.0,241
2025-10-07T06:40:00Z,25154.25,25157.0,25148.75,25155.5,269
2025-10-07T06:45:00Z,25153.75,25160.25,25153.25,25159.75,175
2025-10-07T06:50:00Z,25159.75,25162.5,25156.25,25160.5,169
2025-10-07T06:55:00Z,25160.25,25164.75,25158.0,25162.0,177
2025-10-07T07:00:00Z,25163.0,25166.0,25144.5,25147.25,597
2025-10-07T07:05:00Z,25147.75,25154.25,25140.0,25146.25,566
2025-10-07T07:10:00Z,25146.75,25152.5,25146.5,25147.25,235
2025-10-07T07:15:00Z,25146.75,25153.75,25141.0,25142.75,424
2025-10-07T07:20:00Z,25143.0,25146.5,25136.25,25144.0,502
2025-10-07T07:25:00Z,25143.75,25154.0,25138.5,25153.75,489
2025-10-07T07:30:00Z,25153.5,25160.25,25150.0,25157.25,502
2025-10-07T07:35:00Z,25157.25,25158.25,25149.5,25150.0,440
2025-10-07T07:40:00Z,25149.5,25154.5,25148.75,25153.5,257
2025-10-07T07:45:00Z,25152.75,25156.0,25148.75,25152.5,229
2025-10-07T07:50:00Z,25153.5,25162.0,25153.5,25160.75,285
2025-10-07T07:55:00Z,25161.25,25164.25,25159.0,25159.75,213
2025-10-07T08:00:00Z,25160.25,25165.0,25149.0,25150.25,630
2025-10-07T08:05:00Z,25149.75,25158.5,25146.25,25151.25,578
2025-10-07T08:10:00Z,25150.5,25151.75,25141.25,25144.25,383
2025-10-07T08:15:00Z,25144.25,25152.0,25144.25,25149.25,345
2025-10-07T08:20:00Z,25149.5,25154.25,25141.0,25141.0,258
2025-10-07T08:25:00Z,25140.75,25144.0,25134.5,25138.25,474
2025-10-07T08:30:00Z,25138.75,25140.5,25127.75,25134.25,464
2025-10-07T08:35:00Z,25134.25,25150.0,25132.5,25146.75,412
2025-10-07T08:40:00Z,25147.0,25153.75,25145.0,25153.75,309
2025-10-07T08:45:00Z,25152.5,25159.75,25152.5,25159.0,358
2025-10-07T08:50:00Z,25158.5,25170.5,25157.0,25170.0,501
2025-10-07T08:55:00Z,25169.75,25173.75,25167.75,25172.5,369
2025-10-07T09:00:00Z,25173.0,25175.75,25168.75,25171.5,335
2025-10-07T09:05:00Z,25171.75,25179.5,25170.5,25174.5,315
2025-10-07T09:10:00Z,25173.75,25188.25,25172.5,25186.75,568
2025-10-07T09:15:00Z,25186.75,25189.0,25180.75,25185.75,529
2025-10-07T09:20:00Z,25185.0,25187.75,25181.5,25182.75,304
2025-10-07T09:25:00Z,25182.5,25184.25,25180.25,25183.0,219
2025-10-07T09:30:00Z,25182.0,25189.25,25181.5,25188.5,278
2025-10-07T09:35:00Z,25188.5,25192.0,25184.75,25189.0,338
2025-10-07T09:40:00Z,25190.0,25191.0,25181.5,25184.25,494
2025-10-07T09:45:00Z,25183.75,25186.75,25180.0,25182.25,305
2025-10-07T09:50:00Z,25182.0,25187.0,25179.25,25184.75,259
2025-10-07T09:55:00Z,25185.25,25190.25,25183.75,25189.0,244
2025-10-07T10:00:00Z,25189.25,25190.25,25176.75,25176.75,653
2025-10-07T10:05:00Z,25177.0,25179.5,25172.5,25179.0,478
2025-10-07T10:10:00Z,25179.75,25190.0,25179.25,25189.25,346
2025-10-07T10:15:00Z,25190.0,25190.5,25177.75,25183.5,451
2025-10-07T10:20:00Z,25183.75,25184.0,25178.25,25182.75,225
2025-10-07T10:25:00Z,25183.5,25187.5,25180.25,25187.0,183
2025-10-07T10:30:00Z,25187.25,25194.25,25186.5,25191.5,439
2025-10-07T10:35:00Z,25191.75,25195.75,25190.0,25193.5,241
2025-10-07T10:40:00Z,25192.75,25193.75,25179.0,25182.0,490
2025-10-07T10:45:00Z,25182.25,25184.0,25177.75,25180.25,238
2025-10-07T10:50:00Z,25181.25,25186.75,25180.5,25186.0,296
2025-10-07T10:55:00Z,25185.75,25186.0,25173.0,25174.0,379
2025-10-07T11:00:00Z,25174.25,25182.0,25174.25,25176.25,316
2025-10-07T11:05:00Z,25176.5,25179.0,25170.0,25174.75,370
2025-10-07T11:10:00Z,25174.5,25179.75,25172.25,25178.0,213
2025-10-07T11:15:00Z,25178.5,25181.0,25173.75,25181.0,260
2025-10-07T11:20:00Z,25180.25,25181.75,25175.5,25177.25,300
2025-10-07T11:25:00Z,25177.5,25184.0,25174.5,25183.25,260
2025-10-07T11:30:00Z,25183.75,25190.75,25183.75,25186.25,443
2025-10-07T11:35:00Z,25185.75,25188.5,25183.25,25186.75,283
2025-10-07T11:40:00Z,25186.75,25190.5,25179.75,25181.75,331
2025-10-07T11:45:00Z,25182.5,25189.25,25181.0,25189.0,297
2025-10-07T11:50:00Z,25188.75,25203.25,25188.25,25199.75,937
2025-10-07T11:55:00Z,25199.5,25211.75,25198.75,25211.75,654
2025-10-07T12:00:00Z,25211.25,25214.0,25206.5,25208.5,882
2025-10-07T12:05:00Z,25208.5,25215.0,25202.0,25202.75,1024
2025-10-07T12:10:00Z,25202.5,25205.25,25195.75,25200.75,703
2025-10-07T12:15:00Z,25200.5,25208.5,25199.0,25208.0,609
2025-10-07T12:20:00Z,25207.5,25215.0,25204.75,25209.75,563
2025-10-07T12:25:00Z,25209.75,25216.0,25208.5,25213.0,421
2025-10-07T12:30:00Z,25213.25,25219.25,25209.25,25214.5,782
2025-10-07T12:35:00Z,25216.0,25223.25,25215.75,25220.0,757
2025-10-07T12:40:00Z,25220.0,25231.75,25219.5,25229.0,1574
2025-10-07T12:45:00Z,25229.25,25235.25,25224.5,25234.5,1225
2025-10-07T12:50:00Z,25234.75,25248.75,25233.75,25243.25,1766
2025-10-07T12:55:00Z,25243.0,25257.5,25243.0,25254.0,1888
2025-10-07T13:00:00Z,25254.25,25271.25,25252.0,25268.0,2478
2025-10-07T13:05:00Z,25268.5,25275.0,25260.25,25263.75,2164
2025-10-07T13:10:00Z,25264.0,25265.75,25241.25,25243.75,2010
2025-10-07T13:15:00Z,25243.75,25246.5,25234.25,25236.5,1960
2025-10-07T13:20:00Z,25236.0,25240.75,25232.0,25237.75,1275
2025-10-07T13:25:00Z,25237.0,25243.25,25234.5,25237.25,2624
2025-10-07T13:30:00Z,25237.0,25247.5,25217.0,25238.75,13794
2025-10-07T13:35:00Z,25238.75,25263.25,25234.0,25245.5,8218
2025-10-07T13:40:00Z,25246.0,25258.25,25236.0,25245.75,6564
2025-10-07T13:45:00Z,25246.0,25253.0,25229.75,25248.0,6786
2025-10-07T13:50:00Z,25248.75,25251.75,25230.75,25248.5,5217
2025-10-07T13:55:00Z,25248.75,25264.75,25236.25,25241.25,7182
2025-10-07T14:00:00Z,25242.0,25250.0,25214.0,25219.5,7964
2025-10-07T14:05:00Z,25219.75,25246.75,25214.25,25245.75,5547
2025-10-07T14:10:00Z,25246.0,25257.5,25237.25,25238.75,5964
2025-10-07T14:15:00Z,25239.25,25246.75,25235.25,25240.5,3735
2025-10-07T14:20:00Z,25240.5,25242.0,25226.5,25233.0,3189
2025-10-07T14:25:00Z,25232.75,25235.75,25207.5,25213.5,6901
2025-10-07T14:30:00Z,25213.75,25231.0,25211.5,25223.0,5865
2025-10-07T14:35:00Z,25222.25,25223.25,25186.75,25198.25,11111
2025-10-07T14:40:00Z,25198.25,25211.25,25188.25,25199.0,6295
2025-10-07T14:45:00Z,25198.5,25210.75,25188.75,25192.5,5685
2025-10-07T14:50:00Z,25193.0,25194.25,25181.0,25191.75,5767
2025-10-07T14:55:00Z,25191.5,25194.75,25172.25,25186.0,5503
2025-10-07T15:00:00Z,25186.5,25191.5,25140.0,25144.25,10574
2025-10-07T15:05:00Z,25144.25,25147.25,25053.25,25061.25,22533
2025-10-07T15:10:00Z,25060.5,25121.0,25057.25,25110.0,14944
2025-10-07T15:15:00Z,25110.0,25123.25,25088.75,25098.75,8646
2025-10-07T15:20:00Z,25098.0,25126.0,25095.0,25104.75,6154
2025-10-07T15:25:00Z,25105.5,25116.5,25065.5,25074.75,9566
2025-10-07T15:30:00Z,25074.75,25080.25,25044.0,25055.75,10153
2025-10-07T15:35:00Z,25055.25,25070.0,25005.25,25027.75,10607
2025-10-07T15:40:00Z,25027.5,25067.75,25009.75,25038.75,10283
2025-10-07T15:45:00Z,25039.5,25041.25,24989.5,24999.75,10147
2025-10-07T15:50:00Z,24999.75,25025.0,24984.75,24997.0,9156
2025-10-07T15:55:00Z,24996.5,25033.0,24992.5,25029.5,6446
2025-10-07T16:00:00Z,25029.75,25061.5,25027.0,25054.0,8300
2025-10-07T16:05:00Z,25054.0,25060.5,25016.5,25029.0,8655
2025-10-07T16:10:00Z,25028.5,25036.0,25010.25,25015.5,4976
2025-10-07T16:15:00Z,25014.0,25031.75,24998.0,25000.75,4172
2025-10-07T16:20:00Z,25001.0,25034.5,25000.0,25024.5,4951
2025-10-07T16:25:00Z,25024.25,25056.5,25022.25,25037.5,7381
2025-10-07T16:30:00Z,25036.75,25077.5,25035.5,25074.25,6406
2025-10-07T16:35:00Z,25074.5,25092.0,25064.25,25080.25,5115
2025-10-07T16:40:00Z,25080.0,25087.0,25061.5,25073.25,4256
2025-10-07T16:45:00Z,25073.0,25075.0,25032.5,25033.25,5853
2025-10-07T16:50:00Z,25033.0,25050.25,25027.25,25031.25,5013
2025-10-07T16:55:00Z,25031.75,25038.75,25012.0,25024.75,4779
2025-10-07T17:00:00Z,25024.5,25049.0,25014.5,25044.0,4230
2025-10-07T17:05:00Z,25044.5,25049.25,25026.75,25048.0,3110
2025-10-07T17:10:00Z,25048.75,25062.0,25024.75,25048.25,6034
2025-10-07T17:15:00Z,25048.75,25057.75,25035.75,25043.25,2608
2025-10-07T17:20:00Z,25043.25,25065.0,25042.0,25058.25,3091
2025-10-07T17:25:00Z,25058.25,25060.25,25036.25,25050.25,3431
2025-10-07T17:30:00Z,25050.0,25051.0,25033.0,25035.25,2619
2025-10-07T17:35:00Z,25035.25,25043.75,25025.5,25040.5,2572
2025-10-07T17:40:00Z,25040.5,25045.75,25025.75,25045.0,2543
2025-10-07T17:45:00Z,25045.5,25057.5,25038.75,25055.5,2618
2025-10-07T17:50:00Z,25054.75,25055.5,25017.0,25020.75,4497
2025-10-07T17:55:00Z,25021.25,25028.5,25013.5,25015.5,3302
2025-10-07T18:00:00Z,25016.0,25018.5,24991.0,25001.5,6157
2025-10-07T18:05:00Z,25001.25,25026.0,25001.0,25019.5,3474
2025-10-07T18:10:00Z,25020.75,25050.5,25017.5,25035.0,4520
2025-10-07T18:15:00Z,25035.5,25045.5,25023.0,25032.75,3372
2025-10-07T18:20:00Z,25033.25,25046.5,25030.25,25043.5,2784
2025-10-07T18:25:00Z,25042.0,25045.0,25026.25,25034.0,2227
2025-10-07T18:30:00Z,25034.0,25043.0,25027.75,25036.75,2599
2025-10-07T18:35:00Z,25036.0,25047.5,25035.25,25046.5,2236
2025-10-07T18:40:00Z,25046.5,25046.5,25028.25,25038.0,2338
2025-10-07T18:45:00Z,25038.5,25042.0,25028.5,25041.25,1584
2025-10-07T18:50:00Z,25041.0,25050.25,25035.0,25049.5,1974
2025-10-07T18:55:00Z,25049.75,25053.25,25043.75,25053.25,2352
2025-10-07T19:00:00Z,25053.0,25059.25,25043.25,25045.5,2818
2025-10-07T19:05:00Z,25045.25,25048.0,25035.75,25044.0,2755
2025-10-07T19:10:00Z,25043.5,25046.0,25033.0,25039.25,2445
2025-10-07T19:15:00Z,25040.0,25047.5,25034.25,25036.5,2156
2025-10-07T19:20:00Z,25036.5,25040.0,25031.25,25039.75,2229
2025-10-07T19:25:00Z,25039.0,25041.0,25030.25,25033.75,1652
2025-10-07T19:30:00Z,25033.25,25043.0,25032.75,25041.75,2078
2025-10-07T19:35:00Z,25041.5,25050.25,25037.25,25045.5,3718
2025-10-07T19:40:00Z,25045.5,25066.75,25043.25,25066.75,4485
2025-10-07T19:45:00Z,25066.5,25073.0,25056.25,25063.75,4661
2025-10-07T19:50:00Z,25063.25,25072.25,25053.5,25058.75,5359
2025-10-07T19:55:00Z,25058.5,25059.0,25027.0,25045.25,13399
2025-10-07T20:00:00Z,25045.25,25063.5,25045.25,25056.25,5350
2025-10-07T20:05:00Z,25056.75,25069.0,25056.75,25062.25,2146
2025-10-07T20:10:00Z,25062.0,25063.75,25056.75,25058.75,946
2025-10-07T20:15:00Z,25059.0,25059.25,25051.0,25052.0,585
2025-10-07T20:20:00Z,25052.5,25054.25,25050.25,25052.0,581
2025-10-07T20:25:00Z,25052.0,25057.25,25052.0,25056.25,347
2025-10-07T20:30:00Z,25056.5,25058.25,25054.0,25056.5,359
2025-10-07T20:35:00Z,25056.5,25058.25,25053.75,25054.75,222
2025-10-07T20:40:00Z,25055.0,25056.0,25052.5,25055.25,210
2025-10-07T20:45:00Z,25055.5,25060.0,25055.25,25058.0,342
2025-10-07T20:50:00Z,25058.5,25066.75,25058.25,25064.75,394
2025-10-07T20:55:00Z,25065.25,25067.5,25054.75,25054.75,499
2025-10-07T22:00:00Z,25059.75,25072.5,25055.0,25068.75,0
2025-10-07T22:05:00Z,25069.5,25074.0,25061.5,25061.5,318
2025-10-07T22:10:00Z,25062.0,25063.75,25054.5,25059.75,397
2025-10-07T22:15:00Z,25059.75,25067.0,25059.25,25065.25,250
2025-10-07T22:20:00Z,25065.25,25068.75,25064.0,25066.25,217
2025-10-07T22:25:00Z,25066.75,25075.0,25064.75,25074.75,273
2025-10-07T22:30:00Z,25074.25,25080.5,25071.0,25076.75,354
2025-10-07T22:35:00Z,25077.25,25080.0,25076.0,25076.75,166
2025-10-07T22:40:00Z,25076.25,25078.0,25072.5,25077.25,163
2025-10-07T22:45:00Z,25078.0,25083.25,25076.0,25080.25,237
2025-10-07T22:50:00Z,25079.5,25082.5,25078.25,25082.0,120
2025-10-07T22:55:00Z,25081.5,25082.0,25077.5,25080.75,92
2025-10-07T23:00:00Z,25079.25,25080.25,25070.25,25074.25,298
2025-10-07T23:05:00Z,25074.0,25076.0,25068.25,25069.0,203
2025-10-07T23:10:00Z,25069.0,25069.0,25053.0,25055.25,659
2025-10-07T23:15:00Z,25055.0,25057.25,25046.25,25047.25,442
2025-10-07T23:20:00Z,25047.5,25049.5,25040.25,25041.5,369
2025-10-07T23:25:00Z,25041.75,25050.25,25036.75,25044.75,604
2025-10-07T23:30:00Z,25043.5,25045.0,25038.5,25042.0,186
2025-10-07T23:35:00Z,25043.0,25045.25,25034.5,25036.25,231
2025-10-07T23:40:00Z,25037.0,25040.5,25031.25,25040.5,486
2025-10-07T23:45:00Z,25040.75,25046.0,25038.5,25043.0,266
2025-10-07T23:50:00Z,25042.25,25044.25,25033.25,25038.0,248
2025-10-07T23:55:00Z,25037.5,25038.5,25032.75,25033.75,170
2025-10-08T00:00:00Z,25033.25,25045.0,25027.5,25042.25,796
2025-10-08T00:05:00Z,25042.5,25044.75,25038.75,25040.75,211
2025-10-08T00:10:00Z,25040.5,25044.0,25033.75,25034.5,259
2025-10-08T00:15:00Z,25034.25,25042.25,25032.0,25039.25,309
2025-10-08T00:20:00Z,25039.0,25043.5,25036.25,25040.0,186
2025-10-08T00:25:00Z,25041.5,25047.25,25037.0,25040.75,373
2025-10-08T00:30:00Z,25041.0,25042.5,25037.75,25038.75,156
2025-10-08T00:35:00Z,25040.5,25048.75,25038.25,25047.0,205
2025-10-08T00:40:00Z,25046.25,25053.5,25043.5,25045.25,359
2025-10-08T00:45:00Z,25045.75,25057.5,25043.5,25054.0,345
2025-10-08T00:50:00Z,25055.5,25062.5,25053.5,25059.75,271
2025-10-08T00:55:00Z,25060.25,25066.75,25058.75,25061.5,321
2025-10-08T01:00:00Z,25061.0,25085.0,25059.0,25076.75,1088
2025-10-08T01:05:00Z,25076.5,25078.75,25071.0,25073.0,392
2025-10-08T01:10:00Z,25073.5,25076.75,25070.75,25073.0,382
2025-10-08T01:15:00Z,25073.5,25078.0,25068.5,25075.5,550
2025-10-08T01:20:00Z,25074.75,25080.25,25073.75,25075.0,366
2025-10-08T01:25:00Z,25075.25,25080.0,25072.75,25079.75,274
2025-10-08T01:30:00Z,25079.25,25084.75,25078.75,25083.0,263
2025-10-08T01:35:00Z,25082.25,25083.25,25076.5,25076.5,257
2025-10-08T01:40:00Z,25076.75,25079.25,25070.5,25072.75,405
2025-10-08T01:45:00Z,25074.25,25077.5,25072.0,25075.25,155
2025-10-08T01:50:00Z,25074.75,25081.0,25069.75,25079.25,307
2025-10-08T01:55:00Z,25079.0,25080.0,25073.25,25073.5,115
2025-10-08T02:00:00Z,25073.75,25078.75,25072.25,25076.75,150
2025-10-08T02:05:00Z,25077.0,25077.75,25072.75,25073.5,97
2025-10-08T02:10:00Z,25073.75,25081.25,25073.75,25080.0,145
2025-10-08T02:15:00Z,25079.5,25084.5,25078.0,25080.0,315
2025-10-08T02:20:00Z,25080.25,25089.0,25079.5,25083.75,302
2025-10-08T02:25:00Z,25084.25,25091.0,25083.25,25090.0,223
2025-10-08T02:30:00Z,25091.0,25092.25,25082.75,25083.75,263
2025-10-08T02:35:00Z,25084.25,25087.0,25078.75,25086.25,445
2025-10-08T02:40:00Z,25086.0,25086.0,25076.25,25078.75,297
2025-10-08T02:45:00Z,25078.75,25084.25,25074.25,25083.75,266
2025-10-08T02:50:00Z,25084.0,25086.0,25082.0,25085.25,117
2025-10-08T02:55:00Z,25085.75,25088.0,25084.5,25088.0,103
2025-10-08T03:00:00Z,25088.0,25088.25,25079.75,25080.0,168
2025-10-08T03:05:00Z,25080.0,25085.75,25079.25,25082.75,143
2025-10-08T03:10:00Z,25082.5,25087.5,25082.5,25084.25,122
2025-10-08T03:15:00Z,25084.75,25087.75,25082.25,25086.5,142
2025-10-08T03:20:00Z,25087.0,25090.25,25086.0,25087.75,192
2025-10-08T03:25:00Z,25087.5,25088.75,25083.0,25087.25,190
2025-10-08T03:30:00Z,25087.0,25091.0,25082.75,25083.5,159
2025-10-08T03:35:00Z,25083.75,25085.5,25081.75,25083.0,132
2025-10-08T03:40:00Z,25083.5,25090.0,25082.0,25087.0,174
2025-10-08T03:45:00Z,25087.5,25091.0,25087.0,25088.25,88
2025-10-08T03:50:00Z,25089.0,25089.75,25085.25,25085.75,195
2025-10-08T03:55:00Z,25085.75,25088.0,25083.25,25086.75,91
2025-10-08T04:05:00Z,25091.0,25091.25,25090.75,25091.0,322
2025-10-08T04:10:00Z,25090.5,25091.25,25087.0,25089.25,130
2025-10-08T04:15:00Z,25089.25,25089.75,25087.5,25089.0,163
2025-10-08T04:20:00Z,25089.0,25092.5,25086.5,25091.25,336
2025-10-08T04:25:00Z,25091.75,25093.0,25088.5,25090.75,102
2025-10-08T04:30:00Z,25090.75,25092.5,25088.25,25090.0,127
2025-10-08T04:35:00Z,25090.25,25094.0,25089.25,25092.0,129
2025-10-08T04:40:00Z,25091.25,25091.5,25081.0,25085.5,250
2025-10-08T04:45:00Z,25085.75,25089.25,25085.5,25086.75,109
2025-10-08T04:50:00Z,25086.75,25090.0,25084.0,25088.75,165
2025-10-08T04:55:00Z,25088.75,25090.25,25087.5,25087.5,52
2025-10-08T05:00:00Z,25088.0,25088.0,25076.25,25077.25,358
2025-10-08T05:05:00Z,25077.25,25083.25,25075.5,25077.5,211
2025-10-08T05:10:00Z,25077.0,25077.5,25067.25,25070.25,340
2025-10-08T05:15:00Z,25070.0,25073.5,25067.25,25072.5,229
2025-10-08T05:20:00Z,25072.75,25078.5,25072.25,25074.75,207
2025-10-08T05:25:00Z,25074.25,25074.25,25061.75,25067.75,462
2025-10-08T05:30:00Z,25068.75,25070.0,25061.25,25068.75,255
2025-10-08T05:35:00Z,25069.0,25070.5,25065.25,25066.5,142
2025-10-08T05:40:00Z,25067.25,25068.25,25064.0,25066.0,120
2025-10-08T05:45:00Z,25065.5,25067.5,25063.75,25064.5,107
2025-10-08T05:50:00Z,25065.0,25065.5,25060.5,25060.5,174
2025-10-08T05:55:00Z,25061.0,25064.0,25058.0,25058.25,225
2025-10-08T06:00:00Z,25059.25,25064.75,25052.5,25055.0,444
2025-10-08T06:05:00Z,25054.5,25054.5,25041.0,25048.75,501
2025-10-08T06:10:00Z,25049.0,25053.25,25046.0,25051.25,185
2025-10-08T06:15:00Z,25050.5,25053.25,25045.5,25049.75,313
2025-10-08T06:20:00Z,25050.25,25052.75,25041.5,25046.75,187
2025-10-08T06:25:00Z,25047.0,25049.5,25039.0,25040.5,249
2025-10-08T06:30:00Z,25040.0,25046.5,25033.25,25037.25,476
2025-10-08T06:35:00Z,25038.5,25039.0,25028.0,25035.0,370
2025-10-08T06:40:00Z,25036.25,25036.75,25026.25,25032.5,391
2025-10-08T06:45:00Z,25033.0,25038.75,25030.75,25037.75,305
2025-10-08T06:50:00Z,25038.25,25050.5,25037.0,25049.5,491
2025-10-08T06:55:00Z,25049.25,25056.25,25046.5,25052.75,260
2025-10-08T07:00:00Z,25052.5,25053.75,25041.0,25052.75,729
2025-10-08T07:05:00Z,25053.0,25056.75,25042.0,25055.25,693
2025-10-08T07:10:00Z,25056.25,25061.75,25048.25,25049.5,533
2025-10-08T07:15:00Z,25049.75,25060.0,25048.5,25057.75,323
2025-10-08T07:20:00Z,25057.0,25066.75,25051.5,25064.75,769
2025-10-08T07:25:00Z,25065.25,25072.0,25062.5,25071.0,532
2025-10-08T07:30:00Z,25070.5,25071.25,25070.5,25071.0,8
2025-10-08T07:40:00Z,25079.19921875,25082.5,25074.0,25079.5,1286
2025-10-08T07:45:00Z,25079.25,25081.25,25073.75,25081.0,459
2025-10-08T07:50:00Z,25081.5,25092.0,25081.25,25086.75,601
2025-10-08T07:55:00Z,25087.0,25088.0,25081.25,25083.5,343
2025-10-08T08:00:00Z,25083.75,25089.25,25079.75,25087.0,546
2025-10-08T08:05:00Z,25086.75,25087.5,25082.0,25083.25,271
2025-10-08T08:10:00Z,25083.75,25089.75,25082.5,25087.25,227
2025-10-08T08:15:00Z,25087.5,25093.5,25085.5,25091.0,271
2025-10-08T08:20:00Z,25093.0,25095.75,25088.5,25090.0,434
2025-10-08T08:25:00Z,25090.5,25094.75,25086.25,25094.5,388
2025-10-08T08:30:00Z,25094.5,25103.25,25094.25,25101.0,732
2025-10-08T08:35:00Z,25101.0,25106.25,25101.0,25103.5,368
2025-10-08T08:40:00Z,25103.5,25108.75,25102.25,25108.5,287
2025-10-08T08:45:00Z,25108.75,25111.5,25100.75,25101.25,384
2025-10-08T08:50:00Z,25101.75,25102.0,25095.25,25096.0,379
2025-10-08T08:55:00Z,25095.0,25095.0,25071.25,25086.5,1209
2025-10-08T09:00:00Z,25086.75,25097.5,25086.75,25090.75,488
2025-10-08T09:05:00Z,25091.25,25097.75,25088.75,25094.5,470
2025-10-08T09:10:00Z,25094.25,25095.0,25087.0,25090.75,300
2025-10-08T09:15:00Z,25090.75,25092.25,25083.75,25088.75,234
2025-10-08T09:20:00Z,25089.25,25089.5,25076.0,25078.5,331
2025-10-08T09:25:00Z,25078.5,25084.0,25074.5,25081.75,277
2025-10-08T09:30:00Z,25081.25,25089.25,25077.75,25085.0,309
2025-10-08T09:35:00Z,25085.25,25095.5,25085.25,25090.75,355
2025-10-08T09:40:00Z,25090.5,25094.0,25084.25,25091.0,264
2025-10-08T09:45:00Z,25091.25,25096.0,25084.5,25084.5,308
2025-10-08T09:50:00Z,25085.0,25090.25,25083.25,25087.0,103
2025-10-08T09:55:00Z,25086.5,25091.0,25086.5,25087.5,129
2025-10-08T10:00:00Z,25087.75,25092.0,25086.0,25092.0,191
2025-10-08T10:05:00Z,25092.25,25092.25,25084.25,25084.5,440
2025-10-08T10:10:00Z,25085.5,25086.5,25058.5,25078.25,954
2025-10-08T10:15:00Z,25077.0,25085.0,25076.0,25082.75,334
2025-10-08T10:20:00Z,25081.75,25087.0,25077.0,25080.0,512
2025-10-08T10:25:00Z,25080.75,25085.75,25076.25,25082.75,167
2025-10-08T10:30:00Z,25082.75,25091.25,25081.5,25089.75,412
2025-10-08T10:35:00Z,25090.75,25095.75,25087.0,25091.25,297
2025-10-08T10:40:00Z,25091.5,25093.25,25088.25,25088.75,178
2025-10-08T10:45:00Z,25088.25,25094.25,25088.0,25091.75,207
2025-10-08T10:50:00Z,25092.0,25095.5,25090.75,25095.0,190
2025-10-08T10:55:00Z,25095.75,25100.5,25095.0,25097.5,357
2025-10-08T11:00:00Z,25097.5,25101.5,25095.25,25097.25,389
2025-10-08T11:05:00Z,25097.25,25104.5,25097.0,25099.0,273
2025-10-08T11:10:00Z,25099.25,25101.0,25092.75,25093.5,537
2025-10-08T11:15:00Z,25093.25,25094.25,25078.0,25079.5,693
2025-10-08T11:20:00Z,25079.5,25081.0,25072.25,25075.75,687
2025-10-08T11:25:00Z,25075.0,25077.75,25058.25,25059.75,615
2025-10-08T11:30:00Z,25060.5,25071.5,25058.25,25070.25,687
2025-10-08T11:35:00Z,25070.5,25085.25,25070.25,25074.5,1067
2025-10-08T11:40:00Z,25074.5,25078.25,25072.5,25077.0,261
2025-10-08T11:45:00Z,25077.0,25092.25,25074.75,25088.75,1345
2025-10-08T11:50:00Z,25089.0,25093.0,25084.25,25089.0,294
2025-10-08T11:55:00Z,25089.5,25092.5,25086.75,25089.0,266
2025-10-08T12:00:00Z,25088.25,25089.25,25078.0,25078.0,436
2025-10-08T12:05:00Z,25078.25,25078.25,25063.75,25066.0,676
2025-10-08T12:10:00Z,25066.0,25067.75,25050.0,25050.75,884
2025-10-08T12:15:00Z,25050.25,25062.0,25042.5,25059.0,1372
2025-10-08T12:20:00Z,25058.75,25065.25,25056.5,25057.5,729
2025-10-08T12:25:00Z,25057.25,25067.5,25053.0,25063.25,637
2025-10-08T12:30:00Z,25064.25,25066.5,25046.0,25054.5,927
2025-10-08T12:35:00Z,25055.0,25064.25,25048.25,25063.0,729
2025-10-08T12:40:00Z,25063.75,25067.25,25058.0,25064.75,555
2025-10-08T12:45:00Z,25064.0,25069.0,25057.75,25067.75,944
2025-10-08T12:50:00Z,25067.5,25073.5,25061.0,25071.75,652
2025-10-08T12:55:00Z,25071.75,25074.0,25058.0,25062.5,782
2025-10-08T13:00:00Z,25063.25,25066.0,25054.75,25061.75,885
2025-10-08T13:05:00Z,25061.25,25071.25,25060.5,25070.75,621
2025-10-08T13:10:00Z,25070.75,25078.25,25069.75,25075.75,586
2025-10-08T13:15:00Z,25075.5,25085.0,25075.0,25084.0,921
2025-10-08T13:20:00Z,25084.25,25092.5,25080.75,25086.25,1801
2025-10-08T13:25:00Z,25086.5,25100.0,25079.5,25080.0,3300
2025-10-08T13:30:00Z,25079.75,25135.0,25074.0,25123.5,14413
2025-10-08T13:35:00Z,25123.5,25149.0,25111.25,25148.0,9670
2025-10-08T13:40:00Z,25148.25,25153.0,25115.0,25132.75,8246
2025-10-08T13:45:00Z,25132.0,25166.0,25126.5,25161.5,11192
2025-10-08T13:50:00Z,25162.0,25167.25,25143.0,25164.0,8431
2025-10-08T13:55:00Z,25165.25,25183.75,25160.25,25174.5,7435
2025-10-08T14:00:00Z,25174.25,25211.0,25174.25,25202.75,12542
2025-10-08T14:05:00Z,25203.25,25219.5,25201.75,25214.25,7631
2025-10-08T14:10:00Z,25214.75,25231.0,25207.5,25210.5,8008
2025-10-08T14:15:00Z,25210.0,25223.0,25205.25,25211.25,5768
2025-10-08T14:20:00Z,25211.75,25213.75,25184.25,25200.0,7840
2025-10-08T14:25:00Z,25200.75,25219.25,25194.75,25216.75,5040
2025-10-08T14:30:00Z,25216.75,25226.0,25209.25,25213.25,6055
2025-10-08T14:35:00Z,25213.5,25217.75,25198.5,25212.75,4673
2025-10-08T14:40:00Z,25212.75,25215.75,25195.0,25196.75,4078
2025-10-08T14:45:00Z,25196.75,25205.0,25185.5,25193.25,5643
2025-10-08T14:50:00Z,25193.5,25194.75,25175.75,25182.0,6973
2025-10-08T14:55:00Z,25181.25,25194.5,25172.75,25193.75,5129
2025-10-08T15:00:00Z,25194.0,25208.75,25190.0,25203.5,5896
2025-10-08T15:05:00Z,25203.75,25210.5,25201.25,25204.75,3272
2025-10-08T15:10:00Z,25204.75,25217.25,25204.25,25210.5,3933
2025-10-08T15:15:00Z,25211.0,25220.25,25200.5,25206.0,3596
2025-10-08T15:20:00Z,25205.75,25225.5,25204.75,25224.25,3217
2025-10-08T15:25:00Z,25224.25,25246.5,25221.5,25236.25,7388
2025-10-08T15:30:00Z,25235.75,25240.25,25230.0,25233.5,3580
2025-10-08T15:35:00Z,25233.75,25245.75,25231.75,25239.75,2703
2025-10-08T15:40:00Z,25240.25,25248.0,25232.5,25237.5,2966
2025-10-08T15:45:00Z,25237.5,25249.0,25237.25,25244.75,2337
2025-10-08T15:50:00Z,25245.0,25260.0,25245.0,25258.0,5148
2025-10-08T15:55:00Z,25257.75,25261.0,25251.75,25254.5,2996
2025-10-08T16:00:00Z,25254.75,25256.75,25247.75,25249.25,3049
2025-10-08T16:05:00Z,25249.5,25259.5,25246.75,25253.75,2241
2025-10-08T16:10:00Z,25255.0,25268.75,25254.75,25266.0,3703
2025-10-08T16:15:00Z,25265.75,25276.25,25262.25,25267.75,3875
2025-10-08T16:20:00Z,25268.0,25270.5,25260.75,25264.5,2766
2025-10-08T16:25:00Z,25264.25,25265.0,25248.5,25253.5,4013
2025-10-08T16:30:00Z,25253.0,25253.5,25243.0,25250.75,2854
2025-10-08T16:35:00Z,25250.25,25252.75,25245.75,25247.5,1597
2025-10-08T16:40:00Z,25247.0,25250.0,25243.25,25249.25,1620
2025-10-08T16:45:00Z,25249.25,25249.25,25236.0,25237.75,2474
2025-10-08T16:50:00Z,25237.75,25244.75,25233.5,25236.25,2999
2025-10-08T16:55:00Z,25236.25,25252.25,25236.0,25251.5,2674
2025-10-08T17:00:00Z,25251.25,25256.75,25248.25,25253.5,2697
2025-10-08T17:05:00Z,25252.75,25253.25,25245.75,25250.0,1869
2025-10-08T17:10:00Z,25249.75,25252.5,25238.25,25250.75,2536
2025-10-08T17:15:00Z,25250.5,25259.25,25249.0,25252.0,2613
2025-10-08T17:20:00Z,25252.0,25263.5,25251.75,25261.0,2036
2025-10-08T17:25:00Z,25261.0,25267.0,25258.75,25267.0,2339
2025-10-08T17:30:00Z,25267.0,25271.25,25263.25,25269.0,2764
2025-10-08T17:35:00Z,25268.25,25273.0,25261.5,25263.75,2564
2025-10-08T17:40:00Z,25264.0,25269.25,25260.75,25263.0,1878
2025-10-08T17:45:00Z,25263.5,25290.75,25261.75,25278.5,3873
2025-10-08T17:50:00Z,25278.75,25279.5,25268.0,25269.5,2185
2025-10-08T17:55:00Z,25270.0,25274.25,25266.5,25273.75,1515
2025-10-08T18:00:00Z,25273.25,25285.0,25265.25,25282.0,4284
2025-10-08T18:05:00Z,25281.75,25287.25,25266.25,25283.75,3501
2025-10-08T18:10:00Z,25283.5,25296.5,25278.0,25290.75,3568
2025-10-08T18:15:00Z,25290.5,25297.25,25284.75,25294.5,3189
2025-10-08T18:20:00Z,25295.25,25297.5,25285.25,25292.75,2642
2025-10-08T18:25:00Z,25293.5,25294.5,25281.0,25283.5,2689
2025-10-08T18:30:00Z,25283.5,25288.75,25280.0,25287.25,2157
2025-10-08T18:35:00Z,25287.0,25292.75,25280.75,25287.0,2201
2025-10-08T18:40:00Z,25286.5,25287.25,25275.0,25276.0,3024
2025-10-08T18:45:00Z,25275.5,25280.25,25269.75,25270.0,2832
2025-10-08T18:50:00Z,25270.5,25280.75,25269.0,25270.25,2856
2025-10-08T18:55:00Z,25270.0,25274.5,25265.75,25270.75,2702
2025-10-08T19:00:00Z,25270.5,25283.75,25267.0,25283.0,3389
2025-10-08T19:05:00Z,25282.75,25287.25,25278.75,25286.25,2620
2025-10-08T19:10:00Z,25286.5,25295.75,25282.5,25295.0,2245
2025-10-08T19:15:00Z,25294.5,25308.0,25294.25,25306.75,4795
2025-10-08T19:20:00Z,25306.75,25311.25,25301.0,25305.75,4105
2025-10-08T19:25:00Z,25305.5,25317.5,25305.5,25311.5,4096
2025-10-08T19:30:00Z,25311.75,25318.5,25309.5,25312.25,3735
2025-10-08T19:35:00Z,25312.0,25315.0,25306.25,25310.0,2958
2025-10-08T19:40:00Z,25310.0,25310.25,25303.25,25306.25,2535
2025-10-08T19:45:00Z,25306.25,25311.5,25302.75,25310.5,3064
2025-10-08T19:50:00Z,25310.75,25333.5,25308.25,25331.0,9354
2025-10-08T19:55:00Z,25330.75,25344.25,25326.5,25329.75,18977
2025-10-08T20:00:00Z,25329.5,25338.0,25320.5,25332.0,6500
2025-10-08T20:05:00Z,25332.0,25336.0,25330.75,25331.5,1657
2025-10-08T20:10:00Z,25331.75,25334.25,25331.5,25332.75,1145
2025-10-08T20:15:00Z,25332.5,25341.5,25332.0,25339.75,1032
2025-10-08T20:20:00Z,25340.0,25354.0,25339.5,25350.0,1219
2025-10-08T20:25:00Z,25350.0,25364.75,25348.0,25360.0,1359
2025-10-08T20:30:00Z,25360.0,25363.75,25355.75,25358.0,686
2025-10-08T20:35:00Z,25358.25,25360.5,25356.5,25359.25,428
2025-10-08T20:40:00Z,25358.75,25362.5,25356.75,25359.75,644
2025-10-08T20:45:00Z,25359.25,25359.75,25351.75,25354.0,893
2025-10-08T20:50:00Z,25354.5,25355.75,25351.0,25354.25,687
2025-10-08T20:55:00Z,25354.75,25357.5,25350.75,25354.0,802
2025-10-08T22:00:00Z,25351.5,25356.5,25340.5,25355.25,0
2025-10-08T22:05:00Z,25354.25,25359.5,25354.25,25359.25,282
2025-10-08T22:10:00Z,25360.0,25364.25,25357.0,25364.25,458
2025-10-08T22:15:00Z,25363.0,25366.25,25353.75,25355.0,533
2025-10-08T22:20:00Z,25355.75,25366.0,25354.5,25361.0,321
2025-10-08T22:25:00Z,25360.0,25366.0,25359.25,25362.75,197
2025-10-08T22:30:00Z,25363.25,25364.25,25357.75,25362.25,211
2025-10-08T22:35:00Z,25361.75,25367.0,25361.5,25366.0,243
2025-10-08T22:40:00Z,25366.75,25367.75,25364.25,25366.75,140
2025-10-08T22:45:00Z,25366.25,25366.25,25363.0,25364.25,136
2025-10-08T22:50:00Z,25364.75,25369.5,25363.0,25364.25,229
2025-10-08T22:55:00Z,25364.5,25367.75,25362.0,25366.0,177
2025-10-08T23:00:00Z,25366.25,25371.0,25366.0,25367.0,296
2025-10-08T23:05:00Z,25366.5,25370.75,25363.25,25369.75,311
2025-10-08T23:10:00Z,25369.25,25377.25,25366.75,25377.25,381
2025-10-08T23:15:00Z,25376.5,25392.5,25375.5,25389.25,959
2025-10-08T23:20:00Z,25388.5,25390.75,25386.0,25388.0,233
2025-10-08T23:25:00Z,25388.75,25391.75,25384.5,25388.75,255
2025-10-08T23:30:00Z,25388.75,25393.75,25386.25,25391.25,287
2025-10-08T23:35:00Z,25391.0,25394.0,25385.0,25388.75,341
2025-10-08T23:40:00Z,25388.5,25389.25,25384.5,25387.0,174
2025-10-08T23:45:00Z,25386.5,25387.75,25383.5,25385.5,286
2025-10-08T23:50:00Z,25385.75,25387.25,25378.75,25379.5,314
2025-10-08T23:55:00Z,25379.0,25381.0,25373.5,25378.75,407
2025-10-09T00:00:00Z,25379.0,25379.0,25368.5,25372.25,594
2025-10-09T00:05:00Z,25371.5,25374.75,25369.25,25370.25,187
2025-10-09T00:10:00Z,25370.0,25371.75,25365.0,25366.75,299
2025-10-09T00:15:00Z,25366.25,25368.25,25357.0,25362.0,611
2025-10-09T00:20:00Z,25362.75,25363.5,25357.75,25362.5,260
2025-10-09T00:25:00Z,25362.0,25367.0,25360.75,25366.25,266
2025-10-09T00:30:00Z,25366.5,25367.25,25361.75,25367.0,212
2025-10-09T00:35:00Z,25367.25,25367.25,25362.75,25364.25,114
2025-10-09T00:40:00Z,25365.0,25368.5,25364.5,25365.5,140
2025-10-09T00:45:00Z,25365.0,25366.0,25362.0,25365.0,147
2025-10-09T00:50:00Z,25365.0,25367.0,25363.0,25363.75,141
2025-10-09T00:55:00Z,25364.25,25364.75,25359.0,25363.0,256
2025-10-09T01:00:00Z,25362.5,25369.25,25355.75,25364.5,723
2025-10-09T01:05:00Z,25364.25,25367.75,25353.0,25355.25,504
2025-10-09T01:10:00Z,25355.25,25358.25,25331.75,25333.5,1086
2025-10-09T01:15:00Z,25332.5,25336.5,25327.5,25335.0,704
2025-10-09T01:20:00Z,25335.25,25339.75,25334.75,25337.75,291
2025-10-09T01:25:00Z,25337.75,25346.25,25337.25,25343.0,400
2025-10-09T01:30:00Z,25342.5,25342.5,25322.0,25326.75,741
2025-10-09T01:35:00Z,25326.75,25330.75,25324.5,25327.0,429
2025-10-09T01:40:00Z,25327.5,25329.5,25320.5,25329.5,591
2025-10-09T01:45:00Z,25329.75,25333.0,25325.0,25327.25,554
2025-10-09T01:50:00Z,25327.5,25335.0,25326.25,25328.75,315
2025-10-09T01:55:00Z,25330.25,25332.75,25329.0,25331.5,184
2025-10-09T02:00:00Z,25331.0,25331.75,25325.0,25325.75,296
2025-10-09T02:05:00Z,25325.5,25326.75,25318.0,25322.0,429
2025-10-09T02:10:00Z,25322.25,25328.0,25320.0,25327.5,147
2025-10-09T02:15:00Z,25327.75,25327.75,25320.0,25321.5,139
2025-10-09T02:20:00Z,25321.75,25328.25,25321.75,25325.75,134
2025-10-09T02:25:00Z,25327.25,25336.0,25325.0,25331.0,407
2025-10-09T02:30:00Z,25330.75,25339.0,25329.5,25336.0,338
2025-10-09T02:35:00Z,25335.5,25335.5,25321.5,25322.5,351
2025-10-09T02:40:00Z,25321.75,25325.25,25318.5,25321.5,341
2025-10-09T02:45:00Z,25321.25,25321.25,25317.0,25318.25,193
2025-10-09T02:50:00Z,25318.5,25319.25,25308.5,25312.25,523
2025-10-09T02:55:00Z,25311.25,25314.25,25307.0,25309.75,313
2025-10-09T03:00:00Z,25309.5,25317.0,25309.5,25316.0,227
2025-10-09T03:05:00Z,25317.0,25321.5,25315.5,25319.0,207
2025-10-09T03:10:00Z,25318.5,25322.0,25318.25,25321.5,109
2025-10-09T03:15:00Z,25321.5,25324.75,25320.25,25323.75,158
2025-10-09T03:20:00Z,25324.75,25345.0,25319.25,25333.75,1337
2025-10-09T03:25:00Z,25333.25,25333.5,25319.75,25322.75,546
2025-10-09T03:30:00Z,25322.75,25328.75,25319.0,25327.75,340
2025-10-09T03:35:00Z,25327.25,25330.5,25325.0,25328.0,357
2025-10-09T03:40:00Z,25328.75,25333.75,25328.75,25331.0,311
2025-10-09T03:45:00Z,25331.0,25334.75,25326.25,25328.0,408
2025-10-09T03:50:00Z,25328.0,25330.25,25325.75,25327.75,165
2025-10-09T03:55:00Z,25328.0,25328.75,25325.25,25326.0,205
2025-10-09T04:05:00Z,25327.25,25328.5,25327.25,25327.25,424
2025-10-09T04:10:00Z,25327.75,25329.0,25325.0,25327.5,130
2025-10-09T04:15:00Z,25327.5,25337.5,25325.75,25337.5,262
2025-10-09T04:20:00Z,25337.0,25337.5,25331.25,25337.0,212
2025-10-09T04:25:00Z,25337.75,25340.75,25334.5,25335.75,241
2025-10-09T04:30:00Z,25335.25,25336.5,25331.5,25331.75,157
2025-10-09T04:35:00Z,25331.75,25332.75,25328.25,25332.25,152
2025-10-09T04:40:00Z,25331.75,25336.0,25331.0,25335.5,168
2025-10-09T04:45:00Z,25336.0,25336.5,25334.5,25335.5,100
2025-10-09T04:50:00Z,25335.0,25336.0,25332.75,25335.75,122
2025-10-09T04:55:00Z,25335.75,25342.25,25335.5,25340.25,184
2025-10-09T05:00:00Z,25340.0,25344.5,25336.0,25344.25,237
2025-10-09T05:05:00Z,25344.0,25345.75,25342.0,25345.5,141
2025-10-09T05:10:00Z,25346.0,25351.0,25344.0,25347.0,306
2025-10-09T05:15:00Z,25347.5,25348.5,25344.25,25345.75,112
2025-10-09T05:20:00Z,25346.0,25348.5,25345.25,25348.5,104
2025-10-09T05:25:00Z,25348.5,25360.0,25347.25,25357.5,482
2025-10-09T05:30:00Z,25358.0,25364.75,25356.25,25356.25,592
2025-10-09T05:35:00Z,25356.75,25362.5,25354.0,25360.75,246
2025-10-09T05:40:00Z,25360.25,25361.25,25351.5,25353.0,245
2025-10-09T05:45:00Z,25352.75,25352.75,25341.0,25341.75,387
2025-10-09T05:50:00Z,25341.5,25349.0,25341.25,25346.5,265
2025-10-09T05:55:00Z,25345.0,25356.0,25344.25,25355.25,207
2025-10-09T06:00:00Z,25356.5,25362.0,25352.25,25362.0,351
2025-10-09T06:05:00Z,25361.5,25365.75,25359.0,25362.5,396
2025-10-09T06:10:00Z,25361.75,25365.25,25358.0,25365.25,290
2025-10-09T06:15:00Z,25365.0,25367.75,25357.75,25358.0,225
2025-10-09T06:20:00Z,25357.75,25358.25,25350.75,25357.0,277
2025-10-09T06:25:00Z,25356.25,25358.0,25347.25,25348.5,213
2025-10-09T06:30:00Z,25348.25,25359.25,25347.0,25348.75,277
2025-10-09T06:35:00Z,25349.25,25356.5,25346.75,25353.25,132
2025-10-09T06:40:00Z,25351.5,25359.5,25351.25,25353.0,205
2025-10-09T06:45:00Z,25353.0,25356.25,25338.5,25340.75,250
2025-10-09T06:50:00Z,25340.5,25343.25,25331.0,25332.0,404
2025-10-09T06:55:00Z,25332.0,25338.0,25326.25,25337.25,476
2025-10-09T07:00:00Z,25336.75,25347.75,25332.5,25345.0,619
2025-10-09T07:05:00Z,25344.75,25346.25,25338.5,25343.5,353
2025-10-09T07:10:00Z,25343.25,25349.0,25340.75,25345.75,345
2025-10-09T07:15:00Z,25345.25,25346.5,25339.25,25344.25,288
2025-10-09T07:20:00Z,25344.75,25347.25,25336.0,25343.5,301
2025-10-09T07:25:00Z,25342.5,25345.75,25332.0,25333.75,314
2025-10-09T07:30:00Z,25334.25,25334.25,25332.75,25332.75,7
2025-10-09T07:40:00Z,25330.19921875,25338.75,25329.5,25337.5,1160
2025-10-09T07:45:00Z,25337.5,25346.0,25335.25,25336.75,413
2025-10-09T07:50:00Z,25338.5,25343.75,25336.0,25342.25,173
2025-10-09T07:55:00Z,25343.0,25343.25,25336.0,25337.5,174
2025-10-09T08:00:00Z,25336.75,25344.0,25335.75,25340.75,426
2025-10-09T08:05:00Z,25340.75,25342.5,25336.5,25340.0,274
2025-10-09T08:10:00Z,25339.75,25342.0,25317.75,25322.75,558
2025-10-09T08:15:00Z,25323.0,25328.5,25311.75,25328.0,828
2025-10-09T08:20:00Z,25327.75,25334.75,25325.25,25326.0,509
2025-10-09T08:25:00Z,25325.75,25329.25,25319.0,25327.5,385
2025-10-09T08:30:00Z,25326.75,25327.0,25313.0,25313.5,407
2025-10-09T08:35:00Z,25312.75,25318.0,25309.75,25316.0,450
2025-10-09T08:40:00Z,25315.5,25316.0,25298.75,25303.75,895
2025-10-09T08:45:00Z,25304.25,25315.5,25299.5,25303.25,549
2025-10-09T08:50:00Z,25302.75,25306.5,25294.5,25295.0,707
2025-10-09T08:55:00Z,25295.0,25305.75,25295.0,25300.25,612
2025-10-09T09:00:00Z,25300.5,25302.5,25295.25,25297.25,351
2025-10-09T09:05:00Z,25297.25,25313.25,25297.25,25311.0,621
2025-10-09T09:10:00Z,25310.75,25326.0,25308.75,25324.75,439
2025-10-09T09:15:00Z,25324.75,25326.5,25315.75,25319.0,364
2025-10-09T09:20:00Z,25318.5,25321.0,25314.0,25316.75,196
2025-10-09T09:25:00Z,25316.5,25321.75,25314.75,25321.75,168
2025-10-09T09:30:00Z,25320.75,25320.75,25320.5,25320.5,2
2025-10-09T09:40:00Z,25334.80078125,25335.0,25327.0,25329.75,1332
2025-10-09T09:45:00Z,25329.75,25330.5,25323.25,25324.0,264
2025-10-09T09:50:00Z,25324.0,25328.25,25322.5,25323.75,198
2025-10-09T09:55:00Z,25324.75,25329.0,25319.5,25320.5,292
2025-10-09T10:00:00Z,25321.25,25328.25,25310.75,25327.25,687
2025-10-09T10:05:00Z,25327.5,25327.75,25320.5,25327.25,465
2025-10-09T10:10:00Z,25327.5,25332.0,25321.75,25328.5,315
2025-10-09T10:15:00Z,25329.5,25332.75,25325.5,25328.75,293
2025-10-09T10:20:00Z,25328.25,25331.0,25322.25,25322.25,212
2025-10-09T10:25:00Z,25321.75,25322.25,25308.5,25309.0,371
2025-10-09T10:30:00Z,25308.75,25316.5,25303.5,25305.25,497
2025-10-09T10:35:00Z,25305.5,25314.0,25303.75,25314.0,309
2025-10-09T10:40:00Z,25314.25,25315.25,25309.0,25309.25,210
2025-10-09T10:45:00Z,25309.0,25312.25,25305.5,25307.5,120
2025-10-09T10:50:00Z,25307.5,25316.75,25306.5,25316.75,474
2025-10-09T10:55:00Z,25316.75,25321.75,25316.75,25318.25,407
2025-10-09T11:00:00Z,25317.75,25327.75,25316.5,25323.0,538
2025-10-09T11:05:00Z,25323.25,25329.75,25319.5,25326.25,530
2025-10-09T11:10:00Z,25327.5,25328.0,25321.75,25323.0,331
2025-10-09T11:15:00Z,25322.0,25325.25,25318.5,25319.75,212
2025-10-09T11:20:00Z,25320.25,25331.25,25320.25,25330.5,288
2025-10-09T11:25:00Z,25330.75,25336.75,25327.5,25334.75,532
2025-10-09T11:30:00Z,25334.5,25341.25,25331.0,25331.0,683
2025-10-09T11:35:00Z,25331.0,25333.75,25325.75,25333.25,389
2025-10-09T11:40:00Z,25333.5,25333.5,25321.75,25323.0,277
2025-10-09T11:45:00Z,25322.0,25328.75,25317.5,25328.25,395
2025-10-09T11:50:00Z,25327.75,25328.0,25321.5,25323.75,330
2025-10-09T11:55:00Z,25323.75,25324.75,25311.75,25313.75,384
2025-10-09T12:00:00Z,25314.25,25327.0,25313.75,25324.5,723
2025-10-09T12:05:00Z,25323.75,25324.5,25315.0,25315.0,358
2025-10-09T12:10:00Z,25315.5,25318.25,25310.5,25314.25,527
2025-10-09T12:15:00Z,25313.75,25321.75,25313.0,25318.0,368
2025-10-09T12:20:00Z,25319.0,25323.0,25314.75,25321.0,514
2025-10-09T12:25:00Z,25320.75,25326.75,25318.25,25326.5,383
2025-10-09T12:30:00Z,25325.0,25332.75,25316.5,25323.0,868
2025-10-09T12:35:00Z,25323.25,25329.75,25318.25,25329.0,539
2025-10-09T12:40:00Z,25329.25,25329.5,25318.75,25327.5,476
2025-10-09T12:45:00Z,25327.0,25328.5,25317.25,25318.25,391
2025-10-09T12:50:00Z,25317.75,25331.0,25317.5,25328.75,720
2025-10-09T12:55:00Z,25329.0,25334.25,25327.5,25332.5,492
2025-10-09T13:00:00Z,25332.75,25334.5,25325.0,25325.75,559
2025-10-09T13:05:00Z,25325.5,25331.0,25318.75,25324.25,1065
2025-10-09T13:10:00Z,25324.0,25324.5,25314.25,25316.25,867
2025-10-09T13:15:00Z,25315.75,25329.75,25315.75,25323.25,889
2025-10-09T13:20:00Z,25324.25,25334.0,25322.75,25332.75,860
2025-10-09T13:25:00Z,25332.5,25337.5,25317.25,25328.5,3636
2025-10-09T13:30:00Z,25329.0,25334.5,25297.0,25306.75,14241
2025-10-09T13:35:00Z,25307.25,25315.25,25290.5,25300.0,8082
2025-10-09T13:40:00Z,25299.5,25303.25,25258.75,25275.75,11581
2025-10-09T13:45:00Z,25276.25,25305.25,25254.0,25301.75,10034
2025-10-09T13:50:00Z,25302.0,25316.75,25260.5,25265.5,11885
2025-10-09T13:55:00Z,25266.5,25294.25,25251.5,25279.0,8778
2025-10-09T14:00:00Z,25279.5,25286.0,25261.25,25280.0,6776
2025-10-09T14:05:00Z,25280.0,25288.75,25262.25,25271.5,6305
2025-10-09T14:10:00Z,25272.0,25279.25,25265.5,25271.5,4176
2025-10-09T14:15:00Z,25271.25,25275.75,25257.25,25264.75,5921
2025-10-09T14:20:00Z,25265.25,25276.75,25244.25,25272.25,8069
2025-10-09T14:25:00Z,25271.75,25274.0,25247.0,25251.75,5329
2025-10-09T14:30:00Z,25252.5,25253.0,25226.0,25228.25,9659
2025-10-09T14:35:00Z,25228.5,25233.0,25209.0,25213.0,8167
2025-10-09T14:40:00Z,25213.0,25233.0,25200.5,25202.5,7741
2025-10-09T14:45:00Z,25202.25,25235.5,25193.5,25233.0,9984
2025-10-09T14:50:00Z,25232.75,25243.5,25228.75,25238.5,6148
2025-10-09T14:55:00Z,25238.25,25260.0,25235.25,25250.5,5830
2025-10-09T15:00:00Z,25251.5,25267.0,25241.75,25257.75,6088
2025-10-09T15:05:00Z,25257.5,25266.25,25244.5,25265.75,4851
2025-10-09T15:10:00Z,25266.0,25266.5,25249.5,25257.25,3553
2025-10-09T15:15:00Z,25257.75,25273.75,25253.25,25257.0,5612
2025-10-09T15:20:00Z,25255.5,25261.25,25230.0,25234.75,6060
2025-10-09T15:25:00Z,25235.5,25240.75,25222.75,25227.75,4752
2025-10-09T15:30:00Z,25227.5,25230.5,25204.0,25210.0,5917
2025-10-09T15:35:00Z,25209.75,25235.75,25197.75,25226.25,6539
2025-10-09T15:40:00Z,25226.0,25226.5,25209.75,25216.25,4278
2025-10-09T15:45:00Z,25216.75,25253.25,25215.5,25250.75,6336
2025-10-09T15:50:00Z,25250.5,25265.5,25246.75,25265.25,5650
2025-10-09T15:55:00Z,25265.75,25274.5,25261.25,25263.0,4536
2025-10-09T16:00:00Z,25263.5,25272.0,25259.0,25268.0,3621
2025-10-09T16:05:00Z,25268.25,25272.25,25254.25,25267.5,3069
2025-10-09T16:10:00Z,25267.0,25274.0,25260.25,25266.0,2766
2025-10-09T16:15:00Z,25264.5,25273.25,25258.25,25260.25,2681
2025-10-09T16:20:00Z,25260.25,25261.75,25234.75,25255.0,4834
2025-10-09T16:25:00Z,25255.5,25264.75,25245.75,25255.0,4141
2025-10-09T16:30:00Z,25254.75,25260.25,25247.75,25256.0,2431
2025-10-09T16:35:00Z,25256.5,25261.5,25247.75,25250.5,2882
2025-10-09T16:40:00Z,25250.0,25251.5,25217.0,25240.0,6690
2025-10-09T16:45:00Z,25240.0,25259.75,25237.5,25255.25,3864
2025-10-09T16:50:00Z,25255.25,25260.25,25221.25,25227.25,4478
2025-10-09T16:55:00Z,25227.0,25229.75,25196.0,25203.75,7599
2025-10-09T17:00:00Z,25204.25,25219.5,25194.0,25208.0,5881
2025-10-09T17:05:00Z,25208.5,25233.75,25191.75,25224.5,5576
2025-10-09T17:10:00Z,25224.0,25226.25,25191.75,25200.75,5299
2025-10-09T17:15:00Z,25200.75,25207.25,25174.5,25192.75,6661
2025-10-09T17:20:00Z,25192.0,25213.75,25187.25,25190.0,4840
2025-10-09T17:25:00Z,25190.0,25197.0,25169.75,25176.0,5419
2025-10-09T17:30:00Z,25176.0,25187.75,25162.25,25175.0,5627
2025-10-09T17:35:00Z,25175.25,25203.5,25160.75,25201.0,5815
2025-10-09T17:40:00Z,25201.0,25212.25,25187.5,25199.75,3936
2025-10-09T17:45:00Z,25199.25,25211.75,25192.0,25210.5,2352
2025-10-09T17:50:00Z,25211.0,25218.0,25197.5,25205.25,3296
2025-10-09T17:55:00Z,25205.5,25218.25,25200.0,25215.5,2594
2025-10-09T18:00:00Z,25215.5,25219.0,25194.5,25197.25,3814
2025-10-09T18:05:00Z,25198.0,25200.25,25182.5,25197.5,3474
2025-10-09T18:10:00Z,25197.5,25213.5,25197.5,25208.0,2985
2025-10-09T18:15:00Z,25207.75,25230.0,25203.75,25221.75,3673
2025-10-09T18:20:00Z,25222.25,25226.0,25211.75,25225.0,2369
2025-10-09T18:25:00Z,25225.5,25234.5,25212.25,25213.0,3771
2025-10-09T18:30:00Z,25213.25,25220.25,25204.75,25212.25,2729
2025-10-09T18:35:00Z,25212.5,25218.5,25209.0,25214.75,1947
2025-10-09T18:40:00Z,25214.25,25223.75,25211.5,25220.0,2179
2025-10-09T18:45:00Z,25220.5,25228.25,25214.0,25222.0,2191
2025-10-09T18:50:00Z,25221.25,25228.25,25212.25,25221.5,2311
2025-10-09T18:55:00Z,25221.25,25244.0,25217.0,25235.0,4617
2025-10-09T19:00:00Z,25235.25,25247.0,25233.25,25241.0,2728
2025-10-09T19:05:00Z,25241.0,25252.0,25239.0,25249.0,2260
2025-10-09T19:10:00Z,25249.25,25260.5,25245.0,25248.25,3726
2025-10-09T19:15:00Z,25248.5,25262.0,25239.5,25259.0,5260
2025-10-09T19:20:00Z,25258.25,25267.5,25256.75,25266.25,3017
2025-10-09T19:25:00Z,25266.0,25270.75,25260.5,25265.25,3028
2025-10-09T19:30:00Z,25265.25,25270.75,25262.5,25267.25,2428
2025-10-09T19:35:00Z,25267.0,25283.25,25264.75,25275.5,3866
2025-10-09T19:40:00Z,25276.0,25278.0,25268.25,25275.25,3151
2025-10-09T19:45:00Z,25274.75,25279.75,25269.0,25274.75,4219
2025-10-09T19:50:00Z,25274.75,25289.25,25274.5,25285.0,6039
2025-10-09T19:55:00Z,25285.25,25295.75,25270.75,25294.5,13661
2025-10-09T20:00:00Z,25294.75,25299.75,25288.25,25293.0,5232
2025-10-09T20:05:00Z,25292.75,25297.0,25290.5,25294.25,1179
2025-10-09T20:10:00Z,25294.0,25294.0,25283.5,25285.5,1122
2025-10-09T20:15:00Z,25285.25,25286.25,25277.5,25278.0,893
2025-10-09T20:20:00Z,25278.0,25284.25,25274.75,25278.75,894
2025-10-09T20:25:00Z,25278.0,25279.5,25276.0,25277.0,441
2025-10-09T20:30:00Z,25277.5,25277.75,25270.25,25273.5,529
2025-10-09T20:35:00Z,25273.75,25279.25,25273.75,25277.25,453
2025-10-09T20:40:00Z,25277.25,25283.0,25277.0,25282.5,422
2025-10-09T20:45:00Z,25282.5,25285.5,25277.25,25278.0,473
2025-10-09T20:50:00Z,25278.0,25282.75,25275.25,25275.25,375
2025-10-09T20:55:00Z,25276.0,25287.25,25275.5,25287.25,362
2025-10-09T22:00:00Z,25287.75,25308.0,25286.5,25305.25,0
2025-10-09T22:05:00Z,25306.25,25306.75,25295.0,25296.5,371
2025-10-09T22:10:00Z,25297.25,25301.5,25288.0,25294.75,341
2025-10-09T22:15:00Z,25294.5,25303.75,25292.0,25297.5,314
2025-10-09T22:20:00Z,25298.25,25300.5,25296.0,25298.5,74
2025-10-09T22:25:00Z,25298.25,25299.25,25296.75,25298.75,101
2025-10-09T22:30:00Z,25299.25,25313.5,25299.0,25313.5,444
2025-10-09T22:35:00Z,25312.0,25318.0,25312.0,25313.25,295
2025-10-09T22:40:00Z,25313.25,25321.5,25312.75,25320.25,281
2025-10-09T22:45:00Z,25320.25,25320.25,25314.0,25315.25,171
2025-10-09T22:50:00Z,25315.5,25316.25,25311.75,25313.75,157
2025-10-09T22:55:00Z,25313.75,25319.25,25313.75,25319.25,192
2025-10-09T23:00:00Z,25319.5,25324.0,25314.0,25314.25,342
2025-10-09T23:05:00Z,25314.75,25315.5,25310.0,25311.5,284
2025-10-09T23:10:00Z,25310.75,25314.5,25308.75,25313.75,237
2025-10-09T23:15:00Z,25313.5,25317.25,25312.5,25316.25,185
2025-10-09T23:20:00Z,25316.25,25320.0,25313.75,25319.25,158
2025-10-09T23:25:00Z,25319.25,25320.25,25316.0,25317.5,148
2025-10-09T23:30:00Z,25317.25,25317.75,25311.75,25317.25,197
2025-10-09T23:35:00Z,25317.0,25320.25,25315.75,25318.5,182
2025-10-09T23:40:00Z,25317.5,25319.0,25315.25,25317.0,158
2025-10-09T23:45:00Z,25317.25,25334.5,25316.75,25328.75,689
2025-10-09T23:50:00Z,25329.25,25333.0,25326.5,25329.0,297
2025-10-09T23:55:00Z,25329.0,25336.0,25328.5,25335.0,292
2025-10-10T00:00:00Z,25335.0,25346.75,25331.0,25337.75,752
2025-10-10T00:05:00Z,25337.75,25337.75,25328.5,25329.5,392
2025-10-10T00:10:00Z,25329.25,25330.0,25322.25,25327.0,416
2025-10-10T00:15:00Z,25326.0,25327.75,25322.5,25325.25,208
2025-10-10T00:20:00Z,25325.5,25326.25,25322.25,25323.5,168
2025-10-10T00:25:00Z,25323.75,25328.5,25323.75,25325.0,183
2025-10-10T00:30:00Z,25324.5,25329.75,25324.5,25328.5,156
2025-10-10T00:35:00Z,25329.25,25329.25,25321.25,25323.5,285
2025-10-10T00:40:00Z,25323.75,25326.25,25322.0,25325.0,105
2025-10-10T00:45:00Z,25325.0,25329.25,25323.75,25327.75,171
2025-10-10T00:50:00Z,25328.75,25338.5,25328.5,25338.0,352
2025-10-10T00:55:00Z,25338.5,25340.0,25336.0,25336.5,234
2025-10-10T01:00:00Z,25336.75,25339.0,25335.5,25336.5,135
2025-10-10T01:05:00Z,25336.5,25337.25,25334.25,25335.75,73
2025-10-10T01:10:00Z,25335.0,25337.75,25333.0,25335.0,117
2025-10-10T01:15:00Z,25335.5,25345.0,25335.25,25341.5,328
2025-10-10T01:20:00Z,25341.5,25346.25,25340.0,25346.0,273
2025-10-10T01:25:00Z,25345.75,25349.25,25345.25,25347.75,210
2025-10-10T01:30:00Z,25348.0,25348.5,25345.75,25347.5,155
2025-10-10T01:35:00Z,25347.5,25348.75,25340.5,25343.0,215
2025-10-10T01:40:00Z,25343.5,25348.0,25341.0,25344.75,191
2025-10-10T01:45:00Z,25345.0,25345.5,25341.75,25343.25,105
2025-10-10T01:50:00Z,25342.75,25347.75,25342.0,25347.25,152
2025-10-10T01:55:00Z,25347.5,25353.0,25347.5,25351.75,310
2025-10-10T02:00:00Z,25351.25,25351.5,25346.75,25350.25,204
2025-10-10T02:05:00Z,25349.5,25351.25,25345.25,25347.75,122
2025-10-10T02:10:00Z,25346.75,25348.25,25344.75,25345.25,77
2025-10-10T02:15:00Z,25346.25,25347.0,25343.5,25345.25,154
2025-10-10T02:20:00Z,25345.25,25349.0,25344.25,25346.25,138
2025-10-10T02:25:00Z,25346.75,25350.0,25345.25,25349.0,136
2025-10-10T02:30:00Z,25350.0,25354.25,25347.25,25353.25,184
2025-10-10T02:35:00Z,25352.5,25355.0,25349.25,25352.5,186
2025-10-10T02:40:00Z,25353.0,25353.5,25350.0,25351.0,82
2025-10-10T02:45:00Z,25350.25,25351.0,25340.0,25341.0,282
2025-10-10T02:50:00Z,25341.5,25343.5,25337.0,25337.0,253
2025-10-10T02:55:00Z,25337.0,25339.5,25336.25,25338.25,159
2025-10-10T03:00:00Z,25338.0,25341.75,25325.5,25326.75,579
2025-10-10T03:05:00Z,25327.25,25333.5,25325.0,25330.0,324
2025-10-10T03:10:00Z,25329.75,25332.75,25328.75,25332.25,115
2025-10-10T03:15:00Z,25331.75,25335.25,25327.0,25333.25,295
2025-10-10T03:20:00Z,25332.5,25334.25,25327.75,25329.75,109
2025-10-10T03:25:00Z,25329.0,25329.75,25324.0,25326.25,288
2025-10-10T03:30:00Z,25326.5,25330.25,25324.25,25325.75,233
2025-10-10T03:35:00Z,25325.75,25328.0,25324.0,25324.0,102
2025-10-10T03:40:00Z,25324.25,25325.75,25322.0,25325.0,160
2025-10-10T03:45:00Z,25325.25,25325.75,25320.5,25320.5,319
2025-10-10T03:50:00Z,25320.5,25320.5,25315.75,25318.0,307
2025-10-10T03:55:00Z,25319.0,25319.75,25310.5,25317.75,459
2025-10-10T04:05:00Z,25320.25,25320.5,25317.25,25317.25,450
2025-10-10T04:10:00Z,25316.75,25323.5,25316.75,25322.5,234
2025-10-10T04:15:00Z,25322.25,25324.0,25319.0,25320.75,160
2025-10-10T04:20:00Z,25321.25,25325.75,25315.0,25325.5,255
2025-10-10T04:25:00Z,25325.5,25326.0,25323.5,25324.25,123
2025-10-10T04:30:00Z,25324.5,25326.75,25321.25,25323.0,140
2025-10-10T04:35:00Z,25322.0,25323.75,25320.0,25321.75,86
2025-10-10T04:40:00Z,25321.25,25321.25,25318.5,25319.25,73
2025-10-10T04:45:00Z,25319.5,25319.5,25315.75,25317.75,103
2025-10-10T04:50:00Z,25317.75,25318.0,25306.75,25307.75,268
2025-10-10T04:55:00Z,25307.75,25308.75,25300.0,25307.0,409
2025-10-10T05:00:00Z,25307.75,25309.5,25296.5,25301.0,285
2025-10-10T05:05:00Z,25300.25,25310.0,25300.0,25310.0,228
2025-10-10T05:10:00Z,25310.0,25314.0,25308.75,25312.75,209
2025-10-10T05:15:00Z,25312.75,25317.75,25310.5,25317.75,263
2025-10-10T05:20:00Z,25318.0,25321.0,25317.0,25319.75,183
2025-10-10T05:25:00Z,25320.25,25323.0,25315.0,25316.75,189
2025-10-10T05:30:00Z,25317.75,25324.75,25317.75,25324.75,212
2025-10-10T05:35:00Z,25324.5,25329.0,25324.25,25327.0,178
2025-10-10T05:40:00Z,25328.25,25332.75,25325.75,25329.5,310
2025-10-10T05:45:00Z,25330.0,25334.0,25328.75,25330.0,155
2025-10-10T05:50:00Z,25330.25,25332.25,25325.5,25329.25,175
2025-10-10T05:55:00Z,25329.25,25333.75,25328.5,25333.25,153
2025-10-10T06:00:00Z,25333.75,25348.25,25332.0,25346.5,530
2025-10-10T06:05:00Z,25346.0,25349.25,25343.5,25346.75,233
2025-10-10T06:10:00Z,25347.5,25351.75,25346.0,25351.25,217
2025-10-10T06:15:00Z,25351.25,25354.25,25343.5,25346.75,409
2025-10-10T06:20:00Z,25346.5,25347.75,25338.0,25340.25,342
2025-10-10T06:25:00Z,25339.75,25343.75,25337.5,25338.75,183
2025-10-10T06:30:00Z,25338.75,25344.5,25336.5,25340.5,217
2025-10-10T06:35:00Z,25341.0,25343.25,25300.5,25323.0,1574
2025-10-10T06:40:00Z,25324.0,25331.75,25320.0,25322.75,413
2025-10-10T06:45:00Z,25324.5,25327.75,25302.0,25307.0,548
2025-10-10T06:50:00Z,25306.25,25312.25,25295.0,25307.5,604
2025-10-10T06:55:00Z,25308.25,25311.25,25301.5,25303.75,398
2025-10-10T07:00:00Z,25304.75,25322.75,25304.25,25321.75,737
2025-10-10T07:05:00Z,25321.0,25322.25,25304.75,25307.25,736
2025-10-10T07:10:00Z,25307.5,25313.0,25302.75,25310.75,353
2025-10-10T07:15:00Z,25311.25,25316.5,25304.25,25313.25,338
2025-10-10T07:20:00Z,25312.25,25316.5,25298.75,25307.5,440
2025-10-10T07:25:00Z,25307.5,25324.5,25306.75,25317.5,458
2025-10-10T07:30:00Z,25319.0,25320.25,25319.0,25320.25,7
2025-10-10T07:40:00Z,25319.0,25323.75,25315.0,25316.75,985
2025-10-10T07:45:00Z,25317.25,25320.0,25314.5,25316.0,140
2025-10-10T07:50:00Z,25314.5,25316.0,25303.25,25314.75,538
2025-10-10T07:55:00Z,25314.25,25319.25,25310.0,25318.5,261
2025-10-10T08:00:00Z,25318.5,25333.75,25314.0,25317.0,922
2025-10-10T08:05:00Z,25317.75,25331.75,25313.75,25330.25,540
2025-10-10T08:10:00Z,25330.5,25335.5,25325.0,25333.5,306
2025-10-10T08:15:00Z,25332.75,25334.75,25328.5,25329.75,197
2025-10-10T08:20:00Z,25330.0,25331.75,25322.0,25326.75,289
2025-10-10T08:25:00Z,25326.75,25332.5,25325.0,25328.5,170
2025-10-10T08:30:00Z,25327.0,25332.75,25323.0,25328.75,264
2025-10-10T08:35:00Z,25328.0,25337.25,25328.0,25334.25,279
2025-10-10T08:40:00Z,25335.0,25338.25,25333.0,25336.25,190
2025-10-10T08:45:00Z,25336.0,25342.5,25335.75,25338.25,291
2025-10-10T08:50:00Z,25340.0,25340.75,25337.75,25338.75,122
2025-10-10T08:55:00Z,25337.75,25339.75,25335.25,25336.25,112
2025-10-10T09:00:00Z,25336.75,25339.0,25290.25,25320.5,2793
2025-10-10T09:05:00Z,25321.0,25326.0,25315.75,25325.0,545
2025-10-10T09:10:00Z,25325.0,25328.75,25311.0,25311.75,538
2025-10-10T09:15:00Z,25311.5,25317.25,25306.75,25307.75,365
2025-10-10T09:20:00Z,25307.25,25317.75,25301.5,25310.5,428
2025-10-10T09:25:00Z,25311.0,25312.0,25302.5,25302.5,264
2025-10-10T09:30:00Z,25302.0,25308.0,25290.75,25299.75,839
2025-10-10T09:35:00Z,25300.25,25302.75,25290.0,25292.75,400
2025-10-10T09:40:00Z,25292.5,25295.5,25283.25,25288.0,568
2025-10-10T09:45:00Z,25288.0,25294.5,25269.25,25270.25,843
2025-10-10T09:50:00Z,25270.75,25277.0,25257.5,25259.25,948
2025-10-10T09:55:00Z,25258.75,25265.75,25251.25,25256.0,972
2025-10-10T10:00:00Z,25256.5,25268.75,25254.25,25264.75,737
2025-10-10T10:05:00Z,25263.5,25277.5,25263.5,25275.25,575
2025-10-10T10:10:00Z,25275.75,25289.75,25275.5,25283.5,698
2025-10-10T10:15:00Z,25283.0,25294.25,25278.25,25289.25,612
2025-10-10T10:20:00Z,25288.5,25293.5,25286.25,25288.25,258
2025-10-10T10:25:00Z,25288.25,25289.25,25281.0,25286.25,388
2025-10-10T10:30:00Z,25286.0,25290.5,25279.25,25283.25,567
2025-10-10T10:35:00Z,25283.5,25283.5,25274.75,25279.25,362
2025-10-10T10:40:00Z,25279.5,25296.0,25278.75,25295.0,456
2025-10-10T10:45:00Z,25294.75,25295.25,25282.5,25285.25,403
2025-10-10T10:50:00Z,25285.0,25296.5,25283.25,25291.0,401
2025-10-10T10:55:00Z,25290.25,25301.5,25290.0,25300.25,461
2025-10-10T11:00:00Z,25300.0,25314.5,25299.5,25311.0,601
2025-10-10T11:05:00Z,25312.25,25312.75,25300.25,25306.25,577
2025-10-10T11:10:00Z,25305.75,25313.75,25302.75,25310.5,390
2025-10-10T11:15:00Z,25311.0,25312.25,25307.0,25310.25,211
2025-10-10T11:20:00Z,25311.0,25313.5,25307.25,25308.25,289
2025-10-10T11:25:00Z,25307.75,25313.0,25305.5,25311.25,327
2025-10-10T11:30:00Z,25311.0,25322.0,25309.75,25320.0,648
2025-10-10T11:35:00Z,25320.75,25320.75,25307.0,25310.0,577
2025-10-10T11:40:00Z,25309.75,25317.25,25303.25,25314.25,781
2025-10-10T11:45:00Z,25313.25,25319.25,25313.0,25318.25,262
2025-10-10T11:50:00Z,25318.5,25323.75,25315.5,25316.25,323
2025-10-10T11:55:00Z,25316.25,25324.5,25313.75,25323.25,381
2025-10-10T12:00:00Z,25322.25,25326.75,25316.75,25323.0,651
2025-10-10T12:05:00Z,25322.5,25332.25,25321.25,25328.5,539
2025-10-10T12:10:00Z,25328.75,25335.0,25327.25,25331.0,550
2025-10-10T12:15:00Z,25330.75,25332.25,25325.75,25326.75,393
2025-10-10T12:20:00Z,25326.5,25333.5,25326.25,25329.25,434
2025-10-10T12:25:00Z,25329.0,25330.5,25322.25,25326.5,549
2025-10-10T12:30:00Z,25326.0,25330.25,25324.0,25327.75,427
2025-10-10T12:35:00Z,25327.75,25327.75,25313.25,25315.5,834
2025-10-10T12:40:00Z,25315.75,25325.5,25293.5,25296.5,2566
2025-10-10T12:45:00Z,25296.25,25305.25,25292.25,25298.5,1244
2025-10-10T12:50:00Z,25298.0,25304.0,25293.0,25299.0,736
2025-10-10T12:55:00Z,25299.25,25300.25,25288.75,25298.0,990
2025-10-10T13:00:00Z,25297.5,25313.75,25297.25,25310.5,1049
2025-10-10T13:05:00Z,25310.0,25311.75,25308.0,25310.75,461
2025-10-10T13:10:00Z,25311.25,25312.5,25306.5,25311.75,584
2025-10-10T13:15:00Z,25311.75,25312.25,25303.75,25304.5,726
2025-10-10T13:20:00Z,25305.25,25305.25,25295.75,25301.75,930
2025-10-10T13:25:00Z,25301.5,25319.25,25295.75,25313.5,4163
2025-10-10T13:30:00Z,25313.25,25346.75,25293.5,25328.25,15930
2025-10-10T13:35:00Z,25328.5,25376.75,25320.25,25371.5,11861
2025-10-10T13:40:00Z,25372.0,25373.75,25354.0,25368.25,7375
2025-10-10T13:45:00Z,25368.5,25388.0,25342.0,25355.0,10616
2025-10-10T13:50:00Z,25354.5,25354.5,25325.5,25334.25,10112
2025-10-10T13:55:00Z,25333.75,25367.75,25328.25,25355.5,7006
2025-10-10T14:00:00Z,25357.5,25370.75,25312.0,25336.5,9700
2025-10-10T14:05:00Z,25337.25,25355.5,25326.25,25347.0,6389
2025-10-10T14:10:00Z,25346.5,25354.75,25324.0,25328.5,5008
2025-10-10T14:15:00Z,25328.25,25333.0,25303.25,25322.5,8208
2025-10-10T14:20:00Z,25322.75,25343.5,25322.0,25338.5,5792
2025-10-10T14:25:00Z,25337.75,25354.5,25330.0,25335.0,6672
2025-10-10T14:30:00Z,25335.5,25348.0,25332.0,25340.75,4043
2025-10-10T14:35:00Z,25338.75,25346.25,25318.0,25334.0,5354
2025-10-10T14:40:00Z,25334.25,25341.5,25316.0,25340.25,5069
2025-10-10T14:45:00Z,25339.25,25356.75,25336.0,25351.75,4897
2025-10-10T14:50:00Z,25351.5,25353.0,25330.0,25340.75,4450
2025-10-10T14:55:00Z,25340.25,25345.75,25127.75,25194.75,27169
2025-10-10T15:00:00Z,25193.0,25195.25,24992.5,25029.25,31603
2025-10-10T15:05:00Z,25030.5,25100.0,24980.75,24997.0,21308
2025-10-10T15:10:00Z,24996.75,25101.5,24993.0,25063.0,15946
2025-10-10T15:15:00Z,25062.25,25077.75,24908.75,24950.5,17046
2025-10-10T15:20:00Z,24951.25,24967.25,24817.5,24823.0,23318
2025-10-10T15:25:00Z,24821.5,24901.25,24802.5,24821.75,19656
2025-10-10T15:30:00Z,24822.25,24824.25,24670.75,24725.25,25968
2025-10-10T15:35:00Z,24726.5,24790.0,24718.75,24723.25,18330
2025-10-10T15:40:00Z,24724.0,24865.25,24684.5,24861.25,19462
2025-10-10T15:45:00Z,24860.25,24896.5,24810.0,24843.5,18211
2025-10-10T15:50:00Z,24841.75,24908.25,24836.0,24867.0,15391
2025-10-10T15:55:00Z,24867.0,24867.0,24772.25,24827.0,14215
2025-10-10T16:00:00Z,24824.25,24827.75,24753.5,24782.75,12312
2025-10-10T16:05:00Z,24783.5,24818.5,24757.0,24796.0,9994
2025-10-10T16:10:00Z,24795.5,24821.75,24754.0,24815.25,10406
2025-10-10T16:15:00Z,24817.25,24831.0,24744.25,24776.0,10050
2025-10-10T16:20:00Z,24776.75,24848.0,24743.0,24810.0,9862
2025-10-10T16:25:00Z,24810.0,24824.5,24778.5,24788.25,6562
2025-10-10T16:30:00Z,24788.25,24834.25,24766.25,24774.5,9063
2025-10-10T16:35:00Z,24774.25,24805.25,24756.5,24781.25,8583
2025-10-10T16:40:00Z,24779.0,24791.5,24723.75,24735.5,9383
2025-10-10T16:45:00Z,24734.5,24759.25,24692.0,24695.5,10647
2025-10-10T16:50:00Z,24696.5,24704.75,24660.25,24675.5,9076
2025-10-10T16:55:00Z,24675.75,24695.25,24647.5,24658.0,8207
2025-10-10T17:00:00Z,24657.25,24678.25,24616.75,24624.25,8580
2025-10-10T17:05:00Z,24624.25,24639.25,24604.0,24609.0,6591
2025-10-10T17:10:00Z,24609.25,24668.5,24605.25,24623.5,8826
2025-10-10T17:15:00Z,24624.75,24674.5,24616.25,24650.25,7691
2025-10-10T17:20:00Z,24650.75,24688.75,24621.5,24673.0,7857
2025-10-10T17:25:00Z,24673.75,24721.0,24667.75,24713.5,8683
2025-10-10T17:30:00Z,24712.0,24739.75,24694.25,24734.25,8083
2025-10-10T17:35:00Z,24733.75,24751.0,24710.25,24718.5,8463
2025-10-10T17:40:00Z,24717.5,24744.0,24706.0,24708.0,5878
2025-10-10T17:45:00Z,24707.5,24715.75,24661.75,24701.0,11171
2025-10-10T17:50:00Z,24700.0,24703.5,24654.5,24659.0,6268
2025-10-10T17:55:00Z,24659.0,24683.75,24646.0,24680.0,6394
2025-10-10T18:00:00Z,24680.0,24684.25,24642.75,24660.75,5911
2025-10-10T18:05:00Z,24660.75,24685.0,24648.0,24663.75,5168
2025-10-10T18:10:00Z,24663.25,24691.5,24651.25,24688.25,4287
2025-10-10T18:15:00Z,24687.75,24705.0,24653.5,24669.25,5217
2025-10-10T18:20:00Z,24669.75,24718.5,24669.75,24708.75,6016
2025-10-10T18:25:00Z,24708.25,24717.5,24664.5,24667.25,4421
2025-10-10T18:30:00Z,24667.75,24687.25,24651.5,24651.5,4770
2025-10-10T18:35:00Z,24651.5,24665.5,24644.75,24651.5,3509
2025-10-10T18:40:00Z,24650.75,24662.75,24621.5,24626.5,4597
2025-10-10T18:45:00Z,24627.25,24659.0,24606.25,24615.75,6406
2025-10-10T18:50:00Z,24615.25,24622.25,24572.0,24576.75,9410
2025-10-10T18:55:00Z,24576.5,24607.5,24573.5,24588.25,6661
2025-10-10T19:00:00Z,24589.0,24635.75,24585.25,24620.0,7419
2025-10-10T19:05:00Z,24620.5,24624.5,24590.25,24594.75,4407
2025-10-10T19:10:00Z,24594.5,24599.25,24555.0,24570.5,6669
2025-10-10T19:15:00Z,24569.25,24590.25,24563.0,24577.75,5822
2025-10-10T19:20:00Z,24578.0,24589.75,24549.25,24552.25,4832
2025-10-10T19:25:00Z,24553.25,24567.75,24512.0,24531.5,8347
2025-10-10T19:30:00Z,24532.0,24546.0,24507.5,24514.25,6675
2025-10-10T19:35:00Z,24514.0,24514.25,24447.0,24457.5,10712
2025-10-10T19:40:00Z,24458.0,24540.25,24455.5,24535.25,11625
2025-10-10T19:45:00Z,24535.75,24556.5,24520.25,24525.75,10865
2025-10-10T19:50:00Z,24527.0,24532.0,24428.0,24428.5,15815
2025-10-10T19:55:00Z,24427.75,24428.5,24384.25,24402.75,30414
2025-10-10T20:00:00Z,24402.25,24438.0,24392.75,24431.5,11712
2025-10-10T20:05:00Z,24431.5,24447.25,24412.25,24417.75,7147
2025-10-10T20:10:00Z,24418.5,24448.0,24418.25,24442.0,2920
2025-10-10T20:15:00Z,24441.25,24441.5,24414.25,24422.75,1873
2025-10-10T20:20:00Z,24422.75,24435.5,24418.5,24422.25,1466
2025-10-10T20:25:00Z,24423.25,24444.5,24422.5,24443.75,739
2025-10-10T20:30:00Z,24443.5,24444.5,24422.5,24423.5,1024
2025-10-10T20:35:00Z,24423.25,24432.75,24421.0,24429.25,651
2025-10-10T20:40:00Z,24429.75,24433.5,24419.75,24420.0,662
2025-10-10T20:45:00Z,24420.25,24424.75,24412.75,24421.75,734
2025-10-10T20:50:00Z,24421.25,24422.0,24185.5,24210.75,10843
2025-10-10T20:55:00Z,24209.25,24397.0,24158.5,24397.0,5388
2025-10-12T22:35:00Z,24397.0,24695.75,24397.0,24686.0,122
2025-10-12T22:40:00Z,24685.0,24693.75,24668.5,24693.5,484
2025-10-12T22:45:00Z,24693.5,24711.75,24672.0,24672.0,649
2025-10-12T22:50:00Z,24670.75,24702.25,24670.75,24687.75,587
2025-10-12T22:55:00Z,24689.25,24700.5,24685.0,24689.25,560
2025-10-12T23:00:00Z,24689.75,24696.75,24650.75,24662.75,1399
2025-10-12T23:05:00Z,24663.75,24718.5,24663.75,24714.5,801
2025-10-12T23:10:00Z,24716.75,24720.0,24701.5,24705.0,708
2025-10-12T23:15:00Z,24705.75,24715.75,24675.0,24682.75,1009
2025-10-12T23:20:00Z,24684.0,24729.0,24684.0,24724.25,874
2025-10-12T23:25:00Z,24725.25,24739.0,24723.0,24735.25,927
2025-10-12T23:30:00Z,24735.75,24763.0,24734.5,24734.5,2304
2025-10-12T23:35:00Z,24735.75,24745.25,24721.5,24739.25,1018
2025-10-12T23:40:00Z,24740.0,24752.5,24721.5,24744.25,886
2025-10-12T23:45:00Z,24742.25,24761.75,24740.5,24761.0,831
2025-10-12T23:50:00Z,24761.0,24786.25,24755.0,24782.0,1640
2025-10-12T23:55:00Z,24783.25,24794.0,24777.25,24785.75,1547
2025-10-13T00:00:00Z,24786.75,24795.0,24757.75,24766.0,1987
2025-10-13T00:05:00Z,24765.75,24779.25,24756.25,24769.5,1408
2025-10-13T00:10:00Z,24769.75,24784.0,24767.75,24782.5,960
2025-10-13T00:15:00Z,24782.0,24802.5,24777.0,24800.5,1475
2025-10-13T00:20:00Z,24801.0,24807.0,24778.25,24780.25,1527
2025-10-13T00:25:00Z,24780.5,24790.0,24776.0,24787.25,755
2025-10-13T00:30:00Z,24787.0,24791.75,24778.0,24791.0,580
2025-10-13T00:35:00Z,24790.25,24805.75,24788.75,24793.75,1367
2025-10-13T00:40:00Z,24792.5,24811.25,24790.5,24810.0,754
2025-10-13T00:45:00Z,24809.5,24817.25,24806.0,24810.5,1017
2025-10-13T00:50:00Z,24810.25,24823.5,24808.25,24817.0,968
2025-10-13T00:55:00Z,24817.5,24835.0,24816.75,24826.75,1232
2025-10-13T01:00:00Z,24827.25,24835.0,24822.0,24828.5,1246
2025-10-13T01:05:00Z,24829.0,24848.5,24828.0,24833.0,2087
2025-10-13T01:10:00Z,24832.25,24838.75,24822.0,24825.25,953
2025-10-13T01:15:00Z,24824.5,24835.0,24822.5,24831.75,765
2025-10-13T01:20:00Z,24831.25,24845.0,24828.25,24837.25,759
2025-10-13T01:25:00Z,24837.75,24844.5,24837.0,24840.5,464
2025-10-13T01:30:00Z,24841.25,24855.0,24841.25,24846.5,1049
2025-10-13T01:35:00Z,24846.25,24849.5,24827.5,24831.0,833
2025-10-13T01:40:00Z,24830.75,24847.75,24830.75,24846.75,595
2025-10-13T01:45:00Z,24846.5,24855.0,24846.25,24851.5,605
2025-10-13T01:50:00Z,24851.5,24853.0,24847.25,24852.0,515
2025-10-13T01:55:00Z,24852.25,24855.5,24847.0,24852.0,588
2025-10-13T02:00:00Z,24852.25,24855.25,24839.5,24840.25,831
2025-10-13T02:05:00Z,24841.75,24852.75,24841.25,24850.75,436
2025-10-13T02:10:00Z,24850.25,24850.25,24833.75,24841.0,494
2025-10-13T02:15:00Z,24842.0,24850.0,24839.0,24842.5,330
2025-10-13T02:20:00Z,24843.0,24848.0,24833.75,24842.5,451
2025-10-13T02:25:00Z,24844.0,24848.25,24841.0,24848.25,249
2025-10-13T02:30:00Z,24846.5,24849.75,24841.25,24848.5,288
2025-10-13T02:35:00Z,24849.25,24852.75,24838.0,24842.25,334
2025-10-13T02:40:00Z,24842.25,24842.5,24834.0,24834.5,190
2025-10-13T02:45:00Z,24834.0,24844.0,24832.25,24839.0,289
2025-10-13T02:50:00Z,24837.25,24837.25,24826.0,24827.0,445
2025-10-13T02:55:00Z,24826.0,24827.5,24805.0,24806.75,825
2025-10-13T03:00:00Z,24806.75,24818.75,24794.0,24813.0,988
2025-10-13T03:05:00Z,24812.5,24841.0,24812.5,24840.25,685
2025-10-13T03:10:00Z,24841.0,24845.25,24830.75,24836.5,528
2025-10-13T03:15:00Z,24836.25,24839.5,24827.25,24827.25,335
2025-10-13T03:20:00Z,24826.75,24832.5,24821.5,24823.5,379
2025-10-13T03:25:00Z,24821.75,24829.25,24817.5,24819.75,335
2025-10-13T03:30:00Z,24818.5,24820.5,24806.25,24811.5,511
2025-10-13T03:35:00Z,24812.5,24815.5,24803.25,24803.5,391
2025-10-13T03:40:00Z,24804.0,24807.5,24794.5,24796.25,826
2025-10-13T03:45:00Z,24795.0,24801.5,24785.0,24787.25,765
2025-10-13T03:50:00Z,24787.5,24792.0,24771.5,24779.75,1057
2025-10-13T03:55:00Z,24779.25,24779.25,24763.0,24778.0,684
2025-10-13T04:00:00Z,24778.25,24791.5,24777.25,24782.0,839
2025-10-13T04:05:00Z,24781.5,24793.5,24774.0,24787.5,545
2025-10-13T04:10:00Z,24786.5,24795.0,24780.25,24790.25,387
2025-10-13T04:15:00Z,24789.25,24798.0,24789.25,24795.5,270
2025-10-13T04:20:00Z,24794.5,24796.25,24778.5,24791.0,432
2025-10-13T04:25:00Z,24790.5,24805.0,24790.5,24798.5,497
2025-10-13T04:30:00Z,24798.75,24804.5,24795.5,24801.5,279
2025-10-13T04:35:00Z,24800.75,24804.5,24796.75,24800.75,272
2025-10-13T04:40:00Z,24799.75,24809.25,24797.0,24798.75,275
2025-10-13T04:45:00Z,24799.0,24805.0,24799.0,24804.75,133
2025-10-13T04:50:00Z,24804.0,24826.25,24802.5,24820.0,578
2025-10-13T04:55:00Z,24821.0,24821.75,24816.5,24818.5,218
2025-10-13T05:00:00Z,24818.0,24820.25,24802.0,24808.75,410
2025-10-13T05:05:00Z,24808.0,24823.25,24804.75,24820.75,402
2025-10-13T05:10:00Z,24820.5,24823.5,24810.75,24823.0,349
2025-10-13T05:15:00Z,24824.0,24831.75,24814.25,24823.75,633
2025-10-13T05:20:00Z,24823.25,24833.25,24820.75,24825.75,358
2025-10-13T05:25:00Z,24826.0,24829.5,24823.5,24825.75,226
2025-10-13T05:30:00Z,24825.5,24831.75,24824.75,24825.0,244
2025-10-13T05:35:00Z,24825.5,24828.5,24816.75,24827.25,477
2025-10-13T05:40:00Z,24827.5,24831.75,24819.75,24822.0,287
2025-10-13T05:45:00Z,24821.25,24826.75,24813.0,24825.5,362
2025-10-13T05:50:00Z,24825.75,24841.25,24822.25,24834.75,674
2025-10-13T05:55:00Z,24835.0,24838.5,24830.75,24837.5,211
2025-10-13T06:00:00Z,24836.25,24837.75,24827.75,24831.25,492
2025-10-13T06:05:00Z,24832.0,24844.0,24816.5,24823.5,835
2025-10-13T06:10:00Z,24824.5,24830.5,24787.25,24798.5,1076
2025-10-13T06:15:00Z,24798.5,24810.0,24797.5,24808.5,540
2025-10-13T06:20:00Z,24808.75,24809.75,24796.5,24797.25,567
2025-10-13T06:25:00Z,24797.5,24814.25,24795.0,24814.0,387
2025-10-13T06:30:00Z,24813.75,24837.25,24812.0,24834.0,590
2025-10-13T06:35:00Z,24833.0,24837.0,24828.75,24833.5,685
2025-10-13T06:40:00Z,24833.5,24838.0,24829.5,24829.5,533
2025-10-13T06:45:00Z,24830.0,24833.75,24816.75,24831.5,722
2025-10-13T06:50:00Z,24830.75,24841.25,24830.75,24838.5,430
2025-10-13T06:55:00Z,24838.25,24853.25,24835.25,24850.75,794
2025-10-13T07:00:00Z,24851.25,24869.75,24833.25,24843.75,2320
2025-10-13T07:05:00Z,24844.0,24875.25,24836.5,24869.5,1753
2025-10-13T07:10:00Z,24869.5,24900.0,24868.0,24892.5,2189
2025-10-13T07:15:00Z,24890.5,24905.5,24887.0,24904.5,1851
2025-10-13T07:20:00Z,24903.5,24924.5,24889.5,24921.0,1500
2025-10-13T07:25:00Z,24921.0,24936.0,24916.5,24931.75,1251
2025-10-13T07:30:00Z,24932.0,24932.0,24925.25,24927.75,66
2025-10-13T07:40:00Z,24921.19921875,24928.75,24911.5,24911.5,3328
2025-10-13T07:45:00Z,24912.25,24913.75,24902.0,24903.0,846
2025-10-13T07:50:00Z,24903.0,24908.5,24892.5,24898.0,815
2025-10-13T07:55:00Z,24898.25,24906.0,24893.0,24904.5,545
2025-10-13T08:00:00Z,24904.0,24907.75,24888.0,24906.5,1386
2025-10-13T08:05:00Z,24906.5,24909.5,24881.25,24887.25,1004
2025-10-13T08:10:00Z,24886.75,24897.25,24881.0,24883.0,781
2025-10-13T08:15:00Z,24881.75,24893.5,24866.5,24886.0,1134
2025-10-13T08:20:00Z,24885.5,24897.0,24866.75,24870.25,1142
2025-10-13T08:25:00Z,24870.0,24871.0,24854.25,24855.75,608
2025-10-13T08:30:00Z,24856.25,24880.75,24856.25,24877.25,804
2025-10-13T08:35:00Z,24876.25,24878.75,24855.25,24861.25,454
2025-10-13T08:40:00Z,24860.0,24871.0,24842.75,24842.75,988
2025-10-13T08:45:00Z,24844.25,24859.25,24841.25,24858.0,682
2025-10-13T08:50:00Z,24856.5,24870.0,24856.0,24864.0,449
2025-10-13T08:55:00Z,24865.0,24880.75,24863.25,24875.25,446
2025-10-13T09:00:00Z,24874.25,24880.75,24864.0,24870.25,530
2025-10-13T09:05:00Z,24869.75,24874.75,24857.0,24857.0,307
2025-10-13T09:10:00Z,24856.75,24865.75,24853.5,24863.25,365
2025-10-13T09:15:00Z,24861.75,24877.0,24861.75,24873.25,387
2025-10-13T09:20:00Z,24873.5,24879.0,24857.25,24863.0,599
2025-10-13T09:25:00Z,24864.0,24869.75,24857.75,24859.75,296
2025-10-13T09:30:00Z,24859.25,24861.75,24848.0,24860.75,566
2025-10-13T09:35:00Z,24860.0,24860.0,24841.75,24845.25,443
2025-10-13T09:40:00Z,24846.5,24850.0,24842.25,24846.0,306
2025-10-13T09:45:00Z,24846.75,24851.5,24836.25,24843.25,542
2025-10-13T09:50:00Z,24843.25,24854.5,24838.0,24847.5,397
2025-10-13T09:55:00Z,24847.0,24859.75,24845.75,24845.75,504
2025-10-13T10:00:00Z,24846.25,24864.25,24839.0,24854.0,578
2025-10-13T10:05:00Z,24854.75,24859.0,24846.25,24857.5,334
2025-10-13T10:10:00Z,24857.25,24861.0,24848.75,24857.75,437
2025-10-13T10:15:00Z,24857.5,24857.5,24825.25,24843.75,950
2025-10-13T10:20:00Z,24843.0,24851.75,24828.25,24846.75,695
2025-10-13T10:25:00Z,24847.25,24860.25,24846.25,24859.75,427
2025-10-13T10:30:00Z,24859.0,24877.75,24856.0,24874.5,896
2025-10-13T10:35:00Z,24873.75,24874.75,24859.25,24866.25,567
2025-10-13T10:40:00Z,24865.5,24868.25,24838.5,24841.25,793
2025-10-13T10:45:00Z,24840.5,24847.5,24832.5,24842.25,598
2025-10-13T10:50:00Z,24842.0,24844.5,24828.0,24841.0,640
2025-10-13T10:55:00Z,24841.0,24856.0,24839.0,24850.0,597
2025-10-13T11:00:00Z,24851.5,24866.25,24802.25,24824.75,5955
2025-10-13T11:05:00Z,24824.25,24831.0,24756.0,24774.5,5195
2025-10-13T11:10:00Z,24775.0,24787.25,24733.0,24782.75,3341
2025-10-13T11:15:00Z,24782.0,24799.0,24777.25,24795.0,1321
2025-10-13T11:20:00Z,24794.25,24802.5,24769.5,24774.75,1299
2025-10-13T11:25:00Z,24775.5,24787.5,24758.5,24763.25,1546
2025-10-13T11:30:00Z,24763.25,24792.75,24736.0,24782.25,2286
2025-10-13T11:35:00Z,24782.0,24789.0,24754.0,24770.25,1361
2025-10-13T11:40:00Z,24769.75,24801.0,24765.0,24796.5,1334
2025-10-13T11:45:00Z,24795.5,24815.5,24791.25,24797.25,1593
2025-10-13T11:50:00Z,24797.25,24811.5,24781.5,24804.25,1483
2025-10-13T11:55:00Z,24805.75,24807.0,24790.5,24797.25,1181
2025-10-13T12:00:00Z,24795.5,24795.5,24766.75,24779.25,2517
2025-10-13T12:05:00Z,24778.5,24792.0,24768.25,24790.0,1127
2025-10-13T12:10:00Z,24788.5,24814.25,24788.25,24814.25,1034
2025-10-13T12:15:00Z,24813.25,24829.75,24809.0,24825.25,1698
2025-10-13T12:20:00Z,24825.75,24825.75,24793.0,24821.25,2266
2025-10-13T12:25:00Z,24821.5,24822.75,24808.25,24813.75,765
2025-10-13T12:30:00Z,24813.25,24830.5,24810.75,24826.0,1126
2025-10-13T12:35:00Z,24826.5,24836.0,24824.5,24833.75,908
2025-10-13T12:40:00Z,24833.75,24834.25,24816.5,24822.0,944
2025-10-13T12:45:00Z,24821.25,24829.0,24816.0,24820.5,1179
2025-10-13T12:50:00Z,24819.75,24819.75,24795.75,24812.0,1582
2025-10-13T12:55:00Z,24812.0,24815.0,24780.5,24787.75,1255
2025-10-13T13:00:00Z,24787.25,24879.0,24785.5,24876.25,8643
2025-10-13T13:05:00Z,24876.0,24889.25,24857.5,24866.0,3544
2025-10-13T13:10:00Z,24867.25,24869.5,24843.5,24849.25,1877
2025-10-13T13:15:00Z,24849.5,24862.0,24840.75,24853.0,1757
2025-10-13T13:20:00Z,24853.5,24872.5,24837.0,24847.0,3320
2025-10-13T13:25:00Z,24847.5,24852.0,24820.75,24824.75,5640
2025-10-13T13:30:00Z,24825.0,24842.75,24758.25,24759.5,20681
2025-10-13T13:35:00Z,24759.75,24774.75,24724.5,24759.0,16454
2025-10-13T13:40:00Z,24758.25,24816.0,24730.5,24811.5,14106
2025-10-13T13:45:00Z,24811.5,24830.0,24768.75,24828.25,12558
2025-10-13T13:50:00Z,24827.25,24866.5,24811.25,24840.25,10351
2025-10-13T13:55:00Z,24841.0,24892.0,24836.0,24888.0,8175
2025-10-13T14:00:00Z,24887.0,24907.0,24865.5,24904.75,10482
2025-10-13T14:05:00Z,24904.5,24912.0,24883.0,24903.25,8523
2025-10-13T14:10:00Z,24903.0,24913.5,24874.0,24883.5,7694
2025-10-13T14:15:00Z,24884.0,24904.75,24859.0,24860.0,6893
2025-10-13T14:20:00Z,24861.75,24870.0,24788.0,24837.25,12588
2025-10-13T14:25:00Z,24837.25,24837.5,24794.0,24824.0,7649
2025-10-13T14:30:00Z,24826.0,24858.25,24795.75,24852.25,8268
2025-10-13T14:35:00Z,24851.75,24889.75,24848.5,24881.25,6478
2025-10-13T14:40:00Z,24881.5,24887.5,24830.0,24833.25,6369
2025-10-13T14:45:00Z,24832.5,24850.25,24800.25,24802.75,8871
2025-10-13T14:50:00Z,24803.0,24807.5,24766.25,24783.0,9552
2025-10-13T14:55:00Z,24783.25,24784.0,24744.0,24758.5,8859
2025-10-13T15:00:00Z,24759.0,24779.25,24746.0,24765.25,8279
2025-10-13T15:05:00Z,24766.0,24799.0,24751.5,24796.5,5938
2025-10-13T15:10:00Z,24797.0,24836.75,24793.0,24828.75,5880
2025-10-13T15:15:00Z,24828.5,24869.0,24828.5,24865.5,5082
2025-10-13T15:20:00Z,24866.0,24884.75,24863.25,24866.0,5916
2025-10-13T15:25:00Z,24866.25,24886.0,24862.25,24877.75,4392
2025-10-13T15:30:00Z,24878.5,24898.25,24873.25,24887.75,5186
2025-10-13T15:35:00Z,24888.5,24891.0,24872.5,24873.75,3707
2025-10-13T15:40:00Z,24874.25,24878.0,24852.0,24855.25,4620
2025-10-13T15:45:00Z,24856.75,24885.0,24854.75,24882.5,5576
2025-10-13T15:50:00Z,24882.25,24889.0,24865.5,24886.0,2744
2025-10-13T15:55:00Z,24885.5,24901.75,24882.0,24893.5,3118
2025-10-13T16:00:00Z,24893.75,24903.5,24883.0,24899.0,3276
2025-10-13T16:05:00Z,24898.25,24902.5,24878.75,24892.25,4162
2025-10-13T16:10:00Z,24892.75,24906.25,24884.25,24902.5,3121
2025-10-13T16:15:00Z,24901.75,24918.75,24901.75,24916.25,4479
2025-10-13T16:20:00Z,24916.25,24930.0,24869.75,24907.5,9538
2025-10-13T16:25:00Z,24908.5,24922.75,24898.25,24908.75,3410
2025-10-13T16:30:00Z,24909.5,24927.75,24903.25,24921.0,2917
2025-10-13T16:35:00Z,24921.0,24923.25,24898.75,24905.25,3244
2025-10-13T16:40:00Z,24905.25,24907.75,24887.75,24901.0,3964
2025-10-13T16:45:00Z,24901.0,24936.5,24888.75,24925.0,5592
2025-10-13T16:50:00Z,24924.25,24938.75,24917.25,24929.25,6141
2025-10-13T16:55:00Z,24929.25,24956.25,24927.25,24948.25,4877
2025-10-13T17:00:00Z,24948.0,24959.0,24938.0,24952.0,3791
2025-10-13T17:05:00Z,24951.75,24957.25,24945.5,24946.5,2320
2025-10-13T17:10:00Z,24946.75,24949.25,24906.75,24916.0,4844
2025-10-13T17:15:00Z,24916.0,24922.75,24892.5,24903.5,4066
2025-10-13T17:20:00Z,24904.5,24930.25,24899.0,24910.75,3696
2025-10-13T17:25:00Z,24910.5,24911.75,24894.75,24904.0,3331
2025-10-13T17:30:00Z,24904.75,24910.5,24894.25,24896.0,2791
2025-10-13T17:35:00Z,24896.0,24909.75,24892.75,24898.25,2497
2025-10-13T17:40:00Z,24898.75,24907.25,24888.5,24893.5,3144
2025-10-13T17:45:00Z,24893.0,24906.25,24890.5,24902.0,2579
2025-10-13T17:50:00Z,24902.0,24917.25,24890.25,24916.5,3085
2025-10-13T17:55:00Z,24916.25,24928.0,24894.25,24926.5,4040
2025-10-13T18:00:00Z,24926.25,24937.5,24920.75,24929.25,3152
2025-10-13T18:05:00Z,24928.5,24933.75,24924.0,24928.25,1957
2025-10-13T18:10:00Z,24927.75,24935.75,24923.0,24927.5,2245
2025-10-13T18:15:00Z,24927.5,24941.5,24926.0,24928.5,1985
2025-10-13T18:20:00Z,24928.5,24954.5,24928.25,24948.5,2940
2025-10-13T18:25:00Z,24949.0,24956.0,24942.25,24951.0,2218
2025-10-13T18:30:00Z,24951.0,24965.0,24942.75,24946.5,3812
2025-10-13T18:35:00Z,24946.25,24950.75,24927.25,24933.5,3504
2025-10-13T18:40:00Z,24933.75,24937.25,24906.0,24921.25,3801
2025-10-13T18:45:00Z,24921.75,24922.5,24908.0,24914.25,3115
2025-10-13T18:50:00Z,24914.0,24927.0,24896.5,24903.0,3902
2025-10-13T18:55:00Z,24902.25,24907.0,24889.75,24901.0,3437
2025-10-13T19:00:00Z,24901.25,24911.5,24883.0,24890.5,4498
2025-10-13T19:05:00Z,24891.75,24917.75,24887.5,24910.0,3372
2025-10-13T19:10:00Z,24909.5,24919.0,24899.25,24905.25,2420
2025-10-13T19:15:00Z,24904.75,24934.0,24901.75,24928.25,3378
2025-10-13T19:20:00Z,24928.0,24948.5,24927.75,24939.25,3738
2025-10-13T19:25:00Z,24939.5,24941.5,24908.25,24914.5,3870
2025-10-13T19:30:00Z,24914.25,24924.0,24908.5,24922.0,2518
2025-10-13T19:35:00Z,24922.5,24927.5,24914.75,24926.25,2642
2025-10-13T19:40:00Z,24926.0,24943.75,24924.75,24938.0,3817
2025-10-13T19:45:00Z,24938.0,24939.0,24912.0,24915.0,4139
2025-10-13T19:50:00Z,24915.0,24947.0,24905.5,24940.5,7192
2025-10-13T19:55:00Z,24940.5,24948.25,24918.75,24921.0,18989
2025-10-13T20:00:00Z,24921.0,24927.25,24903.0,24903.75,6246
2025-10-13T20:05:00Z,24903.75,24918.75,24899.0,24917.5,2677
2025-10-13T20:10:00Z,24917.5,24920.0,24913.75,24915.5,1771
2025-10-13T20:15:00Z,24915.5,24920.75,24907.0,24911.25,819
2025-10-13T20:20:00Z,24911.5,24917.5,24909.5,24913.5,501
2025-10-13T20:25:00Z,24913.5,24916.5,24911.75,24916.0,427
2025-10-13T20:30:00Z,24915.75,24916.0,24907.25,24908.0,625
2025-10-13T20:35:00Z,24907.5,24909.5,24904.75,24907.5,332
2025-10-13T20:40:00Z,24907.75,24911.0,24904.75,24905.5,309
2025-10-13T20:45:00Z,24905.75,24908.75,24903.75,24905.75,323
2025-10-13T20:50:00Z,24905.75,24906.75,24900.5,24901.25,269
2025-10-13T20:55:00Z,24901.0,24907.75,24900.75,24904.5,405
2025-10-13T21:00:00Z,24904.5,24904.5,24904.5,24904.5,1
2025-10-13T22:00:00Z,24913.75,24921.5,24904.0,24918.75,0
2025-10-13T22:05:00Z,24918.75,24920.75,24916.75,24917.25,151
2025-10-13T22:10:00Z,24917.0,24922.5,24911.5,24921.5,228
2025-10-13T22:15:00Z,24921.5,24928.75,24919.0,24925.0,246
2025-10-13T22:20:00Z,24925.5,24925.5,24910.25,24910.25,162
2025-10-13T22:25:00Z,24910.75,24913.5,24897.0,24897.75,329
2025-10-13T22:30:00Z,24897.75,24913.5,24897.75,24910.25,228
2025-10-13T22:35:00Z,24910.25,24918.75,24908.75,24912.0,236
2025-10-13T22:40:00Z,24913.5,24923.0,24913.25,24921.25,225
2025-10-13T22:45:00Z,24922.5,24930.25,24918.0,24924.75,291
2025-10-13T22:50:00Z,24925.75,24927.5,24923.5,24925.5,113
2025-10-13T22:55:00Z,24926.0,24931.5,24924.25,24930.5,102
2025-10-13T23:00:00Z,24930.5,24933.0,24915.5,24929.0,321
2025-10-13T23:05:00Z,24929.75,24930.5,24917.25,24921.0,176
2025-10-13T23:10:00Z,24920.25,24921.0,24909.5,24909.5,241
2025-10-13T23:15:00Z,24911.0,24923.0,24907.75,24920.0,210
2025-10-13T23:20:00Z,24920.25,24927.0,24918.75,24922.75,233
2025-10-13T23:25:00Z,24923.25,24924.25,24917.75,24921.25,120
2025-10-13T23:30:00Z,24920.5,24922.0,24912.25,24916.5,232
2025-10-13T23:35:00Z,24915.75,24915.75,24900.25,24905.25,361
2025-10-13T23:40:00Z,24905.75,24911.0,24900.25,24906.75,267
2025-10-13T23:45:00Z,24903.75,24908.0,24898.75,24907.25,221
2025-10-13T23:50:00Z,24908.25,24912.0,24905.75,24910.0,218
2025-10-13T23:55:00Z,24910.25,24913.25,24908.75,24912.25,122
2025-10-14T00:00:00Z,24911.5,24926.5,24904.5,24925.0,1141
2025-10-14T00:05:00Z,24925.75,24942.5,24924.25,24938.25,603
2025-10-14T00:10:00Z,24937.75,24950.75,24930.0,24944.0,505
2025-10-14T00:15:00Z,24944.5,24978.0,24943.5,24971.5,1293
2025-10-14T00:20:00Z,24972.75,24987.0,24971.0,24982.25,850
2025-10-14T00:25:00Z,24982.25,24999.0,24980.75,24998.5,843
2025-10-14T00:30:00Z,24998.25,25044.25,24995.5,25032.75,2637
2025-10-14T00:35:00Z,25032.75,25032.75,25017.5,25020.75,922
2025-10-14T00:40:00Z,25019.75,25021.5,25009.75,25016.0,773
2025-10-14T00:45:00Z,25014.5,25014.5,24990.25,24998.0,1117
2025-10-14T00:50:00Z,24997.5,25003.75,24994.0,24997.25,381
2025-10-14T00:55:00Z,24998.75,25008.5,24997.25,25007.5,329
2025-10-14T01:00:00Z,25006.0,25007.5,24983.25,24986.5,738
2025-10-14T01:05:00Z,24988.25,25002.25,24967.0,24989.5,1529
2025-10-14T01:10:00Z,24987.5,24999.75,24983.5,24993.0,544
2025-10-14T01:15:00Z,24992.75,24992.75,24979.25,24991.25,401
2025-10-14T01:20:00Z,24991.0,24999.0,24989.5,24995.25,364
2025-10-14T01:25:00Z,24996.25,25002.25,24992.0,24994.25,370
2025-10-14T01:30:00Z,24993.5,24998.0,24986.25,24993.25,384
2025-10-14T01:35:00Z,24994.25,25004.25,24989.5,25004.25,423
2025-10-14T01:40:00Z,25003.5,25012.5,24999.5,25004.5,425
2025-10-14T01:45:00Z,25003.75,25005.5,24998.25,25001.5,256
2025-10-14T01:50:00Z,25002.0,25002.5,24995.0,25000.25,265
2025-10-14T01:55:00Z,24999.0,25007.25,24998.5,25006.0,289
2025-10-14T02:00:00Z,25005.25,25020.5,24997.5,25010.75,843
2025-10-14T02:05:00Z,25010.75,25016.5,25006.0,25006.75,304
2025-10-14T02:10:00Z,25007.25,25012.5,25003.0,25009.75,283
2025-10-14T02:15:00Z,25009.5,25018.5,25008.25,25015.75,217
2025-10-14T02:20:00Z,25014.75,25018.0,25009.0,25013.25,169
2025-10-14T02:25:00Z,25013.5,25014.25,24987.5,24987.5,404
2025-10-14T02:30:00Z,24988.25,24992.5,24980.75,24981.5,459
2025-10-14T02:35:00Z,24980.5,24984.5,24976.0,24979.75,399
2025-10-14T02:40:00Z,24979.75,24985.5,24979.0,24981.25,216
2025-10-14T02:45:00Z,24981.5,24983.0,24963.5,24967.0,845
2025-10-14T02:50:00Z,24965.5,24965.75,24950.75,24960.0,582
2025-10-14T02:55:00Z,24961.0,24963.0,24953.75,24954.25,218
2025-10-14T03:00:00Z,24955.0,24958.25,24937.0,24938.0,941
2025-10-14T03:05:00Z,24938.25,24943.25,24920.5,24925.75,1165
2025-10-14T03:10:00Z,24925.0,24932.0,24920.0,24925.25,500
2025-10-14T03:15:00Z,24924.0,24927.5,24909.75,24911.25,631
2025-10-14T03:20:00Z,24911.5,24921.5,24908.0,24920.25,541
2025-10-14T03:25:00Z,24921.0,24929.75,24921.0,24924.5,461
2025-10-14T03:30:00Z,24925.5,24926.5,24910.75,24911.5,535
2025-10-14T03:35:00Z,24912.25,24927.5,24910.5,24926.5,440
2025-10-14T03:40:00Z,24926.75,24928.75,24921.75,24925.75,347
2025-10-14T03:45:00Z,24924.0,24928.25,24915.0,24921.5,357
2025-10-14T03:50:00Z,24921.75,24923.25,24904.0,24907.75,429
2025-10-14T03:55:00Z,24908.0,24919.25,24905.75,24915.25,420
2025-10-14T04:05:00Z,24878.75,24878.75,24853.75,24858.25,3803
2025-10-14T04:10:00Z,24858.0,24863.0,24834.0,24836.75,1739
2025-10-14T04:15:00Z,24838.5,24839.0,24775.0,24777.75,2845
2025-10-14T04:20:00Z,24777.75,24812.5,24770.0,24808.75,2277
2025-10-14T04:25:00Z,24810.5,24819.5,24773.5,24784.25,1417
2025-10-14T04:30:00Z,24784.5,24795.5,24750.0,24793.75,1741
2025-10-14T04:35:00Z,24794.25,24805.0,24774.25,24797.5,1009
2025-10-14T04:40:00Z,24797.0,24801.25,24783.5,24794.75,789
2025-10-14T04:45:00Z,24793.0,24799.0,24773.75,24774.25,823
2025-10-14T04:50:00Z,24773.5,24792.0,24762.75,24790.0,1032
2025-10-14T04:55:00Z,24791.75,24808.75,24790.5,24806.25,752
2025-10-14T05:00:00Z,24805.25,24810.0,24786.5,24793.5,985
2025-10-14T05:05:00Z,24793.5,24810.5,24785.75,24805.0,572
2025-10-14T05:10:00Z,24804.75,24812.25,24790.25,24799.0,612
2025-10-14T05:15:00Z,24799.5,24814.5,24793.5,24808.75,727
2025-10-14T05:20:00Z,24808.5,24814.5,24802.5,24805.25,354
2025-10-14T06:00:00Z,24711.5,24712.75,24711.5,24711.75,14122
2025-10-14T06:05:00Z,24711.0,24734.5,24703.5,24714.0,1034
2025-10-14T06:10:00Z,24713.75,24749.0,24713.0,24748.0,1230
2025-10-14T06:15:00Z,24749.0,24749.25,24713.25,24716.0,1096
2025-10-14T06:20:00Z,24715.25,24722.0,24690.75,24710.5,1279
2025-10-14T06:25:00Z,24711.75,24724.75,24702.25,24712.0,1182
2025-10-14T06:30:00Z,24712.0,24730.25,24712.0,24719.25,893
2025-10-14T06:35:00Z,24719.25,24728.0,24696.5,24698.75,860
2025-10-14T06:40:00Z,24699.0,24702.25,24665.5,24674.25,1410
2025-10-14T06:45:00Z,24675.25,24707.75,24675.25,24701.75,1047
2025-10-14T06:50:00Z,24702.0,24710.0,24685.5,24692.0,579
2025-10-14T06:55:00Z,24691.5,24697.5,24679.5,24686.0,835
2025-10-14T07:00:00Z,24686.0,24701.0,24659.0,24661.0,1587
2025-10-14T07:05:00Z,24661.5,24678.5,24628.25,24655.5,2252
2025-10-14T07:10:00Z,24654.75,24691.75,24653.5,24677.75,1150
2025-10-14T07:15:00Z,24678.0,24726.0,24676.5,24709.75,1967
2025-10-14T07:20:00Z,24708.75,24708.75,24683.75,24688.5,876
2025-10-14T07:25:00Z,24688.75,24712.5,24688.75,24706.75,922
2025-10-14T07:30:00Z,24706.25,24717.5,24682.5,24689.5,797
2025-10-14T07:35:00Z,24693.5,24699.5,24598.5,24652.25,4451
2025-10-14T07:40:00Z,24653.25,24670.0,24630.25,24653.0,2038
2025-10-14T07:45:00Z,24651.5,24670.25,24635.0,24637.25,1162
2025-10-14T07:50:00Z,24636.75,24656.75,24621.75,24632.5,1682
2025-10-14T07:55:00Z,24632.0,24659.5,24617.25,24647.5,1945
2025-10-14T08:00:00Z,24646.0,24659.5,24592.25,24597.0,2473
2025-10-14T08:05:00Z,24596.75,24627.75,24586.25,24618.25,2823
2025-10-14T08:10:00Z,24619.25,24661.25,24618.0,24645.25,1414
2025-10-14T08:15:00Z,24646.25,24655.5,24630.75,24650.75,926
2025-10-14T08:20:00Z,24651.0,24664.25,24647.25,24655.25,764
2025-10-14T08:25:00Z,24654.75,24662.75,24643.5,24659.75,784
2025-10-14T08:30:00Z,24660.5,24677.5,24660.5,24667.75,866
2025-10-14T08:35:00Z,24668.0,24690.5,24666.5,24685.75,918
2025-10-14T08:40:00Z,24685.0,24685.0,24668.5,24678.5,754
2025-10-14T08:45:00Z,24678.75,24678.75,24638.0,24639.5,1050
2025-10-14T08:50:00Z,24640.0,24676.75,24639.25,24674.75,947
2025-10-14T08:55:00Z,24674.5,24697.75,24673.0,24691.5,822
2025-10-14T09:00:00Z,24692.25,24706.25,24686.25,24701.5,885
2025-10-14T09:05:00Z,24701.5,24713.0,24693.0,24696.5,872
2025-10-14T09:10:00Z,24697.5,24697.5,24681.75,24682.25,530
2025-10-14T09:15:00Z,24681.25,24691.75,24661.75,24691.0,1263
2025-10-14T09:20:00Z,24689.75,24692.5,24670.75,24671.75,974
2025-10-14T09:25:00Z,24671.5,24679.0,24666.5,24670.25,661
2025-10-14T09:30:00Z,24668.75,24682.5,24653.0,24654.0,633
2025-10-14T09:35:00Z,24654.0,24661.75,24645.25,24653.25,680
2025-10-14T09:40:00Z,24652.25,24671.5,24647.5,24664.0,509
2025-10-14T09:45:00Z,24663.75,24671.75,24648.5,24649.0,708
2025-10-14T09:50:00Z,24650.75,24651.75,24629.75,24640.0,824
2025-10-14T09:55:00Z,24639.25,24644.5,24633.5,24638.75,502
2025-10-14T10:00:00Z,24638.25,24643.0,24628.5,24632.75,713
2025-10-14T10:05:00Z,24632.75,24640.75,24622.25,24625.0,697
2025-10-14T10:10:00Z,24625.5,24626.5,24600.25,24623.0,1384
2025-10-14T10:15:00Z,24622.75,24622.75,24596.5,24604.0,967
2025-10-14T10:20:00Z,24603.0,24616.75,24586.25,24613.25,1322
2025-10-14T10:25:00Z,24613.0,24615.75,24575.5,24577.5,1376
2025-10-14T10:30:00Z,24577.25,24579.0,24539.5,24554.75,2964
2025-10-14T10:35:00Z,24556.0,24579.75,24551.25,24567.5,1537
2025-10-14T10:40:00Z,24567.25,24569.25,24525.75,24530.5,1934
2025-10-14T10:45:00Z,24529.75,24533.0,24504.25,24507.75,2181
2025-10-14T10:50:00Z,24505.75,24535.0,24502.5,24516.0,1689
2025-10-14T10:55:00Z,24515.0,24558.75,24504.0,24558.25,1473
2025-10-14T11:00:00Z,24559.25,24568.25,24546.0,24567.5,1761
2025-10-14T11:05:00Z,24566.25,24600.75,24561.75,24579.5,1731
2025-10-14T11:10:00Z,24579.0,24604.25,24579.0,24597.5,953
2025-10-14T11:15:00Z,24597.75,24605.0,24594.5,24596.75,969
2025-10-14T11:20:00Z,24597.5,24626.0,24596.75,24618.0,1580
2025-10-14T11:25:00Z,24618.25,24636.75,24615.5,24617.0,1767
2025-10-14T11:30:00Z,24617.5,24637.75,24608.0,24631.25,1435
2025-10-14T11:35:00Z,24631.75,24655.0,24628.25,24644.5,1440
2025-10-14T11:40:00Z,24643.75,24648.75,24628.75,24642.0,1009
2025-10-14T11:45:00Z,24642.5,24653.75,24629.5,24638.25,1135
2025-10-14T11:50:00Z,24638.5,24665.0,24638.25,24662.5,1297
2025-10-14T11:55:00Z,24662.75,24663.75,24644.5,24653.75,789
2025-10-14T12:00:00Z,24653.75,24654.25,24620.0,24620.75,2412
2025-10-14T12:05:00Z,24621.25,24639.75,24606.25,24637.25,1744
2025-10-14T12:10:00Z,24638.25,24660.5,24638.0,24652.75,1301
2025-10-14T12:15:00Z,24653.25,24653.5,24627.75,24640.25,1412
2025-10-14T12:20:00Z,24641.25,24651.25,24634.0,24648.0,1027
2025-10-14T12:25:00Z,24649.0,24661.5,24644.75,24652.75,854
2025-10-14T12:30:00Z,24652.0,24654.25,24621.5,24623.25,1306
2025-10-14T12:35:00Z,24623.75,24624.5,24593.0,24603.0,2202
2025-10-14T12:40:00Z,24603.25,24611.0,24555.5,24574.25,4175
2025-10-14T12:45:00Z,24573.5,24605.0,24573.25,24599.25,1978
2025-10-14T12:50:00Z,24599.75,24626.0,24599.75,24617.75,1807
2025-10-14T12:55:00Z,24618.0,24625.25,24613.5,24620.5,694
2025-10-14T13:00:00Z,24619.25,24654.0,24618.25,24650.75,1988
2025-10-14T13:05:00Z,24650.0,24656.25,24644.5,24652.25,1180
2025-10-14T13:10:00Z,24650.0,24653.0,24637.75,24646.0,1066
2025-10-14T13:15:00Z,24645.75,24646.0,24616.75,24633.0,2473
2025-10-14T13:20:00Z,24632.75,24634.0,24609.75,24621.0,1986
2025-10-14T13:25:00Z,24621.25,24647.25,24604.75,24637.75,5510
2025-10-14T13:30:00Z,24638.75,24641.5,24559.5,24561.75,19495
2025-10-14T13:35:00Z,24561.75,24562.25,24470.5,24509.5,22429
2025-10-14T13:40:00Z,24509.25,24519.5,24430.75,24452.0,19801
2025-10-14T13:45:00Z,24452.5,24512.75,24421.0,24475.0,16979
2025-10-14T13:50:00Z,24474.5,24554.5,24460.5,24545.75,12612
2025-10-14T13:55:00Z,24546.0,24588.0,24539.75,24576.25,10023
2025-10-14T14:00:00Z,24575.0,24610.25,24556.75,24603.5,8108
2025-10-14T14:05:00Z,24604.25,24618.25,24579.5,24584.25,9230
2025-10-14T14:10:00Z,24585.25,24633.5,24580.0,24625.75,7700
2025-10-14T14:15:00Z,24624.5,24638.0,24602.5,24629.5,7311
2025-10-14T14:20:00Z,24628.75,24695.5,24624.75,24688.5,9364
2025-10-14T14:25:00Z,24687.75,24725.0,24686.75,24721.75,8160
2025-10-14T14:30:00Z,24721.0,24727.0,24680.25,24700.25,8153
2025-10-14T14:35:00Z,24701.0,24736.0,24701.0,24728.75,6387
2025-10-14T14:40:00Z,24729.0,24736.5,24719.0,24720.0,4493
2025-10-14T14:45:00Z,24719.5,24743.75,24697.75,24718.5,7888
2025-10-14T14:50:00Z,24718.75,24723.0,24670.25,24702.25,8606
2025-10-14T14:55:00Z,24701.0,24706.0,24671.75,24690.0,5697
2025-10-14T15:00:00Z,24690.0,24741.5,24690.0,24741.25,6782
2025-10-14T15:05:00Z,24739.75,24768.5,24707.75,24713.75,8055
2025-10-14T15:10:00Z,24713.75,24730.25,24701.5,24716.5,4427
2025-10-14T15:15:00Z,24716.75,24717.25,24684.25,24693.0,4870
2025-10-14T15:20:00Z,24693.25,24730.5,24692.5,24730.5,4341
2025-10-14T15:25:00Z,24730.25,24731.25,24695.5,24704.0,3753
2025-10-14T15:30:00Z,24704.25,24728.75,24702.25,24724.25,3800
2025-10-14T15:35:00Z,24724.75,24766.25,24700.0,24714.0,10474
2025-10-14T15:40:00Z,24714.25,24792.75,24702.5,24777.75,8930
2025-10-14T15:45:00Z,24777.0,24805.0,24777.0,24802.75,5756
2025-10-14T15:50:00Z,24802.5,24839.25,24799.25,24822.25,6381
2025-10-14T15:55:00Z,24821.75,24822.5,24795.5,24805.0,4432
2025-10-14T16:00:00Z,24805.0,24815.25,24778.75,24789.25,5740
2025-10-14T16:05:00Z,24788.75,24792.5,24762.0,24765.75,4660
2025-10-14T16:10:00Z,24765.75,24798.25,24765.75,24795.25,4553
2025-10-14T16:15:00Z,24795.75,24832.5,24790.25,24827.0,5042
2025-10-14T16:20:00Z,24826.75,24878.0,24826.75,24851.75,10236
2025-10-14T16:25:00Z,24851.75,24876.5,24845.0,24870.5,4423
2025-10-14T16:30:00Z,24871.5,24894.0,24868.25,24886.25,6016
2025-10-14T16:35:00Z,24885.75,24909.5,24880.0,24890.0,5541
2025-10-14T16:40:00Z,24889.5,24917.25,24888.75,24911.25,5279
2025-10-14T16:45:00Z,24911.75,24937.25,24910.5,24926.25,6624
2025-10-14T16:50:00Z,24926.75,24947.5,24918.5,24927.5,5933
2025-10-14T16:55:00Z,24927.0,24927.0,24890.5,24892.25,7152
2025-10-14T17:00:00Z,24892.0,24899.0,24858.5,24894.5,6435
2025-10-14T17:05:00Z,24894.0,24917.5,24892.75,24910.75,3951
2025-10-14T17:10:00Z,24910.5,24931.25,24906.75,24913.5,3919
2025-10-14T17:15:00Z,24913.25,24923.75,24896.0,24903.25,3437
2025-10-14T17:20:00Z,24903.0,24928.5,24903.0,24925.25,3497
2025-10-14T17:25:00Z,24925.0,24938.0,24920.0,24927.25,3579
2025-10-14T17:30:00Z,24927.75,24935.5,24890.0,24897.0,4943
2025-10-14T17:35:00Z,24897.5,24900.0,24880.5,24891.5,4084
2025-10-14T17:40:00Z,24891.75,24919.5,24889.25,24918.0,3758
2025-10-14T17:45:00Z,24917.25,24929.0,24909.5,24916.5,2865
2025-10-14T17:50:00Z,24916.0,24934.0,24900.75,24906.0,3290
2025-10-14T17:55:00Z,24906.75,24910.25,24893.5,24899.5,2342
2025-10-14T18:00:00Z,24900.25,24910.5,24884.25,24891.25,3420
2025-10-14T18:05:00Z,24892.25,24897.25,24882.0,24894.75,2722
2025-10-14T18:10:00Z,24894.75,24919.0,24889.0,24903.75,3292
2025-10-14T18:15:00Z,24903.25,24914.5,24897.75,24904.25,2218
2025-10-14T18:20:00Z,24904.25,24908.25,24888.0,24903.0,2626
2025-10-14T18:25:00Z,24902.75,24925.5,24889.75,24916.0,2939
2025-10-14T18:30:00Z,24915.0,24926.75,24908.5,24910.75,3138
2025-10-14T18:35:00Z,24910.5,24915.25,24885.25,24888.75,2488
2025-10-14T18:40:00Z,24887.75,24899.75,24881.5,24895.5,2984
2025-10-14T18:45:00Z,24895.5,24911.0,24890.0,24909.75,2329
2025-10-14T18:50:00Z,24910.5,24920.5,24902.25,24910.25,2562
2025-10-14T18:55:00Z,24910.25,24911.5,24891.5,24899.25,2182
2025-10-14T19:00:00Z,24899.25,24919.0,24899.25,24909.0,2698
2025-10-14T19:05:00Z,24909.25,24921.25,24897.5,24899.5,2224
2025-10-14T19:10:00Z,24899.25,24913.25,24892.25,24896.0,1954
2025-10-14T19:15:00Z,24896.5,24912.25,24896.0,24903.25,1635
2025-10-14T19:20:00Z,24903.5,24924.0,24902.75,24918.75,2041
2025-10-14T19:25:00Z,24918.5,24927.0,24900.0,24901.5,2495
2025-10-14T19:30:00Z,24901.5,24903.0,24875.75,24877.75,4440
2025-10-14T19:35:00Z,24878.25,24883.25,24762.75,24826.75,18980
2025-10-14T19:40:00Z,24827.0,24829.0,24698.75,24716.75,14380
2025-10-14T19:45:00Z,24716.5,24752.5,24686.0,24735.0,10820
2025-10-14T19:50:00Z,24734.0,24773.0,24723.0,24749.0,10249
2025-10-14T19:55:00Z,24748.5,24776.0,24731.0,24756.5,18029
2025-10-14T20:00:00Z,24756.75,24789.75,24751.5,24760.75,6812
2025-10-14T20:05:00Z,24761.75,24766.5,24702.0,24705.75,4781
2025-10-14T20:10:00Z,24706.75,24733.5,24701.25,24730.25,2385
2025-10-14T20:15:00Z,24729.5,24730.5,24710.25,24717.0,1249
2025-10-14T20:20:00Z,24717.25,24718.25,24697.25,24707.5,1215
2025-10-14T20:25:00Z,24707.75,24721.5,24705.5,24718.5,861
2025-10-14T20:30:00Z,24718.0,24738.25,24715.25,24735.0,851
2025-10-14T20:35:00Z,24734.5,24735.0,24725.0,24730.0,540
2025-10-14T20:40:00Z,24729.75,24738.25,24727.25,24737.75,471
2025-10-14T20:45:00Z,24738.0,24748.5,24730.25,24744.0,631
2025-10-14T20:50:00Z,24743.5,24763.5,24743.5,24761.0,553
2025-10-14T20:55:00Z,24761.25,24761.5,24748.75,24756.25,536
2025-10-14T22:00:00Z,24754.0,24816.25,24752.0,24806.75,0
2025-10-14T22:05:00Z,24805.25,24811.75,24769.5,24776.0,836
2025-10-14T22:10:00Z,24776.5,24798.5,24773.25,24773.75,594
2025-10-14T22:15:00Z,24774.5,24775.5,24750.5,24756.75,806
2025-10-14T22:20:00Z,24755.75,24769.0,24755.5,24767.5,257
2025-10-14T22:25:00Z,24769.25,24784.5,24766.5,24776.75,415
2025-10-14T22:30:00Z,24775.75,24783.75,24757.25,24763.5,476
2025-10-14T22:35:00Z,24765.5,24776.75,24763.75,24774.0,249
2025-10-14T22:40:00Z,24773.5,24779.75,24770.0,24775.5,120
2025-10-14T22:45:00Z,24776.75,24780.75,24770.0,24775.0,130
2025-10-14T22:50:00Z,24774.0,24780.75,24769.0,24775.75,109
2025-10-14T22:55:00Z,24777.0,24781.5,24774.75,24779.25,55
2025-10-14T23:00:00Z,24777.75,24784.0,24768.75,24784.0,290
2025-10-14T23:05:00Z,24784.0,24795.75,24772.5,24786.25,405
2025-10-14T23:10:00Z,24787.25,24803.5,24787.25,24800.75,429
2025-10-14T23:15:00Z,24801.5,24804.0,24795.75,24802.75,277
2025-10-14T23:20:00Z,24803.75,24817.75,24803.0,24809.5,387
2025-10-14T23:25:00Z,24809.0,24809.0,24787.0,24793.0,396
2025-10-14T23:30:00Z,24792.5,24802.25,24787.0,24798.25,290
2025-10-14T23:35:00Z,24796.75,24798.0,24790.5,24791.25,125
2025-10-14T23:40:00Z,24791.75,24793.25,24786.5,24792.0,133
2025-10-14T23:45:00Z,24790.75,24800.0,24787.25,24795.25,211
2025-10-14T23:50:00Z,24794.5,24797.25,24785.25,24794.25,169
2025-10-14T23:55:00Z,24793.25,24793.25,24772.25,24773.25,373
2025-10-15T00:00:00Z,24772.0,24782.75,24761.5,24779.0,692
2025-10-15T00:05:00Z,24779.25,24780.75,24757.25,24770.75,539
2025-10-15T00:10:00Z,24769.5,24769.5,24741.0,24747.5,871
2025-10-15T00:15:00Z,24747.25,24761.5,24740.5,24748.75,729
2025-10-15T00:20:00Z,24749.25,24766.0,24742.0,24760.25,416
2025-10-15T00:25:00Z,24759.25,24771.75,24753.25,24771.25,311
2025-10-15T00:30:00Z,24771.5,24781.25,24755.0,24766.25,525
2025-10-15T00:35:00Z,24766.75,24784.5,24760.5,24775.5,511
2025-10-15T00:40:00Z,24774.0,24782.0,24769.25,24781.75,276
2025-10-15T00:45:00Z,24782.5,24797.75,24779.5,24786.25,544
2025-10-15T00:50:00Z,24788.0,24790.0,24778.0,24781.75,267
2025-10-15T00:55:00Z,24781.0,24799.5,24780.5,24798.0,416
2025-10-15T01:00:00Z,24797.0,24798.25,24783.5,24783.5,310
2025-10-15T01:05:00Z,24783.5,24787.0,24763.0,24765.25,456
2025-10-15T01:10:00Z,24766.25,24789.5,24764.75,24785.25,497
2025-10-15T01:15:00Z,24786.0,24793.25,24784.0,24791.75,244
2025-10-15T01:20:00Z,24792.25,24806.0,24789.0,24804.0,446
2025-10-15T01:25:00Z,24804.0,24814.75,24802.5,24805.5,595
2025-10-15T01:30:00Z,24804.75,24810.5,24797.25,24808.5,516
2025-10-15T01:35:00Z,24808.5,24811.0,24801.25,24803.0,332
2025-10-15T01:40:00Z,24803.5,24808.0,24792.0,24804.0,237
2025-10-15T01:45:00Z,24802.75,24804.5,24792.75,24794.5,214
2025-10-15T01:50:00Z,24794.5,24802.75,24793.5,24799.0,192
2025-10-15T01:55:00Z,24799.5,24801.25,24797.25,24801.25,120
2025-10-15T02:00:00Z,24801.75,24808.0,24800.0,24806.0,234
2025-10-15T02:05:00Z,24804.5,24810.75,24801.0,24807.0,164
2025-10-15T02:10:00Z,24808.5,24829.0,24807.0,24824.5,683
2025-10-15T02:15:00Z,24824.5,24835.0,24824.0,24832.5,547
2025-10-15T02:20:00Z,24831.75,24854.75,24831.75,24851.0,875
2025-10-15T02:25:00Z,24851.0,24855.75,24843.0,24845.75,507
2025-10-15T02:30:00Z,24844.75,24850.75,24840.75,24841.75,386
2025-10-15T02:35:00Z,24841.5,24842.25,24818.0,24819.25,712
2025-10-15T02:40:00Z,24818.0,24833.0,24818.0,24822.5,358
2025-10-15T02:45:00Z,24824.75,24824.75,24815.0,24815.0,452
2025-10-15T02:50:00Z,24815.25,24821.25,24814.5,24816.25,294
2025-10-15T02:55:00Z,24814.75,24818.75,24806.75,24813.0,346
2025-10-15T03:00:00Z,24812.5,24813.5,24805.5,24808.5,292
2025-10-15T03:05:00Z,24807.75,24819.5,24807.75,24818.0,329
2025-10-15T03:10:00Z,24817.25,24817.5,24809.25,24813.0,356
2025-10-15T03:15:00Z,24812.0,24812.0,24788.75,24793.75,602
2025-10-15T03:20:00Z,24794.25,24811.5,24793.75,24808.5,411
2025-10-15T03:25:00Z,24809.0,24829.0,24808.75,24828.75,396
2025-10-15T03:30:00Z,24829.0,24830.5,24822.0,24827.0,257
2025-10-15T03:35:00Z,24826.0,24829.25,24816.25,24816.25,274
2025-10-15T03:40:00Z,24815.5,24823.0,24807.5,24808.25,317
2025-10-15T03:45:00Z,24806.75,24809.0,24797.0,24808.5,402
2025-10-15T03:50:00Z,24807.75,24818.75,24801.75,24804.5,508
2025-10-15T03:55:00Z,24804.0,24814.75,24799.75,24801.25,302
2025-10-15T04:05:00Z,24815.75,24816.5,24814.25,24815.5,503
2025-10-15T04:10:00Z,24816.5,24820.0,24814.0,24817.75,122
2025-10-15T04:15:00Z,24819.25,24825.25,24816.25,24817.75,228
2025-10-15T04:20:00Z,24817.0,24823.5,24817.0,24822.5,208
2025-10-15T04:25:00Z,24823.0,24843.0,24823.0,24833.5,468
2025-10-15T04:30:00Z,24833.25,24839.5,24830.75,24838.25,197
2025-10-15T04:35:00Z,24839.5,24840.5,24834.0,24836.75,150
2025-10-15T04:40:00Z,24835.25,24842.0,24831.0,24840.0,175
2025-10-15T04:45:00Z,24840.75,24845.75,24838.75,24844.25,173
2025-10-15T04:50:00Z,24843.0,24847.75,24837.75,24840.75,279
2025-10-15T04:55:00Z,24841.0,24847.5,24837.75,24843.5,135
2025-10-15T05:00:00Z,24844.5,24887.75,24844.5,24886.25,2193
2025-10-15T05:05:00Z,24886.25,24896.5,24884.0,24891.75,649
2025-10-15T05:10:00Z,24891.75,24895.5,24884.5,24894.0,422
2025-10-15T05:15:00Z,24894.25,24906.25,24891.0,24905.0,676
2025-10-15T05:20:00Z,24905.25,24920.0,24905.25,24914.75,815
2025-10-15T05:25:00Z,24914.5,24917.25,24890.5,24896.0,647
2025-10-15T05:30:00Z,24896.0,24896.25,24878.75,24884.75,384
2025-10-15T05:35:00Z,24885.5,24892.25,24882.5,24892.25,325
2025-10-15T05:40:00Z,24893.0,24896.5,24889.5,24893.25,161
2025-10-15T05:45:00Z,24892.0,24895.0,24887.5,24893.25,258
2025-10-15T05:50:00Z,24893.0,24894.75,24878.75,24880.25,302
2025-10-15T05:55:00Z,24880.5,24888.25,24875.5,24885.25,305
2025-10-15T06:00:00Z,24885.0,24885.75,24872.0,24873.25,487
2025-10-15T06:05:00Z,24874.25,24879.75,24871.5,24878.25,301
2025-10-15T06:10:00Z,24880.0,24891.0,24875.5,24889.75,440
2025-10-15T06:15:00Z,24889.75,24891.75,24868.5,24883.25,577
2025-10-15T06:20:00Z,24882.5,24895.25,24880.5,24890.5,377
2025-10-15T06:25:00Z,24889.75,24893.5,24879.25,24891.25,351
2025-10-15T06:30:00Z,24890.25,24894.5,24882.5,24883.0,396
2025-10-15T06:35:00Z,24884.75,24903.5,24884.5,24902.75,620
2025-10-15T06:40:00Z,24901.5,24908.5,24898.75,24900.25,407
2025-10-15T06:45:00Z,24898.25,24901.5,24893.0,24897.25,210
2025-10-15T06:50:00Z,24897.25,24899.25,24891.0,24894.25,224
2025-10-15T06:55:00Z,24893.25,24905.75,24886.75,24902.0,417
2025-10-15T07:00:00Z,24901.5,24904.0,24893.75,24901.0,532
2025-10-15T07:05:00Z,24901.5,24903.5,24889.75,24900.25,559
2025-10-15T07:10:00Z,24902.25,24921.75,24896.5,24907.25,887
2025-10-15T07:15:00Z,24908.0,24926.5,24908.0,24912.5,667
2025-10-15T07:20:00Z,24910.75,24910.75,24890.75,24894.0,642
2025-10-15T07:25:00Z,24893.75,24896.0,24887.75,24889.25,376
2025-10-15T07:40:00Z,24897.0,24901.5,24886.5,24888.0,1426
2025-10-15T07:45:00Z,24888.0,24892.0,24876.5,24892.0,539
2025-10-15T07:50:00Z,24891.0,24895.5,24885.25,24894.25,396
2025-10-15T07:55:00Z,24894.5,24905.75,24891.75,24900.25,404
2025-10-15T08:00:00Z,24900.25,24922.25,24898.25,24918.75,971
2025-10-15T08:05:00Z,24919.75,24927.25,24916.0,24923.0,736
2025-10-15T08:10:00Z,24923.5,24924.0,24916.5,24919.0,484
2025-10-15T08:15:00Z,24919.5,24934.75,24913.5,24921.0,872
2025-10-15T08:20:00Z,24922.25,24927.5,24908.0,24921.0,668
2025-10-15T08:25:00Z,24921.25,24930.5,24914.5,24925.75,520
2025-10-15T08:30:00Z,24926.75,24930.75,24915.0,24915.5,539
2025-10-15T08:35:00Z,24915.5,24925.5,24908.25,24923.75,478
2025-10-15T08:40:00Z,24925.25,24928.0,24919.25,24926.75,314
2025-10-15T08:45:00Z,24925.75,24929.5,24915.0,24919.0,586
2025-10-15T08:50:00Z,24919.0,24929.25,24918.5,24927.75,343
2025-10-15T08:55:00Z,24927.75,24930.0,24921.5,24929.5,247
2025-10-15T09:00:00Z,24928.5,24968.0,24925.25,24966.25,1674
2025-10-15T09:05:00Z,24966.5,24976.0,24963.5,24973.25,1176
2025-10-15T09:10:00Z,24972.75,24989.0,24968.0,24987.25,1089
2025-10-15T09:15:00Z,24987.0,24991.5,24964.0,24965.0,845
2025-10-15T09:20:00Z,24964.5,24969.25,24946.5,24947.25,574
2025-10-15T09:25:00Z,24947.25,24951.5,24944.25,24947.75,366
2025-10-15T09:30:00Z,24947.0,24965.75,24943.5,24965.5,675
2025-10-15T09:35:00Z,24965.0,24972.75,24960.75,24963.25,388
2025-10-15T09:40:00Z,24963.0,24963.5,24951.5,24957.5,448
2025-10-15T09:45:00Z,24955.5,24965.25,24951.75,24964.75,298
2025-10-15T09:50:00Z,24964.0,24972.5,24959.75,24972.0,553
2025-10-15T09:55:00Z,24972.75,24978.25,24969.0,24972.5,415
2025-10-15T10:00:00Z,24972.0,24974.75,24959.75,24961.0,499
2025-10-15T10:05:00Z,24960.5,24971.75,24959.0,24959.25,308
2025-10-15T10:10:00Z,24959.0,24964.75,24956.5,24961.75,273
2025-10-15T10:15:00Z,24960.5,24962.25,24950.25,24962.25,263
2025-10-15T10:20:00Z,24961.25,24963.25,24957.0,24962.0,265
2025-10-15T10:25:00Z,24961.75,24967.75,24959.5,24965.25,169
2025-10-15T10:30:00Z,24966.75,24968.5,24954.25,24955.75,659
2025-10-15T10:35:00Z,24955.75,24957.25,24949.25,24954.75,399
2025-10-15T10:40:00Z,24954.75,24964.5,24951.75,24962.5,424
2025-10-15T10:45:00Z,24961.25,24975.5,24960.25,24975.25,646
2025-10-15T10:50:00Z,24974.75,24980.0,24970.75,24973.75,335
2025-10-15T10:55:00Z,24973.75,24978.25,24965.0,24966.75,305
2025-10-15T11:00:00Z,24965.25,24970.75,24958.0,24959.0,462
2025-10-15T11:05:00Z,24959.75,24966.75,24952.25,24962.5,410
2025-10-15T11:10:00Z,24962.75,24968.5,24956.75,24957.75,275
2025-10-15T11:15:00Z,24958.5,24960.25,24941.0,24947.25,651
2025-10-15T11:20:00Z,24947.5,24951.5,24941.75,24943.75,382
2025-10-15T11:25:00Z,24943.75,24957.25,24942.5,24947.0,890
2025-10-15T11:30:00Z,24945.25,24954.0,24937.75,24948.5,788
2025-10-15T11:35:00Z,24948.25,24956.25,24944.5,24954.25,466
2025-10-15T11:40:00Z,24955.0,24966.25,24954.25,24964.25,633
2025-10-15T11:45:00Z,24964.25,24968.0,24960.0,24964.5,516
2025-10-15T11:50:00Z,24964.0,24969.5,24958.5,24969.0,726
2025-10-15T11:55:00Z,24970.0,24972.0,24958.25,24960.0,614
2025-10-15T12:00:00Z,24960.5,24975.0,24955.0,24970.25,824
2025-10-15T12:05:00Z,24969.75,25000.75,24969.5,24999.25,1334
2025-10-15T12:10:00Z,25000.0,25010.75,24998.75,25007.5,1445
2025-10-15T12:15:00Z,25007.5,25024.5,25007.5,25021.75,1313
2025-10-15T12:20:00Z,25021.75,25021.75,24992.0,25016.25,1845
2025-10-15T12:25:00Z,25015.5,25016.5,24987.25,24995.5,1597
2025-10-15T12:30:00Z,24993.5,25019.5,24984.0,25001.5,1682
2025-10-15T12:35:00Z,25003.0,25003.0,24986.75,24994.0,955
2025-10-15T12:40:00Z,24993.75,25012.75,24989.0,25005.75,1124
2025-10-15T12:45:00Z,25006.5,25017.0,25000.5,25010.75,1296
2025-10-15T12:50:00Z,25011.5,25021.5,24986.25,25018.0,2100
2025-10-15T12:55:00Z,25018.25,25025.5,25014.0,25021.75,880
2025-10-15T13:00:00Z,25022.5,25022.5,25008.75,25013.5,1051
2025-10-15T13:05:00Z,25013.25,25015.5,25001.25,25002.5,1002
2025-10-15T13:10:00Z,25003.75,25010.75,25001.0,25004.75,630
2025-10-15T13:15:00Z,25003.5,25018.5,25001.5,25017.25,1174
2025-10-15T13:20:00Z,25018.0,25018.25,24996.0,24999.75,1151
2025-10-15T13:25:00Z,24999.5,25009.25,24992.75,25002.25,3494
2025-10-15T13:30:00Z,25002.5,25003.25,24947.0,24961.0,15886
2025-10-15T13:35:00Z,24960.75,24994.0,24926.75,24934.5,11536
2025-10-15T13:40:00Z,24935.0,24974.25,24920.5,24941.5,11611
2025-10-15T13:45:00Z,24941.25,24986.0,24897.0,24917.0,13900
2025-10-15T13:50:00Z,24933.5,24987.25,24933.5,24978.25,11948
2025-10-15T13:55:00Z,24978.0,25023.25,24976.25,25014.0,10374
2025-10-15T14:00:00Z,25013.75,25043.5,25013.0,25039.0,8571
2025-10-15T14:05:00Z,25038.5,25096.75,25037.25,25094.75,10610
2025-10-15T14:10:00Z,25094.5,25110.5,25070.25,25078.75,9069
2025-10-15T14:15:00Z,25078.5,25102.5,25072.75,25087.0,6368
2025-10-15T14:20:00Z,25087.0,25108.25,25074.0,25104.5,5362
2025-10-15T14:25:00Z,25103.75,25113.25,25089.75,25101.0,5814
2025-10-15T14:30:00Z,25102.0,25115.0,25097.0,25107.25,5507
2025-10-15T14:35:00Z,25107.25,25113.0,25096.25,25104.75,4657
2025-10-15T14:40:00Z,25104.25,25109.25,25079.25,25094.0,5928
2025-10-15T14:45:00Z,25094.5,25106.75,25082.5,25088.75,4298
2025-10-15T14:50:00Z,25089.25,25095.25,25075.0,25083.75,3961
2025-10-15T14:55:00Z,25084.0,25113.0,25079.75,25100.0,4752
2025-10-15T15:00:00Z,25100.25,25109.75,25081.75,25091.5,4793
2025-10-15T15:05:00Z,25091.75,25106.25,25081.5,25088.75,3711
2025-10-15T15:10:00Z,25088.75,25091.75,25056.75,25077.0,5767
2025-10-15T15:15:00Z,25076.5,25085.25,25051.75,25054.5,4364
2025-10-15T15:20:00Z,25053.5,25065.5,25049.0,25056.5,4187
2025-10-15T15:25:00Z,25055.75,25083.5,25046.5,25053.0,5394
2025-10-15T15:30:00Z,25053.5,25059.25,25001.0,25014.5,7697
2025-10-15T15:35:00Z,25014.25,25015.25,24967.25,25000.25,12444
2025-10-15T15:40:00Z,24999.0,25001.25,24934.0,24960.5,11684
2025-10-15T15:45:00Z,24960.25,24961.25,24914.75,24924.75,8053
2025-10-15T15:50:00Z,24924.0,24926.5,24877.25,24904.5,11016
2025-10-15T15:55:00Z,24905.25,24947.5,24901.0,24934.25,8384
2025-10-15T16:00:00Z,24934.5,24972.75,24926.75,24946.25,7094
2025-10-15T16:05:00Z,24947.25,24980.5,24924.0,24967.25,6671
2025-10-15T16:10:00Z,24967.25,24971.5,24940.5,24960.75,4384
2025-10-15T16:15:00Z,24960.25,24969.5,24925.5,24941.5,5423
2025-10-15T16:20:00Z,24942.0,24965.25,24936.75,24960.25,3904
2025-10-15T16:25:00Z,24961.0,24992.25,24950.0,24959.5,5996
2025-10-15T16:30:00Z,24958.25,24966.5,24932.0,24937.25,3961
2025-10-15T16:35:00Z,24937.0,24967.0,24928.75,24947.25,3884
2025-10-15T16:40:00Z,24947.75,24952.25,24927.75,24937.5,3065
2025-10-15T16:45:00Z,24937.25,24938.5,24904.75,24924.0,5095
2025-10-15T16:50:00Z,24924.75,24926.75,24897.0,24906.5,4487
2025-10-15T16:55:00Z,24906.5,24922.0,24892.25,24903.0,4179
2025-10-15T17:00:00Z,24902.75,24903.75,24832.5,24850.75,9323
2025-10-15T17:05:00Z,24851.5,24857.75,24776.0,24790.25,9744
2025-10-15T17:10:00Z,24791.0,24795.25,24701.0,24703.0,13026
2025-10-15T17:15:00Z,24703.5,24750.75,24663.5,24732.5,15677
2025-10-15T17:20:00Z,24732.0,24768.25,24706.25,24764.25,9219
2025-10-15T17:25:00Z,24764.25,24793.0,24734.5,24747.25,7275
2025-10-15T17:30:00Z,24747.0,24791.25,24739.0,24782.75,5513
2025-10-15T17:35:00Z,24782.75,24825.0,24781.25,24817.75,6928
2025-10-15T17:40:00Z,24817.25,24840.5,24805.5,24838.0,4351
2025-10-15T17:45:00Z,24837.5,24879.5,24836.75,24872.75,7185
2025-10-15T17:50:00Z,24873.5,24907.0,24871.75,24902.5,7147
2025-10-15T17:55:00Z,24903.25,24914.0,24874.75,24903.5,6089
2025-10-15T18:00:00Z,24903.75,24916.5,24859.0,24869.0,6598
2025-10-15T18:05:00Z,24869.0,24892.75,24863.25,24889.75,4074
2025-10-15T18:10:00Z,24889.25,24908.5,24871.25,24895.5,3551
2025-10-15T18:15:00Z,24895.0,24912.0,24885.75,24893.75,3372
2025-10-15T18:20:00Z,24893.0,24924.75,24887.75,24900.75,3901
2025-10-15T18:25:00Z,24901.0,24910.0,24886.0,24891.75,2895
2025-10-15T18:30:00Z,24891.75,24924.75,24885.75,24919.5,3599
2025-10-15T18:35:00Z,24919.25,24927.5,24911.75,24922.75,3071
2025-10-15T18:40:00Z,24922.75,24950.0,24920.0,24926.5,4695
2025-10-15T18:45:00Z,24927.25,24935.75,24914.0,24923.25,2764
2025-10-15T18:50:00Z,24923.25,24948.25,24921.0,24944.0,2900
2025-10-15T18:55:00Z,24944.5,24959.0,24936.0,24953.0,2764
2025-10-15T19:00:00Z,24952.75,24956.25,24928.0,24933.25,3662
2025-10-15T19:05:00Z,24933.0,24936.25,24913.25,24920.0,3699
2025-10-15T19:10:00Z,24919.25,24926.75,24903.75,24924.75,3346
2025-10-15T19:15:00Z,24925.0,24947.25,24922.25,24946.0,3487
2025-10-15T19:20:00Z,24946.75,24955.75,24935.75,24942.0,2746
2025-10-15T19:25:00Z,24941.5,24952.25,24938.75,24943.0,1847
2025-10-15T19:30:00Z,24943.5,24948.75,24932.25,24935.0,3219
2025-10-15T19:35:00Z,24934.75,24934.75,24884.25,24887.25,5998
2025-10-15T19:40:00Z,24888.25,24912.75,24876.25,24912.25,4310
2025-10-15T19:45:00Z,24911.75,24912.75,24896.25,24903.75,3364
2025-10-15T19:50:00Z,24902.75,24912.25,24853.25,24860.25,8079
2025-10-15T19:55:00Z,24860.25,24931.25,24845.25,24924.75,16334
2025-10-15T20:00:00Z,24925.0,24964.25,24921.25,24942.25,8080
2025-10-15T20:05:00Z,24942.25,24946.5,24933.0,24944.5,2756
2025-10-15T20:10:00Z,24944.5,24957.25,24935.25,24942.25,1899
2025-10-15T20:15:00Z,24942.75,24960.75,24942.25,24956.5,887
2025-10-15T20:20:00Z,24956.0,24956.75,24941.75,24944.0,652
2025-10-15T20:25:00Z,24944.25,24944.25,24923.0,24932.0,1782
2025-10-15T20:30:00Z,24931.5,24932.0,24921.75,24927.5,825
2025-10-15T20:35:00Z,24927.0,24934.0,24917.5,24917.5,568
2025-10-15T20:40:00Z,24918.25,24924.25,24912.5,24918.75,557
2025-10-15T20:45:00Z,24918.5,24934.75,24917.0,24933.5,747
2025-10-15T20:50:00Z,24933.0,24944.25,24931.0,24941.0,634
2025-10-15T20:55:00Z,24940.5,24954.75,24938.75,24941.25,825
2025-10-15T22:00:00Z,24937.0,24976.75,24936.5,24965.75,0
2025-10-15T22:05:00Z,24966.25,24986.5,24959.5,24974.5,749
2025-10-15T22:10:00Z,24974.5,24987.25,24973.25,24980.25,407
2025-10-15T22:15:00Z,24981.25,24992.25,24965.0,24969.75,618
2025-10-15T22:20:00Z,24969.5,24980.25,24966.0,24967.25,367
2025-10-15T22:25:00Z,24966.25,24979.75,24966.0,24975.25,232
2025-10-15T22:30:00Z,24974.0,24981.0,24967.75,24969.0,280
2025-10-15T22:35:00Z,24969.0,24975.0,24956.5,24958.25,331
2025-10-15T22:40:00Z,24960.0,24964.75,24954.5,24956.5,275
2025-10-15T22:45:00Z,24957.25,24966.0,24944.75,24954.0,399
2025-10-15T22:50:00Z,24954.0,24974.5,24954.0,24973.0,344
2025-10-15T22:55:00Z,24972.75,24980.5,24969.25,24976.25,295
2025-10-15T23:00:00Z,24976.25,24979.25,24971.0,24972.25,205
2025-10-15T23:05:00Z,24974.25,24975.25,24957.0,24957.0,347
2025-10-15T23:10:00Z,24958.0,24965.75,24957.0,24963.5,167
2025-10-15T23:15:00Z,24963.0,24963.75,24944.0,24946.25,349
2025-10-15T23:20:00Z,24946.5,24955.5,24942.5,24946.75,327
2025-10-15T23:25:00Z,24946.0,24948.0,24935.5,24941.0,306
2025-10-15T23:30:00Z,24939.75,24953.5,24939.5,24941.0,184
2025-10-15T23:35:00Z,24941.0,24946.0,24927.0,24930.25,385
2025-10-15T23:40:00Z,24930.5,24944.5,24925.0,24940.25,411
2025-10-15T23:45:00Z,24940.0,24947.0,24932.0,24934.5,327
2025-10-15T23:50:00Z,24933.75,24936.0,24925.25,24935.25,209
2025-10-15T23:55:00Z,24936.25,24948.0,24933.25,24943.25,207
2025-10-16T00:00:00Z,24943.0,24956.25,24933.25,24938.0,774
2025-10-16T00:05:00Z,24937.5,24940.25,24930.0,24936.75,272
2025-10-16T00:10:00Z,24936.25,24940.75,24924.5,24925.5,294
2025-10-16T00:15:00Z,24927.0,24936.25,24914.0,24924.25,710
2025-10-16T00:20:00Z,24924.0,24926.25,24909.25,24916.5,593
2025-10-16T00:25:00Z,24917.25,24925.75,24914.25,24915.0,485
2025-10-16T00:30:00Z,24915.0,24916.0,24880.0,24895.5,1502
2025-10-16T00:35:00Z,24893.75,24899.25,24877.25,24883.5,640
2025-10-16T00:40:00Z,24882.75,24899.0,24874.75,24887.75,505
2025-10-16T00:45:00Z,24887.25,24903.75,24885.75,24902.0,387
2025-10-16T00:50:00Z,24902.0,24917.0,24893.75,24913.0,496
2025-10-16T00:55:00Z,24912.25,24917.25,24910.25,24913.75,333
2025-10-16T01:00:00Z,24912.0,24934.0,24905.75,24931.5,1105
2025-10-16T01:05:00Z,24931.0,24938.0,24925.0,24931.25,394
2025-10-16T01:10:00Z,24930.0,24939.0,24923.25,24923.75,388
2025-10-16T01:15:00Z,24923.25,24944.0,24922.0,24939.0,424
2025-10-16T01:20:00Z,24939.25,24941.5,24922.75,24927.5,328
2025-10-16T01:25:00Z,24929.0,24936.5,24922.75,24930.5,267
2025-10-16T01:30:00Z,24928.25,24943.5,24926.5,24940.0,363
2025-10-16T01:35:00Z,24940.75,24946.25,24937.0,24941.5,273
2025-10-16T01:40:00Z,24942.5,24943.0,24934.25,24935.75,167
2025-10-16T01:45:00Z,24936.5,24936.75,24919.75,24928.75,377
2025-10-16T01:50:00Z,24929.0,24941.5,24926.5,24936.75,434
2025-10-16T01:55:00Z,24938.0,24943.5,24933.0,24937.5,262
2025-10-16T02:00:00Z,24938.75,24940.25,24932.0,24938.25,229
2025-10-16T02:05:00Z,24939.25,24949.25,24934.0,24948.0,370
2025-10-16T02:10:00Z,24948.75,24949.25,24931.25,24935.0,298
2025-10-16T02:15:00Z,24934.5,24936.25,24926.0,24928.25,212
2025-10-16T02:20:00Z,24928.25,24935.0,24922.5,24926.5,373
2025-10-16T02:25:00Z,24927.0,24927.5,24913.5,24915.0,474
2025-10-16T02:30:00Z,24915.0,24918.5,24904.0,24907.5,503
2025-10-16T02:35:00Z,24906.25,24907.25,24895.75,24906.25,429
2025-10-16T02:40:00Z,24905.5,24911.0,24901.25,24907.25,275
2025-10-16T02:45:00Z,24907.75,24925.0,24906.0,24921.5,355
2025-10-16T02:50:00Z,24921.0,24923.5,24913.75,24922.0,199
2025-10-16T02:55:00Z,24922.5,24941.5,24922.5,24936.75,599
2025-10-16T03:00:00Z,24937.75,24947.25,24936.0,24942.5,532
2025-10-16T03:05:00Z,24943.25,24946.0,24934.5,24935.75,303
2025-10-16T03:10:00Z,24935.25,24937.0,24923.75,24924.0,339
2025-10-16T03:15:00Z,24924.0,24926.0,24915.25,24916.75,383
2025-10-16T03:20:00Z,24917.0,24933.5,24908.75,24925.75,717
2025-10-16T03:25:00Z,24925.0,24927.5,24919.75,24923.0,175
2025-10-16T03:30:00Z,24922.75,24926.5,24918.0,24922.75,154
2025-10-16T03:35:00Z,24922.0,24922.0,24906.75,24909.75,441
2025-10-16T03:40:00Z,24910.0,24917.5,24908.25,24917.5,233
2025-10-16T03:45:00Z,24916.0,24921.0,24914.25,24916.5,169
2025-10-16T03:50:00Z,24916.25,24922.0,24914.5,24915.75,161
2025-10-16T03:55:00Z,24917.75,24920.25,24913.5,24916.25,126
2025-10-16T04:05:00Z,24927.0,24928.25,24926.0,24928.25,550
2025-10-16T04:10:00Z,24929.0,24935.5,24927.0,24935.5,158
2025-10-16T04:15:00Z,24935.25,24935.75,24928.75,24932.0,129
2025-10-16T04:20:00Z,24932.0,24940.25,24932.0,24933.0,213
2025-10-16T04:25:00Z,24932.75,24932.75,24925.75,24928.5,122
2025-10-16T04:30:00Z,24928.75,24938.0,24928.25,24936.5,155
2025-10-16T04:35:00Z,24936.0,24939.75,24933.5,24937.5,94
2025-10-16T04:40:00Z,24938.0,24938.5,24917.25,24932.75,393
2025-10-16T04:45:00Z,24932.0,24933.75,24922.5,24926.75,251
2025-10-16T04:50:00Z,24927.0,24932.75,24924.0,24932.75,90
2025-10-16T04:55:00Z,24933.0,24940.25,24929.0,24929.25,219
2025-10-16T05:00:00Z,24929.75,24932.75,24919.0,24925.5,231
2025-10-16T05:05:00Z,24924.75,24929.75,24919.0,24926.25,147
2025-10-16T05:10:00Z,24925.25,24933.0,24922.25,24933.0,155
2025-10-16T05:15:00Z,24933.25,24936.0,24930.5,24934.75,114
2025-10-16T05:20:00Z,24935.0,24941.25,24933.5,24940.0,284
2025-10-16T05:25:00Z,24940.5,24941.5,24933.0,24936.25,119
2025-10-16T05:30:00Z,24935.75,24975.75,24926.25,24967.5,2135
2025-10-16T05:35:00Z,24968.0,24971.75,24950.75,24959.5,636
2025-10-16T05:40:00Z,24958.25,24970.25,24958.0,24962.75,342
2025-10-16T05:45:00Z,24962.5,24962.5,24954.0,24960.0,220
2025-10-16T05:50:00Z,24959.25,24960.75,24934.25,24944.25,698
2025-10-16T05:55:00Z,24942.75,24954.75,24941.25,24953.75,346
2025-10-16T06:00:00Z,24954.25,24964.0,24954.25,24960.25,342
2025-10-16T06:05:00Z,24960.25,24991.0,24955.5,24974.0,1414
2025-10-16T06:10:00Z,24974.25,24988.5,24971.75,24986.25,708
2025-10-16T06:15:00Z,24985.0,24995.0,24975.25,24979.0,647
2025-10-16T06:20:00Z,24979.75,24986.75,24971.0,24982.0,343
2025-10-16T06:25:00Z,24981.75,25002.5,24981.0,25001.0,689
2025-10-16T06:30:00Z,25001.5,25012.75,24998.25,25010.75,860
2025-10-16T06:35:00Z,25009.75,25016.25,25008.0,25016.0,379
2025-10-16T06:40:00Z,25015.75,25017.0,25008.5,25010.75,249
2025-10-16T06:45:00Z,25010.5,25019.25,25010.5,25016.0,344
2025-10-16T06:50:00Z,25015.75,25022.75,25009.75,25018.75,339
2025-10-16T06:55:00Z,25018.5,25028.25,25017.5,25025.5,729
2025-10-16T07:00:00Z,25024.25,25042.0,25024.25,25040.0,1313
2025-10-16T07:05:00Z,25040.0,25040.0,25009.5,25014.0,1130
2025-10-16T07:10:00Z,25013.0,25017.5,24995.25,25017.0,1147
2025-10-16T07:15:00Z,25017.0,25022.75,25000.5,25011.25,723
2025-10-16T07:20:00Z,25011.0,25014.75,24999.5,25008.75,399
2025-10-16T07:25:00Z,25008.25,25013.0,25000.0,25000.0,361
2025-10-16T07:30:00Z,25001.0,25003.5,25001.0,25003.5,7
2025-10-16T07:40:00Z,24976.19921875,24999.5,24973.25,24999.0,2149
2025-10-16T07:45:00Z,24998.25,25017.25,24996.0,25010.5,975
2025-10-16T07:50:00Z,25011.25,25027.0,25009.5,25018.75,924
2025-10-16T07:55:00Z,25019.75,25055.5,25015.5,25039.0,2764
2025-10-16T08:00:00Z,25038.75,25044.0,25031.75,25040.75,969
2025-10-16T08:05:00Z,25042.0,25050.0,25034.25,25045.25,718
2025-10-16T08:10:00Z,25045.25,25057.0,25030.25,25047.75,979
2025-10-16T08:15:00Z,25047.0,25051.25,25039.75,25047.0,425
2025-10-16T08:20:00Z,25047.25,25056.5,25037.25,25038.25,510
2025-10-16T08:25:00Z,25038.75,25038.75,25011.25,25013.25,799
2025-10-16T08:30:00Z,25014.25,25033.0,25010.0,25024.0,675
2025-10-16T08:35:00Z,25023.25,25023.25,25005.25,25011.75,565
2025-10-16T08:40:00Z,25013.0,25021.5,25012.0,25020.5,406
2025-10-16T08:45:00Z,25021.5,25025.75,25019.25,25020.5,295
2025-10-16T08:50:00Z,25020.25,25024.5,25016.25,25016.25,257
2025-10-16T08:55:00Z,25016.0,25023.75,25015.5,25019.0,213
2025-10-16T09:00:00Z,25020.0,25029.25,25017.75,25026.0,709
2025-10-16T09:05:00Z,25026.25,25035.0,25020.5,25025.25,480
2025-10-16T09:10:00Z,25026.0,25028.25,25020.0,25021.0,218
2025-10-16T09:15:00Z,25020.5,25023.25,25013.0,25021.0,352
2025-10-16T09:20:00Z,25020.75,25035.75,25019.0,25034.5,425
2025-10-16T09:25:00Z,25033.75,25039.5,25028.0,25038.25,384
2025-10-16T09:30:00Z,25037.75,25037.75,25037.75,25037.75,3
2025-10-16T09:40:00Z,25013.0,25024.5,25006.0,25022.0,2028
2025-10-16T09:45:00Z,25022.0,25043.0,25020.0,25042.75,609
2025-10-16T09:50:00Z,25043.25,25044.75,25039.0,25043.0,348
2025-10-16T09:55:00Z,25043.25,25045.75,25038.25,25041.75,343
2025-10-16T10:00:00Z,25042.5,25045.0,25039.75,25044.0,358
2025-10-16T10:05:00Z,25043.75,25066.0,25041.75,25063.75,1092
2025-10-16T10:10:00Z,25063.25,25063.25,25050.5,25060.5,462
2025-10-16T10:15:00Z,25060.0,25062.0,25050.5,25054.5,526
2025-10-16T10:20:00Z,25054.25,25060.0,25051.25,25057.0,288
2025-10-16T10:25:00Z,25056.75,25069.5,25056.75,25065.75,560
2025-10-16T10:30:00Z,25065.0,25071.5,25063.25,25068.0,426
2025-10-16T10:35:00Z,25068.25,25069.5,25056.75,25061.25,417
2025-10-16T10:40:00Z,25061.75,25065.75,25051.5,25057.5,588
2025-10-16T10:45:00Z,25057.5,25057.75,25042.0,25047.75,669
2025-10-16T10:50:00Z,25048.25,25052.5,25044.5,25050.25,348
2025-10-16T10:55:00Z,25050.0,25059.0,25047.5,25053.0,591
2025-10-16T11:00:00Z,25053.75,25065.0,25045.75,25064.25,739
2025-10-16T11:05:00Z,25064.5,25070.75,25061.5,25065.25,393
2025-10-16T11:10:00Z,25065.0,25068.0,25056.5,25063.25,463
2025-10-16T11:15:00Z,25063.25,25072.0,25062.5,25070.5,467
2025-10-16T11:20:00Z,25070.75,25080.0,25068.0,25078.5,627
2025-10-16T11:25:00Z,25079.25,25085.25,25078.5,25081.25,400
2025-10-16T11:30:00Z,25081.5,25082.0,25075.75,25078.5,335
2025-10-16T11:35:00Z,25078.0,25078.0,25063.75,25070.0,450
2025-10-16T11:40:00Z,25070.25,25070.25,25061.75,25064.5,485
2025-10-16T11:45:00Z,25064.25,25070.0,25062.5,25064.5,363
2025-10-16T11:50:00Z,25063.75,25070.0,25058.0,25065.25,526
2025-10-16T11:55:00Z,25066.25,25070.0,25064.5,25065.25,342
2025-10-16T12:00:00Z,25064.25,25073.75,25060.5,25069.5,686
2025-10-16T12:05:00Z,25069.5,25074.0,25047.5,25049.0,1128
2025-10-16T12:10:00Z,25049.75,25050.25,25031.0,25032.0,1339
2025-10-16T12:15:00Z,25032.25,25047.0,25031.5,25038.0,1033
2025-10-16T12:20:00Z,25039.0,25050.0,25036.75,25044.75,761
2025-10-16T12:25:00Z,25044.75,25049.25,25030.0,25049.25,802
2025-10-16T12:30:00Z,25045.5,25080.0,25020.0,25067.75,1978
2025-10-16T12:35:00Z,25067.75,25076.5,25053.5,25074.75,1250
2025-10-16T12:40:00Z,25075.25,25097.25,25075.25,25095.75,1569
2025-10-16T12:45:00Z,25095.5,25099.25,25080.5,25091.0,1426
2025-10-16T12:50:00Z,25091.5,25095.0,25087.0,25093.5,746
2025-10-16T12:55:00Z,25094.75,25098.75,25078.25,25080.0,1128
2025-10-16T13:00:00Z,25080.25,25090.0,25062.25,25067.25,1994
2025-10-16T13:05:00Z,25067.5,25078.0,25067.25,25075.75,992
2025-10-16T13:10:00Z,25075.75,25080.0,25071.25,25079.5,808
2025-10-16T13:15:00Z,25079.0,25088.5,25072.0,25072.0,1219
2025-10-16T13:20:00Z,25072.75,25074.75,25058.5,25069.5,1608
2025-10-16T13:25:00Z,25069.25,25069.25,25044.25,25045.5,3781
2025-10-16T13:30:00Z,25045.25,25106.5,25040.5,25090.0,15155
2025-10-16T13:35:00Z,25090.0,25090.25,25053.0,25059.5,9876
2025-10-16T13:40:00Z,25060.25,25095.0,25038.0,25092.0,11729
2025-10-16T13:45:00Z,25091.75,25125.5,25047.0,25051.0,14251
2025-10-16T13:50:00Z,25051.25,25071.5,25026.75,25065.25,10131
2025-10-16T13:55:00Z,25066.5,25096.25,25047.5,25062.25,9075
2025-10-16T14:00:00Z,25062.5,25077.75,25035.0,25066.0,7088
2025-10-16T14:05:00Z,25066.5,25088.25,25043.0,25054.25,7705
2025-10-16T14:10:00Z,25054.25,25063.5,25013.75,25043.25,9143
2025-10-16T14:15:00Z,25043.75,25092.25,25030.5,25070.5,9611
2025-10-16T14:20:00Z,25070.75,25113.75,25067.25,25085.0,7754
2025-10-16T14:25:00Z,25085.5,25102.5,25044.5,25081.0,7962
2025-10-16T14:30:00Z,25081.75,25111.75,25081.75,25109.5,6187
2025-10-16T14:35:00Z,25108.75,25146.0,25103.5,25125.75,9072
2025-10-16T14:40:00Z,25125.75,25179.0,25124.0,25170.5,9955
2025-10-16T14:45:00Z,25169.75,25179.5,25128.25,25142.0,9026
2025-10-16T14:50:00Z,25140.75,25143.75,25105.5,25138.0,7285
2025-10-16T14:55:00Z,25137.0,25149.0,25096.25,25106.5,7611
2025-10-16T15:00:00Z,25107.5,25124.25,25095.0,25103.75,5342
2025-10-16T15:05:00Z,25103.25,25127.0,25074.25,25124.75,6692
2025-10-16T15:10:00Z,25124.0,25131.25,25104.75,25123.75,3607
2025-10-16T15:15:00Z,25123.0,25127.5,25099.5,25119.0,4215
2025-10-16T15:20:00Z,25118.75,25127.0,25082.5,25085.25,4431
2025-10-16T15:25:00Z,25085.0,25087.5,25018.5,25038.5,9701
2025-10-16T15:30:00Z,25038.25,25060.25,24999.75,25060.0,11989
2025-10-16T15:35:00Z,25059.25,25073.25,25035.75,25047.0,6557
2025-10-16T15:40:00Z,25047.25,25049.75,24976.0,24998.0,9901
2025-10-16T15:45:00Z,24999.5,25001.25,24960.0,24971.0,10023
2025-10-16T15:50:00Z,24970.5,25017.75,24970.25,24986.5,7290
2025-10-16T15:55:00Z,24986.25,24992.75,24946.0,24972.5,7286
2025-10-16T16:00:00Z,24972.25,24974.75,24933.75,24967.25,8527
2025-10-16T16:05:00Z,24967.0,24996.25,24959.25,24970.25,7994
2025-10-16T16:10:00Z,24970.75,24994.5,24952.0,24979.75,6765
2025-10-16T16:15:00Z,24979.25,24996.25,24904.25,24912.5,10991
2025-10-16T16:20:00Z,24912.0,24942.75,24895.0,24929.5,8771
2025-10-16T16:25:00Z,24930.0,24939.25,24868.75,24876.0,8439
2025-10-16T16:30:00Z,24876.75,24877.75,24754.25,24766.75,16117
2025-10-16T16:35:00Z,24765.5,24827.0,24765.5,24782.0,10352
2025-10-16T16:40:00Z,24782.0,24831.0,24750.0,24800.75,9486
2025-10-16T16:45:00Z,24799.5,24810.75,24732.0,24806.5,9348
2025-10-16T16:50:00Z,24806.0,24861.0,24802.75,24852.0,10705
2025-10-16T16:55:00Z,24852.75,24934.0,24852.0,24927.5,9587
2025-10-16T17:00:00Z,24926.75,24937.75,24844.75,24860.0,10322
2025-10-16T17:05:00Z,24861.0,24913.25,24826.25,24889.5,10066
2025-10-16T17:10:00Z,24889.0,24923.75,24872.75,24887.0,7364
2025-10-16T17:15:00Z,24888.5,24967.0,24875.25,24930.75,7938
2025-10-16T17:20:00Z,24931.75,24937.75,24874.75,24893.25,6334
2025-10-16T17:25:00Z,24893.75,24934.5,24884.5,24930.0,3991
2025-10-16T17:30:00Z,24927.75,24960.0,24906.0,24917.5,4918
2025-10-16T17:35:00Z,24918.25,24938.0,24895.25,24898.0,3143
2025-10-16T17:40:00Z,24897.75,24901.0,24851.5,24873.0,5823
2025-10-16T17:45:00Z,24873.5,24886.0,24844.0,24877.25,4622
2025-10-16T17:50:00Z,24877.75,24880.75,24828.0,24837.75,4141
2025-10-16T17:55:00Z,24838.25,24866.25,24837.5,24865.5,4613
2025-10-16T18:00:00Z,24864.5,24871.5,24794.25,24794.5,5967
2025-10-16T18:05:00Z,24795.0,24803.5,24757.0,24765.5,7229
2025-10-16T18:10:00Z,24766.0,24778.25,24696.25,24709.0,8885
2025-10-16T18:15:00Z,24707.75,24726.25,24660.75,24670.5,11428
2025-10-16T18:20:00Z,24669.5,24739.25,24666.75,24718.25,8000
2025-10-16T18:25:00Z,24718.0,24731.25,24676.0,24696.75,5707
2025-10-16T18:30:00Z,24697.5,24717.0,24643.5,24654.5,7935
2025-10-16T18:35:00Z,24654.25,24728.0,24644.5,24705.5,7848
2025-10-16T18:40:00Z,24705.75,24781.25,24699.25,24765.0,7188
2025-10-16T18:45:00Z,24765.75,24797.0,24752.75,24760.0,7018
2025-10-16T18:50:00Z,24759.5,24791.25,24744.25,24790.0,4464
2025-10-16T18:55:00Z,24790.5,24801.5,24776.5,24798.5,3806
2025-10-16T19:00:00Z,24797.0,24812.5,24764.25,24788.0,5995
2025-10-16T19:05:00Z,24788.5,24804.75,24774.75,24788.5,4405
2025-10-16T19:10:00Z,24789.5,24820.75,24753.0,24756.5,6476
2025-10-16T19:15:00Z,24756.5,24767.25,24727.25,24733.0,4846
2025-10-16T19:20:00Z,24731.5,24760.5,24692.5,24749.75,6301
2025-10-16T19:25:00Z,24750.25,24760.75,24720.75,24736.25,3932
2025-10-16T19:30:00Z,24736.0,24746.25,24708.5,24726.0,4509
2025-10-16T19:35:00Z,24726.75,24776.0,24717.0,24743.0,4626
2025-10-16T19:40:00Z,24744.25,24782.25,24743.75,24774.0,3866
2025-10-16T19:45:00Z,24774.0,24805.0,24753.0,24802.0,5379
2025-10-16T19:50:00Z,24801.25,24836.5,24779.0,24831.25,8148
2025-10-16T19:55:00Z,24831.5,24846.0,24799.0,24831.25,14837
2025-10-16T20:00:00Z,24831.0,24854.5,24825.25,24826.75,5883
2025-10-16T20:05:00Z,24827.0,24828.0,24793.5,24793.5,2043
2025-10-16T20:10:00Z,24793.5,24799.0,24752.25,24754.25,2702
2025-10-16T20:15:00Z,24753.5,24785.25,24745.5,24782.25,1714
2025-10-16T20:20:00Z,24783.0,24788.0,24759.25,24770.25,1082
2025-10-16T20:25:00Z,24770.0,24772.0,24758.0,24769.25,666
2025-10-16T20:30:00Z,24769.0,24775.0,24761.75,24769.5,870
2025-10-16T20:35:00Z,24769.25,24790.25,24763.0,24783.5,773
2025-10-16T20:40:00Z,24783.75,24785.5,24776.0,24784.5,420
2025-10-16T20:45:00Z,24785.25,24789.0,24781.0,24787.0,531
2025-10-16T20:50:00Z,24786.75,24803.0,24786.0,24795.25,661
2025-10-16T20:55:00Z,24795.0,24795.0,24782.25,24794.25,736
2025-10-16T22:00:00Z,24793.75,24833.0,24782.0,24828.75,0
2025-10-16T22:05:00Z,24827.75,24849.75,24814.5,24848.75,855
2025-10-16T22:10:00Z,24848.5,24858.5,24820.0,24825.25,719
2025-10-16T22:15:00Z,24825.0,24825.0,24805.25,24807.5,505
2025-10-16T22:20:00Z,24807.75,24816.25,24797.0,24800.0,545
2025-10-16T22:25:00Z,24801.5,24814.25,24790.0,24812.25,586
2025-10-16T22:30:00Z,24811.5,24822.0,24807.0,24817.75,330
2025-10-16T22:35:00Z,24818.25,24824.25,24800.5,24802.75,414
2025-10-16T22:40:00Z,24802.5,24804.0,24774.75,24784.5,792
2025-10-16T22:45:00Z,24784.0,24797.5,24775.5,24795.0,420
2025-10-16T22:50:00Z,24793.75,24793.75,24771.5,24773.0,435
2025-10-16T22:55:00Z,24772.5,24774.0,24740.25,24741.5,1057
2025-10-16T23:00:00Z,24742.75,24755.5,24728.5,24741.25,1016
2025-10-16T23:05:00Z,24739.5,24753.75,24723.0,24731.75,768
2025-10-16T23:10:00Z,24733.5,24754.5,24733.5,24737.25,642
2025-10-16T23:15:00Z,24736.25,24763.25,24736.25,24763.25,358
2025-10-16T23:20:00Z,24761.75,24768.5,24751.25,24753.0,568
2025-10-16T23:25:00Z,24752.25,24758.25,24725.0,24727.0,978
2025-10-16T23:30:00Z,24725.75,24746.25,24720.0,24736.5,659
2025-10-16T23:35:00Z,24738.5,24745.25,24722.0,24730.0,670
2025-10-16T23:40:00Z,24730.5,24743.0,24721.25,24734.25,527
2025-10-16T23:45:00Z,24733.75,24758.5,24731.5,24741.25,772
2025-10-16T23:50:00Z,24739.75,24752.75,24732.0,24748.25,450
2025-10-16T23:55:00Z,24748.25,24761.5,24746.0,24758.25,500
2025-10-17T00:00:00Z,24759.25,24772.5,24745.25,24769.0,1219
2025-10-17T00:05:00Z,24769.25,24791.0,24764.25,24787.0,807
2025-10-17T00:10:00Z,24786.25,24795.0,24761.5,24763.75,730
2025-10-17T00:15:00Z,24763.5,24769.5,24758.25,24767.25,599
2025-10-17T00:20:00Z,24766.25,24785.5,24764.25,24776.75,795
2025-10-17T00:25:00Z,24776.75,24782.75,24767.5,24775.0,464
2025-10-17T00:30:00Z,24775.0,24786.25,24771.5,24786.25,542
2025-10-17T00:35:00Z,24786.25,24791.75,24777.0,24780.25,642
2025-10-17T00:40:00Z,24781.75,24790.75,24781.0,24789.25,264
2025-10-17T00:45:00Z,24789.0,24791.0,24771.25,24776.25,437
2025-10-17T00:50:00Z,24776.75,24782.25,24766.5,24782.0,332
2025-10-17T00:55:00Z,24782.25,24782.25,24775.0,24779.0,172
2025-10-17T01:00:00Z,24778.5,24813.0,24778.0,24812.0,806
2025-10-17T01:05:00Z,24813.0,24835.75,24810.5,24821.0,968
2025-10-17T01:10:00Z,24821.0,24829.5,24813.5,24814.25,340
2025-10-17T01:15:00Z,24812.75,24827.5,24811.25,24820.0,551
2025-10-17T01:20:00Z,24819.25,24825.5,24809.25,24815.5,346
2025-10-17T01:25:00Z,24814.0,24820.75,24812.0,24818.5,206
2025-10-17T01:30:00Z,24818.0,24823.0,24814.0,24814.75,255
2025-10-17T01:35:00Z,24815.0,24824.75,24809.0,24820.5,316
2025-10-17T01:40:00Z,24820.25,24820.25,24804.25,24811.5,392
2025-10-17T01:45:00Z,24811.25,24813.75,24804.0,24809.5,369
2025-10-17T01:50:00Z,24809.5,24809.5,24739.5,24748.25,1338
2025-10-17T01:55:00Z,24747.0,24761.0,24729.75,24758.75,1577
2025-10-17T02:00:00Z,24758.5,24766.5,24750.0,24761.5,607
2025-10-17T02:05:00Z,24761.75,24767.0,24734.25,24736.0,667
2025-10-17T02:10:00Z,24735.5,24763.25,24729.25,24761.75,718
2025-10-17T02:15:00Z,24763.0,24763.75,24746.25,24748.25,410
2025-10-17T02:20:00Z,24745.25,24750.5,24739.5,24741.25,236
2025-10-17T02:25:00Z,24741.25,24747.0,24731.5,24743.5,356
2025-10-17T02:30:00Z,24742.75,24754.75,24741.0,24746.25,341
2025-10-17T02:35:00Z,24746.25,24757.5,24746.25,24757.5,301
2025-10-17T02:40:00Z,24756.5,24762.0,24752.25,24759.25,318
2025-10-17T02:45:00Z,24759.0,24772.75,24759.0,24769.75,345
2025-10-17T02:50:00Z,24770.0,24770.0,24758.75,24761.25,183
2025-10-17T02:55:00Z,24760.75,24765.5,24759.0,24765.0,160
2025-10-17T03:00:00Z,24764.5,24767.25,24753.25,24759.5,389
2025-10-17T03:05:00Z,24758.25,24766.0,24748.25,24751.5,405
2025-10-17T03:10:00Z,24752.5,24756.0,24745.75,24745.75,207
2025-10-17T03:15:00Z,24746.0,24757.75,24740.75,24753.0,303
2025-10-17T03:20:00Z,24753.5,24762.75,24750.75,24761.5,260
2025-10-17T03:25:00Z,24761.75,24762.75,24758.25,24760.0,139
2025-10-17T03:30:00Z,24761.5,24768.0,24757.25,24760.0,406
2025-10-17T03:35:00Z,24759.25,24759.75,24730.5,24739.75,573
2025-10-17T03:40:00Z,24738.75,24745.75,24724.0,24727.5,648
2025-10-17T03:45:00Z,24727.75,24741.0,24725.75,24732.25,276
2025-10-17T03:50:00Z,24731.75,24735.0,24705.25,24728.5,847
2025-10-17T03:55:00Z,24729.0,24737.0,24727.0,24733.75,398
2025-10-17T04:05:00Z,24728.75,24734.5,24728.75,24731.0,667
2025-10-17T04:10:00Z,24732.25,24738.0,24727.5,24730.75,219
2025-10-17T04:15:00Z,24730.75,24733.0,24715.25,24719.75,396
2025-10-17T04:20:00Z,24719.25,24734.0,24718.0,24729.5,415
2025-10-17T04:25:00Z,24730.0,24732.0,24715.0,24720.5,281
2025-10-17T04:30:00Z,24721.25,24724.75,24714.5,24722.0,218
2025-10-17T04:35:00Z,24722.75,24729.5,24722.0,24725.0,199
2025-10-17T04:40:00Z,24724.0,24726.25,24713.5,24715.0,271
2025-10-17T04:45:00Z,24714.75,24716.75,24703.75,24708.75,521
2025-10-17T04:50:00Z,24708.25,24716.0,24700.25,24706.75,614
2025-10-17T04:55:00Z,24709.25,24714.5,24704.25,24706.75,284
2025-10-17T05:00:00Z,24707.75,24709.75,24702.0,24702.5,285
2025-10-17T05:05:00Z,24703.25,24711.25,24681.25,24683.5,909
2025-10-17T05:10:00Z,24684.0,24697.5,24664.25,24666.25,847
2025-10-17T05:15:00Z,24666.75,24670.0,24653.75,24655.0,852
2025-10-17T05:20:00Z,24653.75,24684.0,24650.25,24674.75,1078
2025-10-17T05:25:00Z,24675.5,24681.5,24666.25,24673.5,717
2025-10-17T05:30:00Z,24674.0,24678.25,24648.0,24654.0,1086
2025-10-17T05:35:00Z,24653.25,24657.0,24619.25,24622.25,1412
2025-10-17T05:40:00Z,24624.75,24641.75,24616.25,24623.75,1125
2025-10-17T05:45:00Z,24622.75,24640.0,24622.0,24634.0,673
2025-10-17T05:50:00Z,24635.5,24659.75,24631.5,24659.5,807
2025-10-17T05:55:00Z,24659.5,24674.75,24658.25,24660.5,979
2025-10-17T06:00:00Z,24662.0,24681.0,24658.5,24677.75,728
2025-10-17T06:05:00Z,24680.0,24690.75,24677.25,24679.25,588
2025-10-17T06:10:00Z,24678.5,24678.5,24656.0,24664.5,708
2025-10-17T06:15:00Z,24666.75,24669.5,24647.5,24653.75,879
2025-10-17T06:20:00Z,24655.25,24657.0,24632.0,24646.5,912
2025-10-17T06:25:00Z,24647.0,24649.0,24628.0,24639.0,511
2025-10-17T06:30:00Z,24636.75,24647.75,24630.0,24635.25,634
2025-10-17T06:35:00Z,24634.0,24640.5,24586.25,24611.75,2025
2025-10-17T06:40:00Z,24612.75,24615.0,24586.75,24608.75,920
2025-10-17T06:45:00Z,24607.25,24616.25,24575.0,24581.25,1162
2025-10-17T06:50:00Z,24581.5,24596.25,24570.0,24593.75,844
2025-10-17T06:55:00Z,24591.25,24592.25,24571.0,24580.75,838
2025-10-17T07:00:00Z,24581.0,24588.5,24547.75,24560.0,1708
2025-10-17T07:05:00Z,24560.0,24565.0,24508.0,24512.0,2086
2025-10-17T07:10:00Z,24512.75,24541.5,24495.5,24498.25,2773
2025-10-17T07:15:00Z,24498.25,24521.25,24475.0,24479.75,2730
2025-10-17T07:20:00Z,24480.5,24508.5,24451.75,24506.0,2463
2025-10-17T07:25:00Z,24506.25,24527.75,24480.5,24492.5,2225
2025-10-17T07:30:00Z,24492.5,24496.0,24490.0,24490.0,46
2025-10-17T07:40:00Z,24459.19921875,24502.0,24456.0,24490.25,8145
2025-10-17T07:45:00Z,24490.25,24505.0,24482.75,24496.0,1467
2025-10-17T07:50:00Z,24494.75,24516.25,24485.75,24502.0,1619
2025-10-17T07:55:00Z,24502.25,24502.25,24473.25,24475.75,1423
2025-10-17T08:00:00Z,24478.25,24492.25,24435.0,24441.0,2762
2025-10-17T08:05:00Z,24439.0,24480.0,24417.75,24452.25,2688
2025-10-17T08:10:00Z,24450.75,24474.5,24436.5,24437.75,1598
2025-10-17T08:15:00Z,24438.5,24470.5,24415.0,24424.0,1944
2025-10-17T08:20:00Z,24424.5,24461.25,24410.25,24461.25,1501
2025-10-17T08:25:00Z,24461.5,24483.25,24457.5,24480.0,1343
2025-10-17T08:30:00Z,24481.0,24513.0,24466.0,24511.5,1836
2025-10-17T08:35:00Z,24509.75,24527.5,24493.75,24497.0,1764
2025-10-17T08:40:00Z,24498.0,24513.75,24484.5,24487.25,1006
2025-10-17T08:45:00Z,24488.75,24509.25,24474.75,24505.5,1398
2025-10-17T08:50:00Z,24506.5,24509.0,24478.5,24489.5,874
2025-10-17T08:55:00Z,24488.25,24503.25,24485.0,24492.0,841
2025-10-17T09:00:00Z,24491.75,24522.0,24486.0,24515.75,1025
2025-10-17T09:05:00Z,24516.25,24523.5,24508.5,24510.0,814
2025-10-17T09:10:00Z,24510.25,24531.25,24507.75,24526.5,719
2025-10-17T09:15:00Z,24526.25,24545.0,24523.5,24532.75,891
2025-10-17T09:20:00Z,24532.75,24558.75,24529.0,24553.75,1034
2025-10-17T09:25:00Z,24552.25,24561.5,24525.75,24535.0,1114
2025-10-17T09:30:00Z,24535.0,24535.25,24510.25,24530.25,1123
2025-10-17T09:35:00Z,24529.75,24561.0,24527.5,24544.25,1096
2025-10-17T09:40:00Z,24542.5,24544.25,24498.75,24517.25,1634
2025-10-17T09:45:00Z,24515.5,24523.75,24503.5,24514.25,991
2025-10-17T09:50:00Z,24515.75,24531.0,24513.75,24517.5,554
2025-10-17T09:55:00Z,24519.0,24520.5,24492.25,24496.5,1275
2025-10-17T10:00:00Z,24497.0,24544.25,24496.5,24542.5,1318
2025-10-17T10:05:00Z,24540.25,24548.25,24532.0,24533.25,706
2025-10-17T10:10:00Z,24532.75,24539.5,24508.0,24510.0,855
2025-10-17T10:15:00Z,24513.0,24525.5,24491.0,24501.75,2127
2025-10-17T10:20:00Z,24501.5,24505.0,24486.5,24490.75,982
2025-10-17T10:25:00Z,24489.75,24507.0,24483.0,24487.5,1801
2025-10-17T10:30:00Z,24488.0,24546.5,24487.25,24521.5,2825
2025-10-17T10:35:00Z,24522.0,24547.5,24517.0,24545.0,1659
2025-10-17T10:40:00Z,24546.25,24550.0,24529.75,24541.5,1452
2025-10-17T10:45:00Z,24541.75,24570.0,24522.75,24524.0,2238
2025-10-17T10:50:00Z,24524.75,24552.0,24506.75,24547.5,1650
2025-10-17T10:55:00Z,24545.5,24575.5,24543.5,24574.25,1529
2025-10-17T11:00:00Z,24574.5,24602.0,24568.5,24578.0,3037
2025-10-17T11:05:00Z,24578.0,24643.5,24569.25,24635.75,3775
2025-10-17T11:10:00Z,24634.75,24725.0,24612.5,24716.5,7404
2025-10-17T11:15:00Z,24713.75,24730.25,24669.5,24685.25,4668
2025-10-17T11:20:00Z,24685.25,24710.5,24673.0,24709.75,2868
2025-10-17T11:25:00Z,24709.25,24724.5,24690.75,24705.5,2001
2025-10-17T11:30:00Z,24704.75,24709.25,24672.0,24683.25,2007
2025-10-17T11:35:00Z,24684.25,24718.5,24679.0,24711.75,1649
2025-10-17T11:40:00Z,24711.25,24733.5,24699.25,24709.5,1774
2025-10-17T11:45:00Z,24708.0,24720.5,24692.0,24716.75,1120
2025-10-17T11:50:00Z,24714.75,24716.25,24669.5,24698.0,2544
2025-10-17T11:55:00Z,24698.5,24730.0,24695.75,24729.0,1540
2025-10-17T12:00:00Z,24728.5,24747.75,24710.5,24728.5,2857
2025-10-17T12:05:00Z,24729.5,24790.0,24725.5,24782.75,3320
2025-10-17T12:10:00Z,24781.75,24787.0,24734.75,24756.25,3620
2025-10-17T12:15:00Z,24755.0,24776.75,24747.25,24773.25,1647
2025-10-17T12:20:00Z,24773.75,24802.75,24767.5,24784.0,2544
2025-10-17T12:25:00Z,24784.25,24785.0,24752.0,24768.75,1714
2025-10-17T12:30:00Z,24769.25,24789.5,24745.75,24761.75,2556
2025-10-17T12:35:00Z,24762.0,24796.25,24756.25,24787.0,1813
2025-10-17T12:40:00Z,24787.25,24787.75,24753.75,24755.0,1381
2025-10-17T12:45:00Z,24754.25,24768.0,24747.5,24762.0,1761
2025-10-17T12:50:00Z,24762.0,24775.0,24731.0,24755.5,2130
2025-10-17T12:55:00Z,24755.5,24762.0,24734.0,24738.25,1476
2025-10-17T13:00:00Z,24737.0,24761.5,24733.0,24748.5,2248
2025-10-17T13:05:00Z,24750.0,24774.0,24736.0,24764.5,1895
2025-10-17T13:10:00Z,24765.25,24770.5,24733.5,24735.5,1525
2025-10-17T13:15:00Z,24736.75,24746.25,24721.25,24745.75,2662
2025-10-17T13:20:00Z,24746.75,24761.0,24739.0,24758.25,2159
2025-10-17T13:25:00Z,24757.5,24768.0,24718.5,24736.0,5664
2025-10-17T13:30:00Z,24736.25,24793.0,24700.0,24779.0,19415
2025-10-17T13:35:00Z,24780.25,24818.25,24730.25,24735.75,12979
2025-10-17T13:40:00Z,24736.75,24746.0,24672.5,24694.0,12206
2025-10-17T13:45:00Z,24693.0,24786.25,24678.0,24766.5,11430
2025-10-17T13:50:00Z,24766.5,24863.0,24763.75,24849.0,11940
2025-10-17T13:55:00Z,24849.0,24889.5,24815.0,24822.0,11165
2025-10-17T14:00:00Z,24822.25,24883.25,24777.0,24848.5,12565
2025-10-17T14:05:00Z,24848.25,24881.5,24812.25,24820.75,7353
2025-10-17T14:10:00Z,24821.0,24938.75,24814.75,24930.5,11958
2025-10-17T14:15:00Z,24931.25,24960.75,24889.75,24899.5,10317
2025-10-17T14:20:00Z,24900.25,24928.5,24876.25,24916.0,8591
2025-10-17T14:25:00Z,24914.75,24936.25,24894.75,24909.0,6574
2025-10-17T14:30:00Z,24909.0,24914.5,24854.5,24857.5,7661
2025-10-17T14:35:00Z,24858.0,24861.75,24805.25,24808.0,9811
2025-10-17T14:40:00Z,24807.5,24862.5,24783.25,24807.0,10515
2025-10-17T14:45:00Z,24807.25,24868.0,24790.75,24840.0,7646
2025-10-17T14:50:00Z,24841.25,24866.25,24811.75,24821.75,5908
2025-10-17T14:55:00Z,24821.0,24822.5,24749.0,24764.0,8404
2025-10-17T15:00:00Z,24764.5,24844.5,24752.25,24824.0,9495
2025-10-17T15:05:00Z,24823.0,24856.25,24808.0,24809.0,7178
2025-10-17T15:10:00Z,24809.0,24843.75,24741.25,24742.0,7377
2025-10-17T15:15:00Z,24741.25,24792.25,24736.25,24748.25,7543
2025-10-17T15:20:00Z,24748.25,24759.75,24714.25,24718.0,7281
2025-10-17T15:25:00Z,24718.25,24758.5,24700.75,24735.5,7590
2025-10-17T15:30:00Z,24735.5,24758.0,24704.75,24716.75,7356
2025-10-17T15:35:00Z,24716.25,24754.5,24675.0,24750.75,10170
2025-10-17T15:40:00Z,24751.5,24798.0,24748.5,24790.75,9460
2025-10-17T15:45:00Z,24790.25,24837.0,24779.0,24830.25,8195
2025-10-17T15:50:00Z,24831.0,24866.0,24814.5,24837.5,7369
2025-10-17T15:55:00Z,24837.0,24873.5,24831.75,24849.5,5148
2025-10-17T16:00:00Z,24849.5,24917.0,24849.0,24906.0,7643
2025-10-17T16:05:00Z,24905.75,24931.5,24896.5,24929.25,5864
2025-10-17T16:10:00Z,24928.5,24929.25,24906.0,24918.0,6011
2025-10-17T16:15:00Z,24918.0,24949.0,24902.0,24912.0,6947
2025-10-17T16:20:00Z,24912.25,24941.75,24908.5,24936.75,4824
2025-10-17T16:25:00Z,24935.75,24956.75,24922.75,24948.5,6004
2025-10-17T16:30:00Z,24949.0,24973.25,24927.75,24929.5,6628
2025-10-17T16:35:00Z,24930.0,24961.25,24917.75,24932.25,4694
2025-10-17T16:40:00Z,24933.0,24942.25,24902.5,24917.0,4221
2025-10-17T16:45:00Z,24917.25,24954.0,24891.25,24952.75,5226
2025-10-17T16:50:00Z,24953.0,24973.0,24884.5,24890.0,5883
2025-10-17T16:55:00Z,24890.75,24909.5,24869.25,24902.25,4934
2025-10-17T17:00:00Z,24903.25,24908.75,24870.75,24879.5,4403
2025-10-17T17:05:00Z,24878.5,24906.5,24864.0,24878.0,3676
2025-10-17T17:10:00Z,24877.25,24896.5,24848.25,24883.5,4036
2025-10-17T17:15:00Z,24882.5,24884.25,24837.5,24845.25,3942
2025-10-17T17:20:00Z,24845.5,24887.75,24829.0,24875.25,4645
2025-10-17T17:25:00Z,24875.75,24878.0,24854.75,24859.25,2394
2025-10-17T17:30:00Z,24860.25,24899.5,24851.0,24897.5,4051
2025-10-17T17:35:00Z,24897.5,24915.75,24881.0,24887.5,4160
2025-10-17T17:40:00Z,24887.5,24895.0,24847.5,24853.25,3259
2025-10-17T17:45:00Z,24854.5,24879.5,24833.25,24879.5,4341
2025-10-17T17:50:00Z,24879.5,24944.25,24875.0,24937.5,5935
2025-10-17T17:55:00Z,24936.75,24946.5,24908.0,24936.5,5174
2025-10-17T18:00:00Z,24935.25,24962.0,24935.0,24943.5,4911
2025-10-17T18:05:00Z,24943.75,24976.5,24943.75,24967.75,4550
2025-10-17T18:10:00Z,24966.75,24981.75,24950.5,24967.75,3734
2025-10-17T18:15:00Z,24967.0,25007.25,24965.5,25007.0,5330
2025-10-17T18:20:00Z,25006.0,25030.0,25005.75,25015.0,5781
2025-10-17T18:25:00Z,25015.25,25028.0,25002.25,25015.0,3769
2025-10-17T18:30:00Z,25016.25,25025.75,24994.0,25008.75,3627
2025-10-17T18:35:00Z,25009.25,25028.25,25001.25,25003.0,2952
2025-10-17T18:40:00Z,25002.25,25013.25,24984.0,24989.25,2923
2025-10-17T18:45:00Z,24989.25,25007.25,24978.0,24992.25,2532
2025-10-17T18:50:00Z,24993.5,25004.25,24980.5,24992.25,1947
2025-10-17T18:55:00Z,24992.5,25002.0,24988.0,24996.75,1736
2025-10-17T19:00:00Z,24997.75,25021.75,24995.5,25017.5,3767
2025-10-17T19:05:00Z,25018.0,25024.75,25002.5,25023.5,2776
2025-10-17T19:10:00Z,25024.0,25055.75,25020.0,25046.5,5062
2025-10-17T19:15:00Z,25046.75,25052.0,25025.0,25036.75,2907
2025-10-17T19:20:00Z,25036.5,25052.25,25035.25,25047.75,2196
2025-10-17T19:25:00Z,25047.5,25048.5,25020.75,25025.25,2885
2025-10-17T19:30:00Z,25025.25,25025.75,24984.0,25006.5,5334
2025-10-17T19:35:00Z,25006.5,25021.25,24999.5,25017.0,2931
2025-10-17T19:40:00Z,25017.25,25021.5,24998.75,25003.75,2774
2025-10-17T19:45:00Z,25003.25,25010.25,24988.0,25006.75,3708
2025-10-17T19:50:00Z,25006.5,25009.5,24984.25,24999.75,5836
2025-10-17T19:55:00Z,25000.25,25009.25,24979.25,24988.25,14175
2025-10-17T20:00:00Z,24987.75,25006.5,24976.0,25004.5,5320
2025-10-17T20:05:00Z,25005.5,25016.0,25004.25,25009.0,1961
2025-10-17T20:10:00Z,25008.75,25014.25,25006.0,25010.75,1054
2025-10-17T20:15:00Z,25009.75,25011.25,25000.25,25008.75,1100
2025-10-17T20:20:00Z,25009.0,25030.5,25008.0,25023.75,1972
2025-10-17T20:25:00Z,25024.0,25038.5,25021.0,25031.25,1739
2025-10-17T20:30:00Z,25030.75,25043.0,25029.0,25036.25,2075
2025-10-17T20:35:00Z,25036.0,25036.25,25025.75,25026.25,387
2025-10-17T20:40:00Z,25026.25,25031.25,25026.0,25029.75,387
2025-10-17T20:45:00Z,25028.75,25033.0,25027.0,25029.75,338
2025-10-17T20:50:00Z,25029.75,25036.5,25029.5,25031.75,328
2025-10-17T20:55:00Z,25032.0,25034.0,24986.5,24986.5,660
2025-10-19T22:00:00Z,25065.75,25099.25,25052.5,25058.25,869
2025-10-19T22:05:00Z,25060.0,25075.25,25050.0,25069.0,646
2025-10-19T22:10:00Z,25066.0,25079.0,25063.75,25074.0,398
2025-10-19T22:15:00Z,25072.75,25074.25,24986.5,25064.5,499
2025-10-19T22:20:00Z,25064.0,25064.0,25045.5,25058.25,666
2025-10-19T22:25:00Z,25058.5,25063.25,25046.75,25049.0,450
2025-10-19T22:30:00Z,25048.5,25054.0,25039.75,25046.0,519
2025-10-19T22:35:00Z,25046.75,25057.25,25046.75,25050.25,397
2025-10-19T22:40:00Z,25050.25,25064.0,25047.25,25060.0,343
2025-10-19T22:45:00Z,25059.0,25065.0,25058.0,25060.5,149
2025-10-19T22:50:00Z,25060.0,25063.0,25056.25,25062.25,118
2025-10-19T22:55:00Z,25061.5,25065.75,25056.5,25060.25,170
2025-10-19T23:00:00Z,25061.5,25064.0,25042.25,25050.5,513
2025-10-19T23:05:00Z,25053.0,25053.5,25034.5,25040.25,482
2025-10-19T23:10:00Z,25041.0,25046.0,25034.5,25035.75,390
2025-10-19T23:15:00Z,25036.0,25043.0,25032.25,25036.5,267
2025-10-19T23:20:00Z,25036.5,25036.75,25002.5,25007.0,910
2025-10-19T23:25:00Z,25006.25,25007.5,24987.25,24994.75,815
2025-10-19T23:30:00Z,24994.25,25007.5,24992.0,25007.25,480
2025-10-19T23:35:00Z,25007.5,25010.0,24999.75,25003.0,274
2025-10-19T23:40:00Z,25004.0,25006.5,24993.5,24996.0,384
2025-10-19T23:45:00Z,24994.25,25009.25,24990.0,25003.25,433
2025-10-19T23:50:00Z,25004.0,25008.75,24996.0,25003.25,277
2025-10-19T23:55:00Z,25003.25,25016.0,25000.75,25012.0,378
2025-10-20T00:00:00Z,25011.75,25016.5,25001.5,25004.25,834
2025-10-20T00:05:00Z,25003.75,25006.25,24995.25,25001.75,443
2025-10-20T00:10:00Z,25000.75,25005.0,24988.0,24991.5,497
2025-10-20T00:15:00Z,24991.25,24993.0,24967.5,24970.75,972
2025-10-20T00:20:00Z,24972.5,24988.5,24956.25,24986.5,1814
2025-10-20T00:25:00Z,24985.0,24997.5,24972.75,24976.75,1132
2025-10-20T00:30:00Z,24978.0,24983.75,24965.25,24970.5,627
2025-10-20T00:35:00Z,24971.25,25004.0,24971.25,25004.0,800
2025-10-20T00:40:00Z,25002.75,25019.5,24998.25,25018.5,802
2025-10-20T00:45:00Z,25018.75,25042.5,25016.5,25031.75,1033
2025-10-20T00:50:00Z,25032.25,25052.25,25032.25,25037.5,1037
2025-10-20T00:55:00Z,25039.0,25056.0,25039.0,25047.0,618
2025-10-20T01:00:00Z,25049.25,25056.5,25046.25,25056.5,612
2025-10-20T01:05:00Z,25057.0,25062.25,25048.5,25056.25,663
2025-10-20T01:10:00Z,25056.5,25058.0,25042.5,25046.0,536
2025-10-20T01:15:00Z,25044.75,25068.0,25043.25,25068.0,610
2025-10-20T01:20:00Z,25068.0,25076.5,25061.25,25069.25,574
2025-10-20T01:25:00Z,25069.25,25071.5,25062.0,25062.0,508
2025-10-20T01:30:00Z,25062.75,25064.25,25051.25,25052.25,595
2025-10-20T01:35:00Z,25053.0,25063.75,25047.0,25057.5,583
2025-10-20T01:40:00Z,25058.0,25067.75,25054.5,25064.5,617
2025-10-20T01:45:00Z,25065.5,25065.5,25045.25,25049.5,366
2025-10-20T01:50:00Z,25047.25,25048.25,25031.0,25033.75,517
2025-10-20T01:55:00Z,25034.5,25051.5,25034.5,25047.0,421
2025-10-20T02:00:00Z,25045.5,25048.75,25033.75,25046.25,369
2025-10-20T02:05:00Z,25046.25,25046.25,25030.0,25035.25,368
2025-10-20T02:10:00Z,25037.25,25037.25,25028.5,25032.75,324
2025-10-20T02:15:00Z,25033.5,25047.0,25033.0,25038.0,364
2025-10-20T02:20:00Z,25038.0,25042.0,25029.0,25035.25,318
2025-10-20T02:25:00Z,25036.25,25040.25,25026.75,25037.75,256
2025-10-20T02:30:00Z,25038.5,25049.0,25035.0,25048.0,267
2025-10-20T02:35:00Z,25048.75,25051.0,25040.5,25046.75,289
2025-10-20T02:40:00Z,25048.25,25053.25,25045.5,25049.25,278
2025-10-20T02:45:00Z,25049.25,25058.0,25048.0,25055.0,301
2025-10-20T02:50:00Z,25054.5,25058.25,25046.75,25052.5,353
2025-10-20T02:55:00Z,25052.75,25054.75,25050.5,25051.75,105
2025-10-20T03:00:00Z,25054.0,25056.75,25052.0,25056.75,119
2025-10-20T03:05:00Z,25055.25,25063.0,25055.0,25058.5,248
2025-10-20T03:10:00Z,25057.5,25062.75,25057.0,25062.0,148
2025-10-20T03:15:00Z,25060.5,25064.75,25059.5,25063.5,158
2025-10-20T03:20:00Z,25064.75,25065.75,25062.75,25064.0,143
2025-10-20T03:25:00Z,25064.5,25066.25,25062.0,25065.0,90
2025-10-20T03:30:00Z,25064.5,25068.5,25060.0,25066.5,203
2025-10-20T03:35:00Z,25065.5,25074.5,25065.0,25071.0,296
2025-10-20T03:40:00Z,25071.75,25075.5,25070.5,25073.5,168
2025-10-20T03:45:00Z,25074.0,25086.0,25074.0,25086.0,381
2025-10-20T03:50:00Z,25085.0,25099.0,25080.75,25087.0,883
2025-10-20T03:55:00Z,25087.25,25095.75,25085.0,25095.0,340
2025-10-20T04:00:00Z,25095.75,25104.75,25093.25,25103.5,577
2025-10-20T04:05:00Z,25103.25,25114.25,25097.5,25100.25,595
2025-10-20T04:10:00Z,25100.25,25105.0,25094.0,25105.0,352
2025-10-20T04:15:00Z,25105.25,25109.25,25098.0,25106.75,257
2025-10-20T04:20:00Z,25107.0,25111.75,25106.0,25107.75,265
2025-10-20T04:25:00Z,25107.5,25119.75,25106.75,25115.75,428
2025-10-20T04:30:00Z,25116.0,25118.5,25105.25,25105.25,518
2025-10-20T04:35:00Z,25105.0,25107.5,25090.5,25091.25,658
2025-10-20T04:40:00Z,25092.75,25105.5,25085.0,25102.5,663
2025-10-20T04:45:00Z,25102.25,25103.5,25094.5,25097.5,132
2025-10-20T04:50:00Z,25098.0,25109.5,25097.0,25108.75,153
2025-10-20T04:55:00Z,25108.5,25114.5,25104.75,25111.75,237
2025-10-20T05:00:00Z,25111.5,25115.5,25107.75,25112.5,183
2025-10-20T05:05:00Z,25111.0,25114.75,25107.25,25113.25,145
2025-10-20T05:10:00Z,25114.25,25115.0,25108.0,25111.5,171
2025-10-20T05:15:00Z,25110.75,25111.25,25095.25,25097.0,275
2025-10-20T05:20:00Z,25097.25,25121.0,25096.0,25116.5,597
2025-10-20T05:25:00Z,25117.0,25121.75,25111.25,25117.5,290
2025-10-20T05:30:00Z,25118.25,25118.5,25107.25,25111.0,347
2025-10-20T05:35:00Z,25111.5,25121.25,25110.5,25111.25,308
2025-10-20T05:40:00Z,25110.75,25122.5,25100.75,25121.5,582
2025-10-20T05:45:00Z,25120.5,25126.75,25105.0,25119.0,681
2025-10-20T05:50:00Z,25119.5,25127.5,25116.25,25119.0,314
2025-10-20T05:55:00Z,25119.5,25119.5,25106.5,25113.0,301
2025-10-20T06:00:00Z,25112.25,25112.5,25088.0,25096.25,738
2025-10-20T06:05:00Z,25095.75,25098.25,25088.25,25097.5,309
2025-10-20T06:10:00Z,25095.0,25104.5,25090.25,25093.0,408
2025-10-20T06:15:00Z,25093.5,25098.0,25087.25,25092.0,299
2025-10-20T06:20:00Z,25092.75,25107.75,25092.75,25107.0,333
2025-10-20T06:25:00Z,25107.5,25113.5,25105.75,25107.25,331
2025-10-20T06:30:00Z,25108.0,25117.75,25106.75,25116.75,488
2025-10-20T06:35:00Z,25117.25,25123.75,25116.0,25122.25,386
2025-10-20T06:40:00Z,25123.5,25125.75,25116.0,25119.25,315
2025-10-20T06:45:00Z,25119.25,25120.0,25097.5,25103.0,427
2025-10-20T06:50:00Z,25105.0,25125.0,25104.25,25122.5,413
2025-10-20T06:55:00Z,25123.0,25124.0,25110.5,25111.25,342
2025-10-20T07:00:00Z,25111.75,25116.75,25099.0,25116.0,650
2025-10-20T07:05:00Z,25115.25,25119.0,25105.25,25116.0,443
2025-10-20T07:10:00Z,25115.0,25131.75,25112.75,25117.5,880
2025-10-20T07:15:00Z,25118.5,25127.0,25116.75,25123.5,488
2025-10-20T07:20:00Z,25125.0,25133.0,25125.0,25125.0,348
2025-10-20T07:25:00Z,25124.5,25135.0,25117.5,25133.0,387
2025-10-20T07:30:00Z,25131.75,25136.0,25126.5,25134.5,343
2025-10-20T07:35:00Z,25133.75,25152.5,25133.75,25147.0,1194
2025-10-20T07:40:00Z,25145.5,25148.0,25132.75,25138.25,434
2025-10-20T07:45:00Z,25139.0,25139.0,25126.5,25128.5,438
2025-10-20T07:50:00Z,25130.0,25137.75,25121.75,25122.5,397
2025-10-20T07:55:00Z,25121.25,25125.75,25111.0,25121.75,483
2025-10-20T08:00:00Z,25121.75,25133.0,25106.75,25127.25,827
2025-10-20T08:05:00Z,25126.25,25133.25,25116.5,25117.75,540
2025-10-20T08:10:00Z,25118.25,25119.0,25102.25,25117.5,697
2025-10-20T08:15:00Z,25118.0,25121.0,25093.0,25098.0,678
2025-10-20T08:20:00Z,25099.0,25100.0,25089.75,25096.0,603
2025-10-20T08:25:00Z,25095.75,25102.0,25094.25,25101.0,377
2025-10-20T08:30:00Z,25100.25,25110.75,25095.75,25096.25,414
2025-10-20T08:35:00Z,25095.75,25108.25,25091.25,25097.0,591
2025-10-20T08:40:00Z,25096.5,25103.25,25083.0,25088.25,447
2025-10-20T08:45:00Z,25089.25,25098.75,25072.0,25074.0,874
2025-10-20T08:50:00Z,25074.0,25082.0,25066.5,25077.0,729
2025-10-20T08:55:00Z,25076.0,25081.75,25067.5,25074.5,390
2025-10-20T09:00:00Z,25073.75,25084.75,25061.75,25082.0,841
2025-10-20T09:05:00Z,25082.75,25082.75,25068.25,25077.25,452
2025-10-20T09:10:00Z,25077.5,25087.25,25077.5,25083.5,400
2025-10-20T09:15:00Z,25084.25,25099.0,25084.0,25098.0,610
2025-10-20T09:20:00Z,25097.75,25099.0,25086.0,25097.0,461
2025-10-20T09:25:00Z,25096.75,25099.5,25090.5,25092.25,478
2025-10-20T09:30:00Z,25091.75,25096.5,25087.0,25088.25,315
2025-10-20T09:35:00Z,25087.25,25089.0,25075.5,25083.75,521
2025-10-20T09:40:00Z,25084.5,25093.25,25072.0,25077.25,393
2025-10-20T09:45:00Z,25076.25,25079.75,25067.5,25074.5,390
2025-10-20T09:50:00Z,25075.0,25080.0,25069.5,25076.5,192
2025-10-20T09:55:00Z,25076.25,25088.0,25075.0,25087.0,338
2025-10-20T10:00:00Z,25087.25,25095.25,25071.0,25074.5,628
2025-10-20T10:05:00Z,25074.0,25075.5,25067.0,25073.25,503
2025-10-20T10:10:00Z,25073.75,25076.0,25066.5,25073.75,364
2025-10-20T10:15:00Z,25072.5,25081.75,25070.0,25073.75,427
2025-10-20T10:20:00Z,25073.25,25075.5,25066.25,25070.0,367
2025-10-20T10:25:00Z,25070.0,25072.25,25062.75,25071.5,337
2025-10-20T10:30:00Z,25071.0,25091.75,25070.0,25088.5,511
2025-10-20T10:35:00Z,25089.5,25096.0,25088.0,25094.75,352
2025-10-20T10:40:00Z,25095.25,25102.75,25069.75,25071.5,788
2025-10-20T10:45:00Z,25070.25,25074.25,25042.0,25057.5,1205
2025-10-20T10:50:00Z,25058.0,25060.25,25040.25,25058.75,904
2025-10-20T10:55:00Z,25059.25,25060.5,25040.0,25041.5,440
2025-10-20T11:00:00Z,25040.75,25059.0,25038.0,25053.5,571
2025-10-20T11:05:00Z,25054.25,25065.75,25049.5,25064.25,430
2025-10-20T11:10:00Z,25065.0,25074.75,25057.75,25070.75,441
2025-10-20T11:15:00Z,25070.75,25081.5,25069.25,25071.75,602
2025-10-20T11:20:00Z,25072.25,25074.25,25068.5,25071.75,217
2025-10-20T11:25:00Z,25072.5,25084.0,25072.5,25080.75,370
2025-10-20T11:30:00Z,25079.75,25080.75,25069.5,25074.25,482
2025-10-20T11:35:00Z,25076.5,25079.75,25069.0,25072.25,377
2025-10-20T11:40:00Z,25073.75,25078.25,25065.0,25067.75,282
2025-10-20T11:45:00Z,25067.0,25073.0,25061.75,25064.75,394
2025-10-20T11:50:00Z,25064.75,25088.75,25064.0,25088.0,567
2025-10-20T11:55:00Z,25088.75,25090.0,25082.25,25084.5,323
2025-10-20T12:00:00Z,25083.5,25087.75,25076.25,25082.0,546
2025-10-20T12:05:00Z,25081.75,25084.75,25076.0,25084.0,310
2025-10-20T12:10:00Z,25084.5,25093.0,25084.0,25089.5,367
2025-10-20T12:15:00Z,25088.0,25090.25,25077.0,25083.75,539
2025-10-20T12:20:00Z,25083.0,25095.75,25081.5,25091.0,644
2025-10-20T12:25:00Z,25092.25,25094.75,25084.0,25086.5,559
2025-10-20T12:30:00Z,25087.0,25099.0,25087.0,25093.75,547
2025-10-20T12:35:00Z,25094.0,25099.25,25092.5,25099.25,426
2025-10-20T12:40:00Z,25099.25,25106.25,25098.25,25101.5,819
2025-10-20T12:45:00Z,25101.0,25125.0,25101.0,25110.0,1809
2025-10-20T12:50:00Z,25110.0,25125.75,25109.25,25115.75,1097
2025-10-20T12:55:00Z,25116.0,25132.25,25115.0,25129.5,927
2025-10-20T13:00:00Z,25129.5,25144.75,25129.25,25142.0,1429
2025-10-20T13:05:00Z,25142.25,25145.0,25134.5,25141.5,1209
2025-10-20T13:10:00Z,25142.0,25143.0,25130.25,25132.75,1188
2025-10-20T13:15:00Z,25133.25,25141.75,25127.25,25138.25,1393
2025-10-20T13:20:00Z,25138.25,25152.0,25136.5,25139.0,1725
2025-10-20T13:25:00Z,25138.5,25141.75,25118.0,25118.5,3495
2025-10-20T13:30:00Z,25119.0,25201.5,25114.75,25186.0,14747
2025-10-20T13:35:00Z,25186.5,25225.0,25178.25,25208.75,9213
2025-10-20T13:40:00Z,25209.25,25216.75,25186.0,25189.0,8179
2025-10-20T13:45:00Z,25188.5,25231.75,25181.75,25219.5,7609
2025-10-20T13:50:00Z,25220.5,25235.0,25213.75,25230.0,5822
2025-10-20T13:55:00Z,25230.75,25240.0,25202.25,25222.0,6925
2025-10-20T14:00:00Z,25222.5,25246.25,25212.0,25239.25,7632
2025-10-20T14:05:00Z,25238.75,25253.0,25233.0,25249.0,7341
2025-10-20T14:10:00Z,25248.5,25252.75,25232.75,25237.75,5390
2025-10-20T14:15:00Z,25238.0,25238.5,25215.25,25225.0,7073
2025-10-20T14:20:00Z,25225.25,25250.0,25217.75,25247.75,5560
2025-10-20T14:25:00Z,25248.75,25283.25,25246.25,25281.75,7953
2025-10-20T14:30:00Z,25282.0,25287.5,25266.25,25270.75,6485
2025-10-20T14:35:00Z,25270.5,25287.5,25265.75,25285.75,4232
2025-10-20T14:40:00Z,25286.0,25304.5,25283.75,25296.75,7540
2025-10-20T14:45:00Z,25296.25,25313.25,25294.75,25308.75,5292
2025-10-20T14:50:00Z,25309.0,25321.0,25298.0,25318.25,5688
2025-10-20T14:55:00Z,25319.0,25322.0,25309.75,25314.0,4362
2025-10-20T15:00:00Z,25314.25,25318.25,25301.5,25309.75,4330
2025-10-20T15:05:00Z,25309.5,25320.5,25302.0,25315.0,3513
2025-10-20T15:10:00Z,25315.75,25322.5,25291.25,25291.25,5298
2025-10-20T15:15:00Z,25291.25,25320.0,25289.25,25317.75,4457
2025-10-20T15:20:00Z,25317.25,25324.25,25313.25,25319.5,3279
2025-10-20T15:25:00Z,25320.25,25327.75,25310.0,25320.5,3660
2025-10-20T15:30:00Z,25321.5,25326.75,25311.75,25319.25,3414
2025-10-20T15:35:00Z,25319.25,25324.25,25307.75,25316.5,2805
2025-10-20T15:40:00Z,25317.0,25324.5,25308.5,25313.25,3173
2025-10-20T15:45:00Z,25313.0,25335.75,25307.0,25334.5,4332
2025-10-20T15:50:00Z,25334.5,25345.5,25303.25,25327.0,10023
2025-10-20T15:55:00Z,25327.0,25328.0,25298.0,25316.75,6809
2025-10-20T16:00:00Z,25319.0,25322.5,25306.75,25314.75,2720
2025-10-20T16:05:00Z,25314.5,25327.5,25309.0,25311.25,2921
2025-10-20T16:10:00Z,25310.75,25316.25,25297.0,25301.0,3784
2025-10-20T16:15:00Z,25300.5,25319.75,25296.25,25317.5,4570
2025-10-20T16:20:00Z,25317.25,25317.25,25300.0,25300.75,3335
2025-10-20T16:25:00Z,25300.75,25318.5,25299.5,25311.5,3338
2025-10-20T16:30:00Z,25311.75,25313.75,25297.5,25303.25,2547
2025-10-20T16:35:00Z,25303.75,25308.0,25290.75,25306.25,2741
2025-10-20T16:40:00Z,25306.0,25315.5,25302.0,25305.25,2271
2025-10-20T16:45:00Z,25305.5,25313.25,25297.0,25312.25,2030
2025-10-20T16:50:00Z,25312.0,25314.25,25305.75,25311.75,1828
2025-10-20T16:55:00Z,25312.0,25319.5,25308.5,25314.5,1712
2025-10-20T17:00:00Z,25314.25,25337.0,25311.75,25336.25,4160
2025-10-20T17:05:00Z,25335.5,25340.5,25327.75,25334.5,2722
2025-10-20T17:10:00Z,25334.25,25337.5,25328.0,25332.0,1461
2025-10-20T17:15:00Z,25332.0,25350.0,25330.75,25346.5,3564
2025-10-20T17:20:00Z,25346.25,25346.25,25336.5,25344.25,1863
2025-10-20T17:25:00Z,25345.0,25345.75,25332.0,25335.75,1853
2025-10-20T17:30:00Z,25335.75,25343.25,25333.25,25338.25,1657
2025-10-20T17:35:00Z,25338.0,25346.25,25337.25,25343.25,1382
2025-10-20T17:40:00Z,25343.5,25354.5,25341.75,25347.75,2271
2025-10-20T17:45:00Z,25347.25,25353.5,25343.75,25351.5,1679
2025-10-20T17:50:00Z,25351.25,25351.75,25338.0,25338.0,1883
2025-10-20T17:55:00Z,25338.0,25341.0,25330.75,25336.75,2167
2025-10-20T18:00:00Z,25336.25,25345.75,25334.0,25345.0,1913
2025-10-20T18:05:00Z,25344.5,25351.5,25342.5,25350.75,1907
2025-10-20T18:10:00Z,25350.75,25353.0,25344.0,25349.75,1745
2025-10-20T18:15:00Z,25350.0,25353.25,25336.25,25342.75,2208
2025-10-20T18:20:00Z,25342.75,25343.25,25332.25,25339.25,2040
2025-10-20T18:25:00Z,25339.25,25340.0,25331.75,25337.25,1532
2025-10-20T18:30:00Z,25337.25,25339.25,25329.25,25337.75,2198
2025-10-20T18:35:00Z,25339.0,25339.25,25326.25,25327.75,2288
2025-10-20T18:40:00Z,25327.25,25328.75,25320.0,25324.5,2533
2025-10-20T18:45:00Z,25324.25,25324.75,25306.5,25317.25,3353
2025-10-20T18:50:00Z,25317.75,25322.75,25310.0,25316.75,2128
2025-10-20T18:55:00Z,25317.25,25332.75,25316.75,25327.25,2962
2025-10-20T19:00:00Z,25327.5,25335.75,25325.5,25332.25,2139
2025-10-20T19:05:00Z,25332.75,25336.5,25329.25,25332.5,1515
2025-10-20T19:10:00Z,25332.5,25332.5,25317.75,25318.5,2408
2025-10-20T19:15:00Z,25319.0,25319.25,25300.75,25307.25,3491
2025-10-20T19:20:00Z,25307.25,25308.5,25297.0,25303.75,2757
2025-10-20T19:25:00Z,25304.0,25325.75,25303.75,25321.25,3130
2025-10-20T19:30:00Z,25321.75,25322.5,25315.5,25319.75,2052
2025-10-20T19:35:00Z,25319.5,25330.5,25315.75,25325.25,2410
2025-10-20T19:40:00Z,25325.25,25326.75,25309.0,25311.75,2455
2025-10-20T19:45:00Z,25312.0,25328.0,25310.5,25325.25,3325
2025-10-20T19:50:00Z,25325.75,25335.25,25320.75,25328.25,5975
2025-10-20T19:55:00Z,25328.0,25328.0,25298.25,25300.0,14953
2025-10-20T20:00:00Z,25300.25,25308.75,25289.75,25306.75,7200
2025-10-20T20:05:00Z,25306.25,25308.25,25301.5,25307.25,1603
2025-10-20T20:10:00Z,25307.5,25324.25,25304.75,25316.75,2098
2025-10-20T20:15:00Z,25316.5,25319.0,25313.5,25316.5,832
2025-10-20T20:20:00Z,25316.25,25320.75,25314.75,25319.0,390
2025-10-20T20:25:00Z,25318.75,25322.0,25318.75,25320.75,256
2025-10-20T20:30:00Z,25320.5,25322.0,25318.0,25320.25,201
2025-10-20T20:35:00Z,25319.75,25322.0,25318.5,25318.75,330
2025-10-20T20:40:00Z,25319.0,25319.75,25316.0,25317.5,436
2025-10-20T20:45:00Z,25317.5,25321.75,25316.25,25321.75,405
2025-10-20T20:50:00Z,25321.5,25322.0,25317.0,25322.0,331
2025-10-20T20:55:00Z,25322.0,25327.75,25317.75,25326.75,845
2025-10-20T22:00:00Z,25326.75,25330.0,25318.25,25319.0,0
2025-10-20T22:05:00Z,25318.75,25321.25,25308.25,25313.25,464
2025-10-20T22:10:00Z,25313.75,25315.0,25308.0,25309.75,265
2025-10-20T22:15:00Z,25309.25,25319.5,25308.25,25317.75,252
2025-10-20T22:20:00Z,25318.0,25319.5,25310.75,25319.25,240
2025-10-20T22:25:00Z,25319.5,25329.25,25318.75,25322.5,389
2025-10-20T22:30:00Z,25323.0,25326.0,25313.25,25314.25,298
2025-10-20T22:35:00Z,25317.0,25317.75,25312.0,25315.5,149
2025-10-20T22:40:00Z,25316.0,25324.75,25316.0,25321.5,231
2025-10-20T22:45:00Z,25322.5,25324.25,25316.75,25318.5,148
2025-10-20T22:50:00Z,25318.25,25324.75,25317.5,25321.5,172
2025-10-20T22:55:00Z,25320.75,25322.5,25318.5,25320.5,113
2025-10-20T23:00:00Z,25321.0,25333.75,25320.25,25330.75,551
2025-10-20T23:05:00Z,25331.0,25334.5,25329.0,25333.5,208
2025-10-20T23:10:00Z,25334.0,25345.0,25334.0,25336.5,695
2025-10-20T23:15:00Z,25336.75,25336.75,25324.25,25325.0,492
2025-10-20T23:20:00Z,25326.0,25333.5,25326.0,25330.25,218
2025-10-20T23:25:00Z,25330.25,25339.0,25330.25,25339.0,215
2025-10-20T23:30:00Z,25339.25,25343.0,25335.0,25343.0,227
2025-10-20T23:35:00Z,25342.75,25343.0,25333.5,25334.0,199
2025-10-20T23:40:00Z,25333.75,25334.75,25326.25,25329.0,211
2025-10-20T23:45:00Z,25326.75,25326.75,25319.0,25321.75,295
2025-10-20T23:50:00Z,25320.75,25323.0,25317.25,25318.0,240
2025-10-20T23:55:00Z,25317.5,25325.0,25316.5,25323.25,293
2025-10-21T00:00:00Z,25323.5,25332.0,25311.5,25312.0,590
2025-10-21T00:05:00Z,25311.5,25319.0,25310.75,25313.25,353
2025-10-21T00:10:00Z,25314.0,25330.5,25313.5,25322.25,378
2025-10-21T00:15:00Z,25322.25,25333.5,25321.25,25330.0,311
2025-10-21T00:20:00Z,25330.25,25331.5,25323.75,25324.75,201
2025-10-21T00:25:00Z,25325.0,25339.25,25323.25,25334.25,488
2025-10-21T00:30:00Z,25335.0,25338.25,25331.0,25337.25,265
2025-10-21T00:35:00Z,25336.75,25340.0,25335.25,25339.5,181
2025-10-21T00:40:00Z,25340.25,25342.25,25338.75,25339.25,205
2025-10-21T00:45:00Z,25339.75,25342.25,25336.75,25339.0,131
2025-10-21T00:50:00Z,25339.0,25342.25,25338.5,25340.75,166
2025-10-21T00:55:00Z,25340.75,25343.25,25337.75,25341.75,173
2025-10-21T01:00:00Z,25341.5,25349.5,25340.0,25347.0,414
2025-10-21T01:05:00Z,25347.75,25349.25,25343.5,25345.25,176
2025-10-21T01:10:00Z,25345.0,25348.75,25343.5,25345.5,183
2025-10-21T01:15:00Z,25346.25,25347.25,25343.5,25346.5,109
2025-10-21T01:20:00Z,25346.75,25359.25,25345.0,25347.0,604
2025-10-21T01:25:00Z,25346.5,25348.0,25336.75,25340.5,413
2025-10-21T01:30:00Z,25340.25,25342.0,25332.5,25334.0,230
2025-10-21T01:35:00Z,25334.0,25335.0,25330.0,25334.25,189
2025-10-21T01:40:00Z,25334.25,25342.75,25334.25,25338.5,229
2025-10-21T01:45:00Z,25337.75,25344.75,25337.25,25341.0,219
2025-10-21T01:50:00Z,25341.0,25349.0,25341.0,25345.75,198
2025-10-21T01:55:00Z,25345.0,25351.0,25343.0,25344.5,229
2025-10-21T02:00:00Z,25344.25,25351.0,25342.25,25347.25,230
2025-10-21T02:05:00Z,25347.25,25355.0,25344.5,25350.5,315
2025-10-21T02:10:00Z,25350.75,25356.5,25350.75,25355.5,266
2025-10-21T02:15:00Z,25355.5,25358.5,25354.5,25355.75,216
2025-10-21T02:20:00Z,25355.0,25361.25,25355.0,25360.0,252
2025-10-21T02:25:00Z,25360.25,25365.0,25358.75,25364.75,334
2025-10-21T02:30:00Z,25364.5,25368.0,25362.25,25363.5,347
2025-10-21T02:35:00Z,25363.5,25364.0,25357.0,25359.5,223
2025-10-21T02:40:00Z,25359.0,25361.25,25348.25,25348.25,314
2025-10-21T02:45:00Z,25348.25,25353.0,25344.5,25351.5,306
2025-10-21T02:50:00Z,25351.0,25351.0,25344.25,25346.25,186
2025-10-21T02:55:00Z,25346.5,25348.0,25343.25,25347.5,149
2025-10-21T03:00:00Z,25346.5,25353.25,25346.5,25351.5,217
2025-10-21T03:05:00Z,25352.25,25354.25,25351.0,25352.75,166
2025-10-21T03:10:00Z,25353.0,25355.75,25352.0,25354.25,205
2025-10-21T03:15:00Z,25354.5,25355.75,25350.75,25352.25,130
2025-10-21T03:20:00Z,25352.75,25353.25,25351.0,25352.0,87
2025-10-21T03:25:00Z,25352.25,25353.5,25345.0,25345.5,224
2025-10-21T03:30:00Z,25344.75,25350.5,25341.0,25350.5,251
2025-10-21T03:35:00Z,25350.5,25351.0,25340.75,25343.25,248
2025-10-21T03:40:00Z,25342.75,25342.75,25333.75,25338.5,286
2025-10-21T03:45:00Z,25338.5,25338.75,25323.25,25324.5,454
2025-10-21T03:50:00Z,25326.5,25328.0,25318.25,25327.0,365
2025-10-21T03:55:00Z,25328.25,25333.0,25327.5,25330.0,260
2025-10-21T04:05:00Z,25324.75,25325.75,25324.75,25324.75,487
2025-10-21T04:10:00Z,25324.25,25324.25,25315.5,25322.5,309
2025-10-21T04:15:00Z,25323.25,25325.5,25320.5,25322.75,166
2025-10-21T04:20:00Z,25322.75,25324.0,25318.5,25322.0,154
2025-10-21T04:25:00Z,25322.0,25327.75,25321.75,25325.0,166
2025-10-21T04:30:00Z,25326.0,25326.5,25313.25,25316.75,318
2025-10-21T04:35:00Z,25317.5,25321.75,25316.75,25320.75,148
2025-10-21T04:40:00Z,25320.75,25322.5,25317.5,25320.0,104
2025-10-21T04:45:00Z,25320.75,25322.25,25312.25,25318.25,259
2025-10-21T04:50:00Z,25318.25,25322.75,25315.0,25315.0,225
2025-10-21T04:55:00Z,25315.0,25315.0,25295.5,25307.75,943
2025-10-21T05:00:00Z,25308.5,25310.5,25290.5,25297.75,701
2025-10-21T05:05:00Z,25296.0,25309.25,25292.5,25306.75,408
2025-10-21T05:10:00Z,25306.5,25314.0,25303.5,25304.5,293
2025-10-21T05:15:00Z,25304.5,25314.5,25304.5,25313.5,232
2025-10-21T05:20:00Z,25314.0,25317.5,25304.75,25306.5,263
2025-10-21T05:25:00Z,25305.75,25305.75,25293.75,25297.75,328
2025-10-21T05:30:00Z,25297.25,25306.25,25294.5,25301.75,287
2025-10-21T05:35:00Z,25302.25,25303.0,25297.0,25298.0,148
2025-10-21T05:40:00Z,25297.25,25300.0,25292.25,25292.5,243
2025-10-21T05:45:00Z,25293.0,25295.25,25288.25,25288.75,322
2025-10-21T05:50:00Z,25289.25,25290.5,25275.75,25287.0,710
2025-10-21T05:55:00Z,25286.75,25298.25,25285.0,25297.0,396
2025-10-21T06:00:00Z,25297.75,25298.0,25278.5,25278.5,541
2025-10-21T06:05:00Z,25279.5,25281.0,25266.25,25277.5,1084
2025-10-21T06:10:00Z,25275.5,25276.75,25270.0,25270.75,209
2025-10-21T06:15:00Z,25270.25,25280.0,25266.25,25277.25,451
2025-10-21T06:20:00Z,25277.75,25290.75,25277.5,25286.5,509
2025-10-21T06:25:00Z,25285.5,25286.75,25278.25,25279.0,280
2025-10-21T06:30:00Z,25278.25,25286.75,25275.0,25275.75,403
2025-10-21T06:35:00Z,25276.25,25285.25,25272.75,25283.75,250
2025-10-21T06:40:00Z,25282.25,25286.25,25276.5,25279.75,237
2025-10-21T06:45:00Z,25279.75,25294.25,25277.0,25289.75,369
2025-10-21T06:50:00Z,25289.0,25289.5,25278.5,25279.25,290
2025-10-21T06:55:00Z,25278.0,25281.25,25276.0,25278.75,265
2025-10-21T07:00:00Z,25278.75,25280.5,25269.5,25273.0,660
2025-10-21T07:05:00Z,25271.5,25276.0,25267.75,25271.25,841
2025-10-21T07:10:00Z,25271.25,25275.5,25261.25,25262.25,389
2025-10-21T07:15:00Z,25262.75,25281.0,25262.5,25278.25,417
2025-10-21T07:20:00Z,25279.25,25281.0,25274.25,25274.5,481
2025-10-21T07:25:00Z,25275.5,25288.75,25275.5,25286.75,376
2025-10-21T07:30:00Z,25287.25,25289.25,25275.0,25277.75,391
2025-10-21T07:35:00Z,25278.5,25291.0,25275.75,25276.25,522
2025-10-21T07:40:00Z,25275.75,25282.5,25270.5,25270.5,370
2025-10-21T07:45:00Z,25270.25,25275.5,25262.75,25274.25,530
2025-10-21T07:50:00Z,25274.0,25278.5,25268.25,25277.75,359
2025-10-21T07:55:00Z,25278.25,25279.5,25271.75,25277.0,323
2025-10-21T08:00:00Z,25278.0,25282.5,25274.25,25277.25,344
2025-10-21T08:05:00Z,25279.5,25284.5,25274.25,25278.0,376
2025-10-21T08:10:00Z,25278.5,25282.5,25270.5,25275.25,479
2025-10-21T08:15:00Z,25274.5,25274.75,25257.0,25259.5,737
2025-10-21T08:20:00Z,25259.25,25267.0,25253.0,25264.75,573
2025-10-21T08:25:00Z,25264.5,25267.75,25256.75,25263.5,310
2025-10-21T08:30:00Z,25264.0,25270.0,25256.75,25266.75,368
2025-10-21T08:35:00Z,25266.5,25274.0,25264.5,25270.0,297
2025-10-21T08:40:00Z,25269.5,25270.0,25259.5,25267.75,416
2025-10-21T08:45:00Z,25269.25,25273.75,25265.0,25272.25,185
2025-10-21T08:50:00Z,25272.25,25274.5,25265.75,25266.0,137
2025-10-21T08:55:00Z,25268.0,25270.0,25264.0,25267.75,248
2025-10-21T09:00:00Z,25267.5,25273.5,25266.0,25271.0,575
2025-10-21T09:05:00Z,25269.5,25279.0,25268.5,25277.75,242
2025-10-21T09:10:00Z,25279.0,25287.75,25274.5,25284.5,424
2025-10-21T09:15:00Z,25284.0,25285.0,25279.5,25280.5,266
2025-10-21T09:20:00Z,25280.0,25283.75,25275.0,25278.5,219
2025-10-21T09:25:00Z,25278.75,25290.0,25278.75,25289.25,399
2025-10-21T09:40:00Z,25283.0,25288.0,25281.5,25286.5,1177
2025-10-21T09:45:00Z,25286.5,25296.0,25285.0,25285.75,335
2025-10-21T09:50:00Z,25286.5,25291.0,25285.25,25285.75,188
2025-10-21T09:55:00Z,25285.5,25285.5,25279.5,25281.5,334
2025-10-21T10:00:00Z,25282.0,25287.0,25278.25,25280.25,334
2025-10-21T10:05:00Z,25279.0,25285.0,25278.25,25279.75,166
2025-10-21T10:10:00Z,25279.25,25280.75,25272.25,25273.0,335
2025-10-21T10:15:00Z,25272.75,25274.25,25264.0,25266.5,363
2025-10-21T10:20:00Z,25266.5,25270.0,25258.75,25267.25,538
2025-10-21T10:25:00Z,25267.75,25275.25,25266.0,25274.5,347
2025-10-21T10:30:00Z,25275.25,25282.0,25271.75,25272.75,476
2025-10-21T10:35:00Z,25272.75,25281.25,25267.25,25276.5,354
2025-10-21T10:40:00Z,25276.0,25277.75,25273.25,25277.5,209
2025-10-21T10:45:00Z,25277.0,25281.25,25273.0,25279.25,200
2025-10-21T10:50:00Z,25280.0,25288.25,25279.75,25286.0,390
2025-10-21T10:55:00Z,25286.5,25287.25,25278.5,25279.25,448
2025-10-21T11:00:00Z,25279.5,25285.25,25274.0,25282.75,427
2025-10-21T11:05:00Z,25282.5,25291.5,25276.0,25277.75,608
2025-10-21T11:10:00Z,25278.0,25295.5,25275.25,25294.5,443
2025-10-21T11:15:00Z,25294.25,25303.5,25294.25,25297.0,913
2025-10-21T11:20:00Z,25296.5,25301.75,25295.25,25298.5,438
2025-10-21T11:25:00Z,25298.5,25305.5,25295.75,25304.0,505
2025-10-21T11:30:00Z,25304.75,25304.75,25285.25,25299.0,1562
2025-10-21T11:35:00Z,25299.25,25301.25,25288.5,25299.5,547
2025-10-21T11:40:00Z,25298.5,25305.25,25295.75,25296.5,410
2025-10-21T11:45:00Z,25296.25,25305.75,25295.25,25302.5,317
2025-10-21T11:50:00Z,25302.0,25306.75,25295.25,25297.0,467
2025-10-21T11:55:00Z,25297.75,25308.5,25297.75,25307.5,405
2025-10-21T12:00:00Z,25306.75,25314.0,25300.0,25302.75,758
2025-10-21T12:05:00Z,25302.75,25307.25,25299.25,25305.25,363
2025-10-21T12:10:00Z,25305.75,25314.25,25305.75,25307.0,729
2025-10-21T12:15:00Z,25307.0,25309.5,25300.75,25309.0,644
2025-10-21T12:20:00Z,25308.75,25315.25,25306.25,25314.75,500
2025-10-21T12:25:00Z,25315.0,25315.25,25303.75,25308.0,554
2025-10-21T12:30:00Z,25307.5,25311.0,25291.0,25291.0,1425
2025-10-21T12:35:00Z,25291.0,25300.0,25291.0,25292.0,675
2025-10-21T12:40:00Z,25292.75,25307.0,25291.5,25305.25,752
2025-10-21T12:45:00Z,25305.75,25310.5,25305.25,25306.0,552
2025-10-21T12:50:00Z,25306.75,25308.0,25295.0,25299.0,695
2025-10-21T12:55:00Z,25298.75,25301.25,25293.25,25298.25,503
2025-10-21T13:00:00Z,25298.5,25305.75,25297.0,25300.75,614
2025-10-21T13:05:00Z,25302.0,25302.75,25287.75,25289.5,1105
2025-10-21T13:10:00Z,25289.0,25290.75,25271.5,25288.5,2417
2025-10-21T13:15:00Z,25289.0,25294.75,25278.5,25280.0,1657
2025-10-21T13:20:00Z,25280.0,25285.75,25275.5,25278.25,2045
2025-10-21T13:25:00Z,25278.75,25301.5,25277.25,25301.5,2581
2025-10-21T13:30:00Z,25301.0,25304.5,25256.0,25280.75,12385
2025-10-21T13:35:00Z,25281.5,25294.0,25269.0,25277.5,7628
2025-10-21T13:40:00Z,25278.75,25283.25,25233.0,25256.0,11411
2025-10-21T13:45:00Z,25256.0,25262.5,25218.25,25240.75,11009
2025-10-21T13:50:00Z,25241.0,25270.75,25238.75,25253.5,7647
2025-10-21T13:55:00Z,25254.0,25254.75,25211.75,25234.75,8498
2025-10-21T14:00:00Z,25235.25,25242.25,25212.25,25225.75,6933
2025-10-21T14:05:00Z,25226.0,25252.5,25220.75,25228.5,5910
2025-10-21T14:10:00Z,25229.0,25254.0,25217.5,25248.5,6075
2025-10-21T14:15:00Z,25248.5,25276.5,25238.25,25272.25,7111
2025-10-21T14:20:00Z,25272.25,25286.0,25258.75,25267.75,6992
2025-10-21T14:25:00Z,25267.75,25267.75,25205.25,25221.25,9155
2025-10-21T14:30:00Z,25220.75,25233.25,25203.25,25232.25,6856
2025-10-21T14:35:00Z,25231.5,25262.0,25230.0,25250.75,5869
2025-10-21T14:40:00Z,25251.25,25267.0,25242.0,25247.25,5305
2025-10-21T14:45:00Z,25247.25,25268.0,25230.25,25259.5,4699
2025-10-21T14:50:00Z,25259.0,25282.5,25254.75,25277.5,4997
2025-10-21T14:55:00Z,25277.0,25301.75,25276.25,25298.0,5821
2025-10-21T15:00:00Z,25297.75,25303.75,25272.0,25276.25,6085
2025-10-21T15:05:00Z,25276.5,25292.5,25269.5,25285.5,5108
2025-10-21T15:10:00Z,25287.0,25300.5,25280.5,25286.25,4399
2025-10-21T15:15:00Z,25285.75,25285.75,25242.0,25271.25,6837
2025-10-21T15:20:00Z,25271.5,25275.0,25257.0,25267.5,3696
2025-10-21T15:25:00Z,25266.75,25282.75,25262.5,25275.5,3417
2025-10-21T15:30:00Z,25275.5,25293.75,25275.0,25289.5,3710
2025-10-21T15:35:00Z,25289.5,25292.25,25257.5,25276.25,5021
2025-10-21T15:40:00Z,25276.5,25292.25,25273.75,25282.25,3746
2025-10-21T15:45:00Z,25281.25,25320.75,25281.0,25308.5,7344
2025-10-21T15:50:00Z,25308.75,25326.75,25307.75,25320.75,5113
2025-10-21T15:55:00Z,25320.75,25324.5,25311.75,25322.75,3924
2025-10-21T16:00:00Z,25322.0,25344.0,25316.0,25331.75,5279
2025-10-21T16:05:00Z,25331.5,25335.0,25318.5,25325.0,2621
2025-10-21T16:10:00Z,25324.5,25331.5,25317.75,25328.0,2233
2025-10-21T16:15:00Z,25328.0,25336.5,25319.75,25320.75,2405
2025-10-21T16:20:00Z,25320.5,25335.5,25315.75,25331.75,2818
2025-10-21T16:25:00Z,25331.75,25337.5,25324.0,25336.25,2032
2025-10-21T16:30:00Z,25336.5,25342.25,25333.5,25340.25,2366
2025-10-21T16:35:00Z,25339.75,25342.0,25328.25,25333.0,2389
2025-10-21T16:40:00Z,25332.5,25337.75,25322.25,25333.0,2357
2025-10-21T16:45:00Z,25332.75,25341.0,25332.75,25337.5,1914
2025-10-21T16:50:00Z,25337.5,25348.5,25290.0,25293.0,9088
2025-10-21T16:55:00Z,25293.5,25303.0,25277.5,25285.5,5205
2025-10-21T17:00:00Z,25285.75,25289.5,25250.0,25269.25,6340
2025-10-21T17:05:00Z,25269.0,25297.25,25260.0,25288.0,4878
2025-10-21T17:10:00Z,25287.75,25309.75,25285.75,25306.75,3160
2025-10-21T17:15:00Z,25306.25,25309.0,25269.0,25276.75,4112
2025-10-21T17:20:00Z,25277.75,25286.5,25258.25,25283.25,3849
2025-10-21T17:25:00Z,25283.25,25285.5,25258.0,25283.75,3041
2025-10-21T17:30:00Z,25283.75,25293.75,25273.5,25284.5,2871
2025-10-21T17:35:00Z,25285.5,25287.75,25272.75,25276.5,2517
2025-10-21T17:40:00Z,25277.75,25304.0,25277.0,25290.5,3104
2025-10-21T17:45:00Z,25290.5,25301.0,25285.0,25300.0,1950
2025-10-21T17:50:00Z,25300.5,25307.75,25294.75,25301.0,1837
2025-10-21T17:55:00Z,25301.25,25317.5,25301.25,25313.25,2525
2025-10-21T18:00:00Z,25313.5,25316.75,25307.0,25312.25,1914
2025-10-21T18:05:00Z,25313.0,25318.5,25309.75,25315.5,1465
2025-10-21T18:10:00Z,25316.25,25318.0,25306.5,25311.0,1583
2025-10-21T18:15:00Z,25311.0,25311.75,25290.0,25297.5,2575
2025-10-21T18:20:00Z,25297.25,25317.0,25291.75,25313.75,3160
2025-10-21T18:25:00Z,25313.5,25327.0,25309.5,25316.25,2627
2025-10-21T18:30:00Z,25316.0,25321.25,25309.5,25318.25,1862
2025-10-21T18:35:00Z,25318.25,25320.75,25307.25,25312.75,1507
2025-10-21T18:40:00Z,25313.25,25313.75,25298.75,25299.5,2146
2025-10-21T18:45:00Z,25300.0,25311.75,25297.0,25308.75,2051
2025-10-21T18:50:00Z,25309.25,25316.0,25302.5,25305.0,1936
2025-10-21T18:55:00Z,25305.25,25314.25,25303.75,25309.75,1639
2025-10-21T19:00:00Z,25309.25,25311.75,25303.5,25305.75,1671
2025-10-21T19:05:00Z,25305.25,25314.0,25300.0,25311.75,2035
2025-10-21T19:10:00Z,25312.5,25315.0,25307.25,25313.0,1372
2025-10-21T19:15:00Z,25313.0,25318.25,25305.0,25316.25,1430
2025-10-21T19:20:00Z,25316.0,25324.25,25314.25,25315.75,1731
2025-10-21T19:25:00Z,25315.0,25319.25,25306.5,25308.75,1867
2025-10-21T19:30:00Z,25308.5,25309.25,25298.75,25305.25,2359
2025-10-21T19:35:00Z,25305.5,25310.25,25300.25,25306.25,1544
2025-10-21T19:40:00Z,25306.25,25312.0,25302.25,25312.0,1498
2025-10-21T19:45:00Z,25311.5,25317.0,25308.5,25315.0,2349
2025-10-21T19:50:00Z,25315.25,25334.25,25311.5,25330.25,5723
2025-10-21T19:55:00Z,25329.75,25329.75,25286.75,25291.5,10709
2025-10-21T20:00:00Z,25291.0,25299.25,25230.0,25249.75,10929
2025-10-21T20:05:00Z,25249.25,25249.5,25232.75,25238.0,3191
2025-10-21T20:10:00Z,25238.5,25246.25,25228.75,25244.5,2520
2025-10-21T20:15:00Z,25245.0,25261.5,25245.0,25251.75,1735
2025-10-21T20:20:00Z,25252.25,25255.5,25247.25,25251.25,693
2025-10-21T20:25:00Z,25252.0,25258.25,25249.25,25258.25,781
2025-10-21T20:30:00Z,25257.5,25264.75,25255.0,25259.0,926
2025-10-21T20:35:00Z,25259.25,25267.75,25258.25,25267.25,635
2025-10-21T20:40:00Z,25267.25,25272.5,25264.25,25266.0,708
2025-10-21T20:45:00Z,25266.5,25269.25,25260.75,25262.25,664
2025-10-21T20:50:00Z,25262.5,25269.25,25256.5,25269.0,577
2025-10-21T20:55:00Z,25269.0,25269.0,25264.0,25265.25,478
2025-10-21T22:00:00Z,25283.75,25285.5,25263.0,25267.5,0
2025-10-21T22:05:00Z,25267.75,25269.25,25258.0,25260.25,503
2025-10-21T22:10:00Z,25260.5,25264.5,25257.75,25262.0,210
2025-10-21T22:15:00Z,25261.75,25275.0,25261.75,25271.25,385
2025-10-21T22:20:00Z,25271.75,25272.75,25264.0,25266.0,288
2025-10-21T22:25:00Z,25266.25,25276.75,25265.25,25274.75,252
2025-10-21T22:30:00Z,25275.5,25279.0,25263.75,25272.0,307
2025-10-21T22:35:00Z,25272.5,25273.5,25266.5,25268.5,228
2025-10-21T22:40:00Z,25268.25,25272.5,25267.0,25268.0,112
2025-10-21T22:45:00Z,25268.0,25270.75,25264.0,25270.75,138
2025-10-21T22:50:00Z,25270.75,25270.75,25264.0,25265.5,116
2025-10-21T22:55:00Z,25264.5,25272.75,25262.25,25270.5,171
2025-10-21T23:00:00Z,25271.0,25271.75,25252.5,25253.75,515
2025-10-21T23:05:00Z,25254.5,25256.25,25246.75,25249.5,292
2025-10-21T23:10:00Z,25250.0,25256.5,25248.5,25252.75,124
2025-10-21T23:15:00Z,25253.75,25258.5,25251.25,25252.75,217
2025-10-21T23:20:00Z,25252.75,25266.75,25249.0,25264.5,427
2025-10-21T23:25:00Z,25263.75,25268.5,25254.5,25255.25,196
2025-10-21T23:30:00Z,25255.25,25257.0,25249.75,25251.0,191
2025-10-21T23:35:00Z,25252.25,25255.0,25250.0,25250.0,151
2025-10-21T23:40:00Z,25251.0,25252.0,25247.5,25249.75,138
2025-10-21T23:45:00Z,25251.0,25253.75,25240.25,25243.5,430
2025-10-21T23:50:00Z,25245.0,25246.0,25241.5,25245.0,124
2025-10-21T23:55:00Z,25245.5,25251.0,25244.5,25245.75,222
2025-10-22T00:00:00Z,25246.5,25255.75,25238.0,25253.5,514
2025-10-22T00:05:00Z,25253.5,25255.0,25229.25,25236.75,673
2025-10-22T00:10:00Z,25235.75,25253.5,25234.75,25247.0,456
2025-10-22T00:15:00Z,25246.75,25247.5,25229.0,25232.5,565
2025-10-22T00:20:00Z,25232.75,25237.5,25227.0,25236.75,390
2025-10-22T00:25:00Z,25236.0,25243.0,25232.75,25239.0,375
2025-10-22T00:30:00Z,25240.25,25244.75,25234.0,25237.75,399
2025-10-22T00:35:00Z,25238.75,25242.5,25231.5,25233.5,357
2025-10-22T00:40:00Z,25232.75,25232.75,25223.0,25223.0,505
2025-10-22T00:45:00Z,25224.0,25230.75,25223.5,25228.75,348
2025-10-22T00:50:00Z,25230.25,25230.25,25221.0,25228.25,340
2025-10-22T00:55:00Z,25227.5,25230.25,25222.75,25225.0,274
2025-10-22T01:00:00Z,25225.5,25231.0,25214.5,25227.5,547
2025-10-22T01:05:00Z,25228.25,25238.25,25227.5,25233.5,449
2025-10-22T01:10:00Z,25234.0,25245.0,25234.0,25242.0,321
2025-10-22T01:15:00Z,25240.75,25245.25,25236.0,25237.0,340
2025-10-22T01:20:00Z,25237.75,25247.0,25236.0,25242.5,259
2025-10-22T01:25:00Z,25242.25,25248.5,25242.25,25245.75,203
2025-10-22T01:30:00Z,25244.75,25248.75,25241.0,25247.0,297
2025-10-22T01:35:00Z,25247.5,25250.0,25239.5,25244.25,183
2025-10-22T01:40:00Z,25243.0,25245.75,25240.75,25245.25,94
2025-10-22T01:45:00Z,25245.0,25252.75,25242.0,25250.5,181
2025-10-22T01:50:00Z,25250.75,25255.0,25249.75,25254.75,181
2025-10-22T01:55:00Z,25254.0,25268.75,25253.5,25266.0,604
2025-10-22T02:00:00Z,25266.0,25267.0,25254.5,25255.5,294
2025-10-22T02:05:00Z,25254.75,25272.5,25253.0,25267.25,365
2025-10-22T02:10:00Z,25268.5,25274.0,25267.0,25273.0,193
2025-10-22T02:15:00Z,25272.25,25276.0,25270.0,25274.25,334
2025-10-22T02:20:00Z,25274.25,25280.75,25272.5,25279.25,199
2025-10-22T02:25:00Z,25280.0,25282.0,25275.75,25281.75,389
2025-10-22T02:30:00Z,25282.0,25282.25,25277.0,25279.0,151
2025-10-22T02:35:00Z,25279.25,25279.25,25271.75,25272.0,190
2025-10-22T02:40:00Z,25272.25,25275.25,25271.0,25275.25,144
2025-10-22T02:45:00Z,25275.25,25276.0,25271.0,25272.75,121
2025-10-22T02:50:00Z,25272.75,25273.25,25270.25,25271.5,83
2025-10-22T02:55:00Z,25270.75,25274.25,25269.5,25273.25,88
2025-10-22T03:00:00Z,25273.0,25274.25,25262.0,25264.75,227
2025-10-22T03:05:00Z,25264.0,25266.25,25258.5,25260.75,192
2025-10-22T03:10:00Z,25260.0,25262.5,25257.25,25259.5,158
2025-10-22T03:15:00Z,25259.25,25262.5,25249.25,25249.25,209
2025-10-22T03:20:00Z,25249.5,25260.0,25246.0,25259.5,329
2025-10-22T03:25:00Z,25259.25,25259.25,25250.25,25252.25,156
2025-10-22T03:30:00Z,25252.75,25256.5,25247.25,25247.75,191
2025-10-22T03:35:00Z,25245.25,25250.0,25244.0,25248.5,218
2025-10-22T03:40:00Z,25249.25,25250.75,25245.75,25250.0,184
2025-10-22T03:45:00Z,25250.75,25258.5,25250.0,25257.25,224
2025-10-22T03:50:00Z,25257.25,25264.75,25257.25,25264.5,271
2025-10-22T03:55:00Z,25265.0,25290.0,25265.0,25289.75,665
2025-10-22T04:05:00Z,25316.75,25323.5,25316.75,25323.0,2048
2025-10-22T04:10:00Z,25323.25,25331.75,25318.75,25320.0,566
2025-10-22T04:15:00Z,25320.5,25327.5,25318.5,25327.5,229
2025-10-22T04:20:00Z,25329.0,25333.0,25325.0,25326.0,411
2025-10-22T04:25:00Z,25324.5,25324.5,25319.25,25320.0,170
2025-10-22T04:30:00Z,25319.25,25323.5,25318.0,25320.25,134
2025-10-22T04:35:00Z,25320.75,25322.75,25318.5,25318.5,116
2025-10-22T04:40:00Z,25318.0,25325.5,25317.5,25323.25,159
2025-10-22T04:45:00Z,25322.75,25324.0,25311.75,25313.75,308
2025-10-22T04:50:00Z,25313.25,25321.75,25310.75,25313.0,356
2025-10-22T04:55:00Z,25313.5,25322.5,25313.5,25317.0,225
2025-10-22T05:00:00Z,25317.5,25323.75,25314.25,25322.25,183
2025-10-22T05:05:00Z,25321.75,25325.0,25318.0,25321.25,150
2025-10-22T05:10:00Z,25321.75,25326.0,25321.0,25322.0,176
2025-10-22T05:15:00Z,25322.75,25323.5,25312.75,25317.0,269
2025-10-22T05:20:00Z,25317.0,25322.0,25313.25,25317.25,300
2025-10-22T05:25:00Z,25316.25,25317.75,25303.25,25311.75,440
2025-10-22T05:30:00Z,25311.75,25316.5,25309.75,25313.75,189
2025-10-22T05:35:00Z,25313.25,25314.25,25302.75,25304.0,213
2025-10-22T05:40:00Z,25303.5,25307.0,25298.0,25299.0,214
2025-10-22T05:45:00Z,25298.75,25310.75,25298.75,25310.5,225
2025-10-22T05:50:00Z,25311.25,25313.0,25305.75,25307.25,192
2025-10-22T05:55:00Z,25307.25,25312.75,25299.5,25307.5,288
2025-10-22T06:00:00Z,25308.75,25309.5,25294.0,25304.25,428
2025-10-22T06:05:00Z,25305.75,25314.0,25305.5,25311.5,229
2025-10-22T06:10:00Z,25311.75,25324.5,25310.25,25321.25,403
2025-10-22T06:15:00Z,25322.25,25324.25,25318.0,25320.75,228
2025-10-22T06:20:00Z,25321.0,25325.0,25317.0,25319.5,244
2025-10-22T06:25:00Z,25318.25,25330.5,25316.5,25317.0,704
2025-10-22T06:30:00Z,25318.0,25318.5,25306.75,25312.5,518
2025-10-22T06:35:00Z,25313.0,25328.5,25311.5,25326.75,318
2025-10-22T06:40:00Z,25327.0,25337.25,25327.0,25333.5,337
2025-10-22T06:45:00Z,25333.5,25338.25,25324.0,25327.75,492
2025-10-22T06:50:00Z,25329.0,25332.75,25323.0,25326.25,248
2025-10-22T06:55:00Z,25327.0,25330.0,25317.5,25318.0,236
2025-10-22T07:00:00Z,25318.5,25321.0,25285.0,25292.25,1210
2025-10-22T07:05:00Z,25291.25,25291.5,25277.5,25288.25,879
2025-10-22T07:10:00Z,25289.5,25294.5,25275.75,25280.0,630
2025-10-22T07:15:00Z,25279.25,25291.0,25270.0,25289.75,839
2025-10-22T07:20:00Z,25288.0,25293.5,25282.75,25292.25,371
2025-10-22T07:25:00Z,25293.0,25302.75,25292.75,25301.5,459
2025-10-22T07:30:00Z,25302.75,25303.0,25302.75,25303.0,7
2025-10-22T07:40:00Z,25300.80078125,25306.25,25293.25,25295.75,1021
2025-10-22T07:45:00Z,25295.75,25300.5,25293.25,25297.0,341
2025-10-22T07:50:00Z,25297.25,25304.0,25295.75,25299.0,333
2025-10-22T07:55:00Z,25299.0,25300.5,25296.25,25298.5,261
2025-10-22T08:00:00Z,25297.5,25298.75,25285.75,25291.25,523
2025-10-22T08:05:00Z,25290.75,25293.25,25279.5,25281.25,415
2025-10-22T08:10:00Z,25281.0,25281.25,25262.75,25268.0,528
2025-10-22T08:15:00Z,25269.0,25269.25,25255.25,25265.25,635
2025-10-22T08:20:00Z,25264.75,25268.25,25256.0,25268.0,491
2025-10-22T08:25:00Z,25266.5,25269.0,25260.75,25267.5,248
2025-10-22T08:30:00Z,25267.75,25275.5,25261.25,25268.25,531
2025-10-22T08:35:00Z,25267.5,25273.0,25265.75,25266.0,313
2025-10-22T08:40:00Z,25265.75,25266.5,25255.0,25260.75,276
2025-10-22T08:45:00Z,25260.0,25268.5,25259.25,25266.75,215
2025-10-22T08:50:00Z,25265.75,25266.75,25251.25,25259.0,303
2025-10-22T08:55:00Z,25259.5,25274.0,25258.5,25267.25,442
2025-10-22T09:00:00Z,25267.0,25267.25,25253.25,25258.25,359
2025-10-22T09:05:00Z,25257.75,25258.0,25245.75,25252.25,365
2025-10-22T09:10:00Z,25251.5,25252.75,25237.5,25246.5,720
2025-10-22T09:15:00Z,25246.0,25246.5,25231.5,25239.75,506
2025-10-22T09:20:00Z,25239.0,25256.5,25239.0,25254.25,497
2025-10-22T09:25:00Z,25254.75,25262.25,25251.0,25257.75,583
2025-10-22T09:30:00Z,25257.75,25260.0,25245.75,25259.25,567
2025-10-22T09:35:00Z,25259.0,25268.0,25258.25,25260.0,419
2025-10-22T09:40:00Z,25260.5,25265.5,25252.75,25252.75,286
2025-10-22T09:45:00Z,25253.5,25256.25,25246.5,25249.75,299
2025-10-22T09:50:00Z,25250.0,25261.5,25250.0,25259.75,184
2025-10-22T09:55:00Z,25260.5,25274.0,25259.75,25271.5,715
2025-10-22T10:00:00Z,25272.0,25273.5,25264.0,25270.0,387
2025-10-22T10:05:00Z,25270.0,25271.25,25263.5,25268.75,284
2025-10-22T10:10:00Z,25270.75,25274.0,25267.5,25271.0,171
2025-10-22T10:15:00Z,25271.0,25284.0,25270.0,25276.5,620
2025-10-22T10:20:00Z,25277.5,25289.25,25277.0,25286.75,354
2025-10-22T10:25:00Z,25287.25,25289.0,25282.0,25285.75,216
2025-10-22T10:30:00Z,25285.25,25290.5,25282.5,25287.25,610
2025-10-22T10:35:00Z,25287.5,25291.0,25282.5,25289.75,221
2025-10-22T10:40:00Z,25289.25,25305.5,25289.25,25304.25,911
2025-10-22T10:45:00Z,25304.75,25305.0,25297.75,25301.25,532
2025-10-22T10:50:00Z,25301.75,25302.75,25291.5,25297.0,349
2025-10-22T10:55:00Z,25297.25,25298.5,25284.0,25286.25,584
2025-10-22T11:00:00Z,25286.5,25290.5,25260.75,25265.25,1225
2025-10-22T11:05:00Z,25265.5,25267.0,25236.75,25237.75,1033
2025-10-22T11:10:00Z,25237.75,25252.5,25227.5,25250.25,1357
2025-10-22T11:15:00Z,25248.5,25255.75,25229.5,25252.25,1199
2025-10-22T11:20:00Z,25251.75,25261.0,25244.25,25260.25,689
2025-10-22T11:25:00Z,25260.5,25260.75,25236.0,25236.25,906
2025-10-22T11:30:00Z,25237.0,25247.25,25225.0,25236.25,1036
2025-10-22T11:35:00Z,25235.5,25235.5,25216.75,25218.25,910
2025-10-22T11:40:00Z,25217.25,25227.0,25207.5,25216.0,992
2025-10-22T11:45:00Z,25216.0,25222.25,25206.5,25216.5,868
2025-10-22T11:50:00Z,25216.25,25237.25,25214.0,25236.0,854
2025-10-22T11:55:00Z,25236.25,25240.75,25219.75,25225.0,780
2025-10-22T12:00:00Z,25224.75,25252.0,25218.25,25239.0,1807
2025-10-22T12:05:00Z,25237.0,25251.75,25233.25,25245.75,694
2025-10-22T12:10:00Z,25246.0,25256.75,25243.75,25251.5,590
2025-10-22T12:15:00Z,25252.0,25263.25,25248.5,25259.75,921
2025-10-22T12:20:00Z,25260.0,25263.0,25251.5,25255.0,423
2025-10-22T12:25:00Z,25254.0,25256.0,25247.5,25253.5,334
2025-10-22T12:30:00Z,25254.0,25264.75,25242.75,25257.0,979
2025-10-22T12:35:00Z,25257.5,25260.0,25244.25,25245.5,538
2025-10-22T12:40:00Z,25245.75,25263.25,25244.5,25262.0,825
2025-10-22T12:45:00Z,25263.0,25265.5,25257.0,25258.75,581
2025-10-22T12:50:00Z,25258.5,25267.5,25258.25,25265.75,515
2025-10-22T12:55:00Z,25265.5,25268.25,25258.0,25260.5,566
2025-10-22T13:00:00Z,25260.75,25265.25,25252.75,25254.75,796
2025-10-22T13:05:00Z,25254.25,25260.0,25250.0,25258.75,703
2025-10-22T13:10:00Z,25259.0,25275.75,25257.75,25272.75,1039
2025-10-22T13:15:00Z,25273.25,25278.5,25270.5,25276.25,868
2025-10-22T13:20:00Z,25276.0,25276.25,25268.5,25272.0,939
2025-10-22T13:25:00Z,25272.5,25273.25,25261.5,25265.25,1764
2025-10-22T13:30:00Z,25265.5,25271.25,25179.25,25184.5,17057
2025-10-22T13:35:00Z,25184.75,25226.5,25172.25,25225.25,11898
2025-10-22T13:40:00Z,25225.5,25264.5,25223.0,25259.5,10809
2025-10-22T13:45:00Z,25260.0,25261.5,25236.5,25256.0,7505
2025-10-22T13:50:00Z,25255.25,25289.25,25248.0,25280.25,7930
2025-10-22T13:55:00Z,25280.5,25282.5,25251.0,25257.5,7211
2025-10-22T14:00:00Z,25258.0,25280.75,25248.25,25250.5,7183
2025-10-22T14:05:00Z,25250.75,25269.5,25242.5,25254.0,5632
2025-10-22T14:10:00Z,25253.75,25256.75,25209.75,25211.25,9528
2025-10-22T14:15:00Z,25211.0,25245.0,25190.0,25237.25,10034
2025-10-22T14:20:00Z,25238.25,25240.25,25187.5,25194.0,9321
2025-10-22T14:25:00Z,25194.5,25207.0,25114.25,25125.0,14552
2025-10-22T14:30:00Z,25125.25,25142.25,25088.75,25117.5,16224
2025-10-22T14:35:00Z,25118.5,25124.5,25086.75,25093.25,11245
2025-10-22T14:40:00Z,25093.5,25118.75,25071.5,25073.75,10118
2025-10-22T14:45:00Z,25074.0,25112.0,25050.5,25107.75,12673
2025-10-22T14:50:00Z,25108.75,25139.0,25108.5,25132.75,10264
2025-10-22T14:55:00Z,25132.5,25176.5,25111.75,25173.0,9405
2025-10-22T15:00:00Z,25173.75,25192.25,25161.75,25178.25,8683
2025-10-22T15:05:00Z,25178.75,25185.5,25153.25,25160.5,5315
2025-10-22T15:10:00Z,25159.0,25159.25,25120.75,25142.0,7436
2025-10-22T15:15:00Z,25140.75,25154.0,25115.5,25120.25,5409
2025-10-22T15:20:00Z,25121.0,25125.5,25027.75,25058.5,13594
2025-10-22T15:25:00Z,25057.75,25071.75,25023.5,25028.0,7641
2025-10-22T15:30:00Z,25028.25,25059.0,25003.25,25031.75,10356
2025-10-22T15:35:00Z,25032.25,25043.75,25009.0,25038.5,7264
2025-10-22T15:40:00Z,25036.75,25074.0,25027.0,25061.0,6924
2025-10-22T15:45:00Z,25061.5,25105.25,25060.25,25102.25,5868
2025-10-22T15:50:00Z,25102.5,25126.0,25097.25,25116.75,7166
2025-10-22T15:55:00Z,25117.75,25131.75,25093.5,25100.25,6075
2025-10-22T16:00:00Z,25101.0,25110.0,25057.75,25073.5,6359
2025-10-22T16:05:00Z,25073.0,25096.5,25063.5,25072.5,4463
2025-10-22T16:10:00Z,25071.75,25076.5,25045.25,25065.25,4852
2025-10-22T16:15:00Z,25066.25,25090.25,25061.75,25066.0,4457
2025-10-22T16:20:00Z,25066.5,25068.75,25007.25,25022.75,6567
2025-10-22T16:25:00Z,25023.25,25050.5,25018.75,25028.75,4901
2025-10-22T16:30:00Z,25028.25,25052.5,24867.0,24999.75,29589
2025-10-22T16:35:00Z,24999.5,25016.75,24973.25,24997.0,10595
2025-10-22T16:40:00Z,24999.75,25021.5,24969.75,24990.25,6370
2025-10-22T16:45:00Z,24991.25,25023.75,24961.75,24971.5,6281
2025-10-22T16:50:00Z,24972.0,25014.25,24951.75,25010.75,6614
2025-10-22T16:55:00Z,25010.0,25036.5,24984.25,24992.75,8089
2025-10-22T17:00:00Z,24991.5,25011.25,24960.25,24969.0,5044
2025-10-22T17:05:00Z,24968.5,24986.5,24947.25,24984.25,5001
2025-10-22T17:10:00Z,24984.0,24989.5,24932.0,24933.5,6550
2025-10-22T17:15:00Z,24933.0,24942.0,24913.25,24920.0,7540
2025-10-22T17:20:00Z,24919.75,24922.5,24883.5,24888.25,5100
2025-10-22T17:25:00Z,24889.0,24915.5,24875.75,24909.25,5874
2025-10-22T17:30:00Z,24909.25,24923.5,24886.25,24920.75,4794
2025-10-22T17:35:00Z,24919.75,24927.5,24853.25,24855.0,6960
2025-10-22T17:40:00Z,24855.75,24863.25,24820.5,24829.75,7093
2025-10-22T17:45:00Z,24830.5,24872.75,24826.75,24867.5,6459
2025-10-22T17:50:00Z,24867.0,24870.25,24804.75,24810.5,6292
2025-10-22T17:55:00Z,24810.5,24874.25,24810.25,24874.0,5511
2025-10-22T18:00:00Z,24873.75,24911.25,24869.0,24884.25,7730
2025-10-22T18:05:00Z,24883.75,24908.5,24878.5,24883.5,4378
2025-10-22T18:10:00Z,24883.5,24899.0,24853.75,24858.25,4398
2025-10-22T18:15:00Z,24858.25,24862.75,24827.0,24855.5,5336
2025-10-22T18:20:00Z,24855.5,24937.5,24854.25,24934.25,7126
2025-10-22T18:25:00Z,24934.75,24944.0,24903.0,24916.25,4633
2025-10-22T18:30:00Z,24916.0,24923.25,24889.25,24912.25,5040
2025-10-22T18:35:00Z,24913.0,24934.0,24901.5,24929.0,3805
2025-10-22T18:40:00Z,24927.5,24947.25,24895.25,24931.75,5383
2025-10-22T18:45:00Z,24931.0,24946.0,24922.75,24938.0,4184
2025-10-22T18:50:00Z,24937.0,24938.0,24903.0,24925.75,5926
2025-10-22T18:55:00Z,24925.75,24960.0,24920.75,24957.5,6032
2025-10-22T19:00:00Z,24957.75,24968.5,24923.25,24953.75,7291
2025-10-22T19:05:00Z,24953.0,25003.75,24947.75,24994.75,7037
2025-10-22T19:10:00Z,24995.25,25009.75,24975.0,24981.0,5107
2025-10-22T19:15:00Z,24980.25,25004.25,24980.25,25003.25,3449
2025-10-22T19:20:00Z,25003.5,25016.0,24984.0,24994.5,4848
2025-10-22T19:25:00Z,24994.25,25017.5,24990.75,25009.25,3092
2025-10-22T19:30:00Z,25009.5,25034.75,25008.0,25023.0,4179
2025-10-22T19:35:00Z,25023.25,25054.25,25012.75,25051.25,5060
2025-10-22T19:40:00Z,25051.25,25058.0,25023.5,25026.0,4893
2025-10-22T19:45:00Z,25026.25,25036.25,25010.5,25031.0,4642
2025-10-22T19:50:00Z,25029.75,25047.75,25017.25,25028.75,6155
2025-10-22T19:55:00Z,25028.5,25047.0,25019.0,25040.5,12876
2025-10-22T20:00:00Z,25041.0,25073.0,25031.25,25050.5,6161
2025-10-22T20:05:00Z,25052.25,25076.5,25043.5,25068.0,3415
2025-10-22T20:10:00Z,25067.25,25073.75,25049.25,25054.25,1706
2025-10-22T20:15:00Z,25054.0,25056.0,25038.0,25039.0,1202
2025-10-22T20:20:00Z,25039.25,25045.75,25026.5,25029.0,1085
2025-10-22T20:25:00Z,25029.0,25039.75,25024.0,25029.75,932
2025-10-22T20:30:00Z,25030.0,25042.25,25023.5,25036.75,690
2025-10-22T20:35:00Z,25036.5,25043.75,25031.5,25040.25,477
2025-10-22T20:40:00Z,25039.5,25046.0,25034.5,25044.0,639
2025-10-22T20:45:00Z,25044.5,25045.75,25037.25,25042.0,533
2025-10-22T20:50:00Z,25041.75,25048.0,25035.0,25036.25,356
2025-10-22T20:55:00Z,25036.0,25040.5,25033.5,25040.0,633
2025-10-22T22:00:00Z,25012.25,25026.75,25000.25,25021.75,0
2025-10-22T22:05:00Z,25021.5,25027.75,25014.25,25016.0,444
2025-10-22T22:10:00Z,25017.25,25040.5,25015.0,25040.5,458
2025-10-22T22:15:00Z,25040.75,25058.5,25039.75,25052.75,750
2025-10-22T22:20:00Z,25052.0,25059.5,25037.0,25038.25,418
2025-10-22T22:25:00Z,25037.5,25043.75,25034.0,25040.0,238
2025-10-22T22:30:00Z,25039.75,25046.75,25034.25,25045.25,267
2025-10-22T22:35:00Z,25044.5,25049.5,25037.5,25039.75,392
2025-10-22T22:40:00Z,25039.5,25046.25,25038.0,25044.0,204
2025-10-22T22:45:00Z,25043.25,25056.25,25042.5,25052.5,378
2025-10-22T22:50:00Z,25051.5,25053.5,25038.5,25046.25,291
2025-10-22T22:55:00Z,25046.25,25048.75,25042.25,25044.5,163
2025-10-22T23:00:00Z,25044.25,25053.0,25039.0,25052.0,242
2025-10-22T23:05:00Z,25052.75,25064.5,25052.75,25062.5,487
2025-10-22T23:10:00Z,25063.25,25063.25,25055.0,25056.75,207
2025-10-22T23:15:00Z,25056.0,25057.75,25044.0,25045.75,345
2025-10-22T23:20:00Z,25044.5,25055.0,25042.25,25051.5,333
2025-10-22T23:25:00Z,25051.75,25052.0,25044.0,25044.25,95
2025-10-22T23:30:00Z,25044.75,25050.0,25042.0,25043.75,228
2025-10-22T23:35:00Z,25043.5,25044.75,25026.0,25032.75,526
2025-10-22T23:40:00Z,25033.0,25034.0,25026.75,25029.75,256
2025-10-22T23:45:00Z,25028.5,25032.25,25020.75,25026.0,321
2025-10-22T23:50:00Z,25025.75,25027.75,25010.75,25011.25,377
2025-10-22T23:55:00Z,25011.0,25012.75,24992.0,24997.0,780
2025-10-23T00:00:00Z,24996.0,24996.5,24951.25,24965.75,1601
2025-10-23T00:05:00Z,24966.0,24995.5,24965.25,24993.0,990
2025-10-23T00:10:00Z,24993.0,25006.5,24991.25,25003.5,648
2025-10-23T00:15:00Z,25002.5,25026.5,25002.5,25025.25,750
2025-10-23T00:20:00Z,25026.5,25028.0,25015.5,25026.75,606
2025-10-23T00:25:00Z,25027.0,25030.5,25016.75,25027.5,455
2025-10-23T00:30:00Z,25027.5,25045.25,25023.25,25028.75,817
2025-10-23T00:35:00Z,25029.75,25035.0,25021.25,25027.0,354
2025-10-23T00:40:00Z,25027.0,25030.25,25014.0,25022.75,361
2025-10-23T00:45:00Z,25023.75,25024.5,25015.5,25019.75,327
2025-10-23T00:50:00Z,25018.75,25047.5,25018.25,25041.25,685
2025-10-23T00:55:00Z,25042.0,25055.0,25039.25,25048.5,633
2025-10-23T01:00:00Z,25048.25,25056.75,25047.25,25055.5,429
2025-10-23T01:05:00Z,25054.0,25061.75,25050.75,25054.5,351
2025-10-23T01:10:00Z,25054.0,25069.0,25052.5,25065.0,459
2025-10-23T01:15:00Z,25064.25,25076.75,25063.5,25069.75,445
2025-10-23T01:20:00Z,25069.25,25081.0,25069.25,25073.0,676
2025-10-23T01:25:00Z,25072.75,25077.25,25068.25,25072.0,272
2025-10-23T01:30:00Z,25070.25,25101.25,25069.75,25098.75,905
2025-10-23T01:35:00Z,25098.5,25105.0,25092.5,25094.5,680
2025-10-23T01:40:00Z,25095.0,25103.25,25089.5,25095.0,561
2025-10-23T01:45:00Z,25093.25,25096.25,25086.75,25086.75,302
2025-10-23T01:50:00Z,25086.75,25095.5,25084.25,25092.5,348
2025-10-23T01:55:00Z,25092.0,25099.0,25091.0,25099.0,200
2025-10-23T02:00:00Z,25099.25,25106.5,25095.0,25102.0,579
2025-10-23T02:05:00Z,25102.5,25103.75,25095.25,25097.5,253
2025-10-23T02:10:00Z,25096.0,25099.0,25091.5,25091.75,169
2025-10-23T02:15:00Z,25092.25,25105.0,25090.25,25103.0,272
2025-10-23T02:20:00Z,25103.0,25107.5,25098.0,25098.75,236
2025-10-23T02:25:00Z,25098.0,25104.5,25096.75,25103.0,177
2025-10-23T02:30:00Z,25102.0,25107.25,25101.0,25102.0,194
2025-10-23T02:35:00Z,25102.5,25103.5,25095.5,25100.5,207
2025-10-23T02:40:00Z,25100.0,25103.0,25098.25,25102.0,150
2025-10-23T02:45:00Z,25103.0,25108.75,25101.25,25107.0,195
2025-10-23T02:50:00Z,25107.25,25111.5,25104.75,25106.0,238
2025-10-23T02:55:00Z,25107.75,25108.0,25098.0,25099.0,203
2025-10-23T03:00:00Z,25100.0,25103.0,25099.0,25099.0,244
2025-10-23T03:05:00Z,25099.75,25109.75,25098.0,25104.5,225
2025-10-23T03:10:00Z,25105.25,25111.0,25105.0,25109.75,210
2025-10-23T03:15:00Z,25109.75,25113.25,25104.25,25108.0,284
2025-10-23T03:20:00Z,25108.25,25113.0,25105.25,25106.75,206
2025-10-23T03:25:00Z,25105.75,25106.5,25089.75,25090.75,616
2025-10-23T03:30:00Z,25091.25,25095.75,25088.0,25094.75,302
2025-10-23T03:35:00Z,25094.75,25099.5,25089.75,25090.75,291
2025-10-23T03:40:00Z,25090.25,25090.5,25074.25,25087.0,714
2025-10-23T03:45:00Z,25088.0,25090.0,25080.0,25084.25,310
2025-10-23T03:50:00Z,25085.0,25092.5,25082.25,25092.5,339
2025-10-23T03:55:00Z,25092.5,25093.5,25080.0,25083.5,377
2025-10-23T04:05:00Z,25085.75,25085.75,25078.25,25081.25,611
2025-10-23T04:10:00Z,25082.0,25085.25,25071.0,25072.5,386
2025-10-23T04:15:00Z,25072.75,25074.25,25062.0,25069.0,417
2025-10-23T04:20:00Z,25069.75,25087.75,25069.5,25086.75,280
2025-10-23T04:25:00Z,25086.0,25087.75,25080.0,25080.75,159
2025-10-23T04:30:00Z,25081.25,25082.5,25062.0,25066.75,502
2025-10-23T04:35:00Z,25067.5,25075.75,25066.25,25074.5,196
2025-10-23T04:40:00Z,25073.5,25073.5,25063.75,25067.0,130
2025-10-23T04:45:00Z,25067.5,25070.5,25065.0,25069.0,158
2025-10-23T04:50:00Z,25067.75,25075.25,25064.0,25073.75,111
2025-10-23T04:55:00Z,25072.0,25074.5,25069.0,25071.25,148
2025-10-23T05:00:00Z,25072.75,25078.5,25069.75,25070.25,175
2025-10-23T05:05:00Z,25072.5,25072.75,25066.0,25067.0,113
2025-10-23T05:10:00Z,25067.25,25073.5,25064.75,25073.5,96
2025-10-23T05:15:00Z,25072.75,25073.25,25064.5,25064.5,174
2025-10-23T05:20:00Z,25064.5,25066.0,25055.0,25058.0,355
2025-10-23T05:25:00Z,25057.25,25067.5,25053.75,25065.5,257
2025-10-23T05:30:00Z,25064.75,25077.0,25061.5,25072.5,288
2025-10-23T05:35:00Z,25072.0,25073.75,25065.25,25067.0,156
2025-10-23T05:40:00Z,25066.5,25072.0,25066.0,25071.25,149
2025-10-23T05:45:00Z,25070.75,25075.5,25068.75,25069.25,147
2025-10-23T05:50:00Z,25070.25,25088.5,25067.75,25086.0,367
2025-10-23T05:55:00Z,25086.0,25093.5,25078.75,25091.0,495
2025-10-23T06:00:00Z,25090.5,25094.0,25086.75,25090.25,333
2025-10-23T06:05:00Z,25090.25,25096.75,25089.25,25092.5,293
2025-10-23T06:10:00Z,25091.75,25093.0,25075.25,25081.25,455
2025-10-23T06:15:00Z,25081.0,25086.75,25078.75,25080.5,262
2025-10-23T06:20:00Z,25080.75,25094.0,25079.5,25090.5,388
2025-10-23T06:25:00Z,25090.5,25096.25,25083.25,25084.5,244
2025-10-23T06:30:00Z,25085.75,25096.25,25077.25,25077.5,344
2025-10-23T06:35:00Z,25077.0,25092.75,25077.0,25087.75,241
2025-10-23T06:40:00Z,25087.0,25093.5,25085.25,25092.25,259
2025-10-23T06:45:00Z,25093.5,25111.25,25092.0,25105.75,769
2025-10-23T06:50:00Z,25105.5,25112.25,25103.0,25103.0,359
2025-10-23T06:55:00Z,25102.0,25107.0,25099.5,25104.75,311
2025-10-23T07:00:00Z,25104.5,25117.25,25102.75,25113.25,705
2025-10-23T07:05:00Z,25112.75,25115.5,25108.0,25114.5,462
2025-10-23T07:10:00Z,25114.5,25128.0,25114.5,25120.5,696
2025-10-23T07:15:00Z,25119.25,25121.0,25091.25,25092.25,820
2025-10-23T07:20:00Z,25092.5,25099.5,25082.0,25082.0,650
2025-10-23T07:25:00Z,25082.25,25088.0,25069.0,25086.75,610
2025-10-23T07:30:00Z,25088.0,25088.0,25088.0,25088.0,4
2025-10-23T07:40:00Z,25085.19921875,25101.25,25081.25,25093.25,1440
2025-10-23T07:45:00Z,25093.0,25102.0,25089.25,25093.0,441
2025-10-23T07:50:00Z,25093.5,25097.25,25088.0,25090.25,263
2025-10-23T07:55:00Z,25090.25,25092.5,25085.5,25092.25,254
2025-10-23T08:00:00Z,25091.75,25099.75,25089.75,25093.75,416
2025-10-23T08:05:00Z,25095.0,25115.5,25095.0,25096.25,740
2025-10-23T08:10:00Z,25097.25,25105.75,25087.5,25096.0,685
2025-10-23T08:15:00Z,25096.75,25102.0,25094.5,25098.25,242
2025-10-23T08:20:00Z,25098.5,25101.0,25089.0,25095.75,394
2025-10-23T08:25:00Z,25094.0,25096.5,25090.0,25091.25,175
2025-10-23T08:30:00Z,25090.75,25100.25,25090.75,25100.0,257
2025-10-23T08:35:00Z,25099.75,25102.25,25091.75,25095.75,285
2025-10-23T08:40:00Z,25093.5,25094.75,25084.0,25088.0,292
2025-10-23T08:45:00Z,25089.0,25089.75,25069.5,25085.25,717
2025-10-23T08:50:00Z,25084.75,25089.25,25071.25,25072.75,398
2025-10-23T08:55:00Z,25074.5,25086.25,25072.5,25084.75,283
2025-10-23T09:00:00Z,25083.75,25092.5,25080.5,25088.75,356
2025-10-23T09:05:00Z,25088.75,25090.0,25078.5,25079.0,215
2025-10-23T09:10:00Z,25079.0,25079.0,25045.0,25065.5,1280
2025-10-23T09:15:00Z,25065.5,25065.5,25051.0,25051.5,827
2025-10-23T09:20:00Z,25051.0,25051.0,25030.0,25033.5,1366
2025-10-23T09:25:00Z,25033.75,25053.75,25031.75,25048.25,877
2025-10-23T09:30:00Z,25047.5,25053.0,25039.5,25051.75,465
2025-10-23T09:35:00Z,25052.5,25054.75,25047.25,25050.0,324
2025-10-23T09:40:00Z,25049.75,25050.0,25040.75,25044.25,442
2025-10-23T09:45:00Z,25044.75,25048.5,25025.25,25046.75,1517
2025-10-23T09:50:00Z,25048.25,25060.0,25044.0,25053.75,665
2025-10-23T09:55:00Z,25053.0,25063.25,25051.25,25059.0,430
2025-10-23T10:00:00Z,25059.5,25067.5,25055.25,25056.25,739
2025-10-23T10:05:00Z,25056.25,25067.0,25056.0,25060.75,538
2025-10-23T10:10:00Z,25060.5,25063.0,25057.0,25059.25,279
2025-10-23T10:15:00Z,25059.0,25067.0,25059.0,25064.25,446
2025-10-23T10:20:00Z,25063.0,25063.0,25051.25,25052.0,320
2025-10-23T10:25:00Z,25051.5,25064.5,25051.5,25054.75,298
2025-10-23T10:30:00Z,25055.75,25064.25,25051.75,25053.0,390
2025-10-23T10:35:00Z,25052.75,25061.5,25050.25,25055.25,239
2025-10-23T10:40:00Z,25055.5,25056.75,25046.0,25047.25,221
2025-10-23T10:45:00Z,25046.5,25049.5,25035.25,25039.25,623
2025-10-23T10:50:00Z,25038.0,25047.0,25035.5,25041.25,402
2025-10-23T10:55:00Z,25041.75,25053.0,25038.5,25048.75,429
2025-10-23T11:00:00Z,25049.0,25053.0,25017.0,25017.75,1178
2025-10-23T11:05:00Z,25017.5,25030.75,25015.25,25025.25,1740
2025-10-23T11:10:00Z,25024.75,25026.25,24987.75,25001.25,2288
2025-10-23T11:15:00Z,25002.75,25014.5,24995.75,25006.25,894
2025-10-23T11:20:00Z,25006.25,25016.0,25001.75,25012.75,757
2025-10-23T11:25:00Z,25013.0,25019.5,25007.5,25017.75,568
2025-10-23T11:30:00Z,25017.75,25017.75,25003.0,25010.25,742
2025-10-23T11:35:00Z,25008.5,25017.0,25005.25,25011.5,441
2025-10-23T11:40:00Z,25010.0,25010.0,24983.75,24988.5,1363
2025-10-23T11:45:00Z,24987.5,24991.0,24976.25,24988.0,803
2025-10-23T11:50:00Z,24987.75,24988.5,24962.75,24980.25,1241
2025-10-23T11:55:00Z,24980.0,24983.0,24967.75,24973.25,519
2025-10-23T12:00:00Z,24973.0,24974.0,24958.75,24960.75,1128
2025-10-23T12:05:00Z,24960.0,24974.5,24956.25,24968.75,909
2025-10-23T12:10:00Z,24968.75,24970.75,24955.0,24959.75,913
2025-10-23T12:15:00Z,24959.5,24968.0,24942.25,24944.75,1320
2025-10-23T12:20:00Z,24945.75,24968.0,24940.0,24956.25,2451
2025-10-23T12:25:00Z,24957.0,24975.25,24956.25,24970.0,1147
2025-10-23T12:30:00Z,24969.5,24971.25,24937.0,24949.25,2102
2025-10-23T12:35:00Z,24948.25,24949.75,24937.0,24941.25,948
2025-10-23T12:40:00Z,24940.5,24965.0,24938.5,24963.5,1098
2025-10-23T12:45:00Z,24963.0,24980.25,24960.5,24978.0,1054
2025-10-23T12:50:00Z,24979.0,24997.25,24975.0,24993.0,1194
2025-10-23T12:55:00Z,24993.75,25011.75,24992.25,25008.25,1861
2025-10-23T13:00:00Z,25008.0,25013.5,24999.25,25003.75,1532
2025-10-23T13:05:00Z,25003.25,25005.0,24949.75,24954.0,4012
2025-10-23T13:10:00Z,24953.75,24981.25,24940.75,24979.25,2914
2025-10-23T13:15:00Z,24978.25,24992.75,24974.0,24990.25,1188
2025-10-23T13:20:00Z,24989.75,25004.5,24987.0,24999.5,1541
2025-10-23T13:25:00Z,25000.75,25019.25,24998.25,25016.0,2894
2025-10-23T13:30:00Z,25016.25,25044.5,24999.0,25031.5,15230
2025-10-23T13:35:00Z,25032.0,25077.5,25018.0,25068.5,10619
2025-10-23T13:40:00Z,25068.5,25092.25,25057.0,25092.0,9420
2025-10-23T13:45:00Z,25092.0,25139.5,25091.25,25137.25,15637
2025-10-23T13:50:00Z,25138.0,25166.5,25137.5,25164.25,10855
2025-10-23T13:55:00Z,25164.0,25179.75,25147.75,25160.5,10237
2025-10-23T14:00:00Z,25160.75,25176.25,25137.75,25156.75,9256
2025-10-23T14:05:00Z,25156.25,25157.5,25121.5,25124.75,7806
2025-10-23T14:10:00Z,25125.25,25146.25,25102.0,25137.0,9029
2025-10-23T14:15:00Z,25136.5,25145.25,25086.0,25096.25,9281
2025-10-23T14:20:00Z,25095.5,25158.25,25084.0,25155.0,10426
2025-10-23T14:25:00Z,25155.25,25168.5,25141.5,25147.25,7444
2025-10-23T14:30:00Z,25147.0,25163.5,25133.75,25162.5,5538
2025-10-23T14:35:00Z,25161.5,25190.25,25158.75,25186.75,6632
2025-10-23T14:40:00Z,25186.75,25190.0,25157.75,25164.5,5667
2025-10-23T14:45:00Z,25164.25,25198.5,25142.75,25194.75,8274
2025-10-23T14:50:00Z,25194.25,25195.5,25155.25,25156.5,5253
2025-10-23T14:55:00Z,25156.0,25190.25,25147.25,25189.75,5085
2025-10-23T15:00:00Z,25189.75,25194.25,25166.5,25180.5,5204
2025-10-23T15:05:00Z,25179.5,25193.0,25168.5,25185.25,4344
2025-10-23T15:10:00Z,25185.25,25190.0,25160.5,25173.0,4649
2025-10-23T15:15:00Z,25172.75,25177.5,25147.0,25157.25,4268
2025-10-23T15:20:00Z,25157.75,25171.5,25140.5,25165.5,4940
2025-10-23T15:25:00Z,25166.0,25185.5,25156.0,25179.5,4856
2025-10-23T15:30:00Z,25180.0,25205.0,25180.0,25188.5,6472
2025-10-23T15:35:00Z,25189.0,25193.25,25156.0,25171.0,5088
2025-10-23T15:40:00Z,25171.0,25177.0,25119.5,25128.25,6005
2025-10-23T15:45:00Z,25128.5,25169.5,25123.25,25167.25,7782
2025-10-23T15:50:00Z,25168.0,25200.0,25158.75,25197.0,6280
2025-10-23T15:55:00Z,25196.5,25216.5,25186.5,25193.75,7677
2025-10-23T16:00:00Z,25194.75,25206.0,25187.25,25205.75,4192
2025-10-23T16:05:00Z,25206.75,25224.75,25202.5,25212.5,5068
2025-10-23T16:10:00Z,25212.75,25224.0,25208.5,25222.75,2931
2025-10-23T16:15:00Z,25223.25,25226.75,25212.0,25218.25,3367
2025-10-23T16:20:00Z,25218.25,25221.75,25205.25,25206.25,3437
2025-10-23T16:25:00Z,25206.25,25210.0,25183.75,25200.5,4399
2025-10-23T16:30:00Z,25200.25,25218.5,25198.25,25208.75,3777
2025-10-23T16:35:00Z,25209.0,25221.5,25203.25,25217.75,2602
2025-10-23T16:40:00Z,25218.25,25230.25,25217.0,25228.25,2705
2025-10-23T16:45:00Z,25228.5,25232.5,25216.0,25223.5,3388
2025-10-23T16:50:00Z,25223.5,25238.5,25222.0,25237.0,3271
2025-10-23T16:55:00Z,25236.5,25241.25,25231.75,25240.0,3079
2025-10-23T17:00:00Z,25240.0,25248.5,25233.5,25238.5,3349
2025-10-23T17:05:00Z,25238.25,25241.5,25189.5,25210.75,10616
2025-10-23T17:10:00Z,25209.25,25245.75,25208.5,25236.5,4526
2025-10-23T17:15:00Z,25236.25,25242.5,25221.25,25225.0,3144
2025-10-23T17:20:00Z,25224.5,25230.25,25217.5,25221.25,2082
2025-10-23T17:25:00Z,25220.75,25221.5,25199.0,25207.0,4527
2025-10-23T17:30:00Z,25207.25,25240.25,25204.75,25227.75,4921
2025-10-23T17:35:00Z,25227.0,25274.5,25225.75,25269.0,6748
2025-10-23T17:40:00Z,25268.75,25270.0,25252.75,25266.25,4010
2025-10-23T17:45:00Z,25266.5,25276.5,25265.5,25270.75,3580
2025-10-23T17:50:00Z,25270.25,25280.5,25269.0,25280.25,3072
2025-10-23T17:55:00Z,25280.0,25283.25,25274.5,25278.75,2861
2025-10-23T18:00:00Z,25279.5,25282.75,25259.5,25265.0,3574
2025-10-23T18:05:00Z,25265.25,25267.75,25258.0,25264.25,2602
2025-10-23T18:10:00Z,25263.5,25266.0,25257.75,25261.75,1559
2025-10-23T18:15:00Z,25261.5,25269.0,25245.5,25266.5,3930
2025-10-23T18:20:00Z,25265.75,25278.0,25263.25,25272.25,2810
2025-10-23T18:25:00Z,25272.0,25277.75,25266.75,25276.25,2014
2025-10-23T18:30:00Z,25276.25,25288.0,25268.5,25269.25,3270
2025-10-23T18:35:00Z,25269.0,25269.5,25257.5,25260.5,2197
2025-10-23T18:40:00Z,25260.75,25266.25,25256.75,25264.5,1928
2025-10-23T18:45:00Z,25264.5,25266.0,25254.25,25261.25,1828
2025-10-23T18:50:00Z,25261.25,25274.0,25261.25,25271.25,2688
2025-10-23T18:55:00Z,25271.25,25277.25,25270.5,25273.75,2042
2025-10-23T19:00:00Z,25274.25,25279.25,25267.0,25274.25,2231
2025-10-23T19:05:00Z,25274.0,25274.75,25262.5,25268.25,1919
2025-10-23T19:10:00Z,25268.75,25281.0,25267.75,25276.5,2028
2025-10-23T19:15:00Z,25276.75,25280.0,25266.75,25272.25,2021
2025-10-23T19:20:00Z,25272.0,25282.5,25271.5,25275.5,2319
2025-10-23T19:25:00Z,25275.25,25277.75,25266.25,25275.0,2700
2025-10-23T19:30:00Z,25275.0,25275.0,25265.0,25268.25,2687
2025-10-23T19:35:00Z,25268.0,25271.75,25256.25,25262.0,3504
2025-10-23T19:40:00Z,25262.25,25264.75,25253.25,25256.5,2434
2025-10-23T19:45:00Z,25256.5,25268.75,25254.25,25261.5,2748
2025-10-23T19:50:00Z,25261.25,25261.25,25230.5,25256.5,6658
2025-10-23T19:55:00Z,25256.0,25265.0,25242.75,25253.0,10603
2025-10-23T20:00:00Z,25253.0,25273.75,25247.5,25268.0,5745
2025-10-23T20:05:00Z,25269.0,25281.0,25253.0,25269.0,3270
2025-10-23T20:10:00Z,25269.25,25273.5,25266.0,25268.0,971
2025-10-23T20:15:00Z,25267.75,25271.5,25264.0,25264.75,516
2025-10-23T20:20:00Z,25264.5,25274.5,25264.25,25274.5,460
2025-10-23T20:25:00Z,25274.0,25275.25,25270.5,25273.0,678
2025-10-23T20:30:00Z,25272.75,25296.0,25270.25,25290.0,1810
2025-10-23T20:35:00Z,25289.75,25290.0,25282.75,25285.5,966
2025-10-23T20:40:00Z,25285.75,25286.75,25281.25,25282.5,352
2025-10-23T20:45:00Z,25282.0,25285.0,25276.0,25276.5,714
2025-10-23T20:50:00Z,25276.25,25277.0,25265.25,25273.25,821
2025-10-23T20:55:00Z,25272.75,25278.0,25271.5,25278.0,516
2025-10-23T22:00:00Z,25283.25,25300.75,25276.0,25288.75,0
2025-10-23T22:05:00Z,25289.75,25295.25,25288.25,25289.75,277
2025-10-23T22:10:00Z,25290.0,25300.0,25288.25,25292.5,340
2025-10-23T22:15:00Z,25292.25,25299.75,25291.5,25294.25,181
2025-10-23T22:20:00Z,25294.25,25298.0,25289.5,25292.25,229
2025-10-23T22:25:00Z,25291.25,25296.75,25290.75,25292.0,132
2025-10-23T22:30:00Z,25294.25,25300.75,25294.25,25296.5,326
2025-10-23T22:35:00Z,25297.25,25303.0,25294.75,25303.0,401
2025-10-23T22:40:00Z,25302.25,25302.5,25292.25,25295.25,344
2025-10-23T22:45:00Z,25297.0,25298.0,25288.25,25291.0,243
2025-10-23T22:50:00Z,25292.25,25293.0,25288.75,25290.25,145
2025-10-23T22:55:00Z,25290.75,25292.5,25289.25,25291.75,117
2025-10-23T23:00:00Z,25291.75,25301.25,25291.0,25297.25,332
2025-10-23T23:05:00Z,25296.5,25299.75,25295.0,25296.0,88
2025-10-23T23:10:00Z,25296.5,25301.75,25296.5,25299.0,120
2025-10-23T23:15:00Z,25297.75,25300.5,25295.25,25297.0,153
2025-10-23T23:20:00Z,25296.0,25299.0,25294.5,25298.75,141
2025-10-23T23:25:00Z,25298.75,25300.5,25296.5,25297.75,89
2025-10-23T23:30:00Z,25297.5,25300.0,25296.0,25298.25,104
2025-10-23T23:35:00Z,25297.75,25301.75,25297.0,25299.5,89
2025-10-23T23:40:00Z,25300.0,25301.5,25297.0,25297.25,111
2025-10-23T23:45:00Z,25298.5,25304.5,25296.75,25300.5,254
2025-10-23T23:50:00Z,25300.75,25302.5,25297.0,25298.25,81
2025-10-23T23:55:00Z,25297.0,25300.0,25294.25,25297.25,170
2025-10-24T00:00:00Z,25298.25,25305.5,25295.75,25299.75,446
2025-10-24T00:05:00Z,25299.75,25300.0,25290.25,25292.25,279
2025-10-24T00:10:00Z,25292.5,25294.5,25284.75,25290.75,346
2025-10-24T00:15:00Z,25291.0,25296.75,25290.0,25292.5,229
2025-10-24T00:20:00Z,25293.75,25295.25,25290.25,25292.5,188
2025-10-24T00:25:00Z,25292.0,25295.0,25289.5,25292.5,236
2025-10-24T00:30:00Z,25292.75,25303.0,25292.5,25300.0,430
2025-10-24T00:35:00Z,25299.25,25304.25,25295.75,25298.25,299
2025-10-24T00:40:00Z,25299.25,25301.0,25294.25,25299.25,170
2025-10-24T00:45:00Z,25300.0,25300.25,25293.75,25297.0,239
2025-10-24T00:50:00Z,25297.0,25300.0,25294.5,25296.0,183
2025-10-24T00:55:00Z,25294.5,25301.5,25293.0,25301.0,146
2025-10-24T01:00:00Z,25299.75,25306.75,25299.75,25306.0,434
2025-10-24T01:05:00Z,25306.5,25312.75,25304.75,25310.75,559
2025-10-24T01:10:00Z,25310.75,25318.75,25310.25,25318.0,319
2025-10-24T01:15:00Z,25318.25,25321.25,25314.75,25317.25,352
2025-10-24T01:20:00Z,25317.25,25318.5,25315.0,25315.75,157
2025-10-24T01:25:00Z,25315.75,25316.0,25302.5,25303.75,481
2025-10-24T01:30:00Z,25303.0,25305.0,25297.0,25301.75,533
2025-10-24T01:35:00Z,25301.5,25304.5,25298.25,25304.5,250
2025-10-24T01:40:00Z,25304.5,25307.25,25301.75,25307.0,167
2025-10-24T01:45:00Z,25307.0,25311.0,25306.5,25309.0,288
2025-10-24T01:50:00Z,25308.75,25319.5,25308.5,25315.75,366
2025-10-24T01:55:00Z,25316.0,25319.0,25315.75,25318.25,176
2025-10-24T02:00:00Z,25317.5,25318.0,25312.25,25313.75,183
2025-10-24T02:05:00Z,25312.75,25315.0,25311.5,25313.0,160
2025-10-24T02:10:00Z,25313.5,25319.75,25313.5,25318.0,272
2025-10-24T02:15:00Z,25317.75,25326.0,25316.0,25320.75,406
2025-10-24T02:20:00Z,25321.25,25323.25,25319.0,25321.25,184
2025-10-24T02:25:00Z,25320.0,25325.0,25320.0,25323.0,147
2025-10-24T02:30:00Z,25322.5,25323.25,25317.5,25318.75,235
2025-10-24T02:35:00Z,25318.5,25321.25,25315.75,25317.25,181
2025-10-24T02:40:00Z,25316.5,25319.5,25303.25,25304.75,515
2025-10-24T02:45:00Z,25305.0,25312.75,25304.0,25312.0,261
2025-10-24T02:50:00Z,25311.0,25315.75,25310.5,25313.0,290
2025-10-24T02:55:00Z,25313.5,25316.75,25309.0,25309.25,219
2025-10-24T03:00:00Z,25310.0,25311.0,25307.5,25310.0,126
2025-10-24T03:05:00Z,25309.75,25313.25,25308.25,25309.75,198
2025-10-24T03:10:00Z,25309.25,25311.0,25305.0,25308.75,187
2025-10-24T03:15:00Z,25309.25,25322.25,25309.25,25321.5,351
2025-10-24T03:20:00Z,25321.75,25328.0,25321.0,25324.5,380
2025-10-24T03:25:00Z,25323.75,25326.75,25323.0,25326.75,167
2025-10-24T03:30:00Z,25326.0,25329.25,25324.75,25327.75,240
2025-10-24T03:35:00Z,25328.75,25329.75,25324.5,25326.25,255
2025-10-24T03:40:00Z,25326.75,25328.25,25325.25,25327.0,154
2025-10-24T03:45:00Z,25325.75,25326.5,25324.0,25324.75,113
2025-10-24T03:50:00Z,25326.0,25329.75,25325.0,25328.75,117
2025-10-24T03:55:00Z,25328.75,25330.0,25327.5,25328.0,119
2025-10-24T04:05:00Z,25321.0,25325.75,25320.25,25324.75,492
2025-10-24T04:10:00Z,25324.75,25330.5,25321.75,25329.75,221
2025-10-24T04:15:00Z,25330.25,25331.75,25326.25,25330.0,138
2025-10-24T04:20:00Z,25331.0,25333.5,25329.5,25332.25,161
2025-10-24T04:25:00Z,25332.5,25335.0,25325.5,25328.25,224
2025-10-24T04:30:00Z,25327.25,25329.25,25324.25,25325.5,145
2025-10-24T04:35:00Z,25326.25,25326.5,25323.25,25324.75,109
2025-10-24T04:40:00Z,25325.0,25328.5,25325.0,25327.0,61
2025-10-24T04:45:00Z,25328.0,25335.25,25327.0,25330.75,234
2025-10-24T04:50:00Z,25330.75,25332.5,25326.25,25329.25,288
2025-10-24T04:55:00Z,25329.25,25333.75,25328.5,25332.75,86
2025-10-24T05:00:00Z,25331.5,25336.0,25331.0,25332.5,243
2025-10-24T05:05:00Z,25332.5,25333.5,25329.25,25332.0,178
2025-10-24T05:10:00Z,25332.0,25333.5,25329.0,25329.5,99
2025-10-24T05:15:00Z,25329.5,25333.25,25327.5,25332.5,245
2025-10-24T05:20:00Z,25333.25,25342.5,25333.0,25338.75,442
2025-10-24T05:25:00Z,25338.75,25345.25,25337.0,25343.0,317
2025-10-24T05:30:00Z,25342.75,25343.75,25335.25,25343.25,269
2025-10-24T05:35:00Z,25342.5,25342.5,25338.25,25341.75,89
2025-10-24T05:40:00Z,25341.25,25344.0,25340.25,25343.75,111
2025-10-24T05:45:00Z,25342.75,25347.0,25342.0,25345.0,166
2025-10-24T05:50:00Z,25346.5,25347.5,25340.25,25341.75,193
2025-10-24T05:55:00Z,25341.75,25347.25,25341.75,25346.5,121
2025-10-24T06:00:00Z,25346.75,25357.0,25345.0,25355.0,1282
2025-10-24T06:05:00Z,25355.0,25363.25,25351.75,25361.25,586
2025-10-24T06:10:00Z,25360.75,25370.25,25359.5,25366.0,620
2025-10-24T06:15:00Z,25366.75,25373.75,25366.5,25371.25,623
2025-10-24T06:20:00Z,25370.75,25379.0,25370.75,25378.5,456
2025-10-24T06:25:00Z,25377.5,25381.5,25375.0,25378.5,401
2025-10-24T06:30:00Z,25378.75,25378.75,25364.0,25372.5,521
2025-10-24T06:35:00Z,25372.25,25372.5,25357.75,25359.25,511
2025-10-24T06:40:00Z,25359.75,25362.5,25355.25,25357.5,280
2025-10-24T06:45:00Z,25358.0,25362.5,25355.0,25361.5,294
2025-10-24T06:50:00Z,25361.25,25364.5,25358.25,25358.75,182
2025-10-24T06:55:00Z,25359.25,25363.0,25358.0,25360.75,206
2025-10-24T07:00:00Z,25361.75,25361.75,25353.75,25361.0,486
2025-10-24T07:05:00Z,25361.75,25366.5,25355.5,25359.5,482
2025-10-24T07:10:00Z,25358.75,25359.25,25350.0,25353.75,352
2025-10-24T07:15:00Z,25353.25,25356.75,25347.25,25351.75,453
2025-10-24T07:20:00Z,25352.0,25353.0,25341.75,25345.75,414
2025-10-24T07:25:00Z,25345.75,25349.0,25341.0,25346.5,250
2025-10-24T07:30:00Z,25347.75,25359.75,25344.5,25359.0,437
2025-10-24T07:35:00Z,25359.5,25368.5,25357.25,25359.0,432
2025-10-24T07:40:00Z,25359.75,25362.75,25355.75,25356.0,230
2025-10-24T07:45:00Z,25355.0,25356.5,25335.5,25338.25,638
2025-10-24T07:50:00Z,25337.25,25344.25,25333.5,25336.0,626
2025-10-24T07:55:00Z,25336.5,25342.75,25335.5,25337.5,358
2025-10-24T08:00:00Z,25338.0,25342.5,25331.0,25333.75,682
2025-10-24T08:05:00Z,25334.25,25339.5,25324.0,25336.0,907
2025-10-24T08:10:00Z,25334.5,25342.75,25332.0,25334.75,465
2025-10-24T08:15:00Z,25334.25,25340.75,25332.5,25336.25,341
2025-10-24T08:20:00Z,25337.75,25346.0,25337.0,25344.75,276
2025-10-24T08:25:00Z,25343.75,25346.75,25340.5,25345.25,224
2025-10-24T08:30:00Z,25346.0,25346.5,25335.0,25338.5,511
2025-10-24T08:35:00Z,25338.0,25344.5,25337.5,25340.75,260
2025-10-24T08:40:00Z,25341.25,25352.75,25340.75,25352.75,417
2025-10-24T08:45:00Z,25353.5,25371.25,25353.0,25365.25,1458
2025-10-24T08:50:00Z,25365.0,25366.25,25355.25,25356.0,679
2025-10-24T08:55:00Z,25356.25,25360.0,25349.5,25353.75,527
2025-10-24T09:00:00Z,25352.5,25357.25,25352.0,25357.25,258
2025-10-24T09:05:00Z,25357.25,25359.75,25355.5,25357.0,219
2025-10-24T09:10:00Z,25356.0,25359.25,25355.0,25359.0,148
2025-10-24T09:15:00Z,25359.25,25366.0,25354.25,25364.75,422
2025-10-24T09:20:00Z,25364.5,25381.0,25363.5,25378.75,668
2025-10-24T09:25:00Z,25378.5,25381.25,25374.5,25377.5,350
2025-10-24T09:30:00Z,25378.25,25383.75,25377.5,25383.0,492
2025-10-24T09:35:00Z,25383.25,25392.0,25381.5,25391.5,1255
2025-10-24T09:40:00Z,25392.0,25393.5,25388.0,25390.0,356
2025-10-24T09:45:00Z,25389.75,25390.25,25378.75,25379.75,399
2025-10-24T09:50:00Z,25379.75,25381.75,25377.75,25379.0,305
2025-10-24T09:55:00Z,25379.0,25381.25,25375.0,25377.0,296
2025-10-24T10:00:00Z,25377.0,25377.75,25370.5,25370.75,286
2025-10-24T10:05:00Z,25370.75,25381.25,25368.25,25380.75,499
2025-10-24T10:10:00Z,25380.5,25389.75,25379.25,25388.0,457
2025-10-24T10:15:00Z,25387.75,25391.0,25383.25,25384.25,487
2025-10-24T10:20:00Z,25384.5,25387.75,25373.25,25375.75,760
2025-10-24T10:25:00Z,25375.25,25379.5,25371.5,25375.5,508
2025-10-24T10:30:00Z,25375.25,25386.5,25375.0,25383.0,800
2025-10-24T10:35:00Z,25382.75,25384.0,25375.25,25382.5,298
2025-10-24T10:40:00Z,25381.0,25383.5,25371.75,25374.75,686
2025-10-24T10:45:00Z,25375.0,25380.25,25371.25,25376.75,347
2025-10-24T10:50:00Z,25376.75,25378.0,25368.25,25369.0,299
2025-10-24T10:55:00Z,25369.5,25372.0,25364.5,25366.75,379
2025-10-24T11:00:00Z,25366.0,25373.25,25364.5,25370.75,626
2025-10-24T11:05:00Z,25370.75,25373.0,25365.5,25370.5,358
2025-10-24T11:10:00Z,25370.25,25381.5,25370.25,25379.5,362
2025-10-24T11:15:00Z,25380.0,25380.5,25369.75,25371.5,383
2025-10-24T11:20:00Z,25371.5,25371.5,25363.0,25367.25,568
2025-10-24T11:25:00Z,25367.25,25372.5,25365.5,25370.0,267
2025-10-24T11:30:00Z,25370.0,25370.75,25365.25,25365.25,268
2025-10-24T11:35:00Z,25365.0,25372.25,25363.75,25370.5,347
2025-10-24T11:40:00Z,25370.25,25376.5,25368.25,25369.5,331
2025-10-24T11:45:00Z,25369.5,25374.25,25369.0,25369.75,261
2025-10-24T11:50:00Z,25369.75,25379.75,25369.0,25379.5,471
2025-10-24T11:55:00Z,25379.5,25386.25,25371.5,25374.25,873
2025-10-24T12:00:00Z,25374.5,25378.75,25371.75,25378.0,458
2025-10-24T12:05:00Z,25377.5,25384.25,25376.5,25378.25,518
2025-10-24T12:10:00Z,25378.25,25380.25,25374.75,25375.75,526
2025-10-24T12:15:00Z,25375.25,25375.75,25367.75,25371.75,725
2025-10-24T12:20:00Z,25371.75,25371.75,25364.5,25367.0,681
2025-10-24T12:25:00Z,25366.75,25380.5,25364.25,25367.25,1007
2025-10-24T12:30:00Z,25365.0,25523.25,25344.0,25478.25,10907
2025-10-24T12:35:00Z,25477.75,25507.0,25471.25,25476.5,4513
2025-10-24T12:40:00Z,25476.25,25483.5,25453.75,25470.25,3717
2025-10-24T12:45:00Z,25471.5,25487.25,25467.75,25477.25,2389
2025-10-24T12:50:00Z,25477.0,25482.0,25454.0,25460.0,1914
2025-10-24T12:55:00Z,25460.5,25466.5,25446.25,25458.25,1763
2025-10-24T13:00:00Z,25459.0,25471.0,25453.5,25470.25,2027
2025-10-24T13:05:00Z,25469.75,25476.5,25467.25,25475.0,1556
2025-10-24T13:10:00Z,25475.0,25479.0,25467.0,25475.5,1820
2025-10-24T13:15:00Z,25475.75,25481.5,25468.75,25473.0,1311
2025-10-24T13:20:00Z,25472.25,25493.5,25472.25,25487.25,2169
2025-10-24T13:25:00Z,25487.25,25488.0,25464.75,25466.75,2956
2025-10-24T13:30:00Z,25466.5,25493.75,25429.75,25490.25,15508
2025-10-24T13:35:00Z,25490.75,25530.5,25487.0,25506.25,14186
2025-10-24T13:40:00Z,25506.0,25520.25,25492.75,25512.0,8093
2025-10-24T13:45:00Z,25506.75,25535.0,25476.25,25485.0,11115
2025-10-24T13:50:00Z,25485.0,25493.25,25464.0,25483.5,9436
2025-10-24T13:55:00Z,25482.75,25514.75,25479.5,25506.0,6681
2025-10-24T14:00:00Z,25506.0,25530.0,25493.25,25514.0,10033
2025-10-24T14:05:00Z,25514.25,25548.75,25511.25,25532.5,8051
2025-10-24T14:10:00Z,25532.0,25541.5,25520.75,25537.5,4476
2025-10-24T14:15:00Z,25538.5,25539.75,25520.5,25530.5,4696
2025-10-24T14:20:00Z,25531.0,25531.0,25502.0,25515.25,6180
2025-10-24T14:25:00Z,25514.75,25515.5,25494.0,25499.75,5786
2025-10-24T14:30:00Z,25499.25,25503.5,25469.0,25500.75,8765
2025-10-24T14:35:00Z,25500.25,25516.25,25477.75,25511.0,5928
2025-10-24T14:40:00Z,25510.5,25536.0,25509.75,25531.25,5178
2025-10-24T14:45:00Z,25531.25,25533.5,25510.0,25514.0,5471
2025-10-24T14:50:00Z,25514.75,25517.0,25463.25,25473.0,8777
2025-10-24T14:55:00Z,25472.75,25474.75,25431.5,25468.75,9999
2025-10-24T15:00:00Z,25467.75,25481.25,25457.25,25467.75,5451
2025-10-24T15:05:00Z,25468.5,25488.25,25456.75,25487.25,4239
2025-10-24T15:10:00Z,25486.75,25503.5,25473.25,25502.25,4341
2025-10-24T15:15:00Z,25502.5,25521.75,25502.5,25513.25,5381
2025-10-24T15:20:00Z,25513.5,25543.75,25512.5,25539.25,7332
2025-10-24T15:25:00Z,25539.25,25542.5,25527.75,25534.75,3884
2025-10-24T15:30:00Z,25535.25,25546.5,25530.0,25530.75,4368
2025-10-24T15:35:00Z,25530.5,25539.0,25513.5,25534.5,5167
2025-10-24T15:40:00Z,25535.25,25535.25,25517.5,25521.25,3498
2025-10-24T15:45:00Z,25521.25,25526.75,25500.75,25520.75,5083
2025-10-24T15:50:00Z,25520.75,25536.25,25515.75,25522.5,3826
2025-10-24T15:55:00Z,25523.0,25529.0,25502.5,25523.0,3772
2025-10-24T16:00:00Z,25522.75,25539.0,25521.25,25535.25,3638
2025-10-24T16:05:00Z,25535.25,25537.5,25521.0,25533.5,2600
2025-10-24T16:10:00Z,25534.5,25542.5,25532.0,25539.25,1818
2025-10-24T16:15:00Z,25538.5,25542.5,25535.0,25541.0,1427
2025-10-24T16:20:00Z,25540.75,25563.0,25535.25,25541.0,5691
2025-10-24T16:25:00Z,25541.5,25542.75,25532.25,25536.75,2343
2025-10-24T16:30:00Z,25537.0,25547.0,25531.25,25535.75,3306
2025-10-24T16:35:00Z,25535.25,25543.75,25526.75,25534.75,2428
2025-10-24T16:40:00Z,25535.25,25539.0,25520.0,25527.5,2859
2025-10-24T16:45:00Z,25527.5,25549.75,25521.75,25548.75,3331
2025-10-24T16:50:00Z,25549.0,25561.75,25548.0,25552.0,4528
2025-10-24T16:55:00Z,25552.0,25556.75,25542.0,25551.5,2384
2025-10-24T17:00:00Z,25551.0,25554.25,25545.25,25552.25,1764
2025-10-24T17:05:00Z,25552.25,25554.0,25547.75,25551.5,1243
2025-10-24T17:10:00Z,25552.0,25558.0,25541.0,25543.0,2611
2025-10-24T17:15:00Z,25543.25,25551.75,25538.75,25550.25,1974
2025-10-24T17:20:00Z,25550.75,25554.75,25539.5,25554.25,1703
2025-10-24T17:25:00Z,25554.75,25557.75,25544.0,25546.0,2265
2025-10-24T17:30:00Z,25546.0,25554.25,25541.25,25551.25,1953
2025-10-24T17:35:00Z,25551.0,25561.25,25546.75,25558.25,2323
2025-10-24T17:40:00Z,25557.75,25559.5,25552.25,25556.25,1767
2025-10-24T17:45:00Z,25556.75,25570.75,25552.0,25564.75,3640
2025-10-24T17:50:00Z,25565.0,25566.0,25554.0,25558.5,2082
2025-10-24T17:55:00Z,25558.25,25558.75,25547.5,25549.25,1629
2025-10-24T18:00:00Z,25549.0,25550.0,25534.25,25545.75,3037
2025-10-24T18:05:00Z,25545.75,25554.0,25543.5,25549.75,2169
2025-10-24T18:10:00Z,25550.0,25555.0,25547.0,25547.75,1325
2025-10-24T18:15:00Z,25548.0,25552.5,25540.0,25552.0,1593
2025-10-24T18:20:00Z,25552.5,25553.75,25546.0,25547.75,1171
2025-10-24T18:25:00Z,25548.25,25549.25,25542.0,25545.75,1486
2025-10-24T18:30:00Z,25545.25,25549.75,25538.25,25547.0,2005
2025-10-24T18:35:00Z,25547.25,25555.0,25545.5,25548.75,1670
2025-10-24T18:40:00Z,25548.5,25548.75,25538.5,25539.5,2293
2025-10-24T18:45:00Z,25539.5,25539.75,25529.5,25537.25,3253
2025-10-24T18:50:00Z,25537.5,25539.75,25528.25,25536.75,2759
2025-10-24T18:55:00Z,25536.75,25546.0,25533.75,25544.0,2648
2025-10-24T19:00:00Z,25543.75,25556.25,25542.75,25555.0,4335
2025-10-24T19:05:00Z,25555.5,25562.5,25548.75,25559.75,2979
2025-10-24T19:10:00Z,25559.75,25565.0,25555.0,25557.0,2171
2025-10-24T19:15:00Z,25557.25,25559.5,25550.75,25554.0,2044
2025-10-24T19:20:00Z,25553.75,25566.25,25550.75,25561.75,2308
2025-10-24T19:25:00Z,25562.25,25566.75,25558.25,25561.0,1985
2025-10-24T19:30:00Z,25560.75,25561.75,25552.75,25553.25,2457
2025-10-24T19:35:00Z,25553.0,25555.75,25544.5,25546.5,3698
2025-10-24T19:40:00Z,25546.25,25550.25,25538.5,25542.75,4057
2025-10-24T19:45:00Z,25542.75,25550.75,25539.0,25545.5,3540
2025-10-24T19:50:00Z,25544.75,25548.5,25528.0,25532.25,8369
2025-10-24T19:55:00Z,25532.5,25532.5,25497.5,25509.25,17134
2025-10-24T20:00:00Z,25509.0,25523.0,25497.75,25519.5,7526
2025-10-24T20:05:00Z,25519.0,25519.0,25508.5,25513.5,1947
2025-10-24T20:10:00Z,25513.25,25516.0,25503.5,25506.5,1664
2025-10-24T20:15:00Z,25506.75,25509.0,25504.25,25506.25,465
2025-10-24T20:20:00Z,25506.25,25511.75,25506.0,25510.75,722
2025-10-24T20:25:00Z,25510.5,25522.75,25509.75,25518.25,984
2025-10-24T20:30:00Z,25518.5,25522.0,25516.0,25521.25,399
2025-10-24T20:35:00Z,25521.0,25525.25,25520.75,25523.75,454
2025-10-24T20:40:00Z,25523.75,25525.75,25510.75,25512.75,469
2025-10-24T20:45:00Z,25512.5,25514.75,25509.25,25511.0,344
2025-10-24T20:50:00Z,25511.0,25515.0,25511.0,25513.5,312
2025-10-24T20:55:00Z,25513.75,25515.5,25508.5,25509.25,395
2025-10-26T22:00:00Z,25723.5,25768.25,25703.75,25738.25,1926
2025-10-26T22:05:00Z,25738.75,25739.75,25719.25,25723.25,1172
2025-10-26T22:10:00Z,25722.75,25728.5,25705.0,25711.5,819
2025-10-26T22:15:00Z,25711.5,25721.25,25509.25,25720.5,998
2025-10-26T22:20:00Z,25720.0,25738.0,25714.75,25729.25,953
2025-10-26T22:25:00Z,25729.75,25744.25,25726.0,25742.0,722
2025-10-26T22:30:00Z,25742.0,25748.25,25728.75,25745.25,753
2025-10-26T22:35:00Z,25745.25,25752.5,25729.25,25735.25,786
2025-10-26T22:40:00Z,25735.5,25738.25,25722.0,25725.75,530
2025-10-26T22:45:00Z,25726.0,25735.5,25724.25,25727.5,302
2025-10-26T22:50:00Z,25727.25,25730.25,25721.75,25722.75,314
2025-10-26T22:55:00Z,25722.0,25724.25,25716.25,25721.25,292
2025-10-26T23:00:00Z,25722.0,25742.0,25722.0,25738.0,675
2025-10-26T23:05:00Z,25736.5,25739.5,25726.5,25732.5,307
2025-10-26T23:10:00Z,25732.5,25734.25,25723.25,25724.25,228
2025-10-26T23:15:00Z,25725.25,25730.75,25720.75,25725.25,333
2025-10-26T23:20:00Z,25724.75,25725.0,25718.5,25720.5,210
2025-10-26T23:25:00Z,25720.25,25724.5,25719.0,25721.0,166
2025-10-26T23:30:00Z,25720.75,25732.0,25720.0,25731.75,202
2025-10-26T23:35:00Z,25731.25,25734.25,25727.75,25729.25,235
2025-10-26T23:40:00Z,25730.5,25731.75,25724.0,25727.25,241
2025-10-26T23:45:00Z,25727.25,25727.75,25720.5,25722.0,197
2025-10-26T23:50:00Z,25721.75,25722.0,25709.75,25712.0,364
2025-10-26T23:55:00Z,25711.5,25720.25,25710.5,25717.75,327
2025-10-27T00:00:00Z,25717.0,25730.75,25706.75,25727.0,1094
2025-10-27T00:05:00Z,25726.25,25730.75,25721.5,25729.25,460
2025-10-27T00:10:00Z,25729.0,25743.75,25728.0,25743.0,829
2025-10-27T00:15:00Z,25742.0,25743.75,25732.0,25738.25,540
2025-10-27T00:20:00Z,25738.5,25739.0,25721.5,25729.25,668
2025-10-27T00:25:00Z,25729.25,25734.0,25728.0,25730.5,225
2025-10-27T00:30:00Z,25730.5,25741.75,25730.5,25735.75,387
2025-10-27T00:35:00Z,25736.0,25741.75,25733.5,25734.25,233
2025-10-27T00:40:00Z,25733.5,25743.5,25732.0,25737.0,306
2025-10-27T00:45:00Z,25736.75,25738.5,25726.5,25730.75,514
2025-10-27T00:50:00Z,25730.75,25732.0,25726.5,25728.75,225
2025-10-27T00:55:00Z,25730.25,25731.0,25721.5,25722.75,269
2025-10-27T01:00:00Z,25723.25,25725.25,25715.75,25717.25,448
2025-10-27T01:05:00Z,25716.5,25718.75,25713.75,25717.25,413
2025-10-27T01:10:00Z,25716.5,25719.5,25711.5,25712.0,452
2025-10-27T01:15:00Z,25711.75,25719.0,25711.0,25718.0,298
2025-10-27T01:20:00Z,25717.25,25727.25,25717.25,25724.75,430
2025-10-27T01:25:00Z,25724.0,25728.25,25723.25,25723.25,288
2025-10-27T01:30:00Z,25724.0,25726.0,25721.5,25723.75,173
2025-10-27T01:35:00Z,25723.25,25732.0,25722.0,25728.25,477
2025-10-27T01:40:00Z,25728.75,25728.75,25723.5,25725.5,190
2025-10-27T01:45:00Z,25726.25,25726.75,25720.5,25721.5,173
2025-10-27T01:50:00Z,25720.0,25721.5,25713.75,25717.0,264
2025-10-27T01:55:00Z,25717.75,25720.0,25716.5,25717.5,171
2025-10-27T02:00:00Z,25717.75,25727.0,25717.75,25724.0,419
2025-10-27T02:05:00Z,25723.25,25723.5,25712.75,25716.5,321
2025-10-27T02:10:00Z,25717.5,25722.25,25715.5,25719.5,195
2025-10-27T02:15:00Z,25719.5,25729.75,25719.5,25726.75,236
2025-10-27T02:20:00Z,25727.75,25728.5,25725.5,25728.25,105
2025-10-27T02:25:00Z,25728.0,25729.5,25723.75,25724.5,119
2025-10-27T02:30:00Z,25725.0,25734.25,25725.0,25734.25,241
2025-10-27T02:35:00Z,25734.75,25737.75,25729.0,25737.5,352
2025-10-27T02:40:00Z,25737.5,25742.0,25737.5,25740.25,213
2025-10-27T02:45:00Z,25740.25,25748.5,25740.25,25748.5,398
2025-10-27T02:50:00Z,25748.75,25749.0,25743.0,25744.0,243
2025-10-27T02:55:00Z,25744.0,25750.75,25744.0,25750.0,445
2025-10-27T03:00:00Z,25750.25,25751.75,25747.75,25750.25,195
2025-10-27T03:05:00Z,25751.5,25753.25,25748.0,25751.5,211
2025-10-27T03:10:00Z,25752.0,25759.0,25752.0,25759.0,386
2025-10-27T03:15:00Z,25760.0,25768.75,25759.25,25764.5,673
2025-10-27T03:20:00Z,25764.75,25769.0,25763.5,25768.0,346
2025-10-27T03:25:00Z,25768.0,25772.5,25767.75,25769.5,409
2025-10-27T03:30:00Z,25768.5,25773.0,25767.5,25771.75,205
2025-10-27T03:35:00Z,25772.25,25772.25,25763.25,25764.0,271
2025-10-27T03:40:00Z,25763.0,25766.0,25759.5,25761.25,255
2025-10-27T03:45:00Z,25762.0,25762.0,25757.5,25757.5,254
2025-10-27T03:50:00Z,25758.0,25763.25,25756.0,25760.25,420
2025-10-27T03:55:00Z,25760.75,25761.0,25756.0,25761.0,199
2025-10-27T04:00:00Z,25760.25,25764.25,25758.0,25761.25,368
2025-10-27T04:05:00Z,25761.25,25761.5,25753.25,25760.75,225
2025-10-27T04:10:00Z,25761.0,25766.5,25756.75,25758.5,914
2025-10-27T04:15:00Z,25758.5,25758.5,25755.0,25756.5,113
2025-10-27T04:20:00Z,25757.0,25760.75,25757.0,25759.75,139
2025-10-27T04:25:00Z,25760.75,25767.5,25760.75,25766.75,157
2025-10-27T04:30:00Z,25766.75,25768.75,25762.0,25763.75,276
2025-10-27T04:35:00Z,25763.0,25766.0,25759.0,25764.0,203
2025-10-27T04:40:00Z,25764.0,25767.0,25763.25,25764.5,172
2025-10-27T04:45:00Z,25765.25,25766.0,25759.75,25761.5,173
2025-10-27T04:50:00Z,25759.75,25760.25,25757.25,25760.25,167
2025-10-27T04:55:00Z,25760.0,25763.0,25760.0,25762.0,128
2025-10-27T05:00:00Z,25764.0,25769.0,25761.5,25767.75,235
2025-10-27T05:05:00Z,25767.25,25771.75,25764.5,25770.25,245
2025-10-27T05:10:00Z,25771.25,25780.5,25769.25,25774.5,973
2025-10-27T05:15:00Z,25773.5,25777.5,25770.75,25777.5,260
2025-10-27T05:20:00Z,25777.5,25779.75,25774.75,25775.5,143
2025-10-27T05:25:00Z,25775.0,25784.0,25773.75,25781.25,378
2025-10-27T05:30:00Z,25781.0,25782.5,25773.75,25775.25,272
2025-10-27T05:35:00Z,25774.0,25778.5,25772.0,25778.0,211
2025-10-27T05:40:00Z,25778.25,25779.5,25774.75,25776.25,61
2025-10-27T05:45:00Z,25775.75,25783.0,25775.75,25781.25,236
2025-10-27T05:50:00Z,25781.5,25789.5,25779.75,25781.25,416
2025-10-27T05:55:00Z,25781.25,25786.75,25781.25,25783.0,322
2025-10-27T06:00:00Z,25783.0,25789.75,25780.0,25789.75,367
2025-10-27T06:05:00Z,25789.75,25797.0,25787.25,25790.5,669
2025-10-27T06:10:00Z,25790.25,25791.0,25784.0,25789.25,244
2025-10-27T06:15:00Z,25788.0,25795.25,25787.25,25790.5,283
2025-10-27T06:20:00Z,25791.75,25797.0,25791.75,25796.5,184
2025-10-27T06:25:00Z,25796.0,25801.75,25791.5,25798.5,658
2025-10-27T06:30:00Z,25797.5,25802.0,25786.5,25791.0,533
2025-10-27T06:35:00Z,25791.0,25799.5,25790.5,25792.0,217
2025-10-27T06:40:00Z,25791.25,25793.5,25787.25,25791.75,176
2025-10-27T06:45:00Z,25792.25,25796.75,25791.5,25791.5,202
2025-10-27T06:50:00Z,25791.25,25792.25,25785.5,25788.75,202
2025-10-27T06:55:00Z,25787.25,25787.5,25782.0,25783.75,285
2025-10-27T07:00:00Z,25782.5,25788.0,25779.25,25785.5,618
2025-10-27T07:05:00Z,25785.75,25796.25,25785.75,25793.25,430
2025-10-27T07:10:00Z,25792.5,25801.75,25791.25,25798.25,478
2025-10-27T07:15:00Z,25798.75,25809.5,25798.5,25807.25,630
2025-10-27T07:20:00Z,25806.25,25813.0,25802.5,25812.5,698
2025-10-27T07:25:00Z,25812.75,25816.5,25805.5,25807.75,664
2025-10-27T07:30:00Z,25808.0,25814.5,25806.0,25812.0,322
2025-10-27T07:35:00Z,25812.5,25813.5,25804.25,25805.0,347
2025-10-27T07:40:00Z,25804.75,25810.0,25799.75,25800.25,389
2025-10-27T07:45:00Z,25799.5,25803.5,25792.75,25794.5,505
2025-10-27T07:50:00Z,25793.5,25800.5,25792.5,25799.25,456
2025-10-27T07:55:00Z,25798.0,25799.75,25792.0,25793.0,461
2025-10-27T08:00:00Z,25793.0,25799.0,25785.75,25786.25,925
2025-10-27T08:05:00Z,25786.25,25792.75,25782.5,25792.0,879
2025-10-27T08:10:00Z,25791.75,25793.25,25787.0,25791.0,455
2025-10-27T08:15:00Z,25791.5,25795.25,25785.5,25788.75,512
2025-10-27T08:20:00Z,25789.0,25796.0,25783.75,25784.75,445
2025-10-27T08:25:00Z,25783.0,25787.25,25771.5,25777.0,867
2025-10-27T08:30:00Z,25776.5,25780.25,25768.75,25778.75,702
2025-10-27T08:35:00Z,25778.0,25789.25,25774.75,25787.0,513
2025-10-27T08:40:00Z,25787.25,25795.75,25785.75,25793.25,349
2025-10-27T08:45:00Z,25793.5,25801.75,25793.0,25795.25,377
2025-10-27T08:50:00Z,25795.0,25805.0,25793.0,25804.5,376
2025-10-27T08:55:00Z,25804.0,25807.25,25801.0,25802.5,424
2025-10-27T09:00:00Z,25803.75,25805.0,25797.5,25803.75,409
2025-10-27T09:05:00Z,25805.0,25805.0,25798.25,25801.0,234
2025-10-27T09:10:00Z,25802.5,25804.5,25796.0,25800.5,262
2025-10-27T09:15:00Z,25800.75,25803.0,25798.25,25799.25,212
2025-10-27T09:20:00Z,25798.75,25804.5,25797.75,25799.0,250
2025-10-27T09:25:00Z,25798.25,25798.25,25790.0,25792.25,271
2025-10-27T09:30:00Z,25792.0,25793.75,25791.5,25793.5,23
2025-10-27T09:40:00Z,25818.80078125,25826.0,25812.25,25824.75,2853
2025-10-27T09:45:00Z,25825.25,25836.75,25823.25,25835.0,877
2025-10-27T09:50:00Z,25835.0,25835.0,25826.25,25832.5,482
2025-10-27T09:55:00Z,25832.0,25839.5,25829.5,25839.5,525
2025-10-27T10:00:00Z,25839.5,25839.5,25831.5,25836.25,594
2025-10-27T10:05:00Z,25835.25,25841.5,25833.0,25837.0,773
2025-10-27T10:10:00Z,25838.0,25838.25,25829.25,25837.5,430
2025-10-27T10:15:00Z,25838.25,25845.0,25836.25,25839.75,516
2025-10-27T10:20:00Z,25841.25,25844.5,25838.25,25843.25,271
2025-10-27T10:25:00Z,25843.5,25847.75,25840.5,25844.0,413
2025-10-27T10:30:00Z,25844.25,25851.0,25838.75,25850.25,677
2025-10-27T10:35:00Z,25849.75,25851.5,25843.75,25845.5,399
2025-10-27T10:40:00Z,25845.75,25847.0,25843.0,25845.75,224
2025-10-27T10:45:00Z,25846.25,25852.5,25845.5,25848.75,287
2025-10-27T10:50:00Z,25848.25,25851.0,25843.25,25844.0,405
2025-10-27T10:55:00Z,25843.75,25844.5,25837.25,25838.5,543
2025-10-27T11:00:00Z,25838.0,25846.5,25833.0,25844.0,833
2025-10-27T11:05:00Z,25844.25,25848.5,25842.5,25843.75,333
2025-10-27T11:10:00Z,25843.0,25843.25,25830.25,25833.25,780
2025-10-27T11:15:00Z,25833.0,25836.0,25828.25,25832.25,706
2025-10-27T11:20:00Z,25830.75,25837.25,25830.25,25835.75,320
2025-10-27T11:25:00Z,25835.75,25839.5,25833.75,25836.0,970
2025-10-27T11:30:00Z,25835.5,25837.75,25823.0,25826.25,664
2025-10-27T11:35:00Z,25826.25,25830.5,25821.5,25825.5,551
2025-10-27T11:40:00Z,25825.75,25827.0,25820.0,25821.5,570
2025-10-27T11:45:00Z,25821.25,25823.5,25811.75,25814.5,602
2025-10-27T11:50:00Z,25814.25,25822.25,25812.5,25819.5,529
2025-10-27T11:55:00Z,25819.5,25823.75,25818.75,25819.75,387
2025-10-27T12:00:00Z,25819.5,25832.75,25817.25,25830.75,795
2025-10-27T12:05:00Z,25830.25,25835.25,25822.5,25835.0,751
2025-10-27T12:10:00Z,25834.25,25844.75,25833.5,25841.25,969
2025-10-27T12:15:00Z,25841.5,25841.75,25832.5,25838.25,728
2025-10-27T12:20:00Z,25838.0,25845.75,25836.0,25842.5,785
2025-10-27T12:25:00Z,25842.5,25842.75,25835.0,25837.25,432
2025-10-27T12:30:00Z,25835.5,25837.5,25824.25,25827.25,875
2025-10-27T12:35:00Z,25827.5,25836.25,25827.25,25834.5,600
2025-10-27T12:40:00Z,25834.75,25836.25,25825.75,25833.0,637
2025-10-27T12:45:00Z,25833.25,25836.0,25829.75,25833.5,661
2025-10-27T12:50:00Z,25834.5,25837.75,25831.5,25831.5,467
2025-10-27T12:55:00Z,25831.75,25833.75,25828.75,25831.0,467
2025-10-27T13:00:00Z,25830.75,25838.5,25827.5,25837.5,993
2025-10-27T13:05:00Z,25838.25,25840.75,25836.0,25838.0,581
2025-10-27T13:10:00Z,25838.25,25842.5,25833.75,25833.75,665
2025-10-27T13:15:00Z,25834.25,25835.75,25822.75,25823.75,1036
2025-10-27T13:20:00Z,25823.75,25829.5,25815.25,25828.25,1869
2025-10-27T13:25:00Z,25828.0,25839.5,25814.25,25815.75,3042
2025-10-27T13:30:00Z,25815.5,25859.5,25814.0,25823.25,15394
2025-10-27T13:35:00Z,25823.25,25847.0,25796.75,25839.5,12171
2025-10-27T13:40:00Z,25839.0,25846.75,25812.25,25838.25,8144
2025-10-27T13:45:00Z,25838.75,25848.0,25824.0,25833.5,5805
2025-10-27T13:50:00Z,25833.0,25843.5,25808.5,25841.5,6295
2025-10-27T13:55:00Z,25841.5,25854.5,25834.0,25848.75,5622
2025-10-27T14:00:00Z,25848.75,25875.75,25842.5,25867.0,8337
2025-10-27T14:05:00Z,25866.5,25874.75,25862.25,25867.0,4233
2025-10-27T14:10:00Z,25867.0,25867.75,25848.75,25859.5,6631
2025-10-27T14:15:00Z,25859.75,25865.5,25831.5,25834.25,6841
2025-10-27T14:20:00Z,25834.0,25844.5,25823.0,25836.5,6313
2025-10-27T14:25:00Z,25836.5,25870.0,25830.5,25868.5,6060
2025-10-27T14:30:00Z,25868.5,25880.75,25857.25,25873.75,5661
2025-10-27T14:35:00Z,25873.0,25887.0,25871.75,25881.5,5294
2025-10-27T14:40:00Z,25882.25,25890.25,25878.5,25888.75,3701
2025-10-27T14:45:00Z,25889.5,25892.0,25868.25,25875.5,5555
2025-10-27T14:50:00Z,25875.5,25876.5,25859.0,25867.0,4831
2025-10-27T14:55:00Z,25866.75,25877.25,25851.25,25857.5,5521
2025-10-27T15:00:00Z,25857.75,25888.0,25855.5,25879.0,4995
2025-10-27T15:05:00Z,25878.75,25888.5,25872.5,25877.5,3440
2025-10-27T15:10:00Z,25877.0,25895.0,25876.75,25893.25,3935
2025-10-27T15:15:00Z,25893.0,25896.75,25883.0,25885.0,3764
2025-10-27T15:20:00Z,25885.0,25892.25,25874.25,25892.25,3293
2025-10-27T15:25:00Z,25892.0,25901.5,25889.25,25898.25,4675
2025-10-27T15:30:00Z,25898.0,25904.0,25895.5,25899.25,2827
2025-10-27T15:35:00Z,25899.25,25904.75,25892.5,25897.0,2619
2025-10-27T15:40:00Z,25897.0,25910.0,25896.5,25907.5,3141
2025-10-27T15:45:00Z,25907.5,25908.25,25897.25,25904.25,3257
2025-10-27T15:50:00Z,25904.75,25904.75,25889.0,25891.5,4199
2025-10-27T15:55:00Z,25891.0,25899.0,25888.0,25893.0,2614
2025-10-27T16:00:00Z,25893.0,25906.0,25889.25,25905.75,2723
2025-10-27T16:05:00Z,25906.0,25912.0,25899.0,25907.0,2329
2025-10-27T16:10:00Z,25907.75,25910.25,25904.0,25906.75,1420
2025-10-27T16:15:00Z,25906.75,25908.25,25899.5,25900.0,1949
2025-10-27T16:20:00Z,25900.25,25907.5,25897.0,25904.5,2158
2025-10-27T16:25:00Z,25904.75,25905.0,25901.0,25903.0,1610
2025-10-27T16:30:00Z,25903.25,25911.25,25902.75,25908.75,2819
2025-10-27T16:35:00Z,25908.5,25918.0,25902.25,25903.25,3028
2025-10-27T16:40:00Z,25903.5,25909.25,25901.25,25905.75,1685
2025-10-27T16:45:00Z,25906.0,25907.5,25899.5,25904.75,1839
2025-10-27T16:50:00Z,25905.25,25916.75,25905.0,25916.25,2900
2025-10-27T16:55:00Z,25915.75,25917.25,25910.0,25913.75,2121
2025-10-27T17:00:00Z,25913.5,25916.0,25908.0,25913.75,1825
2025-10-27T17:05:00Z,25913.5,25915.0,25904.75,25906.0,2342
2025-10-27T17:10:00Z,25906.0,25910.0,25897.5,25909.0,2164
2025-10-27T17:15:00Z,25908.75,25911.5,25901.75,25902.5,1892
2025-10-27T17:20:00Z,25902.0,25903.25,25893.75,25894.5,2516
2025-10-27T17:25:00Z,25894.25,25904.25,25891.0,25900.5,2336
2025-10-27T17:30:00Z,25900.75,25910.25,25895.75,25907.5,2138
2025-10-27T17:35:00Z,25907.75,25916.5,25903.75,25914.25,2480
2025-10-27T17:40:00Z,25914.25,25927.75,25913.5,25924.0,4400
2025-10-27T17:45:00Z,25923.5,25929.0,25921.0,25926.25,2259
2025-10-27T17:50:00Z,25926.25,25926.5,25920.5,25923.75,1653
2025-10-27T17:55:00Z,25923.25,25928.75,25923.0,25926.5,1752
2025-10-27T18:00:00Z,25926.75,25931.5,25919.5,25928.5,2833
2025-10-27T18:05:00Z,25928.0,25930.0,25922.5,25929.75,1383
2025-10-27T18:10:00Z,25930.0,25931.0,25925.0,25929.25,1371
2025-10-27T18:15:00Z,25929.5,25933.5,25927.25,25932.25,1854
2025-10-27T18:20:00Z,25932.25,25935.0,25929.25,25931.5,1608
2025-10-27T18:25:00Z,25931.5,25932.5,25928.25,25930.0,1535
2025-10-27T18:30:00Z,25930.0,25931.25,25924.25,25925.25,2373
2025-10-27T18:35:00Z,25925.25,25929.5,25923.0,25929.25,2072
2025-10-27T18:40:00Z,25929.5,25938.0,25928.25,25935.5,2787
2025-10-27T18:45:00Z,25936.0,25940.0,25928.5,25932.25,3140
2025-10-27T18:50:00Z,25932.5,25936.75,25928.0,25935.75,2254
2025-10-27T18:55:00Z,25935.75,25946.25,25935.25,25941.5,3919
2025-10-27T19:00:00Z,25941.75,25943.0,25930.75,25932.25,2872
2025-10-27T19:05:00Z,25932.25,25943.25,25930.0,25939.5,2637
2025-10-27T19:10:00Z,25939.25,25942.5,25932.0,25932.75,2322
2025-10-27T19:15:00Z,25932.75,25933.0,25923.0,25924.75,3449
2025-10-27T19:20:00Z,25924.5,25928.75,25920.5,25926.25,2429
2025-10-27T19:25:00Z,25926.25,25928.25,25922.25,25927.0,1834
2025-10-27T19:30:00Z,25927.25,25931.5,25924.5,25930.25,3075
2025-10-27T19:35:00Z,25930.0,25945.75,25926.25,25942.75,5154
2025-10-27T19:40:00Z,25942.5,25943.25,25935.0,25936.75,2914
2025-10-27T19:45:00Z,25937.0,25954.0,25935.75,25951.25,7189
2025-10-27T19:50:00Z,25951.25,25981.25,25949.25,25978.75,10756
2025-10-27T19:55:00Z,25978.25,25981.0,25960.0,25960.75,18360
2025-10-27T20:00:00Z,25961.0,25973.5,25960.0,25973.0,7685
2025-10-27T20:05:00Z,25973.25,25974.5,25965.25,25965.5,2813
2025-10-27T20:10:00Z,25965.75,25975.25,25965.0,25974.0,2027
2025-10-27T20:15:00Z,25974.5,25993.5,25972.25,25991.0,2008
2025-10-27T20:20:00Z,25991.25,25998.25,25990.5,25995.0,1030
2025-10-27T20:25:00Z,25994.5,25998.5,25992.75,25996.0,662
2025-10-27T20:30:00Z,25996.0,26000.5,25996.0,25997.5,825
2025-10-27T20:35:00Z,25997.25,26001.0,25997.0,26000.25,475
2025-10-27T20:40:00Z,26000.25,26003.25,25998.75,26002.25,575
2025-10-27T20:45:00Z,26001.75,26008.25,26000.5,26007.75,1036
2025-10-27T20:50:00Z,26007.75,26011.5,26004.75,26009.75,772
2025-10-27T20:55:00Z,26010.0,26013.5,26003.0,26003.75,1009
2025-10-27T22:00:00Z,26002.5,26002.75,25988.5,25990.0,0
2025-10-27T22:05:00Z,25990.0,25992.75,25986.0,25987.5,344
2025-10-27T22:10:00Z,25988.5,25991.25,25986.5,25989.75,232
2025-10-27T22:15:00Z,25990.0,26000.0,25988.25,25994.5,358
2025-10-27T22:20:00Z,25995.25,26000.25,25993.75,25998.5,208
2025-10-27T22:25:00Z,26000.0,26000.25,25992.75,25994.25,156
2025-10-27T22:30:00Z,25994.25,25997.0,25990.0,25995.25,216
2025-10-27T22:35:00Z,25996.5,25998.75,25994.5,25998.75,59
2025-10-27T22:40:00Z,25998.25,25998.25,25991.0,25993.75,122
2025-10-27T22:45:00Z,25994.0,25997.75,25991.0,25995.75,181
2025-10-27T22:50:00Z,25995.75,25997.25,25994.0,25996.75,70
2025-10-27T22:55:00Z,25996.75,25998.5,25995.0,25996.0,86
2025-10-27T23:00:00Z,25996.5,26005.25,25994.25,26003.25,405
2025-10-27T23:05:00Z,26003.75,26005.75,25996.75,25998.5,268
2025-10-27T23:10:00Z,25999.75,26004.0,25999.5,26003.75,104
2025-10-27T23:15:00Z,26003.0,26008.75,26002.25,26008.25,218
2025-10-27T23:20:00Z,26008.5,26012.0,26003.0,26008.0,383
2025-10-27T23:25:00Z,26007.5,26017.75,26004.75,26013.75,547
2025-10-27T23:30:00Z,26012.75,26018.75,26010.0,26013.75,351
2025-10-27T23:35:00Z,26012.5,26014.5,26010.25,26011.0,173
2025-10-27T23:40:00Z,26010.75,26011.0,26005.0,26007.25,301
2025-10-27T23:45:00Z,26005.0,26010.5,26001.25,26008.75,314
2025-10-27T23:50:00Z,26009.5,26013.0,26002.75,26002.75,263
2025-10-27T23:55:00Z,26001.5,26005.0,25993.75,25995.0,404
2025-10-28T00:00:00Z,25994.0,25995.5,25985.25,25986.25,543
2025-10-28T00:05:00Z,25986.5,25987.75,25977.0,25982.0,640
2025-10-28T00:10:00Z,25981.25,25991.75,25981.0,25988.75,661
2025-10-28T00:15:00Z,25988.75,25990.5,25981.0,25982.25,375
2025-10-28T00:20:00Z,25982.25,25987.75,25981.0,25984.25,238
2025-10-28T00:25:00Z,25983.75,25987.25,25983.5,25984.0,178
2025-10-28T00:30:00Z,25983.75,25983.75,25977.5,25982.0,317
2025-10-28T00:35:00Z,25982.5,25989.75,25980.75,25983.5,279
2025-10-28T00:40:00Z,25984.25,25986.75,25980.25,25983.5,181
2025-10-28T00:45:00Z,25982.75,25983.75,25976.5,25978.5,323
2025-10-28T00:50:00Z,25977.75,25981.5,25974.75,25975.0,317
2025-10-28T00:55:00Z,25975.0,25979.25,25974.0,25975.75,197
2025-10-28T01:00:00Z,25975.25,25977.75,25970.25,25970.75,402
2025-10-28T01:05:00Z,25971.0,25974.5,25968.0,25970.0,359
2025-10-28T01:10:00Z,25970.0,25970.25,25963.75,25966.75,427
2025-10-28T01:15:00Z,25967.5,25977.0,25966.75,25967.5,558
2025-10-28T01:20:00Z,25968.0,25969.0,25961.75,25963.25,418
2025-10-28T01:25:00Z,25964.25,25972.75,25963.25,25968.75,311
2025-10-28T01:30:00Z,25968.5,25981.5,25968.25,25978.0,446
2025-10-28T01:35:00Z,25978.5,25981.0,25970.5,25970.5,336
2025-10-28T01:40:00Z,25970.5,25973.5,25965.75,25972.75,332
2025-10-28T01:45:00Z,25974.0,25976.0,25969.75,25972.5,275
2025-10-28T01:50:00Z,25971.75,25975.5,25967.75,25968.25,277
2025-10-28T01:55:00Z,25968.0,25971.25,25966.75,25969.5,116
2025-10-28T02:00:00Z,25968.75,25976.75,25968.25,25974.5,219
2025-10-28T02:05:00Z,25974.25,25980.75,25974.0,25979.0,253
2025-10-28T02:10:00Z,25979.75,25980.25,25974.0,25976.25,162
2025-10-28T02:15:00Z,25974.25,25980.25,25974.0,25979.0,184
2025-10-28T02:20:00Z,25979.5,25981.0,25970.0,25973.75,364
2025-10-28T02:25:00Z,25973.5,25978.0,25972.5,25977.5,85
2025-10-28T02:30:00Z,25977.0,25977.25,25970.5,25971.0,139
2025-10-28T02:35:00Z,25970.5,25974.5,25970.5,25972.0,75
2025-10-28T02:40:00Z,25972.5,25973.25,25968.25,25971.5,241
2025-10-28T02:45:00Z,25971.25,25975.25,25965.75,25966.0,283
2025-10-28T02:50:00Z,25966.75,25973.75,25963.5,25971.5,237
2025-10-28T02:55:00Z,25971.5,25980.5,25971.5,25977.0,218
2025-10-28T03:00:00Z,25977.5,25985.25,25977.0,25979.5,302
2025-10-28T03:05:00Z,25978.5,25982.75,25975.75,25975.75,137
2025-10-28T03:10:00Z,25977.25,25977.25,25967.25,25970.0,257
2025-10-28T03:15:00Z,25970.0,25977.25,25969.25,25971.75,178
2025-10-28T03:20:00Z,25972.25,25977.25,25972.25,25975.75,74
2025-10-28T03:25:00Z,25974.25,25979.5,25974.25,25978.75,120
2025-10-28T03:30:00Z,25979.25,25979.25,25972.75,25975.5,179
2025-10-28T03:35:00Z,25976.25,25978.0,25973.0,25976.5,83
2025-10-28T03:40:00Z,25976.25,25979.5,25976.25,25979.0,60
2025-10-28T03:45:00Z,25978.75,25983.0,25977.0,25981.75,187
2025-10-28T03:50:00Z,25982.0,25989.0,25979.75,25984.0,350
2025-10-28T03:55:00Z,25984.0,25985.0,25979.25,25979.25,73
2025-10-28T04:05:00Z,25979.0,25980.25,25978.25,25978.75,454
2025-10-28T04:10:00Z,25980.25,25982.0,25978.25,25978.75,146
2025-10-28T04:15:00Z,25978.75,25979.0,25965.25,25968.5,343
2025-10-28T04:20:00Z,25968.0,25975.0,25965.0,25974.0,318
2025-10-28T04:25:00Z,25973.5,25975.0,25967.75,25969.0,222
2025-10-28T04:30:00Z,25969.5,25970.75,25966.75,25968.5,116
2025-10-28T04:35:00Z,25969.5,25971.0,25964.0,25967.25,158
2025-10-28T04:40:00Z,25966.75,25966.75,25962.5,25962.75,190
2025-10-28T04:45:00Z,25963.75,25966.75,25962.75,25964.75,107
2025-10-28T04:50:00Z,25964.75,25967.0,25959.5,25962.25,213
2025-10-28T04:55:00Z,25962.75,25964.0,25956.25,25956.75,332
2025-10-28T05:00:00Z,25957.5,25962.75,25953.5,25958.25,369
2025-10-28T05:05:00Z,25958.0,25961.25,25951.75,25953.25,248
2025-10-28T05:10:00Z,25952.5,25956.0,25946.5,25949.0,482
2025-10-28T05:15:00Z,25949.0,25955.5,25948.0,25955.0,240
2025-10-28T05:20:00Z,25955.0,25955.75,25951.5,25951.5,183
2025-10-28T05:25:00Z,25950.75,25955.75,25949.75,25953.0,269
2025-10-28T05:30:00Z,25952.75,25954.5,25948.75,25952.5,172
2025-10-28T05:35:00Z,25951.75,25952.5,25947.0,25949.75,216
2025-10-28T05:40:00Z,25948.5,25951.75,25946.5,25950.25,201
2025-10-28T05:45:00Z,25950.25,25966.75,25950.25,25966.5,463
2025-10-28T05:50:00Z,25966.25,25967.0,25957.25,25965.25,309
2025-10-28T05:55:00Z,25966.25,25967.25,25960.25,25961.0,219
2025-10-28T06:00:00Z,25961.75,25970.75,25961.75,25962.5,349
2025-10-28T06:05:00Z,25963.5,25967.0,25959.5,25963.75,226
2025-10-28T06:10:00Z,25964.5,25965.75,25956.75,25960.5,232
2025-10-28T06:15:00Z,25960.25,25960.5,25954.0,25957.75,210
2025-10-28T06:20:00Z,25959.0,25964.25,25956.75,25964.0,343
2025-10-28T06:25:00Z,25964.5,25969.25,25963.5,25966.5,202
2025-10-28T06:30:00Z,25967.0,25985.0,25967.0,25978.0,703
2025-10-28T06:35:00Z,25978.0,25978.75,25968.5,25969.5,242
2025-10-28T06:40:00Z,25969.25,25972.5,25967.5,25969.75,157
2025-10-28T06:45:00Z,25968.25,25972.0,25960.0,25963.5,262
2025-10-28T06:50:00Z,25962.25,25966.5,25961.25,25963.0,160
2025-10-28T06:55:00Z,25963.5,25964.0,25957.0,25958.0,235
2025-10-28T07:00:00Z,25958.5,25973.25,25956.75,25969.75,689
2025-10-28T07:05:00Z,25969.75,25980.75,25969.5,25978.0,413
2025-10-28T07:10:00Z,25977.25,25978.25,25960.0,25961.25,402
2025-10-28T07:15:00Z,25961.25,25968.0,25959.75,25963.25,277
2025-10-28T07:20:00Z,25964.25,25975.5,25962.75,25974.0,248
2025-10-28T07:25:00Z,25974.0,25978.5,25972.5,25973.75,208
2025-10-28T07:30:00Z,25973.5,25975.5,25969.0,25969.0,149
2025-10-28T07:35:00Z,25968.75,25969.0,25965.25,25966.75,130
2025-10-28T07:40:00Z,25966.75,25973.0,25966.0,25968.5,210
2025-10-28T07:45:00Z,25967.0,25969.5,25960.75,25963.0,306
2025-10-28T07:50:00Z,25963.0,25963.0,25951.75,25954.5,401
2025-10-28T07:55:00Z,25954.5,25966.75,25953.0,25957.75,342
2025-10-28T08:00:00Z,25958.75,25962.5,25949.5,25954.75,739
2025-10-28T08:05:00Z,25954.5,25960.75,25948.5,25950.0,292
2025-10-28T08:10:00Z,25949.5,25949.75,25943.0,25948.5,596
2025-10-28T08:15:00Z,25948.0,25952.0,25943.25,25951.25,483
2025-10-28T08:20:00Z,25951.5,25959.0,25944.5,25950.0,646
2025-10-28T08:25:00Z,25949.75,25956.25,25947.5,25950.5,227
2025-10-28T08:30:00Z,25950.75,25961.0,25950.75,25959.25,278
2025-10-28T08:35:00Z,25958.5,25959.0,25946.0,25947.25,456
2025-10-28T08:40:00Z,25947.75,25954.75,25947.75,25954.5,251
2025-10-28T08:45:00Z,25954.5,25963.25,25953.75,25963.0,519
2025-10-28T08:50:00Z,25962.0,25973.5,25961.5,25970.0,530
2025-10-28T08:55:00Z,25969.75,25972.5,25967.5,25968.5,283
2025-10-28T09:00:00Z,25968.75,25975.0,25968.25,25970.25,285
2025-10-28T09:05:00Z,25969.75,25973.75,25969.25,25969.75,190
2025-10-28T09:10:00Z,25970.0,25971.25,25968.0,25971.0,132
2025-10-28T09:15:00Z,25971.5,25976.0,25968.0,25976.0,387
2025-10-28T09:20:00Z,25976.0,25978.5,25968.25,25970.25,310
2025-10-28T09:25:00Z,25970.5,25971.75,25964.25,25969.5,246
2025-10-28T09:40:00Z,25965.0,25971.5,25963.5,25970.75,524
2025-10-28T09:45:00Z,25970.75,25975.0,25969.5,25973.5,248
2025-10-28T09:50:00Z,25973.25,25977.5,25971.0,25973.75,242
2025-10-28T09:55:00Z,25974.5,25981.75,25973.25,25975.75,506
2025-10-28T10:00:00Z,25975.5,25985.0,25968.75,25969.75,600
2025-10-28T10:05:00Z,25970.0,25974.5,25967.75,25971.0,325
2025-10-28T10:10:00Z,25971.0,25974.5,25968.5,25973.25,260
2025-10-28T10:15:00Z,25974.5,25986.75,25972.0,25986.0,436
2025-10-28T10:20:00Z,25986.25,25987.75,25981.0,25987.5,645
2025-10-28T10:25:00Z,25987.0,25989.5,25984.25,25985.5,246
2025-10-28T10:30:00Z,25986.0,25989.0,25977.25,25979.25,382
2025-10-28T10:35:00Z,25978.75,25981.25,25976.0,25979.0,182
2025-10-28T10:40:00Z,25979.5,25983.0,25978.25,25978.75,241
2025-10-28T10:45:00Z,25979.25,25981.0,25971.0,25976.5,297
2025-10-28T10:50:00Z,25976.0,25980.0,25972.0,25979.5,218
2025-10-28T10:55:00Z,25979.25,25981.0,25976.0,25977.5,205
2025-10-28T11:00:00Z,25978.0,25984.75,25977.75,25979.25,463
2025-10-28T11:05:00Z,25979.5,25992.5,25978.25,25990.0,508
2025-10-28T11:10:00Z,25990.5,25992.0,25985.5,25987.0,298
2025-10-28T11:15:00Z,25986.75,25992.5,25977.25,25990.5,876
2025-10-28T11:20:00Z,25990.5,26001.25,25987.0,25997.5,790
2025-10-28T11:25:00Z,25997.0,26003.5,25993.5,25995.25,497
2025-10-28T11:30:00Z,25995.0,25999.25,25990.25,25996.75,440
2025-10-28T11:35:00Z,25996.5,26004.0,25994.75,25998.75,767
2025-10-28T11:40:00Z,25998.75,26003.5,25996.0,26002.0,499
2025-10-28T11:45:00Z,26002.75,26003.5,25996.75,25999.75,680
2025-10-28T11:50:00Z,25999.5,26003.5,25998.25,25998.5,220
2025-10-28T11:55:00Z,25998.25,25998.25,25990.75,25993.75,391
2025-10-28T12:00:00Z,25993.75,25998.25,25992.5,25995.0,353
2025-10-28T12:05:00Z,25994.75,26000.5,25994.25,25998.0,346
2025-10-28T12:10:00Z,25998.5,26010.25,25997.75,26009.25,973
2025-10-28T12:15:00Z,26009.0,26025.0,26005.75,26018.25,1207
2025-10-28T12:20:00Z,26019.25,26025.0,26014.25,26019.75,1005
2025-10-28T12:25:00Z,26020.0,26022.25,26012.5,26019.5,949
2025-10-28T12:30:00Z,26019.75,26020.0,26005.5,26011.75,901
2025-10-28T12:35:00Z,26011.75,26015.75,26006.75,26009.75,631
2025-10-28T12:40:00Z,26010.5,26016.75,26005.0,26007.0,613
2025-10-28T12:45:00Z,26006.75,26011.25,26003.25,26005.0,436
2025-10-28T12:50:00Z,26005.5,26006.0,26001.0,26002.0,857
2025-10-28T12:55:00Z,26002.5,26013.5,26002.5,26012.5,877
2025-10-28T13:00:00Z,26012.25,26051.0,26008.25,26046.0,6834
2025-10-28T13:05:00Z,26046.0,26057.75,26039.25,26051.25,3154
2025-10-28T13:10:00Z,26051.5,26063.5,26050.0,26056.75,1643
2025-10-28T13:15:00Z,26057.5,26060.75,26036.25,26036.75,2079
2025-10-28T13:20:00Z,26037.0,26050.5,26034.25,26048.0,1260
2025-10-28T13:25:00Z,26047.5,26056.25,26042.5,26051.75,2487
2025-10-28T13:30:00Z,26051.5,26094.75,26048.75,26070.25,13641
2025-10-28T13:35:00Z,26070.75,26074.75,26041.5,26060.75,9308
2025-10-28T13:40:00Z,26060.5,26081.75,26054.0,26077.25,6324
2025-10-28T13:45:00Z,26077.5,26081.0,26037.0,26059.25,7986
2025-10-28T13:50:00Z,26059.0,26061.0,26029.75,26034.25,6767
2025-10-28T13:55:00Z,26034.25,26085.5,26031.25,26065.0,8991
2025-10-28T14:00:00Z,26065.0,26075.0,26056.5,26068.75,4977
2025-10-28T14:05:00Z,26068.75,26076.5,26054.25,26066.75,4522
2025-10-28T14:10:00Z,26068.0,26075.5,26058.0,26071.25,3492
2025-10-28T14:15:00Z,26071.75,26074.5,26055.5,26058.5,3683
2025-10-28T14:20:00Z,26058.5,26066.5,26046.5,26050.0,4436
2025-10-28T14:25:00Z,26049.75,26061.5,26033.5,26045.75,4711
2025-10-28T14:30:00Z,26045.5,26048.0,26023.5,26035.25,6459
2025-10-28T14:35:00Z,26035.0,26052.0,26024.5,26027.25,5383
2025-10-28T14:40:00Z,26027.25,26029.5,26014.25,26023.75,5144
2025-10-28T14:45:00Z,26023.5,26043.25,26008.75,26037.0,5920
2025-10-28T14:50:00Z,26036.5,26042.5,26021.75,26040.0,3685
2025-10-28T14:55:00Z,26040.5,26046.75,26030.75,26035.0,3609
2025-10-28T15:00:00Z,26035.75,26053.0,26032.0,26035.5,4187
2025-10-28T15:05:00Z,26035.75,26056.5,26033.0,26052.5,3133
2025-10-28T15:10:00Z,26052.75,26054.25,26034.25,26040.25,3307
2025-10-28T15:15:00Z,26041.75,26050.0,26032.75,26045.5,2378
2025-10-28T15:20:00Z,26046.0,26046.75,26035.0,26042.0,1962
2025-10-28T15:25:00Z,26042.25,26051.25,26038.75,26045.25,2431
2025-10-28T15:30:00Z,26044.75,26046.0,26024.0,26029.5,3454
2025-10-28T15:35:00Z,26029.5,26054.0,26006.0,26051.0,5989
2025-10-28T15:40:00Z,26051.5,26052.5,26031.25,26035.75,3052
2025-10-28T15:45:00Z,26035.5,26051.25,26033.0,26045.5,2952
2025-10-28T15:50:00Z,26045.25,26052.0,26041.75,26049.5,2118
2025-10-28T15:55:00Z,26049.25,26061.5,26045.75,26060.5,2936
2025-10-28T16:00:00Z,26060.75,26080.0,26060.5,26069.0,4895
2025-10-28T16:05:00Z,26069.25,26085.5,26067.5,26085.5,3401
2025-10-28T16:10:00Z,26085.5,26087.5,26072.75,26074.0,3241
2025-10-28T16:15:00Z,26074.5,26081.75,26070.0,26075.25,2790
2025-10-28T16:20:00Z,26074.75,26083.5,26067.5,26081.25,3918
2025-10-28T16:25:00Z,26081.5,26098.0,26080.5,26092.25,4209
2025-10-28T16:30:00Z,26092.25,26146.25,26075.75,26109.0,13623
2025-10-28T16:35:00Z,26109.25,26113.25,26091.0,26102.75,3850
2025-10-28T16:40:00Z,26102.75,26117.75,26096.0,26117.5,2904
2025-10-28T16:45:00Z,26117.75,26133.0,26115.25,26123.75,3771
2025-10-28T16:50:00Z,26123.25,26132.0,26118.25,26119.75,2826
2025-10-28T16:55:00Z,26119.75,26120.25,26106.0,26108.5,3037
2025-10-28T17:00:00Z,26108.5,26127.5,26107.5,26120.0,2323
2025-10-28T17:05:00Z,26120.5,26123.5,26111.0,26112.75,2582
2025-10-28T17:10:00Z,26112.5,26137.75,26102.75,26130.5,5391
2025-10-28T17:15:00Z,26131.25,26140.0,26116.0,26129.25,6084
2025-10-28T17:20:00Z,26128.75,26138.25,26124.75,26135.25,1988
2025-10-28T17:25:00Z,26135.0,26137.0,26125.25,26128.5,2544
2025-10-28T17:30:00Z,26128.75,26141.0,26125.5,26139.75,2739
2025-10-28T17:35:00Z,26139.25,26150.75,26138.0,26142.5,3441
2025-10-28T17:40:00Z,26142.25,26150.0,26141.25,26144.0,2755
2025-10-28T17:45:00Z,26143.75,26150.25,26134.5,26147.25,4491
2025-10-28T17:50:00Z,26146.75,26157.5,26146.0,26154.0,3446
2025-10-28T17:55:00Z,26153.75,26158.25,26140.75,26153.25,3422
2025-10-28T18:00:00Z,26153.5,26156.0,26147.25,26155.25,2507
2025-10-28T18:05:00Z,26155.5,26161.5,26150.5,26154.0,2395
2025-10-28T18:10:00Z,26154.0,26159.25,26152.5,26157.75,1901
2025-10-28T18:15:00Z,26157.5,26177.75,26155.25,26177.25,4324
2025-10-28T18:20:00Z,26176.75,26183.75,26174.0,26179.25,4244
2025-10-28T18:25:00Z,26179.5,26186.5,26174.75,26182.0,3222
2025-10-28T18:30:00Z,26182.0,26190.75,26180.0,26184.5,2841
2025-10-28T18:35:00Z,26185.5,26187.25,26179.75,26181.25,2047
2025-10-28T18:40:00Z,26181.0,26186.5,26176.75,26184.75,3079
2025-10-28T18:45:00Z,26184.75,26187.75,26179.0,26184.0,2515
2025-10-28T18:50:00Z,26183.75,26195.25,26183.75,26187.0,3239
2025-10-28T18:55:00Z,26187.0,26197.0,26181.25,26194.75,3246
2025-10-28T19:00:00Z,26194.75,26196.5,26180.0,26188.25,3889
2025-10-28T19:05:00Z,26188.25,26210.0,26187.25,26209.0,4717
2025-10-28T19:10:00Z,26208.75,26211.5,26201.75,26207.75,2881
2025-10-28T19:15:00Z,26207.5,26207.5,26194.75,26205.75,3531
2025-10-28T19:20:00Z,26206.25,26212.5,26203.5,26210.75,2366
2025-10-28T19:25:00Z,26210.25,26230.75,26206.5,26225.5,5352
2025-10-28T19:30:00Z,26225.5,26231.5,26217.75,26225.25,3462
2025-10-28T19:35:00Z,26225.0,26226.25,26206.75,26209.75,4123
2025-10-28T19:40:00Z,26209.25,26209.75,26183.5,26194.25,8301
2025-10-28T19:45:00Z,26194.0,26202.5,26183.75,26185.25,3899
2025-10-28T19:50:00Z,26185.5,26188.0,26162.25,26177.0,9438
2025-10-28T19:55:00Z,26177.25,26183.5,26157.75,26160.0,15959
2025-10-28T20:00:00Z,26160.25,26173.5,26150.75,26163.5,6065
2025-10-28T20:05:00Z,26163.5,26163.5,26153.75,26156.75,2898
2025-10-28T20:10:00Z,26157.0,26161.25,26151.5,26156.75,1736
2025-10-28T20:15:00Z,26156.75,26169.0,26155.75,26163.5,1413
2025-10-28T20:20:00Z,26164.25,26169.5,26161.5,26164.0,922
2025-10-28T20:25:00Z,26164.0,26167.5,26163.25,26164.75,515
2025-10-28T20:30:00Z,26165.0,26174.5,26161.75,26173.75,936
2025-10-28T20:35:00Z,26173.5,26174.5,26168.5,26169.75,700
2025-10-28T20:40:00Z,26169.75,26170.5,26163.75,26168.5,791
2025-10-28T20:45:00Z,26168.25,26171.5,26166.25,26168.25,683
2025-10-28T20:50:00Z,26168.75,26175.5,26162.0,26175.25,811
2025-10-28T20:55:00Z,26175.0,26178.0,26169.5,26172.5,729
2025-10-28T22:00:00Z,26179.75,26185.5,26172.5,26179.0,0
2025-10-28T22:05:00Z,26180.25,26184.75,26177.75,26182.0,317
2025-10-28T22:10:00Z,26182.0,26188.75,26180.75,26188.75,279
2025-10-28T22:15:00Z,26189.0,26190.25,26184.25,26188.0,185
2025-10-28T22:20:00Z,26186.5,26187.75,26184.25,26187.75,90
2025-10-28T22:25:00Z,26188.0,26188.5,26185.75,26187.75,116
2025-10-28T22:30:00Z,26186.75,26189.0,26181.75,26183.5,165
2025-10-28T22:35:00Z,26183.25,26184.5,26175.0,26177.0,319
2025-10-28T22:40:00Z,26176.5,26178.75,26173.75,26175.0,152
2025-10-28T22:45:00Z,26174.25,26177.25,26172.0,26174.5,157
2025-10-28T22:50:00Z,26173.25,26175.75,26168.5,26174.5,308
2025-10-28T22:55:00Z,26176.25,26176.25,26170.75,26173.5,134
2025-10-28T23:00:00Z,26172.25,26174.25,26164.5,26168.0,303
2025-10-28T23:05:00Z,26167.0,26171.75,26164.75,26168.5,115
2025-10-28T23:10:00Z,26168.75,26176.25,26167.25,26174.75,145
2025-10-28T23:15:00Z,26175.0,26183.0,26175.0,26182.5,326
2025-10-28T23:20:00Z,26182.25,26186.75,26179.0,26186.25,157
2025-10-28T23:25:00Z,26186.75,26187.0,26175.0,26176.75,181
2025-10-28T23:30:00Z,26175.75,26182.75,26174.0,26182.0,164
2025-10-28T23:35:00Z,26182.25,26184.25,26178.75,26180.0,140
2025-10-28T23:40:00Z,26179.0,26180.0,26175.25,26178.25,120
2025-10-28T23:45:00Z,26177.75,26189.75,26177.5,26184.0,230
2025-10-28T23:50:00Z,26184.0,26186.0,26177.75,26182.5,185
2025-10-28T23:55:00Z,26182.75,26187.5,26182.25,26183.5,141
2025-10-29T00:00:00Z,26184.25,26185.0,26171.0,26173.0,344
2025-10-29T00:05:00Z,26172.25,26177.75,26168.0,26170.5,264
2025-10-29T00:10:00Z,26171.0,26177.25,26166.0,26173.5,343
2025-10-29T00:15:00Z,26173.75,26174.75,26170.0,26172.25,199
2025-10-29T00:20:00Z,26173.25,26181.75,26173.25,26181.0,294
2025-10-29T00:25:00Z,26180.75,26187.25,26178.75,26185.25,256
2025-10-29T00:30:00Z,26186.0,26194.0,26182.5,26183.5,649
2025-10-29T00:35:00Z,26183.25,26184.5,26178.25,26180.5,329
2025-10-29T00:40:00Z,26180.75,26182.25,26176.0,26178.25,219
2025-10-29T00:45:00Z,26178.75,26181.0,26174.75,26176.0,213
2025-10-29T00:50:00Z,26176.25,26178.75,26172.25,26172.75,159
2025-10-29T00:55:00Z,26172.5,26175.75,26167.25,26175.0,432
2025-10-29T01:00:00Z,26174.25,26186.25,26172.75,26184.75,429
2025-10-29T01:05:00Z,26185.0,26191.0,26182.75,26183.75,739
2025-10-29T01:10:00Z,26184.0,26188.0,26183.0,26187.25,157
2025-10-29T01:15:00Z,26186.75,26194.0,26186.0,26191.0,324
2025-10-29T01:20:00Z,26191.25,26193.0,26186.0,26188.0,335
2025-10-29T01:25:00Z,26188.0,26198.75,26186.25,26194.25,447
2025-10-29T01:30:00Z,26195.25,26199.5,26193.25,26196.25,214
2025-10-29T01:35:00Z,26197.0,26204.5,26196.25,26202.75,311
2025-10-29T01:40:00Z,26202.25,26218.75,26200.5,26201.0,1353
2025-10-29T01:45:00Z,26200.0,26200.5,26191.0,26197.0,564
2025-10-29T01:50:00Z,26198.25,26209.0,26190.0,26208.0,1195
2025-10-29T01:55:00Z,26208.5,26222.75,26206.75,26215.5,1063
2025-10-29T02:00:00Z,26216.0,26234.5,26214.25,26229.75,1154
2025-10-29T02:05:00Z,26230.5,26232.75,26224.25,26226.5,485
2025-10-29T02:10:00Z,26226.5,26239.75,26223.0,26230.75,833
2025-10-29T02:15:00Z,26230.25,26242.75,26226.25,26237.75,625
2025-10-29T02:20:00Z,26237.0,26246.25,26235.5,26244.5,582
2025-10-29T02:25:00Z,26245.0,26252.5,26244.0,26246.5,586
2025-10-29T02:30:00Z,26246.75,26251.0,26242.25,26243.0,641
2025-10-29T02:35:00Z,26242.75,26246.75,26242.5,26243.5,331
2025-10-29T02:40:00Z,26243.75,26244.5,26239.5,26240.75,306
2025-10-29T02:45:00Z,26241.5,26250.0,26239.0,26248.75,500
2025-10-29T02:50:00Z,26249.5,26251.5,26244.25,26244.5,261
2025-10-29T02:55:00Z,26244.75,26245.5,26238.0,26239.25,281
2025-10-29T03:00:00Z,26239.75,26244.0,26237.25,26241.25,229
2025-10-29T03:05:00Z,26242.0,26245.0,26238.75,26239.5,178
2025-10-29T03:10:00Z,26240.0,26243.5,26237.0,26238.25,290
2025-10-29T03:15:00Z,26238.25,26247.0,26238.0,26245.0,322
2025-10-29T03:20:00Z,26245.25,26245.5,26233.5,26236.25,293
2025-10-29T03:25:00Z,26236.25,26240.0,26231.75,26236.5,269
2025-10-29T03:30:00Z,26236.5,26236.75,26224.25,26231.25,430
2025-10-29T03:35:00Z,26231.25,26244.5,26231.0,26242.25,319
2025-10-29T03:40:00Z,26242.5,26247.25,26240.5,26244.5,189
2025-10-29T03:45:00Z,26244.0,26248.75,26241.75,26248.25,258
2025-10-29T03:50:00Z,26248.25,26250.75,26242.0,26242.75,257
2025-10-29T03:55:00Z,26243.0,26246.0,26240.5,26244.0,169
2025-10-29T04:05:00Z,26229.25,26229.75,26229.25,26229.25,577
2025-10-29T04:10:00Z,26229.0,26229.0,26221.0,26223.0,419
2025-10-29T04:15:00Z,26222.75,26232.0,26222.75,26230.25,271
2025-10-29T04:20:00Z,26230.25,26240.75,26230.0,26240.25,286
2025-10-29T04:25:00Z,26241.0,26242.0,26236.5,26237.75,173
2025-10-29T04:30:00Z,26237.5,26246.25,26237.0,26245.5,220
2025-10-29T04:35:00Z,26245.0,26247.5,26240.75,26240.75,212
2025-10-29T04:40:00Z,26241.0,26246.0,26240.75,26246.0,162
2025-10-29T04:45:00Z,26245.25,26249.5,26244.5,26246.75,189
2025-10-29T04:50:00Z,26244.25,26248.75,26244.25,26247.0,144
2025-10-29T04:55:00Z,26247.0,26249.0,26244.75,26246.25,272
2025-10-29T05:00:00Z,26246.25,26251.0,26246.0,26248.0,200
2025-10-29T05:05:00Z,26248.25,26252.25,26247.75,26250.75,234
2025-10-29T05:10:00Z,26251.0,26254.5,26245.0,26248.5,401
2025-10-29T05:15:00Z,26249.75,26252.0,26247.5,26251.0,182
2025-10-29T05:20:00Z,26251.25,26255.25,26250.75,26254.25,213
2025-10-29T05:25:00Z,26254.0,26259.75,26253.0,26257.5,257
2025-10-29T05:30:00Z,26257.5,26262.25,26250.0,26259.5,574
2025-10-29T05:35:00Z,26259.75,26262.25,26256.0,26260.5,151
2025-10-29T05:40:00Z,26258.5,26262.5,26256.75,26259.25,199
2025-10-29T05:45:00Z,26259.0,26263.25,26253.0,26254.75,216
2025-10-29T05:50:00Z,26254.5,26261.25,26251.5,26258.25,152
2025-10-29T05:55:00Z,26257.75,26263.75,26257.75,26260.75,196
2025-10-29T06:00:00Z,26261.25,26264.5,26256.5,26260.75,265
2025-10-29T06:05:00Z,26261.25,26269.5,26260.75,26268.0,312
2025-10-29T06:10:00Z,26269.0,26273.75,26267.25,26271.5,353
2025-10-29T06:15:00Z,26270.75,26277.75,26267.25,26276.5,426
2025-10-29T06:20:00Z,26276.75,26283.5,26270.0,26282.0,750
2025-10-29T06:25:00Z,26282.5,26289.75,26280.25,26286.5,695
2025-10-29T06:30:00Z,26284.25,26290.75,26282.25,26289.5,622
2025-10-29T06:35:00Z,26289.75,26290.75,26274.75,26277.25,285
2025-10-29T06:40:00Z,26277.25,26282.25,26273.5,26276.25,265
2025-10-29T06:45:00Z,26275.75,26280.25,26275.0,26279.25,131
2025-10-29T06:50:00Z,26278.75,26280.0,26274.0,26277.0,132
2025-10-29T06:55:00Z,26277.25,26281.0,26276.75,26280.5,208
2025-10-29T07:00:00Z,26281.0,26284.0,26267.0,26268.25,765
2025-10-29T07:05:00Z,26269.0,26275.75,26267.5,26275.75,309
2025-10-29T07:10:00Z,26275.75,26283.25,26273.75,26280.75,430
2025-10-29T07:15:00Z,26281.0,26284.75,26274.25,26274.75,264
2025-10-29T07:20:00Z,26275.5,26275.75,26261.0,26269.0,434
2025-10-29T07:25:00Z,26269.0,26278.25,26267.5,26276.75,239
2025-10-29T07:30:00Z,26276.0,26282.5,26273.25,26282.5,236
2025-10-29T07:35:00Z,26281.5,26295.5,26279.25,26293.5,677
2025-10-29T07:40:00Z,26293.25,26299.0,26290.25,26294.0,441
2025-10-29T07:45:00Z,26293.5,26297.25,26289.5,26289.5,443
2025-10-29T07:50:00Z,26290.75,26292.0,26281.25,26289.75,472
2025-10-29T07:55:00Z,26290.0,26293.75,26288.5,26292.75,320
2025-10-29T08:00:00Z,26291.75,26306.25,26287.25,26306.0,974
2025-10-29T08:05:00Z,26305.5,26305.5,26294.75,26300.75,571
2025-10-29T08:10:00Z,26301.25,26302.75,26289.25,26289.5,471
2025-10-29T08:15:00Z,26288.5,26307.5,26286.0,26305.75,633
2025-10-29T08:20:00Z,26307.0,26309.5,26290.0,26292.25,728
2025-10-29T08:25:00Z,26291.75,26294.25,26284.25,26289.25,675
2025-10-29T08:30:00Z,26289.0,26300.0,26288.25,26290.25,491
2025-10-29T08:35:00Z,26289.75,26293.0,26269.5,26271.5,906
2025-10-29T08:40:00Z,26272.0,26281.75,26267.0,26275.0,626
2025-10-29T08:45:00Z,26275.0,26282.25,26273.75,26275.75,376
2025-10-29T08:50:00Z,26275.25,26279.75,26266.75,26267.25,617
2025-10-29T08:55:00Z,26267.25,26270.25,26260.25,26269.75,528
2025-10-29T09:00:00Z,26268.75,26271.25,26259.75,26263.75,556
2025-10-29T09:05:00Z,26263.0,26266.25,26251.5,26252.0,702
2025-10-29T09:10:00Z,26252.5,26256.75,26235.5,26241.75,1307
2025-10-29T09:15:00Z,26241.5,26256.0,26239.0,26249.0,715
2025-10-29T09:20:00Z,26248.5,26253.75,26233.75,26239.75,666
2025-10-29T09:25:00Z,26239.25,26243.5,26232.5,26237.0,587
2025-10-29T09:30:00Z,26237.25,26237.25,26236.25,26237.25,10
2025-10-29T09:40:00Z,26239.0,26242.0,26232.0,26234.75,1977
2025-10-29T09:45:00Z,26234.25,26239.5,26226.5,26230.0,783
2025-10-29T09:50:00Z,26230.0,26241.0,26229.0,26235.5,470
2025-10-29T09:55:00Z,26236.25,26240.75,26233.25,26237.75,530
2025-10-29T10:00:00Z,26237.0,26243.0,26230.25,26241.5,634
2025-10-29T10:05:00Z,26241.0,26252.25,26234.75,26246.0,1019
2025-10-29T10:10:00Z,26245.0,26250.5,26234.25,26248.0,667
2025-10-29T10:15:00Z,26248.0,26254.0,26242.5,26254.0,431
2025-10-29T10:20:00Z,26253.5,26261.75,26253.25,26260.25,742
2025-10-29T10:25:00Z,26260.25,26264.25,26256.75,26260.25,453
2025-10-29T10:30:00Z,26260.5,26261.25,26248.5,26258.25,868
2025-10-29T10:35:00Z,26258.5,26261.0,26246.5,26253.0,489
2025-10-29T10:40:00Z,26253.5,26255.25,26248.25,26252.0,374
2025-10-29T10:45:00Z,26251.5,26256.5,26250.25,26255.5,196
2025-10-29T10:50:00Z,26256.0,26272.0,26256.0,26271.75,689
2025-10-29T10:55:00Z,26272.25,26273.25,26249.5,26250.25,633
2025-10-29T11:00:00Z,26249.5,26260.25,26245.5,26260.25,722
2025-10-29T11:05:00Z,26260.5,26272.25,26259.75,26272.0,587
2025-10-29T11:10:00Z,26271.5,26275.0,26268.25,26274.25,337
2025-10-29T11:15:00Z,26274.0,26279.5,26266.25,26275.0,697
2025-10-29T11:20:00Z,26275.0,26283.5,26268.75,26282.5,594
2025-10-29T11:25:00Z,26283.25,26291.25,26282.0,26288.75,658
2025-10-29T11:30:00Z,26288.25,26294.75,26280.75,26291.5,837
2025-10-29T11:35:00Z,26291.75,26296.75,26289.75,26294.75,493
2025-10-29T11:40:00Z,26295.0,26296.25,26287.75,26289.75,316
2025-10-29T11:45:00Z,26290.5,26291.0,26282.25,26282.5,291
2025-10-29T11:50:00Z,26282.0,26284.75,26280.0,26281.75,378
2025-10-29T11:55:00Z,26281.0,26281.0,26271.0,26275.5,587
2025-10-29T12:00:00Z,26274.75,26282.0,26272.5,26276.75,550
2025-10-29T12:05:00Z,26276.0,26282.0,26271.25,26281.25,590
2025-10-29T12:10:00Z,26282.5,26284.25,26276.25,26282.0,526
2025-10-29T12:15:00Z,26281.0,26288.0,26277.0,26277.0,488
2025-10-29T12:20:00Z,26276.75,26277.25,26267.0,26270.25,692
2025-10-29T12:25:00Z,26270.5,26271.5,26261.5,26264.25,454
2025-10-29T12:30:00Z,26264.25,26267.25,26254.5,26257.75,927
2025-10-29T12:35:00Z,26257.25,26259.25,26247.0,26253.5,654
2025-10-29T12:40:00Z,26253.25,26254.0,26244.0,26247.5,786
2025-10-29T12:45:00Z,26247.75,26263.25,26247.25,26263.25,1281
2025-10-29T12:50:00Z,26263.0,26272.5,26260.0,26263.5,1013
2025-10-29T12:55:00Z,26263.75,26265.25,26257.75,26260.25,737
2025-10-29T13:00:00Z,26260.75,26271.0,26258.75,26265.0,985
2025-10-29T13:05:00Z,26266.0,26276.0,26265.0,26271.0,975
2025-10-29T13:10:00Z,26271.5,26272.25,26264.0,26269.75,877
2025-10-29T13:15:00Z,26269.75,26275.5,26265.75,26271.0,704
2025-10-29T13:20:00Z,26272.0,26273.75,26259.75,26262.25,1762
2025-10-29T13:25:00Z,26262.5,26270.25,26258.0,26265.75,3755
2025-10-29T13:30:00Z,26266.0,26292.75,26265.25,26278.0,15960
2025-10-29T13:35:00Z,26278.0,26282.75,26254.75,26273.0,10504
2025-10-29T13:40:00Z,26272.75,26279.0,26261.75,26276.0,6605
2025-10-29T13:45:00Z,26276.25,26289.75,26265.0,26282.0,9625
2025-10-29T13:50:00Z,26282.0,26298.5,26267.25,26291.0,8360
2025-10-29T13:55:00Z,26291.0,26319.5,26289.0,26318.25,8054
2025-10-29T14:00:00Z,26319.0,26326.5,26284.25,26288.0,7930
2025-10-29T14:05:00Z,26288.25,26293.25,26269.75,26279.75,6459
2025-10-29T14:10:00Z,26279.5,26300.0,26265.25,26285.75,6691
2025-10-29T14:15:00Z,26285.75,26294.75,26276.0,26289.25,4529
2025-10-29T14:20:00Z,26289.0,26300.25,26281.75,26288.75,4592
2025-10-29T14:25:00Z,26288.25,26298.75,26278.0,26298.0,3561
2025-10-29T14:30:00Z,26298.25,26304.25,26289.25,26303.5,4239
2025-10-29T14:35:00Z,26304.25,26308.5,26298.75,26302.0,3325
2025-10-29T14:40:00Z,26302.75,26303.0,26271.75,26277.75,5093
2025-10-29T14:45:00Z,26278.0,26289.5,26259.5,26261.0,5484
2025-10-29T14:50:00Z,26261.0,26282.25,26243.5,26272.25,8729
2025-10-29T14:55:00Z,26272.0,26274.0,26255.25,26259.5,4776
2025-10-29T15:00:00Z,26260.25,26278.0,26254.75,26255.25,5131
2025-10-29T15:05:00Z,26254.75,26268.5,26254.5,26258.25,3595
2025-10-29T15:10:00Z,26258.75,26262.0,26238.25,26255.0,5666
2025-10-29T15:15:00Z,26254.75,26266.75,26238.0,26266.0,5414
2025-10-29T15:20:00Z,26266.0,26276.75,26261.75,26270.75,3420
2025-10-29T15:25:00Z,26271.0,26274.5,26253.25,26253.25,3238
2025-10-29T15:30:00Z,26253.25,26259.0,26237.0,26240.0,4434
2025-10-29T15:35:00Z,26240.25,26248.75,26229.5,26244.5,6106
2025-10-29T15:40:00Z,26244.75,26248.25,26231.25,26233.0,3700
2025-10-29T15:45:00Z,26233.0,26248.5,26218.5,26246.0,6668
2025-10-29T15:50:00Z,26246.75,26249.5,26230.5,26246.5,3460
2025-10-29T15:55:00Z,26245.75,26246.25,26226.5,26237.75,3325
2025-10-29T16:00:00Z,26237.75,26240.75,26213.0,26214.0,5713
2025-10-29T16:05:00Z,26213.75,26231.0,26208.0,26213.25,5926
2025-10-29T16:10:00Z,26213.5,26229.5,26203.25,26224.25,4456
2025-10-29T16:15:00Z,26224.25,26232.25,26221.25,26227.0,2474
2025-10-29T16:20:00Z,26226.75,26248.0,26225.5,26247.25,4599
2025-10-29T16:25:00Z,26246.0,26256.0,26242.75,26249.25,3001
2025-10-29T16:30:00Z,26249.25,26257.5,26245.0,26246.0,2407
2025-10-29T16:35:00Z,26246.25,26250.75,26240.0,26247.25,2230
2025-10-29T16:40:00Z,26247.0,26259.25,26246.25,26254.5,1872
2025-10-29T16:45:00Z,26255.0,26266.5,26244.75,26246.0,3915
2025-10-29T16:50:00Z,26245.75,26261.75,26240.5,26257.25,2536
2025-10-29T16:55:00Z,26256.75,26264.5,26250.5,26254.25,2266
2025-10-29T17:00:00Z,26254.0,26264.75,26251.75,26264.75,1619
2025-10-29T17:05:00Z,26264.5,26266.0,26256.0,26257.25,1536
2025-10-29T17:10:00Z,26257.0,26264.5,26251.75,26259.75,1435
2025-10-29T17:15:00Z,26260.25,26268.25,26249.0,26251.0,2062
2025-10-29T17:20:00Z,26251.5,26252.25,26238.25,26241.5,2060
2025-10-29T17:25:00Z,26241.5,26241.5,26219.0,26229.25,3237
2025-10-29T17:30:00Z,26229.5,26234.5,26223.0,26233.0,1905
2025-10-29T17:35:00Z,26233.0,26243.25,26231.0,26240.5,1598
2025-10-29T17:40:00Z,26240.5,26257.75,26239.0,26255.75,1958
2025-10-29T17:45:00Z,26255.5,26261.25,26245.0,26255.75,1382
2025-10-29T17:50:00Z,26255.75,26266.75,26252.0,26254.0,1462
2025-10-29T17:55:00Z,26253.25,26258.0,26241.25,26254.0,1652
2025-10-29T18:00:00Z,26255.0,26290.0,26219.25,26239.75,7045
2025-10-29T18:05:00Z,26238.75,26259.25,26204.75,26242.5,4882
2025-10-29T18:10:00Z,26244.0,26253.75,26220.75,26224.5,3024
2025-10-29T18:15:00Z,26224.75,26257.0,26212.75,26248.75,3313
2025-10-29T18:20:00Z,26248.25,26248.75,26220.5,26237.5,3470
2025-10-29T18:25:00Z,26237.5,26250.5,26225.0,26248.0,2574
2025-10-29T18:30:00Z,26248.25,26283.5,26236.0,26269.5,5726
2025-10-29T18:35:00Z,26269.75,26272.75,26077.25,26081.5,21540
2025-10-29T18:40:00Z,26084.75,26136.75,26049.25,26070.0,13754
2025-10-29T18:45:00Z,26070.25,26141.0,26061.25,26128.0,10341
2025-10-29T18:50:00Z,26126.25,26213.0,26125.0,26192.0,11622
2025-10-29T18:55:00Z,26191.0,26228.0,26165.0,26184.25,8801
2025-10-29T19:00:00Z,26185.25,26214.0,26111.75,26121.75,9821
2025-10-29T19:05:00Z,26123.25,26217.25,26115.25,26195.5,7704
2025-10-29T19:10:00Z,26193.25,26223.75,26180.5,26194.5,5112
2025-10-29T19:15:00Z,26196.0,26208.0,26153.25,26196.5,5032
2025-10-29T19:20:00Z,26195.5,26235.25,26176.0,26199.25,5788
2025-10-29T19:25:00Z,26199.75,26241.25,26188.25,26192.5,5692
2025-10-29T19:30:00Z,26193.25,26210.5,26162.0,26181.5,5497
2025-10-29T19:35:00Z,26181.0,26212.75,26149.75,26209.75,6351
2025-10-29T19:40:00Z,26210.5,26219.25,26168.25,26196.0,5669
2025-10-29T19:45:00Z,26196.25,26238.0,26192.75,26225.5,5583
2025-10-29T19:50:00Z,26224.5,26287.0,26224.5,26252.25,8805
2025-10-29T19:55:00Z,26251.25,26287.5,26241.5,26280.5,10936
2025-10-29T20:00:00Z,26280.5,26379.75,26248.5,26334.5,14298
2025-10-29T20:05:00Z,26331.0,26350.0,26159.75,26213.75,9533
2025-10-29T20:10:00Z,26215.5,26234.5,26169.25,26230.25,3378
2025-10-29T20:15:00Z,26228.75,26266.25,26211.0,26231.75,2451
2025-10-29T20:20:00Z,26231.5,26233.75,26182.5,26198.25,1814
2025-10-29T20:25:00Z,26199.0,26249.5,26196.25,26249.5,1553
2025-10-29T20:30:00Z,26250.0,26254.75,26216.75,26228.0,1532
2025-10-29T20:35:00Z,26226.75,26256.5,26224.5,26231.0,1319
2025-10-29T20:40:00Z,26231.0,26271.5,26229.5,26266.5,1265
2025-10-29T20:45:00Z,26265.75,26275.25,26248.25,26249.25,977
2025-10-29T20:50:00Z,26248.25,26271.0,26229.25,26229.25,895
2025-10-29T20:55:00Z,26228.75,26255.0,26221.0,26221.0,1497
2025-10-29T22:00:00Z,26154.5,26212.5,26150.0,26174.0,0
2025-10-29T22:05:00Z,26173.25,26227.0,26172.25,26225.0,1114
2025-10-29T22:10:00Z,26225.5,26255.75,26205.25,26206.0,1090
2025-10-29T22:15:00Z,26208.0,26211.0,26192.75,26201.75,614
2025-10-29T22:20:00Z,26202.5,26215.0,26191.5,26193.75,572
2025-10-29T22:25:00Z,26195.25,26201.75,26179.0,26180.25,408
2025-10-29T22:30:00Z,26180.5,26212.0,26180.5,26208.5,387
2025-10-29T22:35:00Z,26207.5,26212.5,26197.75,26202.75,338
2025-10-29T22:40:00Z,26203.25,26210.0,26195.5,26198.0,382
2025-10-29T22:45:00Z,26197.75,26208.25,26197.75,26203.0,246
2025-10-29T22:50:00Z,26203.25,26210.0,26200.0,26201.25,197
2025-10-29T22:55:00Z,26201.25,26206.0,26195.75,26200.0,161
2025-10-29T23:00:00Z,26199.25,26209.5,26191.5,26201.25,495
2025-10-29T23:05:00Z,26202.25,26205.75,26193.75,26196.25,216
2025-10-29T23:10:00Z,26196.0,26199.5,26189.5,26195.25,224
2025-10-29T23:15:00Z,26195.25,26199.25,26190.75,26194.5,190
2025-10-29T23:20:00Z,26196.0,26241.5,26194.0,26229.5,993
2025-10-29T23:25:00Z,26230.0,26235.75,26222.75,26227.0,390
2025-10-29T23:30:00Z,26228.0,26230.5,26202.75,26203.5,623
2025-10-29T23:35:00Z,26202.5,26202.5,26162.75,26180.25,828
2025-10-29T23:40:00Z,26180.25,26184.75,26163.5,26183.5,417
2025-10-29T23:45:00Z,26184.0,26212.75,26182.75,26211.5,553
2025-10-29T23:50:00Z,26212.25,26243.0,26212.25,26239.5,981
2025-10-29T23:55:00Z,26240.5,26247.25,26233.5,26234.75,441
2025-10-30T00:00:00Z,26236.25,26267.5,26236.25,26263.0,890
2025-10-30T00:05:00Z,26263.0,26265.0,26247.25,26254.75,443
2025-10-30T00:10:00Z,26254.25,26280.0,26254.25,26277.25,781
2025-10-30T00:15:00Z,26277.0,26289.75,26271.75,26284.0,787
2025-10-30T00:20:00Z,26285.75,26300.25,26277.75,26299.25,544
2025-10-30T00:25:00Z,26300.0,26310.25,26294.5,26296.5,894
2025-10-30T00:30:00Z,26297.75,26318.25,26295.25,26296.25,661
2025-10-30T00:35:00Z,26296.0,26305.25,26289.5,26300.75,468
2025-10-30T00:40:00Z,26299.25,26301.5,26287.0,26288.75,384
2025-10-30T00:45:00Z,26289.75,26301.5,26276.0,26295.0,587
2025-10-30T00:50:00Z,26295.25,26296.0,26278.5,26283.25,309
2025-10-30T00:55:00Z,26282.75,26292.0,26280.0,26288.75,285
2025-10-30T01:00:00Z,26288.5,26293.0,26260.0,26268.0,882
2025-10-30T01:05:00Z,26268.25,26303.25,26264.75,26300.5,766
2025-10-30T01:10:00Z,26300.25,26308.0,26287.0,26289.0,488
2025-10-30T01:15:00Z,26287.25,26297.5,26282.75,26286.5,403
2025-10-30T01:20:00Z,26286.0,26288.25,26277.25,26277.5,353
2025-10-30T01:25:00Z,26278.75,26285.75,26273.75,26283.75,257
2025-10-30T01:30:00Z,26281.5,26284.5,26266.75,26284.0,651
2025-10-30T01:35:00Z,26284.75,26303.5,26284.75,26298.0,554
2025-10-30T01:40:00Z,26297.0,26311.5,26292.5,26306.75,598
2025-10-30T01:45:00Z,26307.0,26311.0,26292.25,26292.75,378
2025-10-30T01:50:00Z,26293.0,26303.0,26292.0,26297.75,336
2025-10-30T01:55:00Z,26298.25,26302.5,26296.5,26298.25,198
2025-10-30T02:00:00Z,26298.75,26310.0,26296.0,26310.0,292
2025-10-30T02:05:00Z,26309.25,26335.0,26305.75,26334.5,1282
2025-10-30T02:10:00Z,26334.75,26343.0,26330.0,26342.75,972
2025-10-30T02:15:00Z,26342.0,26367.75,26341.0,26358.0,1336
2025-10-30T02:20:00Z,26357.0,26364.0,26347.25,26352.5,745
2025-10-30T02:25:00Z,26351.75,26358.25,26348.5,26354.5,383
2025-10-30T02:30:00Z,26354.75,26357.5,26345.5,26351.5,515
2025-10-30T02:35:00Z,26352.0,26353.75,26342.5,26350.25,323
2025-10-30T02:40:00Z,26350.25,26371.75,26349.5,26361.25,887
2025-10-30T02:45:00Z,26361.25,26368.0,26345.5,26350.5,521
2025-10-30T02:50:00Z,26350.75,26360.0,26348.25,26356.75,261
2025-10-30T02:55:00Z,26355.75,26357.0,26351.5,26356.0,138
2025-10-30T03:00:00Z,26357.0,26374.5,26356.25,26368.0,540
2025-10-30T03:05:00Z,26366.75,26375.75,26364.25,26367.0,427
2025-10-30T03:10:00Z,26367.0,26382.75,26361.0,26377.0,807
2025-10-30T03:15:00Z,26377.25,26393.75,26377.0,26386.5,835
2025-10-30T03:20:00Z,26384.75,26385.5,26372.0,26380.0,438
2025-10-30T03:25:00Z,26379.5,26380.0,26372.0,26375.5,215
2025-10-30T03:30:00Z,26375.25,26384.75,26374.0,26382.0,320
2025-10-30T03:35:00Z,26381.5,26392.75,26380.5,26381.0,288
2025-10-30T03:40:00Z,26381.25,26386.25,26372.75,26384.5,361
2025-10-30T03:45:00Z,26383.25,26399.0,26379.25,26395.5,392
2025-10-30T03:50:00Z,26394.0,26396.75,26377.0,26377.0,491
2025-10-30T03:55:00Z,26377.0,26389.0,26367.75,26371.0,770
2025-10-30T04:05:00Z,26322.5,26323.5,26303.0,26307.0,2364
2025-10-30T04:10:00Z,26305.75,26306.0,26191.25,26209.0,4927
2025-10-30T04:15:00Z,26209.0,26245.0,26176.0,26227.5,2302
2025-10-30T04:20:00Z,26228.0,26252.75,26140.0,26146.25,2593
2025-10-30T04:25:00Z,26147.75,26201.75,26147.75,26159.0,1804
2025-10-30T04:30:00Z,26162.5,26193.0,26150.75,26184.0,1871
2025-10-30T04:35:00Z,26184.0,26306.5,26183.75,26271.75,5670
2025-10-30T04:40:00Z,26270.5,26284.25,26212.5,26216.0,1646
2025-10-30T04:45:00Z,26215.25,26243.5,26196.25,26211.5,1304
2025-10-30T04:50:00Z,26212.5,26251.25,26209.25,26231.5,1039
2025-10-30T04:55:00Z,26231.5,26234.75,26201.75,26206.0,690
2025-10-30T05:00:00Z,26206.5,26224.5,26194.75,26214.75,1009
2025-10-30T05:05:00Z,26213.25,26249.25,26211.5,26236.75,717
2025-10-30T05:10:00Z,26237.75,26250.0,26218.5,26245.75,638
2025-10-30T05:15:00Z,26246.5,26258.25,26229.0,26256.75,629
2025-10-30T05:20:00Z,26257.0,26269.0,26251.5,26268.0,864
2025-10-30T05:25:00Z,26269.25,26293.25,26268.0,26289.0,783
2025-10-30T05:30:00Z,26290.0,26299.0,26288.25,26295.0,485
2025-10-30T05:35:00Z,26293.75,26328.25,26282.0,26318.5,1039
2025-10-30T05:40:00Z,26319.0,26326.0,26270.0,26282.75,1711
2025-10-30T05:45:00Z,26284.5,26297.0,26254.0,26270.25,930
2025-10-30T05:50:00Z,26269.25,26293.0,26263.5,26290.5,484
2025-10-30T05:55:00Z,26289.5,26291.5,26278.5,26281.25,283
2025-10-30T06:00:00Z,26280.5,26283.5,26258.75,26264.5,493
2025-10-30T06:05:00Z,26262.25,26265.0,26238.0,26245.5,537
2025-10-30T06:10:00Z,26244.25,26260.75,26238.5,26247.0,435
2025-10-30T06:15:00Z,26246.0,26246.25,26218.5,26223.5,758
2025-10-30T06:20:00Z,26222.5,26238.75,26219.75,26223.25,399
2025-10-30T06:25:00Z,26223.0,26232.0,26211.75,26221.25,443
2025-10-30T06:30:00Z,26218.5,26241.75,26217.25,26227.25,512
2025-10-30T06:35:00Z,26225.25,26242.25,26221.25,26235.5,243
2025-10-30T06:40:00Z,26234.25,26244.75,26227.0,26243.0,311
2025-10-30T06:45:00Z,26243.5,26254.5,26236.25,26251.25,391
2025-10-30T06:50:00Z,26251.5,26259.0,26237.0,26245.0,326
2025-10-30T06:55:00Z,26244.25,26247.5,26219.0,26223.75,285
2025-10-30T07:00:00Z,26224.5,26234.25,26190.0,26199.5,913
2025-10-30T07:05:00Z,26199.5,26234.5,26193.5,26218.75,1150
2025-10-30T07:10:00Z,26218.5,26269.0,26218.5,26267.25,791
2025-10-30T07:15:00Z,26265.75,26285.5,26264.5,26277.75,747
2025-10-30T07:20:00Z,26276.5,26276.5,26239.25,26244.75,892
2025-10-30T07:25:00Z,26243.75,26255.5,26235.25,26240.75,590
2025-10-30T07:30:00Z,26240.75,26255.0,26238.0,26244.5,371
2025-10-30T07:35:00Z,26246.0,26257.5,26236.5,26241.25,376
2025-10-30T07:40:00Z,26241.25,26261.75,26237.75,26261.25,546
2025-10-30T07:45:00Z,26261.75,26267.25,26257.0,26264.5,344
2025-10-30T07:50:00Z,26262.0,26275.5,26260.75,26273.75,274
2025-10-30T07:55:00Z,26274.5,26285.0,26268.25,26269.75,528
2025-10-30T08:00:00Z,26269.75,26290.0,26264.75,26268.25,749
2025-10-30T08:05:00Z,26266.25,26275.0,26259.5,26266.5,502
2025-10-30T08:10:00Z,26266.5,26273.5,26238.0,26239.0,890
2025-10-30T08:15:00Z,26239.0,26259.25,26232.75,26241.0,554
2025-10-30T08:20:00Z,26240.0,26262.5,26240.0,26257.75,477
2025-10-30T08:25:00Z,26258.0,26270.5,26252.75,26254.25,471
2025-10-30T08:30:00Z,26255.0,26261.75,26239.5,26250.25,559
2025-10-30T08:35:00Z,26251.5,26265.5,26250.0,26257.25,376
2025-10-30T08:40:00Z,26258.0,26277.75,26255.5,26274.75,549
2025-10-30T08:45:00Z,26277.5,26283.75,26262.25,26272.0,428
2025-10-30T08:50:00Z,26271.5,26275.0,26265.0,26271.75,197
2025-10-30T08:55:00Z,26272.0,26281.25,26267.5,26269.75,421
2025-10-30T09:00:00Z,26271.5,26287.5,26265.25,26270.75,464
2025-10-30T09:05:00Z,26270.5,26291.25,26269.0,26288.5,565
2025-10-30T09:10:00Z,26286.75,26286.75,26262.0,26275.75,556
2025-10-30T09:15:00Z,26276.0,26278.0,26259.5,26261.5,428
2025-10-30T09:20:00Z,26261.0,26262.75,26220.25,26231.5,1287
2025-10-30T09:25:00Z,26230.5,26245.5,26228.0,26242.0,460
2025-10-30T09:30:00Z,26242.0,26247.5,26231.5,26235.0,368
2025-10-30T09:35:00Z,26236.0,26237.0,26217.0,26223.0,518
2025-10-30T09:40:00Z,26223.25,26228.25,26206.5,26218.75,541
2025-10-30T09:45:00Z,26218.75,26218.75,26196.0,26199.25,650
2025-10-30T09:50:00Z,26199.25,26209.0,26195.25,26199.5,769
2025-10-30T09:55:00Z,26200.5,26213.25,26195.25,26206.25,576
2025-10-30T10:00:00Z,26205.5,26214.25,26197.0,26213.5,488
2025-10-30T10:05:00Z,26214.75,26221.5,26202.5,26216.75,476
2025-10-30T10:10:00Z,26216.0,26224.5,26209.5,26215.5,472
2025-10-30T10:15:00Z,26213.0,26223.5,26202.75,26211.25,573
2025-10-30T10:20:00Z,26210.75,26229.25,26209.5,26227.5,606
2025-10-30T10:25:00Z,26225.75,26231.0,26222.25,26224.75,223
2025-10-30T10:30:00Z,26224.25,26244.5,26223.5,26235.5,855
2025-10-30T10:35:00Z,26236.25,26242.75,26226.75,26232.5,445
2025-10-30T10:40:00Z,26231.0,26240.0,26224.5,26228.5,402
2025-10-30T10:45:00Z,26228.5,26240.25,26218.25,26220.25,960
2025-10-30T10:50:00Z,26221.0,26242.25,26220.75,26232.0,571
2025-10-30T10:55:00Z,26232.75,26237.75,26229.5,26231.75,254
2025-10-30T11:00:00Z,26232.25,26244.0,26225.0,26237.25,614
2025-10-30T11:05:00Z,26237.0,26247.0,26229.75,26242.25,416
2025-10-30T11:10:00Z,26243.0,26251.0,26234.25,26249.5,458
2025-10-30T11:15:00Z,26247.0,26266.75,26245.25,26265.25,745
2025-10-30T11:20:00Z,26265.25,26272.0,26258.25,26269.75,593
2025-10-30T11:25:00Z,26269.0,26278.25,26267.25,26275.25,423
2025-10-30T11:30:00Z,26275.5,26277.0,26260.75,26270.5,510
2025-10-30T11:35:00Z,26270.25,26282.75,26267.0,26277.5,452
2025-10-30T11:40:00Z,26277.25,26287.0,26274.25,26283.5,383
2025-10-30T11:45:00Z,26283.5,26286.0,26265.5,26267.75,496
2025-10-30T11:50:00Z,26267.0,26273.0,26256.5,26262.0,516
2025-10-30T11:55:00Z,26263.0,26272.0,26257.5,26260.5,471
2025-10-30T12:00:00Z,26260.5,26265.75,26250.0,26265.25,918
2025-10-30T12:05:00Z,26264.5,26272.5,26241.75,26245.75,864
2025-10-30T12:10:00Z,26245.25,26249.0,26202.5,26203.0,1524
2025-10-30T12:15:00Z,26204.0,26219.5,26179.0,26217.25,2413
2025-10-30T12:20:00Z,26217.0,26224.25,26192.75,26200.0,1083
2025-10-30T12:25:00Z,26200.5,26200.5,26154.0,26161.5,2474
2025-10-30T12:30:00Z,26162.0,26172.25,26136.75,26168.75,3500
2025-10-30T12:35:00Z,26168.0,26175.75,26143.75,26149.25,2389
2025-10-30T12:40:00Z,26149.0,26155.0,26110.5,26118.5,3858
2025-10-30T12:45:00Z,26120.75,26137.5,26111.25,26120.75,2370
2025-10-30T12:50:00Z,26121.0,26121.25,26099.75,26102.0,2952
2025-10-30T12:55:00Z,26102.0,26120.0,26086.25,26087.25,2676
2025-10-30T13:00:00Z,26087.0,26110.0,26079.5,26083.75,3337
2025-10-30T13:05:00Z,26084.5,26112.75,26081.5,26101.75,2442
2025-10-30T13:10:00Z,26101.75,26133.25,26095.5,26117.0,2402
2025-10-30T13:15:00Z,26116.75,26118.75,26092.5,26114.0,2307
2025-10-30T13:20:00Z,26114.0,26119.0,26107.0,26117.75,1630
2025-10-30T13:25:00Z,26118.25,26126.25,26099.25,26125.75,4182
2025-10-30T13:30:00Z,26125.25,26127.5,26043.0,26043.75,17307
2025-10-30T13:35:00Z,26044.0,26044.5,25949.25,25961.75,17320
2025-10-30T13:40:00Z,25960.75,25995.75,25942.25,25974.75,19741
2025-10-30T13:45:00Z,25974.75,26077.75,25963.75,26056.5,13669
2025-10-30T13:50:00Z,26055.25,26147.25,26053.5,26132.0,13277
2025-10-30T13:55:00Z,26132.75,26143.0,26110.75,26125.0,9039
2025-10-30T14:00:00Z,26124.75,26177.5,26093.0,26099.75,12459
2025-10-30T14:05:00Z,26100.25,26156.5,26079.5,26092.25,11202
2025-10-30T14:10:00Z,26092.5,26117.5,26060.0,26108.0,9706
2025-10-30T14:15:00Z,26108.25,26111.5,26038.75,26048.25,8613
2025-10-30T14:20:00Z,26048.25,26078.0,26006.75,26027.25,8675
2025-10-30T14:25:00Z,26027.25,26048.5,26010.75,26020.25,6895
2025-10-30T14:30:00Z,26019.5,26068.5,26016.0,26048.75,7047
2025-10-30T14:35:00Z,26051.0,26075.0,26016.0,26040.25,6984
2025-10-30T14:40:00Z,26039.75,26098.75,26039.25,26081.25,7320
2025-10-30T14:45:00Z,26082.0,26089.0,26040.0,26055.75,7292
2025-10-30T14:50:00Z,26056.25,26062.5,25987.25,25999.75,8383
2025-10-30T14:55:00Z,25998.5,26025.75,25979.0,26016.5,7703
2025-10-30T15:00:00Z,26016.25,26057.25,26016.0,26048.75,5637
2025-10-30T15:05:00Z,26048.75,26063.0,26026.75,26058.0,4757
2025-10-30T15:10:00Z,26058.25,26075.5,26053.0,26071.5,3792
2025-10-30T15:15:00Z,26071.5,26072.25,26044.5,26061.0,3284
2025-10-30T15:20:00Z,26060.75,26077.0,26053.0,26066.5,3413
2025-10-30T15:25:00Z,26067.5,26069.25,26044.5,26057.25,3170
2025-10-30T15:30:00Z,26058.0,26063.0,26024.75,26030.5,3996
2025-10-30T15:35:00Z,26030.0,26040.75,25991.75,26001.0,5660
2025-10-30T15:40:00Z,26000.0,26000.75,25972.5,25999.0,7127
2025-10-30T15:45:00Z,25998.5,26010.75,25965.25,25977.25,7103
2025-10-30T15:50:00Z,25977.25,25995.0,25973.25,25992.25,3849
2025-10-30T15:55:00Z,25991.5,26013.75,25986.0,25991.0,4642
2025-10-30T16:00:00Z,25991.75,26035.75,25985.25,26031.5,4273
2025-10-30T16:05:00Z,26031.5,26069.75,26023.0,26066.75,5177
2025-10-30T16:10:00Z,26067.0,26095.5,26061.5,26091.75,6128
2025-10-30T16:15:00Z,26092.0,26096.25,26081.0,26088.75,4613
2025-10-30T16:20:00Z,26089.0,26097.0,26065.0,26090.25,4930
2025-10-30T16:25:00Z,26090.75,26095.0,26077.25,26082.5,2888
2025-10-30T16:30:00Z,26083.0,26083.75,26050.25,26053.25,4902
2025-10-30T16:35:00Z,26053.5,26057.5,26038.0,26052.25,5179
2025-10-30T16:40:00Z,26052.75,26065.0,26038.0,26061.5,3355
2025-10-30T16:45:00Z,26062.0,26073.5,26054.0,26068.0,3426
2025-10-30T16:50:00Z,26070.5,26077.25,26046.5,26063.25,3498
2025-10-30T16:55:00Z,26064.0,26080.5,26061.0,26073.25,2589
2025-10-30T17:00:00Z,26073.25,26073.25,26036.0,26044.0,3503
2025-10-30T17:05:00Z,26044.0,26044.75,26008.75,26025.5,4783
2025-10-30T17:10:00Z,26024.75,26024.75,25999.0,26009.5,4008
2025-10-30T17:15:00Z,26009.0,26025.25,26006.25,26019.25,2760
2025-10-30T17:20:00Z,26019.0,26052.25,26007.5,26050.5,4415
2025-10-30T17:25:00Z,26051.25,26074.0,26050.0,26061.25,3900
2025-10-30T17:30:00Z,26061.25,26061.25,26035.25,26043.5,3456
2025-10-30T17:35:00Z,26043.75,26045.75,26028.5,26043.0,2268
2025-10-30T17:40:00Z,26042.5,26049.0,26030.0,26048.0,2350
2025-10-30T17:45:00Z,26047.5,26071.25,26046.75,26070.5,2954
2025-10-30T17:50:00Z,26071.0,26075.5,26048.5,26068.5,3115
2025-10-30T17:55:00Z,26068.75,26074.75,26057.25,26067.5,2472
2025-10-30T18:00:00Z,26067.5,26067.5,26053.25,26056.0,2644
2025-10-30T18:05:00Z,26056.0,26058.0,26020.0,26036.25,3945
2025-10-30T18:10:00Z,26035.5,26035.5,26002.75,26006.75,3828
2025-10-30T18:15:00Z,26006.25,26012.0,25987.25,26002.5,4314
2025-10-30T18:20:00Z,26001.75,26014.0,25985.25,25996.0,3383
2025-10-30T18:25:00Z,25994.5,26002.0,25983.5,25996.75,2644
2025-10-30T18:30:00Z,25997.0,26023.25,25997.0,26005.0,4346
2025-10-30T18:35:00Z,26005.0,26008.5,25976.0,25982.25,3214
2025-10-30T18:40:00Z,25982.75,25990.5,25975.25,25984.75,3146
2025-10-30T18:45:00Z,25984.0,26016.0,25980.75,26003.75,4005
2025-10-30T18:50:00Z,26002.75,26011.25,25991.5,26008.0,3114
2025-10-30T18:55:00Z,26007.5,26015.0,25981.25,25989.0,3353
2025-10-30T19:00:00Z,25989.0,25993.75,25967.75,25973.5,4366
2025-10-30T19:05:00Z,25973.5,25973.5,25955.25,25966.0,4052
2025-10-30T19:10:00Z,25966.0,25966.0,25948.0,25949.75,3392
2025-10-30T19:15:00Z,25949.75,25956.25,25918.25,25940.75,6431
2025-10-30T19:20:00Z,25940.0,25940.0,25881.75,25909.0,7145
2025-10-30T19:25:00Z,25908.75,25932.0,25908.0,25927.5,4521
2025-10-30T19:30:00Z,25927.5,25961.5,25926.25,25937.5,5019
2025-10-30T19:35:00Z,25938.0,25941.5,25908.5,25914.25,3801
2025-10-30T19:40:00Z,25914.0,25930.5,25901.0,25910.0,3972
2025-10-30T19:45:00Z,25910.25,25928.0,25887.25,25921.0,5469
2025-10-30T19:50:00Z,25922.5,25946.75,25904.25,25908.0,7829
2025-10-30T19:55:00Z,25909.0,25909.0,25869.25,25872.0,15479
2025-10-30T20:00:00Z,25871.5,26000.0,25853.0,25988.75,12673
2025-10-30T20:05:00Z,25989.75,25994.25,25968.5,25980.5,3225
2025-10-30T20:10:00Z,25981.0,26006.0,25979.5,25996.75,2200
2025-10-30T20:15:00Z,25997.5,26033.0,25993.5,26030.5,1910
2025-10-30T20:20:00Z,26031.25,26031.25,26011.25,26018.75,1380
2025-10-30T20:25:00Z,26018.0,26034.0,26016.0,26033.25,1143
2025-10-30T20:30:00Z,26033.0,26054.25,25920.0,26031.0,7416
2025-10-30T20:35:00Z,26029.75,26086.75,26029.0,26086.25,3589
2025-10-30T20:40:00Z,26086.25,26138.75,26085.5,26132.25,4061
2025-10-30T20:45:00Z,26131.75,26147.5,26121.0,26125.75,2890
2025-10-30T20:50:00Z,26126.5,26143.25,26124.25,26139.25,756
2025-10-30T20:55:00Z,25882.75,25882.75,25882.75,25882.75,2295
2025-10-30T22:00:00Z,26150.5,26192.0,26150.25,26159.25,0
2025-10-30T22:05:00Z,26158.75,26166.75,26151.0,26160.75,849
2025-10-30T22:10:00Z,26161.5,26164.0,26156.25,26160.0,299
2025-10-30T22:15:00Z,26159.0,26163.25,26152.5,26161.5,319
2025-10-30T22:20:00Z,26162.5,26174.25,26159.75,26170.25,503
2025-10-30T22:25:00Z,26170.0,26172.5,26161.75,26169.0,380
2025-10-30T22:30:00Z,26167.75,26172.75,26151.75,26155.0,611
2025-10-30T22:35:00Z,26156.25,26162.25,26152.75,26157.5,337
2025-10-30T22:40:00Z,26159.0,26162.25,26155.25,26155.25,155
2025-10-30T22:45:00Z,26155.75,26157.25,26141.0,26142.5,515
2025-10-30T22:50:00Z,26142.5,26145.5,26134.5,26140.25,455
2025-10-30T22:55:00Z,26140.25,26149.0,26140.25,26148.5,233
2025-10-30T23:00:00Z,26149.75,26155.75,26143.25,26152.0,700
2025-10-30T23:05:00Z,26152.0,26154.0,26141.0,26149.0,406
2025-10-30T23:10:00Z,26149.5,26162.0,26142.0,26143.75,649
2025-10-30T23:15:00Z,26143.25,26147.75,26129.25,26130.75,496
2025-10-30T23:20:00Z,26132.75,26137.25,26127.25,26130.5,397
2025-10-30T23:25:00Z,26129.75,26143.5,26127.5,26141.75,293
2025-10-30T23:30:00Z,26142.0,26147.0,26127.5,26130.75,712
2025-10-30T23:35:00Z,26131.5,26148.75,26129.75,26147.5,352
2025-10-30T23:40:00Z,26147.5,26159.0,26142.25,26157.0,506
2025-10-30T23:45:00Z,26157.0,26165.25,26151.5,26156.25,401
2025-10-30T23:50:00Z,26155.75,26163.0,26155.75,26160.75,188
2025-10-30T23:55:00Z,26161.0,26175.0,26160.0,26170.25,517
2025-10-31T00:00:00Z,26171.25,26172.5,26148.25,26149.0,627
2025-10-31T00:05:00Z,26147.75,26149.25,26136.5,26142.75,501
2025-10-31T00:10:00Z,26143.75,26157.25,26138.25,26154.75,417
2025-10-31T00:15:00Z,26154.5,26166.0,26152.25,26164.75,521
2025-10-31T00:20:00Z,26163.5,26180.25,26161.75,26179.75,653
2025-10-31T00:25:00Z,26180.0,26198.5,26177.75,26194.5,833
2025-10-31T00:30:00Z,26193.75,26199.75,26185.25,26185.5,591
2025-10-31T00:35:00Z,26185.25,26188.25,26175.75,26179.5,555
2025-10-31T00:40:00Z,26177.75,26193.5,26177.25,26184.0,516
2025-10-31T00:45:00Z,26184.0,26192.5,26180.25,26184.75,541
2025-10-31T00:50:00Z,26184.0,26197.5,26184.0,26190.25,614
2025-10-31T00:55:00Z,26190.25,26198.0,26186.75,26195.0,482
2025-10-31T01:00:00Z,26193.75,26201.5,26192.25,26194.5,719
2025-10-31T01:05:00Z,26194.75,26196.0,26184.0,26188.5,352
2025-10-31T01:10:00Z,26188.0,26195.5,26184.5,26187.75,357
2025-10-31T01:15:00Z,26188.0,26190.0,26170.0,26170.5,418
2025-10-31T01:20:00Z,26170.0,26181.25,26170.0,26179.0,232
2025-10-31T01:25:00Z,26179.5,26194.5,26179.5,26194.0,357
2025-10-31T01:30:00Z,26194.5,26198.5,26190.0,26198.0,363
2025-10-31T01:35:00Z,26199.0,26206.5,26195.5,26204.5,550
2025-10-31T01:40:00Z,26204.75,26207.75,26193.25,26198.0,310
2025-10-31T01:45:00Z,26199.0,26200.75,26189.5,26195.0,306
2025-10-31T01:50:00Z,26196.0,26201.25,26193.25,26199.0,278
2025-10-31T01:55:00Z,26198.75,26209.0,26198.75,26206.75,345
2025-10-31T02:00:00Z,26207.5,26213.5,26201.25,26203.5,470
2025-10-31T02:05:00Z,26203.5,26205.75,26193.75,26197.5,317
2025-10-31T02:10:00Z,26197.5,26200.5,26192.25,26196.0,230
2025-10-31T02:15:00Z,26195.75,26202.25,26195.75,26201.25,207
2025-10-31T02:20:00Z,26202.25,26203.75,26198.25,26200.0,160
2025-10-31T02:25:00Z,26198.5,26199.5,26187.75,26191.25,353
2025-10-31T02:30:00Z,26189.75,26190.0,26178.75,26181.25,322
2025-10-31T02:35:00Z,26181.25,26184.25,26171.25,26178.5,508
2025-10-31T02:40:00Z,26179.0,26182.75,26171.75,26174.0,327
2025-10-31T02:45:00Z,26172.25,26177.5,26164.75,26177.5,561
2025-10-31T02:50:00Z,26177.25,26186.0,26176.0,26183.75,330
2025-10-31T02:55:00Z,26183.5,26189.25,26179.0,26185.5,223
2025-10-31T03:00:00Z,26184.75,26190.0,26182.0,26185.25,215
2025-10-31T03:05:00Z,26185.0,26190.25,26182.0,26188.25,198
2025-10-31T03:10:00Z,26188.75,26193.75,26184.0,26189.5,320
2025-10-31T03:15:00Z,26189.75,26191.75,26185.25,26188.0,168
2025-10-31T03:20:00Z,26188.25,26188.25,26160.75,26170.75,741
2025-10-31T03:25:00Z,26170.0,26177.0,26161.75,26164.75,406
2025-10-31T03:30:00Z,26166.0,26179.0,26162.5,26176.75,389
2025-10-31T03:35:00Z,26175.5,26182.25,26173.0,26180.0,219
2025-10-31T03:40:00Z,26181.0,26189.0,26177.5,26185.75,163
2025-10-31T03:45:00Z,26185.0,26195.0,26184.25,26194.5,220
2025-10-31T03:50:00Z,26194.5,26198.25,26193.0,26196.0,198
2025-10-31T03:55:00Z,26196.75,26197.0,26189.75,26192.5,179
2025-10-31T04:05:00Z,26202.75,26207.0,26202.75,26207.0,536
2025-10-31T04:10:00Z,26206.0,26210.0,26199.5,26203.75,335
2025-10-31T04:15:00Z,26205.25,26207.75,26201.75,26205.25,156
2025-10-31T04:20:00Z,26206.0,26207.0,26193.0,26195.0,253
2025-10-31T04:25:00Z,26196.0,26203.5,26195.5,26197.75,178
2025-10-31T04:30:00Z,26196.75,26199.0,26191.25,26195.75,152
2025-10-31T04:35:00Z,26196.0,26203.0,26196.0,26200.0,105
2025-10-31T04:40:00Z,26199.25,26201.5,26197.0,26198.0,59
2025-10-31T04:45:00Z,26199.0,26199.75,26186.75,26193.25,193
2025-10-31T04:50:00Z,26192.25,26196.25,26188.75,26192.25,156
2025-10-31T04:55:00Z,26191.75,26194.5,26190.25,26192.25,102
2025-10-31T05:00:00Z,26192.0,26194.25,26183.75,26185.25,207
2025-10-31T05:05:00Z,26185.25,26190.5,26181.0,26185.5,230
2025-10-31T05:10:00Z,26185.5,26186.0,26180.0,26182.75,180
2025-10-31T05:15:00Z,26182.75,26191.5,26182.75,26190.75,193
2025-10-31T05:20:00Z,26190.75,26194.0,26182.75,26182.75,197
2025-10-31T05:25:00Z,26183.0,26187.75,26175.5,26177.75,330
2025-10-31T05:30:00Z,26178.0,26180.5,26171.75,26173.75,291
2025-10-31T05:35:00Z,26174.75,26178.0,26171.25,26176.75,177
2025-10-31T05:40:00Z,26176.75,26183.75,26175.0,26181.25,224
2025-10-31T05:45:00Z,26181.75,26183.75,26172.25,26173.0,170
2025-10-31T05:50:00Z,26173.0,26173.0,26160.25,26166.0,395
2025-10-31T05:55:00Z,26166.25,26169.5,26164.0,26165.25,184
2025-10-31T06:00:00Z,26164.25,26177.0,26158.75,26174.75,434
2025-10-31T06:05:00Z,26174.25,26177.0,26168.75,26171.75,344
2025-10-31T06:10:00Z,26171.0,26179.0,26168.5,26176.5,169
2025-10-31T06:15:00Z,26176.75,26179.0,26170.0,26172.5,202
2025-10-31T06:20:00Z,26173.25,26174.75,26160.75,26170.0,256
2025-10-31T06:25:00Z,26171.75,26186.0,26171.5,26184.25,262
2025-10-31T06:30:00Z,26184.0,26188.0,26174.0,26186.5,318
2025-10-31T06:35:00Z,26187.75,26192.25,26187.0,26190.25,275
2025-10-31T06:40:00Z,26188.25,26191.25,26177.25,26177.5,349
2025-10-31T06:45:00Z,26177.75,26178.25,26163.0,26170.0,397
2025-10-31T06:50:00Z,26169.25,26175.25,26154.75,26154.75,398
2025-10-31T06:55:00Z,26156.0,26160.75,26154.75,26160.75,132
2025-10-31T07:00:00Z,26161.0,26163.5,26150.25,26154.5,465
2025-10-31T07:05:00Z,26154.5,26159.0,26144.0,26145.5,421
2025-10-31T07:10:00Z,26144.5,26156.75,26144.0,26154.75,347
2025-10-31T07:15:00Z,26154.25,26167.25,26153.75,26156.5,439
2025-10-31T07:20:00Z,26155.75,26165.75,26155.25,26161.0,207
2025-10-31T07:25:00Z,26162.25,26176.0,26161.5,26173.5,364
2025-10-31T07:30:00Z,26173.25,26186.0,26173.25,26178.25,564
2025-10-31T07:35:00Z,26178.25,26198.5,26178.25,26198.0,750
2025-10-31T07:40:00Z,26198.25,26212.25,26196.5,26205.5,654
2025-10-31T07:45:00Z,26206.0,26211.5,26201.75,26211.0,383
2025-10-31T07:50:00Z,26210.75,26216.0,26205.75,26214.75,424
2025-10-31T07:55:00Z,26214.0,26219.75,26212.0,26217.5,376
2025-10-31T08:00:00Z,26217.0,26218.0,26200.5,26207.5,851
2025-10-31T08:05:00Z,26208.25,26208.25,26187.25,26189.5,1063
2025-10-31T08:10:00Z,26190.0,26193.5,26159.25,26160.5,978
2025-10-31T08:15:00Z,26159.75,26174.0,26158.75,26162.5,611
2025-10-31T08:20:00Z,26162.0,26172.5,26157.5,26171.5,640
2025-10-31T08:25:00Z,26172.25,26181.0,26170.25,26178.5,619
2025-10-31T08:30:00Z,26178.25,26184.5,26175.75,26177.5,450
2025-10-31T08:35:00Z,26178.5,26182.0,26164.0,26167.0,409
2025-10-31T08:40:00Z,26166.5,26184.0,26166.0,26182.0,305
2025-10-31T08:45:00Z,26181.75,26187.5,26178.5,26184.5,346
2025-10-31T08:50:00Z,26184.75,26195.0,26183.5,26195.0,296
2025-10-31T08:55:00Z,26194.75,26201.5,26193.0,26197.25,357
2025-10-31T09:00:00Z,26199.25,26207.5,26191.75,26193.0,374
2025-10-31T09:05:00Z,26192.75,26201.5,26192.25,26197.0,266
2025-10-31T09:10:00Z,26197.25,26210.75,26197.25,26208.0,476
2025-10-31T09:15:00Z,26207.5,26208.0,26199.75,26201.0,217
2025-10-31T09:20:00Z,26202.0,26204.0,26191.25,26193.0,309
2025-10-31T09:25:00Z,26193.75,26197.0,26188.0,26191.0,302
2025-10-31T09:30:00Z,26190.75,26196.75,26190.75,26193.75,215
2025-10-31T09:35:00Z,26194.0,26194.75,26177.5,26183.25,495
2025-10-31T09:40:00Z,26183.25,26188.75,26179.75,26182.5,311
2025-10-31T09:45:00Z,26182.0,26187.0,26180.25,26183.5,233
2025-10-31T09:50:00Z,26184.5,26190.75,26184.5,26186.0,151
2025-10-31T09:55:00Z,26187.0,26188.25,26177.5,26182.0,297
2025-10-31T10:00:00Z,26182.25,26187.5,26178.5,26184.0,252
2025-10-31T10:05:00Z,26184.25,26184.5,26175.0,26180.75,219
2025-10-31T10:10:00Z,26179.75,26183.75,26178.25,26178.25,173
2025-10-31T10:15:00Z,26179.0,26179.75,26165.0,26169.5,401
2025-10-31T10:20:00Z,26168.75,26179.25,26166.5,26175.75,391
2025-10-31T10:25:00Z,26174.75,26174.75,26161.75,26170.0,391
2025-10-31T10:30:00Z,26170.25,26185.5,26165.25,26181.0,449
2025-10-31T10:35:00Z,26179.25,26188.75,26176.25,26188.25,215
2025-10-31T10:40:00Z,26187.75,26192.5,26185.5,26187.0,303
2025-10-31T10:45:00Z,26187.75,26192.75,26184.0,26189.5,304
2025-10-31T10:50:00Z,26187.75,26195.5,26187.75,26189.5,300
2025-10-31T10:55:00Z,26188.25,26189.25,26180.0,26181.0,384
2025-10-31T11:00:00Z,26181.75,26189.75,26166.75,26174.25,640
2025-10-31T11:05:00Z,26174.5,26198.25,26174.5,26196.0,514
2025-10-31T11:10:00Z,26196.25,26200.0,26189.5,26192.0,325
2025-10-31T11:15:00Z,26191.5,26194.25,26180.75,26184.75,541
2025-10-31T11:20:00Z,26183.75,26200.0,26183.75,26195.5,416
2025-10-31T11:25:00Z,26196.75,26204.75,26196.25,26204.25,392
2025-10-31T11:30:00Z,26204.75,26207.5,26199.5,26202.75,511
2025-10-31T11:35:00Z,26202.5,26202.5,26192.5,26193.25,326
2025-10-31T11:40:00Z,26193.5,26204.25,26193.5,26203.5,309
2025-10-31T11:45:00Z,26203.75,26214.5,26203.5,26212.75,509
2025-10-31T11:50:00Z,26213.0,26232.25,26213.0,26222.25,1325
2025-10-31T11:55:00Z,26222.0,26223.5,26213.5,26220.75,673
2025-10-31T12:00:00Z,26220.5,26233.75,26216.5,26229.75,757
2025-10-31T12:05:00Z,26229.5,26239.0,26228.25,26236.0,620
2025-10-31T12:10:00Z,26236.75,26242.25,26235.25,26241.0,841
2025-10-31T12:15:00Z,26240.75,26262.75,26240.5,26260.5,1676
2025-10-31T12:20:00Z,26260.5,26274.0,26256.25,26269.75,1270
2025-10-31T12:25:00Z,26269.75,26271.5,26263.0,26263.0,1001
2025-10-31T12:30:00Z,26263.75,26268.75,26246.5,26256.25,1570
2025-10-31T12:35:00Z,26256.75,26259.5,26222.5,26236.75,2669
2025-10-31T12:40:00Z,26236.25,26236.25,26209.5,26219.75,2528
2025-10-31T12:45:00Z,26219.25,26229.5,26215.0,26217.75,1067
2025-10-31T12:50:00Z,26217.25,26230.75,26214.0,26226.75,1004
2025-10-31T12:55:00Z,26227.75,26227.75,26204.25,26211.25,1710
2025-10-31T13:00:00Z,26211.5,26217.0,26208.5,26211.5,1259
2025-10-31T13:05:00Z,26211.5,26213.0,26192.5,26198.75,1794
2025-10-31T13:10:00Z,26198.0,26213.5,26191.25,26210.0,1584
2025-10-31T13:15:00Z,26209.25,26211.75,26196.75,26198.5,1257
2025-10-31T13:20:00Z,26198.25,26207.25,26196.25,26198.25,1279
2025-10-31T13:25:00Z,26198.75,26208.5,26191.5,26198.75,4411
2025-10-31T13:30:00Z,26199.25,26199.5,26145.0,26159.75,15530
2025-10-31T13:35:00Z,26159.75,26173.75,26140.25,26145.0,8746
2025-10-31T13:40:00Z,26144.5,26152.25,26101.25,26118.25,11582
2025-10-31T13:45:00Z,26118.75,26133.5,26088.75,26109.25,14039
2025-10-31T13:50:00Z,26108.5,26129.0,26087.0,26111.0,9555
2025-10-31T13:55:00Z,26111.0,26119.5,26080.25,26101.75,9611
2025-10-31T14:00:00Z,26102.25,26113.0,26062.5,26065.25,10151
2025-10-31T14:05:00Z,26064.75,26117.75,26064.0,26095.25,8138
2025-10-31T14:10:00Z,26094.75,26115.25,26076.0,26084.75,7024
2025-10-31T14:15:00Z,26084.75,26113.25,26079.5,26110.5,4924
2025-10-31T14:20:00Z,26111.0,26115.75,26060.0,26101.0,8523
2025-10-31T14:25:00Z,26101.75,26114.5,26096.5,26106.0,4015
2025-10-31T14:30:00Z,26106.75,26133.25,26100.5,26122.0,6214
2025-10-31T14:35:00Z,26123.25,26150.75,26121.5,26147.5,5593
2025-10-31T14:40:00Z,26147.75,26168.0,26139.0,26163.5,5249
2025-10-31T14:45:00Z,26163.5,26182.0,26159.0,26170.0,6451
2025-10-31T14:50:00Z,26169.5,26172.75,26153.25,26160.0,5382
2025-10-31T14:55:00Z,26160.5,26169.25,26148.0,26164.5,4781
2025-10-31T15:00:00Z,26164.0,26171.75,26155.5,26162.0,3995
2025-10-31T15:05:00Z,26162.5,26165.0,26150.0,26160.25,3293
2025-10-31T15:10:00Z,26160.0,26175.25,26149.5,26170.0,3912
2025-10-31T15:15:00Z,26169.5,26182.75,26168.75,26179.0,3555
2025-10-31T15:20:00Z,26179.5,26180.25,26156.0,26158.5,3093
2025-10-31T15:25:00Z,26158.0,26158.0,26131.25,26136.25,4962
2025-10-31T15:30:00Z,26137.5,26154.5,26126.75,26141.0,5143
2025-10-31T15:35:00Z,26140.75,26141.25,26090.75,26098.75,5904
2025-10-31T15:40:00Z,26098.0,26122.25,26073.5,26120.75,9670
2025-10-31T15:45:00Z,26120.5,26158.0,26063.0,26072.5,12186
2025-10-31T15:50:00Z,26073.0,26102.5,26056.0,26082.25,5791
2025-10-31T15:55:00Z,26081.0,26081.75,26050.0,26052.25,6193
2025-10-31T16:00:00Z,26052.25,26053.0,26013.75,26033.75,8329
2025-10-31T16:05:00Z,26033.75,26053.5,26007.5,26009.0,5280
2025-10-31T16:10:00Z,26008.5,26018.75,25983.75,26007.75,6833
2025-10-31T16:15:00Z,26007.5,26008.75,25962.25,25962.75,6349
2025-10-31T16:20:00Z,25962.5,25996.5,25955.5,25995.25,6495
2025-10-31T16:25:00Z,25995.25,26022.25,25994.0,26005.0,6531
2025-10-31T16:30:00Z,26005.0,26036.75,26002.0,26019.75,4978
2025-10-31T16:35:00Z,26020.25,26035.0,26011.75,26017.75,3597
2025-10-31T16:40:00Z,26017.25,26020.25,25974.5,25983.0,6163
2025-10-31T16:45:00Z,25983.25,26001.25,25964.5,25993.0,4595
2025-10-31T16:50:00Z,25993.25,25993.5,25952.0,25954.75,4602
2025-10-31T16:55:00Z,25954.5,25974.5,25929.75,25949.5,6622
2025-10-31T17:00:00Z,25949.25,25959.5,25914.75,25922.75,6315
2025-10-31T17:05:00Z,25921.5,25948.5,25905.75,25942.25,6471
2025-10-31T17:10:00Z,25942.0,25950.75,25904.0,25916.25,6019
2025-10-31T17:15:00Z,25916.25,25928.25,25894.0,25900.5,6317
2025-10-31T17:20:00Z,25901.0,25914.0,25892.75,25910.25,5547
2025-10-31T17:25:00Z,25910.25,25926.5,25899.25,25909.5,6061
2025-10-31T17:30:00Z,25910.25,25953.0,25907.5,25918.75,7257
2025-10-31T17:35:00Z,25919.5,25934.5,25888.75,25917.0,5767
2025-10-31T17:40:00Z,25917.75,25946.5,25904.75,25941.75,5274
2025-10-31T17:45:00Z,25942.0,25968.0,25942.0,25963.0,5767
2025-10-31T17:50:00Z,25963.25,25980.75,25960.25,25963.25,4006
2025-10-31T17:55:00Z,25963.0,25963.75,25941.75,25947.75,4065
2025-10-31T18:00:00Z,25948.0,25985.0,25944.5,25978.0,5121
2025-10-31T18:05:00Z,25978.0,25993.75,25964.75,25982.5,4495
2025-10-31T18:10:00Z,25982.75,25999.0,25977.25,25994.5,3846
2025-10-31T18:15:00Z,25994.0,26000.0,25978.75,25986.75,3718
2025-10-31T18:20:00Z,25986.75,26015.75,25984.5,26012.0,3722
2025-10-31T18:25:00Z,26012.25,26016.0,25999.25,26010.0,2920
2025-10-31T18:30:00Z,26010.5,26016.5,25996.5,26001.75,3336
2025-10-31T18:35:00Z,26001.25,26013.0,25989.75,26012.75,3752
2025-10-31T18:40:00Z,26013.0,26020.0,26001.75,26011.25,2948
2025-10-31T18:45:00Z,26011.0,26011.0,25993.25,25998.5,2929
2025-10-31T18:50:00Z,25999.0,26001.0,25982.75,25985.25,3365
2025-10-31T18:55:00Z,25985.5,26022.5,25970.75,26014.0,5491
2025-10-31T19:00:00Z,26014.5,26026.5,25996.25,26009.0,5659
2025-10-31T19:05:00Z,26009.0,26033.0,26007.25,26021.25,3460
2025-10-31T19:10:00Z,26021.25,26041.75,26021.0,26032.75,3322
2025-10-31T19:15:00Z,26032.5,26046.25,26025.0,26045.25,3277
2025-10-31T19:20:00Z,26045.5,26073.5,26043.5,26072.25,6462
2025-10-31T19:25:00Z,26072.5,26096.0,26065.75,26086.0,5113
2025-10-31T19:30:00Z,26086.0,26117.5,26075.75,26116.25,6107
2025-10-31T19:35:00Z,26115.75,26118.25,26082.25,26084.5,5460
2025-10-31T19:40:00Z,26084.25,26100.0,26081.0,26094.0,3691
2025-10-31T19:45:00Z,26094.0,26095.5,26052.0,26057.5,6351
2025-10-31T19:50:00Z,26057.75,26095.0,26029.75,26031.5,10586
2025-10-31T19:55:00Z,26030.75,26038.5,25992.0,25994.0,18598
2025-10-31T20:00:00Z,25993.0,25998.5,25967.0,25970.75,9596
2025-10-31T20:05:00Z,25971.0,25990.75,25968.0,25990.25,2774
2025-10-31T20:10:00Z,25991.0,25996.75,25978.0,25984.25,2205
2025-10-31T20:15:00Z,25983.5,25990.0,25977.75,25983.5,893
2025-10-31T20:20:00Z,25983.5,25984.0,25972.0,25979.5,956
2025-10-31T20:25:00Z,25979.75,25985.75,25972.5,25977.25,1037
2025-10-31T20:30:00Z,25978.25,25985.25,25974.5,25978.25,651
2025-10-31T20:35:00Z,25979.5,25986.0,25976.25,25979.25,686
2025-10-31T20:40:00Z,25980.0,25983.0,25974.0,25978.25,463
2025-10-31T20:45:00Z,25978.25,25987.25,25975.0,25981.75,695
2025-10-31T20:50:00Z,25981.5,25988.5,25981.5,25988.0,421
2025-10-31T20:55:00Z,25988.5,26004.0,25981.0,26004.0,462
2025-11-02T23:55:00Z,26004.0,26090.25,26004.0,26080.75,107
2025-11-03T00:00:00Z,26081.75,26091.25,26078.75,26088.5,485
2025-11-03T00:05:00Z,26088.25,26097.25,26087.0,26092.25,527
2025-11-03T00:10:00Z,26091.5,26097.75,26084.5,26090.25,364
2025-11-03T00:15:00Z,26091.0,26108.0,26089.5,26106.75,751
2025-11-03T00:20:00Z,26107.25,26114.0,26106.75,26108.25,536
2025-11-03T00:25:00Z,26108.0,26108.0,26097.5,26105.0,483
2025-11-03T00:30:00Z,26104.75,26112.0,26101.5,26108.25,376
2025-11-03T00:35:00Z,26109.25,26112.0,26102.0,26110.75,314
2025-11-03T00:40:00Z,26110.75,26115.25,26109.75,26112.75,287
2025-11-03T00:45:00Z,26112.75,26116.25,26112.25,26113.75,209
2025-11-03T00:50:00Z,26114.0,26117.0,26113.0,26114.5,186
2025-11-03T00:55:00Z,26114.5,26118.0,26110.5,26116.0,282
2025-11-03T01:00:00Z,26116.25,26121.0,26111.5,26112.25,640
2025-11-03T01:05:00Z,26113.5,26113.75,26100.75,26104.25,645
2025-11-03T01:10:00Z,26103.75,26112.75,26103.75,26110.0,335
2025-11-03T01:15:00Z,26111.0,26121.5,26109.75,26118.75,580
2025-11-03T01:20:00Z,26119.5,26123.0,26104.0,26104.0,602
2025-11-03T01:25:00Z,26104.25,26107.75,26100.5,26106.25,404
2025-11-03T01:30:00Z,26107.0,26109.25,26101.75,26103.5,332
2025-11-03T01:35:00Z,26103.75,26104.5,26095.25,26098.0,377
2025-11-03T01:40:00Z,26097.5,26100.25,26087.5,26099.0,504
2025-11-03T01:45:00Z,26099.5,26100.0,26091.0,26095.5,293
2025-11-03T01:50:00Z,26096.0,26097.75,26088.25,26088.75,240
2025-11-03T01:55:00Z,26088.5,26095.25,26088.25,26089.5,492
2025-11-03T02:00:00Z,26088.75,26095.25,26086.75,26093.0,370
2025-11-03T02:05:00Z,26093.25,26096.0,26084.5,26089.75,363
2025-11-03T02:10:00Z,26089.25,26095.5,26083.0,26094.5,344
2025-11-03T02:15:00Z,26094.75,26099.75,26092.0,26099.5,288
2025-11-03T02:20:00Z,26099.5,26111.5,26098.25,26107.75,466
2025-11-03T02:25:00Z,26108.75,26114.5,26103.5,26103.5,303
2025-11-03T02:30:00Z,26103.25,26104.5,26088.5,26090.0,444
2025-11-03T02:35:00Z,26088.5,26090.5,26070.0,26073.25,791
2025-11-03T02:40:00Z,26073.5,26087.0,26070.0,26085.25,376
2025-11-03T02:45:00Z,26086.25,26089.5,26078.75,26088.25,278
2025-11-03T02:50:00Z,26088.75,26093.0,26086.25,26089.5,355
2025-11-03T02:55:00Z,26089.0,26089.75,26078.0,26083.0,352
2025-11-03T03:00:00Z,26083.0,26084.75,26079.75,26080.25,161
2025-11-03T03:05:00Z,26080.5,26083.75,26071.75,26076.75,215
2025-11-03T03:10:00Z,26075.25,26075.75,26063.25,26065.5,354
2025-11-03T03:15:00Z,26066.25,26078.5,26066.25,26072.0,325
2025-11-03T03:20:00Z,26071.25,26071.25,26050.75,26056.0,525
2025-11-03T03:25:00Z,26055.25,26064.25,26051.5,26063.5,324
2025-11-03T03:30:00Z,26064.25,26071.5,26058.75,26071.0,378
2025-11-03T03:35:00Z,26071.25,26081.25,26070.0,26081.25,334
2025-11-03T03:40:00Z,26081.5,26081.5,26067.75,26071.75,293
2025-11-03T03:45:00Z,26070.75,26071.75,26062.75,26071.75,360
2025-11-03T03:50:00Z,26071.5,26078.0,26069.25,26075.0,309
2025-11-03T03:55:00Z,26074.75,26078.75,26073.0,26076.0,167
2025-11-03T04:00:00Z,26075.5,26076.0,26065.25,26067.5,225
2025-11-03T04:05:00Z,26068.5,26076.5,26067.0,26073.25,165
2025-11-03T04:10:00Z,26072.0,26074.75,26067.0,26071.5,188
2025-11-03T04:15:00Z,26072.75,26073.25,26066.0,26070.0,132
2025-11-03T04:20:00Z,26070.25,26080.5,26066.25,26080.0,293
2025-11-03T04:25:00Z,26079.25,26086.25,26077.5,26078.5,318
2025-11-03T04:30:00Z,26078.25,26079.75,26070.5,26078.5,222
2025-11-03T04:35:00Z,26079.75,26083.0,26077.25,26082.25,121
2025-11-03T04:40:00Z,26082.25,26085.75,26072.5,26074.25,239
2025-11-03T04:45:00Z,26075.0,26081.75,26074.5,26081.75,154
2025-11-03T04:50:00Z,26082.5,26084.75,26079.25,26083.25,137
2025-11-03T04:55:00Z,26083.25,26084.5,26078.25,26082.25,77
2025-11-03T05:00:00Z,26085.0,26088.0,26081.25,26087.0,290
2025-11-03T05:05:00Z,26086.75,26087.5,26077.0,26081.0,246
2025-11-03T05:10:00Z,26081.25,26082.5,26076.25,26079.25,152
2025-11-03T05:15:00Z,26078.25,26079.5,26061.0,26065.25,276
2025-11-03T05:20:00Z,26064.5,26064.5,26056.5,26061.5,217
2025-11-03T05:25:00Z,26062.0,26078.0,26062.0,26077.25,243
2025-11-03T05:30:00Z,26078.0,26080.0,26068.5,26076.5,255
2025-11-03T05:35:00Z,26075.0,26087.25,26071.75,26085.75,216
2025-11-03T05:40:00Z,26086.0,26087.25,26076.75,26082.0,271
2025-11-03T05:45:00Z,26082.5,26082.5,26065.0,26067.5,327
2025-11-03T05:50:00Z,26067.25,26069.75,26060.5,26062.5,240
2025-11-03T05:55:00Z,26062.75,26068.5,26056.5,26067.5,355
2025-11-03T06:00:00Z,26068.25,26080.0,26066.5,26078.75,352
2025-11-03T06:05:00Z,26079.0,26081.75,26073.0,26073.0,153
2025-11-03T06:10:00Z,26072.0,26072.5,26062.0,26062.0,197
2025-11-03T06:15:00Z,26061.5,26064.5,26058.25,26059.25,179
2025-11-03T06:20:00Z,26059.5,26061.25,26044.25,26046.5,473
2025-11-03T06:25:00Z,26046.25,26050.5,26033.75,26042.0,521
2025-11-03T06:30:00Z,26040.75,26055.75,26037.25,26055.75,370
2025-11-03T06:35:00Z,26056.0,26060.5,26050.5,26050.5,210
2025-11-03T06:40:00Z,26050.5,26055.0,26041.0,26045.0,264
2025-11-03T06:45:00Z,26043.75,26049.75,26031.75,26049.75,378
2025-11-03T06:50:00Z,26050.0,26060.25,26047.25,26052.0,274
2025-11-03T06:55:00Z,26051.5,26053.0,26046.0,26048.0,132
2025-11-03T07:00:00Z,26047.25,26049.0,26029.75,26034.75,553
2025-11-03T07:05:00Z,26034.75,26035.25,26026.0,26033.75,438
2025-11-03T07:10:00Z,26032.75,26032.75,26024.25,26030.0,201
2025-11-03T07:15:00Z,26030.25,26039.5,26025.25,26035.25,241
2025-11-03T07:20:00Z,26035.25,26044.25,26023.5,26043.75,353
2025-11-03T07:25:00Z,26043.25,26048.75,26030.0,26036.75,311
2025-11-03T07:30:00Z,26036.25,26039.75,26029.25,26031.5,167
2025-11-03T07:35:00Z,26031.25,26036.75,26027.5,26034.75,248
2025-11-03T07:40:00Z,26034.75,26034.75,26019.25,26019.5,239
2025-11-03T07:45:00Z,26019.0,26028.5,26017.25,26023.75,352
2025-11-03T07:50:00Z,26022.0,26037.25,26019.5,26030.0,271
2025-11-03T07:55:00Z,26030.0,26035.0,26020.75,26031.0,373
2025-11-03T08:00:00Z,26031.25,26039.0,26019.5,26036.75,452
2025-11-03T08:05:00Z,26037.75,26048.0,26029.5,26033.5,547
2025-11-03T08:10:00Z,26033.5,26054.25,26027.0,26051.0,518
2025-11-03T08:15:00Z,26051.5,26058.0,26039.75,26051.25,530
2025-11-03T08:20:00Z,26049.25,26057.25,26042.0,26054.0,405
2025-11-03T08:25:00Z,26055.25,26068.75,26054.75,26065.75,607
2025-11-03T08:30:00Z,26065.0,26072.25,26063.0,26065.25,384
2025-11-03T08:35:00Z,26065.75,26072.0,26058.5,26063.0,381
2025-11-03T08:40:00Z,26063.0,26079.0,26060.75,26079.0,303
2025-11-03T08:45:00Z,26079.0,26083.25,26074.75,26081.0,353
2025-11-03T08:50:00Z,26080.0,26097.0,26079.5,26095.25,507
2025-11-03T08:55:00Z,26093.75,26096.0,26084.5,26086.0,276
2025-11-03T09:00:00Z,26086.75,26101.75,26082.25,26101.5,534
2025-11-03T09:05:00Z,26102.25,26119.0,26102.25,26117.5,731
2025-11-03T09:10:00Z,26117.75,26123.0,26111.25,26121.5,548
2025-11-03T09:15:00Z,26122.5,26133.25,26119.5,26129.25,810
2025-11-03T09:20:00Z,26130.5,26142.0,26125.0,26139.75,743
2025-11-03T09:25:00Z,26139.5,26149.5,26139.5,26146.75,547
2025-11-03T09:30:00Z,26147.0,26156.0,26137.0,26140.0,989
2025-11-03T09:35:00Z,26140.0,26149.5,26137.0,26145.0,435
2025-11-03T09:40:00Z,26145.75,26150.75,26143.5,26146.5,333
2025-11-03T09:45:00Z,26147.25,26148.75,26134.75,26139.75,441
2025-11-03T09:50:00Z,26140.25,26143.5,26127.75,26133.5,544
2025-11-03T09:55:00Z,26132.5,26135.25,26125.25,26129.25,297
2025-11-03T10:00:00Z,26131.25,26135.25,26123.5,26125.0,545
2025-11-03T10:05:00Z,26125.5,26140.25,26124.25,26135.5,576
2025-11-03T10:10:00Z,26135.25,26137.5,26132.0,26134.0,300
2025-11-03T10:15:00Z,26133.25,26137.0,26131.5,26133.75,175
2025-11-03T10:20:00Z,26134.5,26144.5,26134.5,26142.5,271
2025-11-03T10:25:00Z,26141.75,26142.5,26128.0,26140.75,417
2025-11-03T10:30:00Z,26140.75,26142.0,26132.5,26137.5,514
2025-11-03T10:35:00Z,26138.25,26143.75,26135.5,26140.5,168
2025-11-03T10:40:00Z,26141.25,26154.25,26141.25,26153.5,355
2025-11-03T10:45:00Z,26153.75,26158.0,26144.0,26155.0,480
2025-11-03T10:50:00Z,26155.5,26163.0,26151.5,26152.5,452
2025-11-03T10:55:00Z,26152.75,26154.5,26132.25,26138.5,663
2025-11-03T11:00:00Z,26139.0,26159.0,26139.0,26156.75,619
2025-11-03T11:05:00Z,26157.25,26167.5,26153.25,26164.5,551
2025-11-03T11:10:00Z,26164.75,26168.5,26158.75,26158.75,536
2025-11-03T11:15:00Z,26159.0,26175.75,26159.0,26175.0,660
2025-11-03T11:20:00Z,26175.5,26178.25,26163.0,26163.75,397
2025-11-03T11:25:00Z,26163.5,26166.0,26156.5,26161.25,537
2025-11-03T11:30:00Z,26161.25,26168.5,26160.75,26162.0,357
2025-11-03T11:35:00Z,26161.0,26164.5,26153.75,26163.5,288
2025-11-03T11:40:00Z,26163.75,26165.5,26153.25,26160.0,285
2025-11-03T11:45:00Z,26160.0,26166.0,26154.75,26164.75,187
2025-11-03T11:50:00Z,26165.25,26174.0,26155.75,26156.0,455
2025-11-03T11:55:00Z,26155.75,26156.75,26149.75,26153.25,333
2025-11-03T12:00:00Z,26153.0,26162.25,26150.5,26158.75,660
2025-11-03T12:05:00Z,26157.75,26175.5,26155.25,26173.25,572
2025-11-03T12:10:00Z,26174.0,26182.0,26171.0,26179.25,540
2025-11-03T12:15:00Z,26179.25,26179.75,26168.0,26175.5,528
2025-11-03T12:20:00Z,26175.0,26175.5,26161.5,26166.25,325
2025-11-03T12:25:00Z,26165.25,26165.5,26152.25,26152.5,464
2025-11-03T12:30:00Z,26152.75,26166.5,26152.5,26161.0,456
2025-11-03T12:35:00Z,26160.0,26160.0,26144.0,26152.5,656
2025-11-03T12:40:00Z,26153.25,26165.5,26152.25,26156.0,528
2025-11-03T12:45:00Z,26157.75,26172.5,26150.75,26169.0,550
2025-11-03T12:50:00Z,26168.5,26173.75,26162.25,26166.0,351
2025-11-03T12:55:00Z,26167.0,26167.0,26153.0,26153.0,352
2025-11-03T13:00:00Z,26152.25,26157.25,26137.0,26137.25,1121
2025-11-03T13:05:00Z,26137.25,26144.75,26133.0,26137.5,991
2025-11-03T13:10:00Z,26136.75,26153.25,26134.0,26148.75,936
2025-11-03T13:15:00Z,26148.75,26156.25,26142.0,26153.75,649
2025-11-03T13:20:00Z,26153.5,26159.5,26150.75,26155.25,522
2025-11-03T13:25:00Z,26154.75,26157.5,26140.25,26143.5,671
2025-11-03T13:30:00Z,26143.5,26172.75,26142.75,26171.5,1130
2025-11-03T13:35:00Z,26171.25,26177.25,26160.5,26162.5,1349
2025-11-03T13:40:00Z,26162.75,26180.75,26161.5,26175.75,880
2025-11-03T13:45:00Z,26176.0,26179.75,26171.75,26173.5,552
2025-11-03T13:50:00Z,26172.75,26179.0,26165.75,26176.5,772
2025-11-03T13:55:00Z,26176.75,26191.25,26173.5,26189.0,1781
2025-11-03T14:00:00Z,26189.5,26259.75,26188.75,26226.5,8126
2025-11-03T14:05:00Z,26227.0,26234.75,26206.5,26213.0,2700
2025-11-03T14:10:00Z,26213.5,26221.75,26207.25,26212.0,1172
2025-11-03T14:15:00Z,26212.0,26226.5,26208.25,26222.5,1256
2025-11-03T14:20:00Z,26223.25,26230.75,26218.5,26228.0,1353
2025-11-03T14:25:00Z,26228.5,26236.0,26211.0,26235.5,3271
2025-11-03T14:30:00Z,26235.75,26266.0,26226.0,26234.75,14671
2025-11-03T14:35:00Z,26235.25,26238.25,26175.0,26176.25,11040
2025-11-03T14:40:00Z,26176.0,26188.0,26155.0,26167.0,8668
2025-11-03T14:45:00Z,26166.5,26182.5,26153.25,26154.25,8027
2025-11-03T14:50:00Z,26154.5,26158.5,26118.75,26136.75,10416
2025-11-03T14:55:00Z,26136.75,26146.25,26122.75,26134.25,5763
2025-11-03T15:00:00Z,26140.5,26144.0,26101.0,26111.5,8711
2025-11-03T15:05:00Z,26111.0,26135.0,26088.25,26123.0,9568
2025-11-03T15:10:00Z,26123.5,26155.75,26121.0,26126.25,6835
2025-11-03T15:15:00Z,26125.75,26128.0,26082.25,26109.5,8916
2025-11-03T15:20:00Z,26110.0,26112.0,26081.0,26089.0,5357
2025-11-03T15:25:00Z,26087.5,26089.0,26033.0,26044.25,9352
2025-11-03T15:30:00Z,26044.0,26044.0,26017.0,26031.0,7893
2025-11-03T15:35:00Z,26030.75,26077.25,26015.5,26075.75,8674
2025-11-03T15:40:00Z,26074.75,26103.0,26070.25,26090.5,7984
2025-11-03T15:45:00Z,26090.5,26101.5,26054.0,26056.75,6796
2025-11-03T15:50:00Z,26057.5,26097.0,26056.5,26072.75,5949
2025-11-03T15:55:00Z,26072.75,26112.0,26070.0,26088.5,6352
2025-11-03T16:00:00Z,26088.5,26095.5,26058.75,26076.0,4772
2025-11-03T16:05:00Z,26076.5,26085.0,26065.0,26077.5,3800
2025-11-03T16:10:00Z,26077.0,26091.75,26063.0,26081.75,4239
2025-11-03T16:15:00Z,26082.0,26099.25,26065.25,26097.0,3787
2025-11-03T16:20:00Z,26097.25,26104.25,26080.0,26085.0,3733
2025-11-03T16:25:00Z,26085.25,26090.25,26046.0,26052.25,5520
2025-11-03T16:30:00Z,26052.75,26087.25,26043.5,26077.25,5656
2025-11-03T16:35:00Z,26077.0,26091.75,26056.75,26083.25,4700
2025-11-03T16:40:00Z,26083.75,26100.0,26073.0,26078.5,3624
2025-11-03T16:45:00Z,26079.0,26092.5,26061.0,26063.5,3541
2025-11-03T16:50:00Z,26063.5,26097.0,26055.0,26090.25,4203
2025-11-03T16:55:00Z,26090.75,26128.0,26087.25,26118.5,5775
2025-11-03T17:00:00Z,26118.75,26120.5,26083.25,26086.75,4550
2025-11-03T17:05:00Z,26086.5,26121.25,26086.5,26120.5,3040
2025-11-03T17:10:00Z,26120.25,26132.75,26111.75,26132.5,4461
2025-11-03T17:15:00Z,26132.25,26144.0,26118.75,26127.25,4892
2025-11-03T17:20:00Z,26128.0,26141.5,26121.75,26126.0,3258
2025-11-03T17:25:00Z,26126.25,26126.25,26089.0,26100.5,4891
2025-11-03T17:30:00Z,26102.0,26137.5,26100.0,26133.25,3827
2025-11-03T17:35:00Z,26133.25,26149.0,26127.25,26134.75,3670
2025-11-03T17:40:00Z,26136.5,26148.75,26130.5,26137.75,2770
2025-11-03T17:45:00Z,26138.0,26151.75,26135.25,26147.0,2308
2025-11-03T17:50:00Z,26147.5,26157.0,26139.5,26144.75,2173
2025-11-03T17:55:00Z,26145.25,26159.5,26143.5,26149.75,2285
2025-11-03T18:00:00Z,26150.0,26154.0,26141.5,26148.25,2260
2025-11-03T18:05:00Z,26149.0,26157.25,26142.5,26152.0,2029
2025-11-03T18:10:00Z,26152.75,26160.5,26147.0,26156.0,1838
2025-11-03T18:15:00Z,26155.5,26158.25,26146.25,26153.75,1976
2025-11-03T18:20:00Z,26153.75,26155.0,26137.0,26148.0,2400
2025-11-03T18:25:00Z,26147.75,26154.75,26136.75,26140.5,2486
2025-11-03T18:30:00Z,26140.25,26166.0,26140.0,26155.0,3094
2025-11-03T18:35:00Z,26154.5,26166.25,26147.75,26158.0,2270
2025-11-03T18:40:00Z,26157.25,26163.5,26152.5,26157.75,1710
2025-11-03T18:45:00Z,26158.25,26159.5,26142.25,26146.0,2429
2025-11-03T18:50:00Z,26145.75,26149.75,26123.75,26137.0,3687
2025-11-03T18:55:00Z,26136.5,26143.25,26128.75,26129.5,2143
2025-11-03T19:00:00Z,26129.5,26138.5,26103.5,26107.5,5972
2025-11-03T19:05:00Z,26107.5,26126.5,26104.0,26121.25,3040
2025-11-03T19:10:00Z,26121.0,26129.75,26108.0,26112.75,2488
2025-11-03T19:15:00Z,26112.25,26122.0,26095.25,26097.0,3092
2025-11-03T19:20:00Z,26097.0,26105.75,26090.5,26097.0,2369
2025-11-03T19:25:00Z,26097.25,26107.5,26086.0,26096.5,2660
2025-11-03T19:30:00Z,26096.0,26113.0,26093.75,26104.0,2741
2025-11-03T19:35:00Z,26104.0,26110.0,26097.0,26097.0,1776
2025-11-03T19:40:00Z,26097.5,26099.5,26066.25,26090.5,5123
2025-11-03T19:45:00Z,26090.5,26103.25,26089.25,26098.75,2597
2025-11-03T19:50:00Z,26098.75,26119.5,26096.5,26116.75,2932
2025-11-03T19:55:00Z,26116.75,26125.5,26114.0,26116.5,3143
2025-11-03T20:00:00Z,26116.5,26124.5,26111.0,26117.5,2238
2025-11-03T20:05:00Z,26116.5,26121.75,26101.0,26108.0,2363
2025-11-03T20:10:00Z,26107.75,26112.25,26094.75,26106.5,2567
2025-11-03T20:15:00Z,26106.25,26113.0,26093.75,26106.75,2321
2025-11-03T20:20:00Z,26105.25,26111.0,26092.25,26092.25,1818
2025-11-03T20:25:00Z,26092.25,26106.75,26088.0,26099.5,2151
2025-11-03T20:30:00Z,26099.75,26100.5,26078.75,26082.0,3723
2025-11-03T20:35:00Z,26082.0,26098.0,26071.5,26097.75,3683
2025-11-03T20:40:00Z,26097.5,26106.25,26091.25,26106.0,3086
2025-11-03T20:45:00Z,26106.0,26110.25,26079.5,26089.75,3216
2025-11-03T20:50:00Z,26088.75,26095.0,26072.25,26092.25,5465
2025-11-03T20:55:00Z,26092.5,26112.0,26082.75,26110.5,10323
2025-11-03T21:00:00Z,26110.5,26134.5,26097.25,26131.75,6128
2025-11-03T21:05:00Z,26131.25,26180.0,26131.0,26146.5,4303
2025-11-03T21:10:00Z,26145.0,26148.5,26115.5,26125.25,2003
2025-11-03T21:15:00Z,26125.75,26127.5,26104.75,26115.75,1008
2025-11-03T21:20:00Z,26116.0,26120.0,26109.5,26109.5,466
2025-11-03T21:25:00Z,26109.25,26115.5,26106.5,26106.5,387
2025-11-03T21:30:00Z,26106.5,26117.5,26105.75,26117.25,488
2025-11-03T21:35:00Z,26117.25,26117.25,26109.75,26110.0,456
2025-11-03T21:40:00Z,26110.5,26116.75,26109.75,26112.25,219
2025-11-03T21:45:00Z,26112.0,26114.0,26107.75,26108.5,372
2025-11-03T21:50:00Z,26108.25,26120.75,26107.0,26117.0,446
2025-11-03T21:55:00Z,26116.75,26116.75,26108.5,26109.5,427
2025-11-03T23:00:00Z,26104.5,26104.5,26085.0,26096.25,0
2025-11-03T23:05:00Z,26097.75,26100.0,26085.5,26087.25,253
2025-11-03T23:10:00Z,26087.5,26088.5,26080.0,26080.25,251
2025-11-03T23:15:00Z,26081.75,26089.0,26079.25,26083.75,282
2025-11-03T23:20:00Z,26083.0,26083.0,26075.25,26079.0,187
2025-11-03T23:25:00Z,26080.0,26087.75,26079.25,26086.75,170
2025-11-03T23:30:00Z,26086.75,26087.0,26077.75,26081.75,114
2025-11-03T23:35:00Z,26081.75,26082.0,26073.75,26074.0,155
2025-11-03T23:40:00Z,26074.75,26074.75,26065.25,26066.25,288
2025-11-03T23:45:00Z,26065.5,26074.0,26062.5,26068.75,224
2025-11-03T23:50:00Z,26068.75,26070.75,26060.75,26067.75,189
2025-11-03T23:55:00Z,26068.5,26069.75,26062.5,26069.75,101
2025-11-04T00:00:00Z,26068.0,26068.0,26047.75,26050.25,493
2025-11-04T00:05:00Z,26049.5,26057.5,26042.25,26044.5,415
2025-11-04T00:10:00Z,26043.5,26049.25,26041.75,26043.0,300
2025-11-04T00:15:00Z,26043.0,26045.0,26003.25,26008.75,1981
2025-11-04T00:20:00Z,26008.25,26010.5,25992.0,26000.5,1298
2025-11-04T00:25:00Z,25998.25,25999.5,25981.25,25983.5,838
2025-11-04T00:30:00Z,25983.5,26002.0,25982.5,25998.0,668
2025-11-04T00:35:00Z,25998.0,26006.75,25991.25,26005.75,630
2025-11-04T00:40:00Z,26005.75,26013.5,26003.25,26005.75,479
2025-11-04T00:45:00Z,26006.25,26017.25,26002.0,26016.75,414
2025-11-04T00:50:00Z,26015.25,26018.5,26012.5,26016.25,340
2025-11-04T00:55:00Z,26016.0,26016.0,26010.25,26013.75,348
2025-11-04T01:00:00Z,26015.0,26016.0,25993.5,25997.0,786
2025-11-04T01:05:00Z,25997.25,26008.75,25991.75,26003.75,475
2025-11-04T01:10:00Z,26004.25,26007.0,25997.75,26004.75,206
2025-11-04T01:15:00Z,26005.0,26009.5,26001.0,26009.5,230
2025-11-04T01:20:00Z,26009.0,26027.5,26008.5,26026.75,678
2025-11-04T01:25:00Z,26026.75,26031.0,26015.5,26019.75,450
2025-11-04T01:30:00Z,26020.5,26020.5,26001.75,26011.75,529
2025-11-04T01:35:00Z,26012.0,26017.75,26004.25,26007.75,300
2025-11-04T01:40:00Z,26008.0,26014.0,26003.25,26010.5,382
2025-11-04T01:45:00Z,26011.5,26016.5,26002.25,26002.25,282
2025-11-04T01:50:00Z,26002.25,26006.0,25988.75,26005.75,626
2025-11-04T01:55:00Z,26004.5,26019.25,26003.0,26008.5,526
2025-11-04T02:00:00Z,26007.25,26008.0,25987.75,25989.75,592
2025-11-04T02:05:00Z,25988.5,26005.5,25988.25,26005.25,363
2025-11-04T02:10:00Z,26005.0,26005.0,25990.0,25991.0,287
2025-11-04T02:15:00Z,25990.0,25995.0,25983.0,25986.25,581
2025-11-04T02:20:00Z,25986.5,25995.25,25975.25,25980.0,505
2025-11-04T02:25:00Z,25978.25,25986.75,25975.25,25976.0,353
2025-11-04T02:30:00Z,25977.75,25981.75,25967.5,25969.75,589
2025-11-04T02:35:00Z,25970.5,25976.5,25967.0,25973.25,413
2025-11-04T02:40:00Z,25974.25,25974.75,25958.0,25960.5,698
2025-11-04T02:45:00Z,25959.0,25968.0,25952.5,25958.75,597
2025-11-04T02:50:00Z,25959.0,25962.25,25948.25,25959.0,533
2025-11-04T02:55:00Z,25958.0,25958.5,25940.25,25941.75,832
2025-11-04T03:00:00Z,25941.25,25964.75,25938.0,25962.0,674
2025-11-04T03:05:00Z,25961.75,25968.0,25957.25,25962.25,504
2025-11-04T03:10:00Z,25962.0,25975.75,25959.75,25971.75,430
2025-11-04T03:15:00Z,25972.25,25972.25,25957.75,25963.75,459
2025-11-04T03:20:00Z,25964.0,25965.0,25954.0,25959.0,294
2025-11-04T03:25:00Z,25960.25,25965.0,25959.0,25964.5,338
2025-11-04T03:30:00Z,25964.75,25966.0,25939.75,25955.5,901
2025-11-04T03:35:00Z,25955.5,25961.0,25934.5,25942.5,699
2025-11-04T03:40:00Z,25942.0,25945.75,25924.25,25937.5,718
2025-11-04T03:45:00Z,25937.5,25938.5,25927.75,25932.75,358
2025-11-04T03:50:00Z,25932.5,25936.25,25927.75,25931.0,212
2025-11-04T03:55:00Z,25930.25,25934.0,25926.25,25928.25,226
2025-11-04T04:00:00Z,25929.0,25938.0,25917.5,25934.25,796
2025-11-04T04:05:00Z,25934.25,25941.75,25925.0,25940.25,329
2025-11-04T04:10:00Z,25940.25,25940.25,25923.5,25925.25,316
2025-11-04T04:15:00Z,25926.5,25932.0,25921.75,25931.5,382
2025-11-04T04:20:00Z,25930.5,25931.5,25916.5,25927.5,495
2025-11-04T04:25:00Z,25927.0,25927.0,25908.5,25918.5,658
2025-11-04T04:30:00Z,25919.0,25926.25,25916.0,25918.0,389
2025-11-04T04:35:00Z,25917.25,25920.5,25905.5,25914.75,546
2025-11-04T04:40:00Z,25915.75,25917.5,25908.0,25910.25,251
2025-11-04T04:45:00Z,25910.0,25922.5,25910.0,25917.0,346
2025-11-04T04:50:00Z,25917.25,25918.0,25909.25,25912.5,204
2025-11-04T04:55:00Z,25913.25,25926.75,25913.25,25925.0,376
2025-11-04T05:05:00Z,25917.5,25920.0,25915.0,25917.75,948
2025-11-04T05:10:00Z,25917.5,25922.25,25907.0,25908.25,237
2025-11-04T05:15:00Z,25907.75,25912.25,25900.25,25904.0,549
2025-11-04T05:20:00Z,25904.5,25905.0,25878.75,25884.5,1426
2025-11-04T05:25:00Z,25884.5,25888.25,25870.25,25872.0,778
2025-11-04T05:30:00Z,25872.25,25886.5,25868.25,25884.75,752
2025-11-04T05:35:00Z,25885.75,25886.25,25873.75,25873.75,431
2025-11-04T05:40:00Z,25874.5,25876.25,25824.25,25824.25,2462
2025-11-04T05:45:00Z,25824.75,25849.75,25810.25,25815.5,1721
2025-11-04T05:50:00Z,25816.0,25831.75,25810.25,25811.75,960
2025-11-04T05:55:00Z,25812.5,25827.5,25807.0,25821.5,947
2025-11-04T06:00:00Z,25822.0,25825.5,25795.25,25811.0,1321
2025-11-04T06:05:00Z,25810.25,25819.0,25763.0,25772.25,2167
2025-11-04T06:10:00Z,25772.5,25792.0,25752.75,25788.25,2217
2025-11-04T06:15:00Z,25789.5,25799.0,25771.0,25772.5,1402
2025-11-04T06:20:00Z,25772.0,25790.25,25767.5,25776.5,1021
2025-11-04T06:25:00Z,25775.5,25778.25,25765.0,25766.5,720
2025-11-04T06:30:00Z,25767.5,25783.5,25742.0,25783.0,1966
2025-11-04T06:35:00Z,25783.0,25784.75,25750.5,25755.0,937
2025-11-04T06:40:00Z,25752.25,25775.0,25750.0,25773.0,981
2025-11-04T06:45:00Z,25771.25,25792.5,25769.0,25783.5,850
2025-11-04T06:50:00Z,25781.5,25799.5,25780.0,25787.5,984
2025-11-04T06:55:00Z,25788.5,25791.0,25774.0,25776.0,594
2025-11-04T07:00:00Z,25775.25,25779.75,25754.0,25756.5,1414
2025-11-04T07:05:00Z,25755.75,25766.75,25744.5,25747.75,1331
2025-11-04T07:10:00Z,25747.25,25755.25,25735.5,25751.5,1711
2025-11-04T07:15:00Z,25750.25,25762.0,25738.0,25761.25,571
2025-11-04T07:20:00Z,25761.75,25782.5,25761.75,25778.25,1221
2025-11-04T07:25:00Z,25778.0,25792.5,25769.5,25770.0,821
2025-11-04T07:30:00Z,25769.75,25781.5,25767.0,25778.75,463
2025-11-04T07:35:00Z,25778.0,25801.5,25775.0,25785.75,799
2025-11-04T07:40:00Z,25785.75,25791.75,25763.25,25774.75,806
2025-11-04T07:45:00Z,25774.5,25782.5,25766.0,25780.5,661
2025-11-04T07:50:00Z,25780.75,25801.5,25777.0,25792.5,643
2025-11-04T07:55:00Z,25791.25,25794.75,25784.5,25792.25,483
2025-11-04T08:00:00Z,25791.75,25791.75,25750.25,25753.5,1339
2025-11-04T08:05:00Z,25751.75,25755.5,25734.5,25743.5,1515
2025-11-04T08:10:00Z,25741.75,25755.5,25735.25,25738.0,932
2025-11-04T08:15:00Z,25737.75,25749.5,25729.75,25743.75,1210
2025-11-04T08:20:00Z,25746.5,25778.5,25746.5,25775.0,1136
2025-11-04T08:25:00Z,25775.75,25780.75,25758.0,25768.0,824
2025-11-04T08:30:00Z,25765.5,25783.25,25761.25,25772.75,764
2025-11-04T08:35:00Z,25772.0,25784.25,25763.5,25778.0,669
2025-11-04T08:40:00Z,25779.5,25791.0,25769.5,25781.5,735
2025-11-04T08:45:00Z,25783.5,25786.75,25757.0,25769.5,749
2025-11-04T08:50:00Z,25768.25,25770.75,25756.25,25759.75,484
2025-11-04T08:55:00Z,25760.5,25776.0,25755.0,25765.0,557
2025-11-04T09:00:00Z,25766.25,25789.5,25764.75,25768.25,959
2025-11-04T09:05:00Z,25766.75,25766.75,25727.75,25744.75,1327
2025-11-04T09:10:00Z,25744.0,25772.25,25736.0,25751.75,1144
2025-11-04T09:15:00Z,25750.25,25763.25,25742.25,25759.25,769
2025-11-04T09:20:00Z,25757.5,25758.5,25721.0,25729.0,1230
2025-11-04T09:25:00Z,25726.25,25738.75,25722.25,25729.0,873
2025-11-04T09:30:00Z,25728.5,25751.5,25722.5,25734.25,929
2025-11-04T09:35:00Z,25733.0,25733.5,25711.0,25732.5,1150
2025-11-04T09:40:00Z,25731.25,25752.25,25716.0,25717.0,1041
2025-11-04T09:45:00Z,25718.0,25727.0,25713.25,25724.25,705
2025-11-04T09:50:00Z,25724.5,25731.0,25692.5,25694.5,1980
2025-11-04T09:55:00Z,25693.25,25699.25,25668.25,25674.75,1824
2025-11-04T10:00:00Z,25675.0,25680.0,25647.5,25650.25,1621
2025-11-04T10:05:00Z,25649.75,25677.0,25645.0,25673.75,1374
2025-11-04T10:10:00Z,25672.75,25694.0,25669.0,25685.25,869
2025-11-04T10:15:00Z,25683.25,25700.0,25671.25,25697.5,901
2025-11-04T10:20:00Z,25698.5,25714.25,25695.5,25710.25,1153
2025-11-04T10:25:00Z,25710.5,25717.25,25703.25,25715.5,498
2025-11-04T10:30:00Z,25714.5,25751.5,25713.25,25750.0,1283
2025-11-04T10:35:00Z,25751.25,25757.75,25735.5,25755.5,1207
2025-11-04T10:40:00Z,25755.0,25763.5,25749.0,25760.0,821
2025-11-04T10:45:00Z,25761.0,25768.75,25754.0,25768.5,590
2025-11-04T10:50:00Z,25767.5,25772.75,25756.0,25758.5,570
2025-11-04T10:55:00Z,25758.0,25764.25,25749.0,25758.25,755
2025-11-04T11:00:00Z,25758.75,25767.75,25755.75,25765.75,538
2025-11-04T11:05:00Z,25765.0,25765.75,25749.5,25755.0,408
2025-11-04T11:10:00Z,25754.25,25758.25,25747.25,25758.0,491
2025-11-04T11:15:00Z,25758.5,25770.25,25756.0,25756.0,583
2025-11-04T11:20:00Z,25756.5,25768.5,25755.5,25765.5,400
2025-11-04T11:25:00Z,25766.75,25771.5,25764.25,25768.75,406
2025-11-04T11:30:00Z,25768.25,25792.5,25767.0,25769.25,1676
2025-11-04T11:35:00Z,25768.75,25779.75,25765.5,25776.75,520
2025-11-04T11:40:00Z,25777.0,25791.25,25775.0,25781.25,669
2025-11-04T11:45:00Z,25779.5,25785.0,25772.0,25780.5,513
2025-11-04T11:50:00Z,25781.0,25785.0,25767.5,25773.25,476
2025-11-04T11:55:00Z,25772.75,25780.0,25761.75,25766.75,604
2025-11-04T12:00:00Z,25767.5,25771.75,25734.0,25737.0,2105
2025-11-04T12:05:00Z,25737.5,25749.75,25731.5,25739.0,1140
2025-11-04T12:10:00Z,25739.5,25746.0,25725.0,25744.0,955
2025-11-04T12:15:00Z,25743.0,25768.5,25742.0,25768.0,895
2025-11-04T12:20:00Z,25767.0,25776.75,25760.25,25760.75,785
2025-11-04T12:25:00Z,25760.0,25784.5,25756.5,25781.75,849
2025-11-04T12:30:00Z,25780.75,25790.75,25775.25,25775.75,1142
2025-11-04T12:35:00Z,25775.0,25775.75,25750.0,25752.5,1099
2025-11-04T12:40:00Z,25752.5,25766.0,25752.25,25754.0,558
2025-11-04T12:45:00Z,25753.75,25763.5,25746.75,25762.5,748
2025-11-04T12:50:00Z,25762.25,25776.0,25758.75,25765.5,700
2025-11-04T12:55:00Z,25764.5,25767.25,25745.0,25754.5,675
2025-11-04T13:00:00Z,25754.25,25766.0,25742.5,25759.75,747
2025-11-04T13:05:00Z,25759.75,25762.5,25747.25,25748.5,661
2025-11-04T13:10:00Z,25748.0,25755.25,25740.5,25743.25,912
2025-11-04T13:15:00Z,25743.5,25743.75,25729.75,25735.0,1397
2025-11-04T13:20:00Z,25735.75,25748.5,25714.75,25716.75,2226
2025-11-04T13:25:00Z,25717.25,25719.0,25704.25,25712.75,1410
2025-11-04T13:30:00Z,25712.25,25717.5,25691.25,25702.75,2375
2025-11-04T13:35:00Z,25703.25,25706.75,25684.5,25698.25,1941
2025-11-04T13:40:00Z,25697.75,25718.5,25691.75,25712.0,2087
2025-11-04T13:45:00Z,25711.5,25719.75,25696.25,25704.5,2181
2025-11-04T13:50:00Z,25704.5,25735.25,25701.0,25734.75,2047
2025-11-04T13:55:00Z,25734.75,25734.75,25712.0,25716.25,1669
2025-11-04T14:00:00Z,25715.75,25719.25,25684.0,25693.75,2615
2025-11-04T14:05:00Z,25693.75,25704.5,25688.5,25696.25,1586
2025-11-04T14:10:00Z,25696.5,25725.75,25691.5,25716.5,2013
2025-11-04T14:15:00Z,25716.25,25751.5,25716.25,25749.75,2119
2025-11-04T14:20:00Z,25749.5,25750.25,25726.5,25741.25,2280
2025-11-04T14:25:00Z,25741.0,25749.0,25725.75,25740.75,5149
2025-11-04T14:30:00Z,25742.0,25756.5,25663.0,25677.75,20601
2025-11-04T14:35:00Z,25677.0,25724.0,25664.0,25688.5,14446
2025-11-04T14:40:00Z,25688.75,25782.25,25680.0,25775.0,14046
2025-11-04T14:45:00Z,25774.75,25784.25,25735.25,25776.5,11503
2025-11-04T14:50:00Z,25776.25,25855.75,25766.5,25852.25,12481
2025-11-04T14:55:00Z,25852.5,25880.75,25848.75,25875.25,9953
2025-11-04T15:00:00Z,25874.75,25885.75,25864.0,25875.0,8736
2025-11-04T15:05:00Z,25875.0,25878.25,25837.0,25852.0,9358
2025-11-04T15:10:00Z,25851.5,25868.5,25827.5,25851.75,8045
2025-11-04T15:15:00Z,25852.0,25879.25,25844.25,25871.5,6224
2025-11-04T15:20:00Z,25871.25,25875.75,25856.25,25871.5,5225
2025-11-04T15:25:00Z,25872.0,25893.5,25864.0,25864.0,6472
2025-11-04T15:30:00Z,25864.0,25872.75,25843.0,25865.5,6169
2025-11-04T15:35:00Z,25865.0,25878.5,25849.0,25874.25,4635
2025-11-04T15:40:00Z,25874.25,25890.25,25866.25,25871.25,5375
2025-11-04T15:45:00Z,25870.75,25870.75,25827.5,25832.75,7254
2025-11-04T15:50:00Z,25833.25,25841.0,25804.0,25806.25,7460
2025-11-04T15:55:00Z,25806.5,25806.5,25763.75,25789.5,9123
2025-11-04T16:00:00Z,25789.0,25822.75,25779.5,25797.0,7825
2025-11-04T16:05:00Z,25797.25,25802.0,25777.75,25781.25,5064
2025-11-04T16:10:00Z,25782.5,25787.0,25758.75,25783.25,5151
2025-11-04T16:15:00Z,25783.0,25789.5,25758.0,25762.0,5410
2025-11-04T16:20:00Z,25761.75,25766.5,25742.0,25754.75,4931
2025-11-04T16:25:00Z,25755.5,25778.0,25738.25,25771.25,5077
2025-11-04T16:30:00Z,25771.5,25781.0,25752.0,25768.0,4441
2025-11-04T16:35:00Z,25766.75,25795.0,25759.25,25786.0,5072
2025-11-04T16:40:00Z,25785.25,25796.5,25755.75,25773.5,5037
2025-11-04T16:45:00Z,25773.0,25780.75,25741.25,25747.0,5408
2025-11-04T16:50:00Z,25747.5,25766.0,25731.75,25763.75,5695
2025-11-04T16:55:00Z,25764.25,25767.75,25723.25,25756.25,5756
2025-11-04T17:00:00Z,25756.25,25757.75,25725.0,25732.75,3965
2025-11-04T17:05:00Z,25732.5,25733.0,25703.5,25715.25,4535
2025-11-04T17:10:00Z,25714.5,25720.5,25700.5,25705.25,3375
2025-11-04T17:15:00Z,25705.5,25717.0,25654.0,25655.0,7485
2025-11-04T17:20:00Z,25655.25,25706.0,25642.25,25704.0,9520
2025-11-04T17:25:00Z,25702.75,25733.75,25696.5,25709.75,6594
2025-11-04T17:30:00Z,25710.0,25718.25,25692.75,25698.5,4549
2025-11-04T17:35:00Z,25698.25,25708.0,25685.75,25688.5,3970
2025-11-04T17:40:00Z,25689.0,25690.0,25661.75,25678.5,5062
2025-11-04T17:45:00Z,25679.25,25711.5,25679.0,25700.25,4582
2025-11-04T17:50:00Z,25700.75,25728.25,25680.75,25682.75,5688
2025-11-04T17:55:00Z,25683.0,25685.5,25662.75,25679.25,4782
2025-11-04T18:00:00Z,25677.25,25682.5,25656.75,25661.75,3974
2025-11-04T18:05:00Z,25661.25,25669.5,25644.75,25653.0,4206
2025-11-04T18:10:00Z,25653.0,25664.25,25640.5,25659.75,4354
2025-11-04T18:15:00Z,25658.5,25670.0,25622.0,25623.25,6231
2025-11-04T18:20:00Z,25622.0,25665.5,25618.25,25641.5,6870
2025-11-04T18:25:00Z,25641.25,25648.0,25609.0,25626.5,4635
2025-11-04T18:30:00Z,25626.25,25648.0,25615.5,25625.5,4320
2025-11-04T18:35:00Z,25624.5,25629.0,25605.25,25608.5,3858
2025-11-04T18:40:00Z,25608.75,25652.0,25601.75,25651.25,5052
2025-11-04T18:45:00Z,25651.25,25658.5,25629.25,25635.0,4168
2025-11-04T18:50:00Z,25635.25,25684.5,25634.25,25681.0,5541
2025-11-04T18:55:00Z,25681.0,25682.5,25653.0,25669.25,4961
2025-11-04T19:00:00Z,25668.0,25688.25,25663.0,25681.25,3181
2025-11-04T19:05:00Z,25680.25,25681.25,25639.75,25646.5,4213
2025-11-04T19:10:00Z,25647.25,25667.75,25640.75,25652.75,3405
2025-11-04T19:15:00Z,25652.75,25666.5,25646.25,25648.5,2312
2025-11-04T19:20:00Z,25649.75,25669.25,25642.0,25666.0,2989
2025-11-04T19:25:00Z,25666.0,25678.5,25655.0,25660.5,3767
2025-11-04T19:30:00Z,25660.25,25665.5,25624.25,25647.25,5412
2025-11-04T19:35:00Z,25647.25,25648.75,25588.75,25598.0,5399
2025-11-04T19:40:00Z,25597.5,25613.5,25574.25,25592.25,5767
2025-11-04T19:45:00Z,25592.5,25606.0,25579.0,25582.0,4603
2025-11-04T19:50:00Z,25581.75,25601.75,25575.75,25585.75,5157
2025-11-04T19:55:00Z,25585.25,25609.75,25585.25,25605.25,4364
2025-11-04T20:00:00Z,25605.75,25616.0,25588.5,25596.75,4197
2025-11-04T20:05:00Z,25596.5,25618.0,25595.0,25606.75,3601
2025-11-04T20:10:00Z,25606.0,25627.5,25597.75,25623.0,3336
2025-11-04T20:15:00Z,25622.75,25640.0,25615.25,25622.25,4515
2025-11-04T20:20:00Z,25622.0,25623.0,25581.75,25592.5,5028
2025-11-04T20:25:00Z,25593.25,25621.75,25590.5,25621.0,3717
2025-11-04T20:30:00Z,25620.75,25624.75,25594.25,25605.0,3654
2025-11-04T20:35:00Z,25605.5,25631.25,25600.0,25612.75,3405
2025-11-04T20:40:00Z,25613.75,25634.25,25608.5,25629.0,3408
2025-11-04T20:45:00Z,25629.25,25642.5,25588.75,25592.0,4845
2025-11-04T20:50:00Z,25592.0,25597.0,25553.0,25559.25,9570
2025-11-04T20:55:00Z,25559.5,25582.75,25544.0,25579.5,21465
2025-11-04T21:00:00Z,25579.5,25593.0,25565.5,25578.0,7817
2025-11-04T21:05:00Z,25578.0,25590.0,25555.0,25557.5,2015
2025-11-04T21:10:00Z,25557.75,25568.75,25554.75,25567.25,1650
2025-11-04T21:15:00Z,25565.75,25581.25,25525.75,25568.5,2740
2025-11-04T21:20:00Z,25567.5,25569.5,25538.0,25539.75,845
2025-11-04T21:25:00Z,25539.75,25545.25,25528.75,25542.75,1275
2025-11-04T21:30:00Z,25543.25,25549.0,25527.0,25536.0,870
2025-11-04T21:35:00Z,25536.25,25536.25,25522.75,25532.5,1326
2025-11-04T21:40:00Z,25532.75,25563.75,25532.0,25562.75,1309
2025-11-04T21:45:00Z,25564.0,25570.25,25558.0,25562.75,896
2025-11-04T21:50:00Z,25561.75,25575.75,25559.75,25575.0,641
2025-11-04T21:55:00Z,25575.0,25584.25,25573.75,25577.0,1261
2025-11-04T23:00:00Z,25545.0,25574.25,25534.25,25534.75,0
2025-11-04T23:05:00Z,25536.25,25540.5,25512.75,25514.5,894
2025-11-04T23:10:00Z,25514.5,25532.75,25511.25,25528.75,634
2025-11-04T23:15:00Z,25528.5,25538.0,25516.5,25536.0,722
2025-11-04T23:20:00Z,25535.75,25539.25,25525.25,25528.75,466
2025-11-04T23:25:00Z,25529.25,25529.25,25515.0,25518.75,313
2025-11-04T23:30:00Z,25520.0,25537.0,25520.0,25523.0,467
2025-11-04T23:35:00Z,25524.25,25529.25,25513.0,25525.5,396
2025-11-04T23:40:00Z,25525.25,25532.25,25523.25,25526.75,222
2025-11-04T23:45:00Z,25527.5,25528.0,25504.0,25509.0,747
2025-11-04T23:50:00Z,25508.75,25514.25,25505.25,25509.75,411
2025-11-04T23:55:00Z,25510.0,25511.25,25501.75,25504.25,329
2025-11-05T00:00:00Z,25503.25,25503.25,25463.0,25469.5,1750
2025-11-05T00:05:00Z,25469.5,25482.0,25456.25,25475.0,1422
2025-11-05T00:10:00Z,25475.0,25492.0,25468.5,25491.0,795
2025-11-05T00:15:00Z,25492.0,25499.0,25471.25,25478.75,1132
2025-11-05T00:20:00Z,25479.25,25494.75,25470.5,25475.0,538
2025-11-05T00:25:00Z,25475.75,25475.75,25450.5,25454.0,959
2025-11-05T00:30:00Z,25452.25,25455.0,25428.5,25435.75,1839
2025-11-05T00:35:00Z,25433.25,25443.75,25423.5,25425.5,1192
2025-11-05T00:40:00Z,25426.0,25427.75,25414.0,25418.75,1630
2025-11-05T00:45:00Z,25420.25,25424.0,25410.75,25416.5,1135
2025-11-05T00:50:00Z,25416.0,25424.5,25407.5,25421.0,1268
2025-11-05T00:55:00Z,25421.0,25424.5,25408.0,25410.25,844
2025-11-05T01:00:00Z,25409.25,25411.0,25380.25,25382.0,2565
2025-11-05T01:05:00Z,25380.75,25382.0,25353.25,25362.25,2139
2025-11-05T01:10:00Z,25363.25,25391.75,25357.25,25385.0,1979
2025-11-05T01:15:00Z,25383.5,25384.5,25342.5,25348.25,1925
2025-11-05T01:20:00Z,25349.5,25352.75,25327.0,25331.75,1860
2025-11-05T01:25:00Z,25331.5,25343.5,25317.5,25319.75,2281
2025-11-05T01:30:00Z,25317.75,25333.0,25291.25,25311.75,2687
2025-11-05T01:35:00Z,25313.0,25328.25,25282.0,25286.5,2006
2025-11-05T01:40:00Z,25284.75,25320.25,25284.5,25296.0,2125
2025-11-05T01:45:00Z,25295.25,25332.0,25292.5,25327.75,1766
2025-11-05T01:50:00Z,25327.25,25341.5,25303.5,25338.75,1975
2025-11-05T01:55:00Z,25337.75,25354.5,25329.0,25337.75,1650
2025-11-05T02:00:00Z,25338.5,25353.0,25314.25,25334.75,1542
2025-11-05T02:05:00Z,25334.25,25363.25,25334.25,25345.75,1404
2025-11-05T02:10:00Z,25346.0,25352.25,25321.0,25334.25,1099
2025-11-05T02:15:00Z,25334.0,25334.75,25308.0,25315.75,1101
2025-11-05T02:20:00Z,25316.5,25336.25,25299.5,25320.75,1416
2025-11-05T02:25:00Z,25321.75,25323.0,25296.75,25298.0,798
2025-11-05T02:30:00Z,25297.75,25323.25,25296.0,25322.5,917
2025-11-05T02:35:00Z,25321.0,25358.75,25319.0,25356.5,1059
2025-11-05T02:40:00Z,25357.0,25369.0,25338.75,25369.0,1145
2025-11-05T02:45:00Z,25368.0,25419.5,25366.5,25394.0,3016
2025-11-05T02:50:00Z,25395.0,25419.75,25390.0,25408.75,1338
2025-11-05T02:55:00Z,25410.0,25423.75,25403.5,25415.25,1009
2025-11-05T03:00:00Z,25416.0,25459.0,25415.25,25455.5,2095
2025-11-05T03:05:00Z,25455.0,25469.5,25436.75,25449.75,1698
2025-11-05T03:10:00Z,25450.25,25469.0,25443.0,25466.25,1008
2025-11-05T03:15:00Z,25464.5,25466.5,25436.5,25438.5,1205
2025-11-05T03:20:00Z,25439.25,25449.75,25431.5,25447.0,580
2025-11-05T03:25:00Z,25447.25,25472.0,25443.25,25466.0,888
2025-11-05T03:30:00Z,25466.5,25480.5,25449.5,25477.75,1128
2025-11-05T03:35:00Z,25477.75,25480.75,25457.5,25470.75,777
2025-11-05T03:40:00Z,25472.0,25489.0,25472.0,25488.5,851
2025-11-05T03:45:00Z,25487.5,25520.0,25487.25,25503.5,2323
2025-11-05T03:50:00Z,25501.5,25516.5,25489.25,25499.5,1231
2025-11-05T03:55:00Z,25499.25,25517.0,25490.75,25516.25,656
2025-11-05T04:00:00Z,25515.25,25517.0,25496.5,25500.75,623
2025-11-05T04:05:00Z,25501.75,25501.75,25467.0,25467.25,1065
2025-11-05T04:10:00Z,25468.5,25485.0,25459.0,25473.0,1023
2025-11-05T04:15:00Z,25473.25,25478.25,25455.5,25461.5,717
2025-11-05T04:20:00Z,25461.75,25478.0,25460.25,25475.25,527
2025-11-05T04:25:00Z,25475.5,25483.0,25467.0,25478.0,494
2025-11-05T04:30:00Z,25478.75,25492.0,25467.5,25471.25,668
2025-11-05T04:35:00Z,25472.5,25488.25,25468.5,25481.0,463
2025-11-05T04:40:00Z,25482.0,25492.0,25480.25,25488.5,342
2025-11-05T04:45:00Z,25488.0,25489.25,25471.25,25478.5,432
2025-11-05T04:50:00Z,25478.25,25484.0,25449.75,25453.25,710
2025-11-05T04:55:00Z,25454.25,25466.5,25442.75,25462.0,755
2025-11-05T05:05:00Z,25496.25,25506.75,25493.75,25503.0,1682
2025-11-05T05:10:00Z,25502.25,25530.0,25501.75,25524.75,1192
2025-11-05T05:15:00Z,25524.25,25529.75,25514.5,25526.75,749
2025-11-05T05:20:00Z,25525.5,25533.25,25519.0,25526.25,539
2025-11-05T05:25:00Z,25525.75,25525.75,25505.25,25523.0,548
2025-11-05T05:30:00Z,25523.5,25535.5,25518.0,25529.0,895
2025-11-05T05:35:00Z,25529.5,25531.25,25516.0,25517.75,300
2025-11-05T05:40:00Z,25517.75,25518.0,25497.5,25499.0,600
2025-11-05T05:45:00Z,25499.0,25499.75,25469.0,25472.25,842
2025-11-05T05:50:00Z,25472.75,25480.25,25463.75,25468.75,694
2025-11-05T05:55:00Z,25470.5,25484.25,25467.75,25481.75,325
2025-11-05T06:00:00Z,25481.0,25482.0,25456.0,25475.75,755
2025-11-05T06:05:00Z,25474.75,25501.5,25467.25,25498.0,798
2025-11-05T06:10:00Z,25497.25,25512.5,25495.0,25505.0,636
2025-11-05T06:15:00Z,25506.0,25554.0,25506.0,25552.25,1753
2025-11-05T06:20:00Z,25552.0,25553.75,25525.75,25537.75,1215
2025-11-05T06:25:00Z,25537.75,25543.5,25528.0,25539.25,560
2025-11-05T06:30:00Z,25539.25,25550.75,25520.5,25536.5,788
2025-11-05T06:35:00Z,25537.75,25542.5,25524.75,25534.0,431
2025-11-05T06:40:00Z,25534.0,25545.75,25533.75,25538.75,271
2025-11-05T06:45:00Z,25537.25,25540.25,25529.5,25532.5,405
2025-11-05T06:50:00Z,25531.75,25536.5,25526.75,25528.75,335
2025-11-05T06:55:00Z,25528.25,25534.75,25523.75,25529.0,520
2025-11-05T07:00:00Z,25529.5,25535.75,25518.0,25518.0,439
2025-11-05T07:05:00Z,25518.25,25519.5,25500.75,25506.5,732
2025-11-05T07:10:00Z,25506.5,25509.25,25488.0,25488.5,637
2025-11-05T07:15:00Z,25488.75,25493.0,25475.75,25478.25,609
2025-11-05T07:20:00Z,25478.25,25488.75,25470.25,25486.5,572
2025-11-05T07:25:00Z,25485.75,25496.5,25479.5,25495.0,655
2025-11-05T07:30:00Z,25494.75,25503.5,25484.25,25495.25,609
2025-11-05T07:35:00Z,25495.5,25502.25,25477.75,25482.5,708
2025-11-05T07:40:00Z,25482.0,25499.0,25482.0,25497.25,298
2025-11-05T07:45:00Z,25497.0,25497.5,25475.75,25479.75,530
2025-11-05T07:50:00Z,25478.75,25503.75,25476.25,25501.75,691
2025-11-05T07:55:00Z,25502.5,25504.0,25473.75,25473.75,571
2025-11-05T08:00:00Z,25475.25,25483.75,25453.5,25469.75,1548
2025-11-05T08:05:00Z,25470.25,25523.25,25468.75,25520.5,1538
2025-11-05T08:10:00Z,25521.0,25531.0,25514.75,25522.5,1137
2025-11-05T08:15:00Z,25523.0,25525.25,25505.0,25512.0,546
2025-11-05T08:20:00Z,25512.75,25516.25,25491.25,25511.75,777
2025-11-05T08:25:00Z,25512.0,25523.25,25503.5,25519.25,773
2025-11-05T08:30:00Z,25520.0,25533.25,25516.0,25530.5,634
2025-11-05T08:35:00Z,25528.25,25533.25,25516.75,25521.0,415
2025-11-05T08:40:00Z,25520.0,25533.5,25514.5,25528.25,696
2025-11-05T08:45:00Z,25528.5,25535.25,25510.75,25525.5,549
2025-11-05T08:50:00Z,25526.0,25538.0,25520.25,25529.25,643
2025-11-05T08:55:00Z,25530.25,25533.5,25512.5,25512.75,410
2025-11-05T09:00:00Z,25513.75,25540.25,25507.25,25527.75,887
2025-11-05T09:05:00Z,25525.75,25549.0,25522.5,25545.0,826
2025-11-05T09:10:00Z,25547.0,25552.25,25516.25,25518.5,856
2025-11-05T09:15:00Z,25518.75,25529.0,25506.75,25508.25,747
2025-11-05T09:20:00Z,25509.0,25522.25,25507.25,25508.75,519
2025-11-05T09:25:00Z,25508.5,25518.5,25500.75,25515.0,489
2025-11-05T09:30:00Z,25514.75,25514.75,25480.75,25487.5,718
2025-11-05T09:35:00Z,25487.25,25508.0,25485.75,25505.5,756
2025-11-05T09:40:00Z,25504.75,25516.25,25500.25,25505.0,546
2025-11-05T09:45:00Z,25504.5,25518.5,25494.0,25516.5,344
2025-11-05T09:50:00Z,25515.75,25524.0,25511.25,25523.0,366
2025-11-05T09:55:00Z,25524.25,25526.5,25515.25,25519.25,349
2025-11-05T10:00:00Z,25517.75,25536.75,25497.25,25518.5,1041
2025-11-05T10:05:00Z,25520.5,25525.75,25507.0,25507.0,552
2025-11-05T10:10:00Z,25506.0,25506.5,25489.0,25502.25,475
2025-11-05T10:15:00Z,25501.25,25508.25,25498.25,25498.75,270
2025-11-05T10:20:00Z,25498.25,25502.25,25492.5,25501.75,224
2025-11-05T10:25:00Z,25501.75,25504.25,25492.75,25494.75,240
2025-11-05T10:30:00Z,25493.0,25495.25,25482.5,25490.5,328
2025-11-05T10:35:00Z,25490.5,25496.0,25482.0,25484.5,352
2025-11-05T10:40:00Z,25484.25,25487.5,25480.0,25485.5,246
2025-11-05T10:45:00Z,25485.25,25485.25,25467.5,25477.25,468
2025-11-05T10:50:00Z,25477.0,25478.5,25436.5,25439.5,946
2025-11-05T10:55:00Z,25438.25,25441.75,25412.0,25414.0,1474
2025-11-05T11:00:00Z,25413.0,25434.0,25404.0,25428.25,1257
2025-11-05T11:05:00Z,25426.25,25434.0,25414.0,25426.5,589
2025-11-05T11:10:00Z,25426.75,25441.5,25423.75,25435.0,512
2025-11-05T11:15:00Z,25435.75,25468.25,25434.25,25449.75,1243
2025-11-05T11:20:00Z,25450.0,25468.25,25449.5,25464.25,530
2025-11-05T11:25:00Z,25464.5,25467.75,25447.25,25448.25,594
2025-11-05T11:30:00Z,25447.75,25460.0,25434.75,25435.25,546
2025-11-05T11:35:00Z,25436.0,25460.25,25434.75,25457.75,545
2025-11-05T11:40:00Z,25458.5,25480.0,25458.0,25471.0,888
2025-11-05T11:45:00Z,25471.75,25481.0,25469.75,25472.75,599
2025-11-05T11:50:00Z,25473.25,25484.5,25468.5,25477.0,467
2025-11-05T11:55:00Z,25476.25,25484.0,25469.75,25481.75,556
2025-11-05T12:00:00Z,25480.0,25480.5,25458.25,25465.5,862
2025-11-05T12:05:00Z,25464.75,25488.5,25463.75,25488.5,626
2025-11-05T12:10:00Z,25488.75,25489.0,25469.5,25478.25,575
2025-11-05T12:15:00Z,25478.75,25505.0,25478.25,25503.0,732
2025-11-05T12:20:00Z,25504.0,25513.5,25502.0,25511.0,907
2025-11-05T12:25:00Z,25511.5,25522.5,25500.0,25504.0,908
2025-11-05T12:30:00Z,25502.75,25516.5,25500.5,25511.25,469
2025-11-05T12:35:00Z,25511.5,25525.5,25510.5,25525.0,611
2025-11-05T12:40:00Z,25525.0,25536.0,25524.25,25531.0,849
2025-11-05T12:45:00Z,25530.0,25530.75,25500.0,25502.75,895
2025-11-05T12:50:00Z,25503.0,25518.0,25499.25,25509.0,645
2025-11-05T12:55:00Z,25507.75,25530.5,25501.0,25529.0,662
2025-11-05T13:00:00Z,25528.0,25535.25,25520.25,25534.0,706
2025-11-05T13:05:00Z,25534.5,25541.75,25511.25,25514.0,1005
2025-11-05T13:10:00Z,25514.5,25522.75,25508.25,25520.0,575
2025-11-05T13:15:00Z,25520.0,25534.0,25514.0,25525.5,1293
2025-11-05T13:20:00Z,25526.0,25539.5,25515.0,25531.5,1046
2025-11-05T13:25:00Z,25532.0,25564.5,25531.75,25562.75,2329
2025-11-05T13:30:00Z,25561.5,25570.5,25538.75,25544.0,2792
2025-11-05T13:35:00Z,25543.5,25579.25,25542.0,25570.5,2182
2025-11-05T13:40:00Z,25570.0,25596.0,25565.75,25590.75,2391
2025-11-05T13:45:00Z,25590.0,25595.0,25579.0,25593.5,1757
2025-11-05T13:50:00Z,25594.5,25595.5,25581.25,25591.75,1303
2025-11-05T13:55:00Z,25591.0,25594.0,25580.75,25587.0,2014
2025-11-05T14:00:00Z,25586.75,25588.5,25559.5,25566.0,2197
2025-11-05T14:05:00Z,25564.5,25588.5,25563.0,25574.0,1693
2025-11-05T14:10:00Z,25573.75,25577.75,25564.0,25569.25,1080
2025-11-05T14:15:00Z,25569.0,25569.25,25554.5,25559.75,1754
2025-11-05T14:20:00Z,25559.25,25564.75,25552.25,25554.0,1183
2025-11-05T14:25:00Z,25553.5,25554.75,25530.0,25541.75,4290
2025-11-05T14:30:00Z,25542.25,25576.5,25500.5,25501.5,15467
2025-11-05T14:35:00Z,25502.25,25573.5,25488.0,25554.5,12738
2025-11-05T14:40:00Z,25553.5,25563.75,25508.5,25526.25,9318
2025-11-05T14:45:00Z,25528.25,25620.5,25522.0,25609.0,14175
2025-11-05T14:50:00Z,25608.5,25671.25,25600.5,25668.0,11715
2025-11-05T14:55:00Z,25667.5,25696.0,25650.0,25696.0,9435
2025-11-05T15:00:00Z,25680.5,25698.75,25642.5,25654.25,14165
2025-11-05T15:05:00Z,25653.75,25716.5,25646.5,25679.0,10323
2025-11-05T15:10:00Z,25680.0,25680.75,25643.75,25648.5,7444
2025-11-05T15:15:00Z,25648.75,25673.5,25637.75,25649.5,7035
2025-11-05T15:20:00Z,25650.0,25688.0,25615.0,25683.5,9485
2025-11-05T15:25:00Z,25683.25,25718.5,25667.0,25688.25,8682
2025-11-05T15:30:00Z,25688.75,25715.75,25674.75,25695.5,6244
2025-11-05T15:35:00Z,25695.5,25712.25,25685.75,25704.0,5263
2025-11-05T15:40:00Z,25704.0,25730.0,25698.25,25703.0,6606
2025-11-05T15:45:00Z,25703.25,25736.0,25696.75,25703.0,5864
2025-11-05T15:50:00Z,25704.0,25719.25,25690.0,25704.0,5210
2025-11-05T15:55:00Z,25704.0,25723.75,25677.0,25720.75,5721
2025-11-05T16:00:00Z,25719.75,25732.5,25676.0,25709.5,5960
2025-11-05T16:05:00Z,25709.25,25732.0,25692.5,25712.0,4159
2025-11-05T16:10:00Z,25713.0,25714.0,25666.75,25679.25,5199
2025-11-05T16:15:00Z,25679.5,25695.0,25658.25,25672.5,5933
2025-11-05T16:20:00Z,25671.25,25713.25,25660.0,25711.75,5870
2025-11-05T16:25:00Z,25711.5,25748.75,25707.5,25743.0,7857
2025-11-05T16:30:00Z,25742.5,25750.0,25729.25,25744.75,4975
2025-11-05T16:35:00Z,25745.75,25746.75,25727.25,25741.0,3850
2025-11-05T16:40:00Z,25742.0,25768.0,25735.5,25765.75,5141
2025-11-05T16:45:00Z,25766.25,25785.0,25758.5,25778.25,7184
2025-11-05T16:50:00Z,25778.5,25784.25,25772.5,25783.25,4768
2025-11-05T16:55:00Z,25783.0,25788.5,25771.25,25774.25,5373
2025-11-05T17:00:00Z,25774.0,25784.25,25759.75,25761.5,4037
2025-11-05T17:05:00Z,25761.5,25775.25,25749.5,25752.25,3767
2025-11-05T17:10:00Z,25751.5,25774.0,25740.25,25766.25,4311
2025-11-05T17:15:00Z,25765.25,25776.0,25755.0,25771.0,2948
2025-11-05T17:20:00Z,25770.75,25782.75,25767.75,25771.75,2735
2025-11-05T17:25:00Z,25771.0,25798.75,25771.0,25788.5,3547
2025-11-05T17:30:00Z,25788.25,25804.0,25784.25,25802.25,5695
2025-11-05T17:35:00Z,25802.0,25823.0,25800.0,25818.0,4841
2025-11-05T17:40:00Z,25818.25,25825.75,25810.75,25825.75,2965
2025-11-05T17:45:00Z,25825.5,25828.25,25812.75,25812.75,3547
2025-11-05T17:50:00Z,25812.75,25818.75,25806.25,25813.0,2818
2025-11-05T17:55:00Z,25812.5,25814.25,25801.5,25812.25,2412
2025-11-05T18:00:00Z,25811.75,25821.5,25807.25,25815.5,2472
2025-11-05T18:05:00Z,25815.25,25818.5,25806.25,25810.75,1920
2025-11-05T18:10:00Z,25810.75,25819.0,25804.5,25818.75,2129
2025-11-05T18:15:00Z,25818.25,25834.0,25818.0,25822.0,3339
2025-11-05T18:20:00Z,25822.5,25829.0,25817.5,25819.25,2422
2025-11-05T18:25:00Z,25818.75,25830.25,25809.75,25829.0,2388
2025-11-05T18:30:00Z,25828.75,25838.25,25824.25,25833.25,2214
2025-11-05T18:35:00Z,25833.75,25858.75,25832.25,25856.0,4000
2025-11-05T18:40:00Z,25856.25,25861.75,25851.0,25856.75,2577
2025-11-05T18:45:00Z,25857.0,25863.75,25852.5,25856.5,2958
2025-11-05T18:50:00Z,25856.75,25872.75,25856.5,25868.25,2963
2025-11-05T18:55:00Z,25868.25,25870.5,25860.75,25864.5,2667
2025-11-05T19:00:00Z,25864.25,25864.25,25839.25,25844.5,4065
2025-11-05T19:05:00Z,25844.25,25848.25,25823.25,25834.0,4017
2025-11-05T19:10:00Z,25834.0,25857.0,25833.75,25849.0,5124
2025-11-05T19:15:00Z,25849.0,25860.25,25846.0,25853.5,2983
2025-11-05T19:20:00Z,25853.75,25867.5,25849.75,25867.5,2354
2025-11-05T19:25:00Z,25867.25,25868.0,25850.25,25852.75,2574
2025-11-05T19:30:00Z,25853.0,25866.75,25849.75,25865.25,2413
2025-11-05T19:35:00Z,25864.75,25872.25,25861.75,25869.75,2242
2025-11-05T19:40:00Z,25869.25,25871.25,25859.5,25860.75,2217
2025-11-05T19:45:00Z,25860.5,25862.5,25853.0,25854.5,1733
2025-11-05T19:50:00Z,25854.25,25871.5,25853.5,25870.25,2808
2025-11-05T19:55:00Z,25870.25,25880.0,25862.75,25863.25,3017
2025-11-05T20:00:00Z,25863.25,25877.75,25858.25,25860.75,3152
2025-11-05T20:05:00Z,25860.75,25864.5,25848.5,25857.5,3708
2025-11-05T20:10:00Z,25857.25,25863.25,25854.75,25861.25,2480
2025-11-05T20:15:00Z,25861.75,25866.25,25850.25,25851.5,2880
2025-11-05T20:20:00Z,25851.25,25857.5,25838.75,25841.25,2977
2025-11-05T20:25:00Z,25841.25,25843.0,25828.25,25833.75,4306
2025-11-05T20:30:00Z,25833.5,25834.0,25815.0,25818.25,4138
2025-11-05T20:35:00Z,25818.0,25828.5,25810.25,25815.5,3704
2025-11-05T20:40:00Z,25815.75,25832.0,25803.5,25809.5,4466
2025-11-05T20:45:00Z,25809.5,25816.25,25789.25,25793.5,5268
2025-11-05T20:50:00Z,25794.5,25803.0,25775.0,25780.5,7630
2025-11-05T20:55:00Z,25780.5,25788.75,25729.5,25740.75,18343
2025-11-05T21:00:00Z,25741.0,25756.75,25716.75,25751.0,9523
2025-11-05T21:05:00Z,25750.75,25764.0,25723.5,25729.0,4726
2025-11-05T21:10:00Z,25729.0,25729.25,25697.75,25704.75,3175
2025-11-05T21:15:00Z,25704.0,25730.0,25694.5,25727.25,2306
2025-11-05T21:20:00Z,25727.25,25735.0,25719.75,25733.25,914
2025-11-05T21:25:00Z,25733.5,25734.25,25718.0,25720.0,738
2025-11-05T21:30:00Z,25720.0,25733.5,25718.5,25730.25,504
2025-11-05T21:35:00Z,25730.5,25733.5,25724.75,25728.75,496
2025-11-05T21:40:00Z,25728.5,25733.75,25728.0,25730.75,378
2025-11-05T21:45:00Z,25730.5,25734.25,25726.25,25732.25,557
2025-11-05T21:50:00Z,25731.5,25736.0,25725.0,25731.25,520
2025-11-05T21:55:00Z,25730.5,25736.5,25727.25,25729.0,570
2025-11-05T23:00:00Z,25738.5,25756.5,25716.0,25716.0,0
2025-11-05T23:05:00Z,25716.25,25719.5,25702.25,25716.0,741
2025-11-05T23:10:00Z,25716.0,25738.5,25711.75,25732.75,571
2025-11-05T23:15:00Z,25733.0,25744.75,25733.0,25736.5,316
2025-11-05T23:20:00Z,25735.0,25741.75,25718.75,25718.75,328
2025-11-05T23:25:00Z,25718.5,25741.5,25712.75,25735.75,605
2025-11-05T23:30:00Z,25734.75,25741.75,25728.75,25732.5,361
2025-11-05T23:35:00Z,25732.0,25741.75,25723.5,25739.25,376
2025-11-05T23:40:00Z,25738.25,25772.0,25738.0,25771.25,769
2025-11-05T23:45:00Z,25769.5,25769.5,25754.75,25756.75,502
2025-11-05T23:50:00Z,25756.75,25767.0,25743.75,25760.75,490
2025-11-05T23:55:00Z,25761.5,25774.0,25759.5,25772.75,400
2025-11-06T00:00:00Z,25773.0,25775.0,25742.75,25758.0,758
2025-11-06T00:05:00Z,25756.75,25758.75,25736.75,25742.5,514
2025-11-06T00:10:00Z,25743.5,25744.5,25711.0,25719.0,796
2025-11-06T00:15:00Z,25721.0,25729.0,25711.5,25721.25,605
2025-11-06T00:20:00Z,25722.25,25724.75,25680.0,25682.25,1612
2025-11-06T00:25:00Z,25682.5,25685.5,25653.0,25671.5,1726
2025-11-06T00:30:00Z,25672.5,25688.5,25671.25,25676.25,804
2025-11-06T00:35:00Z,25676.5,25710.5,25674.5,25710.0,831
2025-11-06T00:40:00Z,25709.75,25711.5,25694.25,25699.5,621
2025-11-06T00:45:00Z,25698.75,25700.5,25687.0,25695.5,502
2025-11-06T00:50:00Z,25695.0,25698.5,25681.25,25691.25,520
2025-11-06T00:55:00Z,25692.25,25710.75,25691.5,25699.25,636
2025-11-06T01:00:00Z,25696.75,25697.75,25669.5,25676.0,830
2025-11-06T01:05:00Z,25675.25,25682.75,25655.0,25661.0,757
2025-11-06T01:10:00Z,25662.25,25684.75,25652.5,25682.0,1095
2025-11-06T01:15:00Z,25682.25,25695.0,25661.75,25661.75,1038
2025-11-06T01:20:00Z,25661.5,25668.75,25656.0,25661.25,409
2025-11-06T01:25:00Z,25660.5,25661.75,25617.25,25629.5,1394
2025-11-06T01:30:00Z,25629.0,25658.5,25628.0,25646.0,1032
2025-11-06T01:35:00Z,25645.0,25665.75,25644.75,25663.25,560
2025-11-06T01:40:00Z,25664.25,25674.25,25660.25,25674.0,564
2025-11-06T01:45:00Z,25673.75,25682.5,25658.75,25662.25,763
2025-11-06T01:50:00Z,25661.25,25668.5,25658.25,25662.25,382
2025-11-06T01:55:00Z,25660.25,25678.5,25660.0,25673.5,551
2025-11-06T02:00:00Z,25673.0,25676.75,25650.5,25651.5,548
2025-11-06T02:05:00Z,25652.0,25660.25,25648.75,25654.75,339
2025-11-06T02:10:00Z,25655.75,25656.5,25639.25,25648.5,605
2025-11-06T02:15:00Z,25649.0,25672.75,25647.0,25668.75,564
2025-11-06T02:20:00Z,25668.75,25671.25,25658.25,25663.75,484
2025-11-06T02:25:00Z,25662.5,25666.0,25657.5,25661.75,195
2025-11-06T02:30:00Z,25662.5,25680.25,25658.75,25674.5,482
2025-11-06T02:35:00Z,25676.0,25693.5,25676.0,25689.0,515
2025-11-06T02:40:00Z,25690.0,25715.25,25689.0,25702.0,1124
2025-11-06T02:45:00Z,25701.75,25708.5,25691.25,25707.5,505
2025-11-06T02:50:00Z,25707.0,25709.0,25703.0,25704.0,168
2025-11-06T02:55:00Z,25703.5,25718.5,25701.75,25715.5,454
2025-11-06T03:00:00Z,25714.5,25721.0,25711.0,25716.0,524
2025-11-06T03:05:00Z,25715.75,25724.5,25710.25,25723.0,330
2025-11-06T03:10:00Z,25722.5,25727.5,25721.0,25725.25,399
2025-11-06T03:15:00Z,25724.5,25733.25,25716.25,25717.0,620
2025-11-06T03:20:00Z,25716.5,25721.75,25712.5,25716.25,376
2025-11-06T03:25:00Z,25716.0,25716.5,25704.0,25712.0,409
2025-11-06T03:30:00Z,25711.25,25714.0,25705.5,25710.25,314
2025-11-06T03:35:00Z,25710.5,25730.5,25710.5,25723.0,578
2025-11-06T03:40:00Z,25721.75,25728.75,25718.5,25725.0,321
2025-11-06T03:45:00Z,25724.75,25731.0,25717.75,25730.5,263
2025-11-06T03:50:00Z,25730.75,25735.75,25710.25,25711.0,457
2025-11-06T03:55:00Z,25711.75,25721.25,25700.25,25721.0,496
2025-11-06T04:00:00Z,25719.5,25719.5,25704.5,25710.25,323
2025-11-06T04:05:00Z,25709.75,25718.75,25708.75,25715.5,156
2025-11-06T04:10:00Z,25714.0,25725.0,25712.25,25725.0,214
2025-11-06T04:15:00Z,25724.25,25735.75,25722.5,25733.25,323
2025-11-06T04:20:00Z,25733.75,25739.0,25731.5,25733.5,348
2025-11-06T04:25:00Z,25733.5,25737.75,25728.5,25734.5,257
2025-11-06T04:30:00Z,25733.5,25741.75,25733.0,25735.5,236
2025-11-06T04:35:00Z,25734.5,25738.25,25731.0,25734.0,145
2025-11-06T04:40:00Z,25733.5,25739.0,25729.0,25738.0,162
2025-11-06T04:45:00Z,25737.75,25742.0,25725.0,25729.25,283
2025-11-06T04:50:00Z,25728.25,25733.5,25727.0,25732.0,210
2025-11-06T04:55:00Z,25731.5,25738.25,25728.5,25738.25,131
2025-11-06T05:05:00Z,25729.25,25732.0,25729.25,25731.5,522
2025-11-06T05:10:00Z,25729.5,25730.25,25717.25,25725.0,336
2025-11-06T05:15:00Z,25725.0,25730.0,25721.5,25728.5,202
2025-11-06T05:20:00Z,25727.0,25736.75,25725.75,25735.75,159
2025-11-06T05:25:00Z,25734.5,25734.75,25725.0,25725.0,211
2025-11-06T05:30:00Z,25726.25,25729.25,25715.75,25719.75,362
2025-11-06T05:35:00Z,25718.75,25720.75,25706.0,25707.75,365
2025-11-06T05:40:00Z,25707.25,25709.5,25700.75,25702.75,259
2025-11-06T05:45:00Z,25702.25,25705.5,25694.75,25703.75,415
2025-11-06T05:50:00Z,25702.75,25707.25,25693.0,25694.0,274
2025-11-06T05:55:00Z,25694.0,25696.75,25688.0,25693.0,347
2025-11-06T06:00:00Z,25692.25,25712.25,25688.5,25708.25,490
2025-11-06T06:05:00Z,25709.0,25712.5,25689.25,25690.75,371
2025-11-06T06:10:00Z,25691.0,25702.5,25690.0,25698.25,238
2025-11-06T06:15:00Z,25698.5,25710.75,25696.5,25706.0,273
2025-11-06T06:20:00Z,25703.5,25703.75,25692.75,25694.25,185
2025-11-06T06:25:00Z,25694.25,25696.5,25677.75,25682.0,448
2025-11-06T06:30:00Z,25682.0,25693.75,25672.5,25684.0,615
2025-11-06T06:35:00Z,25682.75,25699.75,25682.25,25691.0,352
2025-11-06T06:40:00Z,25691.75,25693.0,25681.5,25691.75,236
2025-11-06T06:45:00Z,25692.75,25703.75,25687.25,25699.75,348
2025-11-06T06:50:00Z,25698.5,25698.75,25686.5,25688.25,250
2025-11-06T06:55:00Z,25689.25,25693.25,25681.0,25682.75,206
2025-11-06T07:00:00Z,25682.25,25685.75,25671.0,25682.5,432
2025-11-06T07:05:00Z,25682.0,25692.0,25680.25,25686.0,272
2025-11-06T07:10:00Z,25684.5,25690.25,25682.0,25690.25,165
2025-11-06T07:15:00Z,25690.75,25695.5,25675.25,25681.75,407
2025-11-06T07:20:00Z,25680.25,25708.75,25680.25,25708.75,509
2025-11-06T07:25:00Z,25708.75,25716.0,25696.0,25702.25,751
2025-11-06T07:30:00Z,25700.75,25702.5,25663.75,25663.75,1086
2025-11-06T07:35:00Z,25664.0,25670.25,25657.25,25659.0,715
2025-11-06T07:40:00Z,25658.0,25663.75,25643.0,25662.5,890
2025-11-06T07:45:00Z,25663.0,25677.75,25662.0,25670.75,825
2025-11-06T07:50:00Z,25673.5,25673.75,25645.5,25646.0,298
2025-11-06T07:55:00Z,25646.75,25660.0,25643.5,25646.5,503
2025-11-06T08:00:00Z,25645.0,25646.25,25629.5,25634.0,889
2025-11-06T08:05:00Z,25635.25,25648.75,25629.75,25646.0,778
2025-11-06T08:10:00Z,25645.0,25658.75,25641.0,25650.5,904
2025-11-06T08:15:00Z,25652.25,25655.5,25629.5,25632.0,912
2025-11-06T08:20:00Z,25633.25,25647.75,25630.0,25639.0,467
2025-11-06T08:25:00Z,25637.75,25654.75,25636.75,25644.25,543
2025-11-06T08:30:00Z,25647.0,25654.75,25630.0,25635.0,566
2025-11-06T08:35:00Z,25633.75,25650.0,25632.75,25646.75,526
2025-11-06T08:40:00Z,25648.25,25658.75,25645.0,25656.5,374
2025-11-06T08:45:00Z,25656.5,25674.0,25647.5,25671.75,726
2025-11-06T08:50:00Z,25671.5,25684.0,25667.75,25669.75,740
2025-11-06T08:55:00Z,25669.5,25677.0,25663.5,25672.25,481
2025-11-06T09:00:00Z,25672.5,25693.5,25671.0,25690.75,949
2025-11-06T09:05:00Z,25691.75,25710.5,25690.0,25709.5,1059
2025-11-06T09:10:00Z,25708.25,25721.5,25708.0,25720.75,572
2025-11-06T09:15:00Z,25720.25,25735.25,25718.5,25734.25,943
2025-11-06T09:20:00Z,25732.75,25735.75,25723.5,25731.0,461
2025-11-06T09:25:00Z,25731.5,25739.25,25730.75,25737.0,353
2025-11-06T09:30:00Z,25735.5,25742.0,25727.25,25730.75,484
2025-11-06T09:35:00Z,25731.75,25734.5,25725.25,25725.75,292
2025-11-06T09:40:00Z,25726.0,25731.25,25715.0,25731.0,709
2025-11-06T09:45:00Z,25730.75,25745.25,25730.75,25736.0,841
2025-11-06T09:50:00Z,25736.75,25747.0,25735.5,25740.0,371
2025-11-06T09:55:00Z,25739.0,25741.5,25723.75,25727.25,492
2025-11-06T10:00:00Z,25728.25,25739.25,25725.75,25736.5,346
2025-11-06T10:05:00Z,25735.0,25741.75,25730.5,25732.5,254
2025-11-06T10:10:00Z,25733.0,25746.0,25732.25,25742.75,234
2025-11-06T10:15:00Z,25743.5,25756.0,25739.0,25754.0,384
2025-11-06T10:20:00Z,25753.75,25756.75,25749.25,25754.75,374
2025-11-06T10:25:00Z,25754.25,25771.75,25752.0,25769.0,631
2025-11-06T10:30:00Z,25768.5,25778.25,25762.5,25774.25,561
2025-11-06T10:35:00Z,25774.25,25777.5,25753.25,25754.0,523
2025-11-06T10:40:00Z,25753.25,25764.5,25752.75,25761.75,321
2025-11-06T10:45:00Z,25761.75,25764.25,25742.25,25753.5,670
2025-11-06T10:50:00Z,25753.5,25764.75,25748.75,25759.75,376
2025-11-06T10:55:00Z,25760.75,25767.0,25751.0,25752.0,384
2025-11-06T11:00:00Z,25752.5,25761.0,25747.75,25757.5,452
2025-11-06T11:05:00Z,25757.5,25764.5,25744.0,25754.0,555
2025-11-06T11:10:00Z,25753.5,25753.5,25742.5,25748.0,364
2025-11-06T11:15:00Z,25749.0,25764.5,25745.75,25763.5,379
2025-11-06T11:20:00Z,25764.0,25772.75,25749.5,25754.5,607
2025-11-06T11:25:00Z,25754.75,25769.0,25752.25,25768.5,328
2025-11-06T11:30:00Z,25768.5,25771.25,25749.0,25755.0,506
2025-11-06T11:35:00Z,25754.25,25766.75,25753.5,25764.5,246
2025-11-06T11:40:00Z,25764.0,25776.0,25760.0,25762.75,389
2025-11-06T11:45:00Z,25763.0,25769.25,25760.5,25761.0,165
2025-11-06T11:50:00Z,25761.5,25764.0,25753.25,25760.0,206
2025-11-06T11:55:00Z,25758.75,25760.0,25747.0,25747.5,514
2025-11-06T12:00:00Z,25747.25,25772.75,25746.25,25759.0,888
2025-11-06T12:05:00Z,25760.75,25787.75,25760.75,25776.5,1163
2025-11-06T12:10:00Z,25775.75,25788.0,25772.0,25775.25,656
2025-11-06T12:15:00Z,25774.75,25780.0,25765.75,25772.75,742
2025-11-06T12:20:00Z,25773.5,25787.5,25763.75,25773.5,813
2025-11-06T12:25:00Z,25773.25,25773.25,25759.5,25770.75,387
2025-11-06T12:30:00Z,25772.0,25785.5,25769.0,25783.75,506
2025-11-06T12:35:00Z,25784.25,25789.0,25779.25,25783.5,484
2025-11-06T12:40:00Z,25783.75,25789.25,25775.5,25785.25,429
2025-11-06T12:45:00Z,25785.75,25791.0,25778.5,25780.5,462
2025-11-06T12:50:00Z,25779.25,25787.25,25779.0,25784.5,225
2025-11-06T12:55:00Z,25783.75,25784.5,25777.0,25779.5,436
2025-11-06T13:00:00Z,25778.5,25787.0,25775.0,25784.75,603
2025-11-06T13:05:00Z,25784.5,25790.0,25777.0,25789.0,415
2025-11-06T13:10:00Z,25789.5,25794.5,25781.75,25793.25,533
2025-11-06T13:15:00Z,25793.25,25798.0,25782.25,25794.0,637
2025-11-06T13:20:00Z,25794.25,25812.5,25792.75,25809.25,1680
2025-11-06T13:25:00Z,25808.75,25814.0,25805.0,25812.0,879
2025-11-06T13:30:00Z,25811.0,25818.75,25807.75,25816.75,1015
2025-11-06T13:35:00Z,25816.25,25822.25,25801.5,25806.25,1207
2025-11-06T13:40:00Z,25806.25,25808.5,25800.5,25802.25,897
2025-11-06T13:45:00Z,25802.5,25806.5,25792.0,25792.75,923
2025-11-06T13:50:00Z,25792.75,25799.75,25778.5,25781.75,1061
2025-11-06T13:55:00Z,25782.25,25786.25,25761.25,25766.0,2123
2025-11-06T14:00:00Z,25766.75,25774.25,25744.0,25744.5,2884
2025-11-06T14:05:00Z,25744.5,25748.0,25692.75,25698.25,5364
2025-11-06T14:10:00Z,25699.0,25726.0,25694.25,25722.75,3775
2025-11-06T14:15:00Z,25722.75,25725.25,25704.75,25717.5,2289
2025-11-06T14:20:00Z,25718.75,25720.0,25684.0,25689.75,2518
2025-11-06T14:25:00Z,25689.5,25701.5,25667.0,25673.5,4831
2025-11-06T14:30:00Z,25673.5,25685.75,25630.75,25645.5,15521
2025-11-06T14:35:00Z,25646.75,25667.0,25619.0,25644.25,12244
2025-11-06T14:40:00Z,25644.5,25651.75,25586.0,25607.25,13305
2025-11-06T14:45:00Z,25607.5,25673.25,25602.75,25629.0,11572
2025-11-06T14:50:00Z,25628.5,25652.25,25554.0,25554.5,16015
2025-11-06T14:55:00Z,25555.75,25566.0,25510.0,25513.0,13397
2025-11-06T15:00:00Z,25513.25,25513.25,25413.25,25416.5,19583
2025-11-06T15:05:00Z,25416.5,25474.0,25413.25,25441.0,13501
2025-11-06T15:10:00Z,25440.5,25490.0,25420.0,25423.0,12630
2025-11-06T15:15:00Z,25423.0,25503.5,25404.5,25486.25,14668
2025-11-06T15:20:00Z,25487.0,25547.0,25486.25,25529.0,11902
2025-11-06T15:25:00Z,25529.0,25543.0,25502.25,25505.5,9444
2025-11-06T15:30:00Z,25505.75,25513.75,25436.5,25446.5,10961
2025-11-06T15:35:00Z,25446.5,25447.5,25348.0,25361.25,14247
2025-11-06T15:40:00Z,25361.0,25372.25,25319.75,25325.25,14092
2025-11-06T15:45:00Z,25325.75,25363.25,25313.0,25339.25,12684
2025-11-06T15:50:00Z,25339.5,25362.5,25303.25,25339.0,11983
2025-11-06T15:55:00Z,25339.0,25357.5,25290.75,25303.0,9336
2025-11-06T16:00:00Z,25302.75,25353.0,25298.5,25350.5,9392
2025-11-06T16:05:00Z,25351.0,25370.25,25318.25,25330.75,9776
2025-11-06T16:10:00Z,25329.75,25348.25,25307.5,25338.75,6100
2025-11-06T16:15:00Z,25337.5,25361.5,25292.0,25313.75,7549
2025-11-06T16:20:00Z,25314.75,25343.75,25288.0,25297.0,7062
2025-11-06T16:25:00Z,25297.25,25340.0,25277.25,25333.0,8797
2025-11-06T16:30:00Z,25332.75,25332.75,25296.0,25302.25,5838
2025-11-06T16:35:00Z,25302.5,25302.5,25240.0,25255.0,9312
2025-11-06T16:40:00Z,25254.25,25268.0,25222.75,25257.75,8756
2025-11-06T16:45:00Z,25258.0,25258.75,25227.75,25234.75,4992
2025-11-06T16:50:00Z,25234.5,25284.75,25226.0,25273.0,8027
2025-11-06T16:55:00Z,25270.75,25270.75,25201.25,25220.5,8772
2025-11-06T17:00:00Z,25220.25,25273.0,25220.25,25266.0,6881
2025-11-06T17:05:00Z,25266.75,25280.25,25232.75,25276.5,6313
2025-11-06T17:10:00Z,25276.25,25309.0,25255.75,25257.5,7785
2025-11-06T17:15:00Z,25257.5,25277.0,25236.5,25259.75,6308
2025-11-06T17:20:00Z,25259.0,25259.0,25214.75,25220.0,6016
2025-11-06T17:25:00Z,25220.0,25247.75,25197.75,25245.5,7483
2025-11-06T17:30:00Z,25244.75,25280.75,25230.0,25248.5,6340
2025-11-06T17:35:00Z,25248.5,25283.25,25248.0,25250.5,5372
2025-11-06T17:40:00Z,25250.0,25299.0,25247.25,25291.5,5178
2025-11-06T17:45:00Z,25291.0,25330.25,25288.0,25320.75,6229
2025-11-06T17:50:00Z,25321.25,25354.0,25318.75,25347.75,5696
2025-11-06T17:55:00Z,25348.25,25356.25,25326.25,25337.25,4636
2025-11-06T18:00:00Z,25337.25,25348.5,25289.5,25291.0,5779
2025-11-06T18:05:00Z,25291.25,25294.25,25236.25,25238.0,7310
2025-11-06T18:10:00Z,25237.5,25260.25,25225.5,25248.75,6084
2025-11-06T18:15:00Z,25248.5,25265.5,25236.5,25255.0,4042
2025-11-06T18:20:00Z,25255.0,25303.25,25249.5,25301.5,4404
2025-11-06T18:25:00Z,25302.0,25339.0,25298.75,25324.5,5792
2025-11-06T18:30:00Z,25322.0,25350.75,25321.75,25337.5,4037
2025-11-06T18:35:00Z,25338.0,25371.25,25331.5,25358.75,5673
2025-11-06T18:40:00Z,25359.25,25371.25,25350.5,25362.75,3617
2025-11-06T18:45:00Z,25363.5,25366.5,25327.5,25354.25,5961
2025-11-06T18:50:00Z,25354.75,25364.5,25338.0,25357.75,3649
2025-11-06T18:55:00Z,25357.5,25358.75,25308.0,25330.25,4917
2025-11-06T19:00:00Z,25331.25,25367.75,25321.0,25366.25,5617
2025-11-06T19:05:00Z,25366.25,25411.0,25363.5,25373.75,7535
2025-11-06T19:10:00Z,25374.25,25402.0,25374.25,25395.0,3812
2025-11-06T19:15:00Z,25395.25,25402.25,25362.75,25382.75,5026
2025-11-06T19:20:00Z,25382.0,25396.5,25372.75,25392.25,3426
2025-11-06T19:25:00Z,25393.25,25436.75,25393.25,25431.25,6266
2025-11-06T19:30:00Z,25431.5,25433.0,25409.25,25423.5,4384
2025-11-06T19:35:00Z,25423.75,25438.5,25418.5,25419.0,3344
2025-11-06T19:40:00Z,25419.5,25420.25,25374.0,25403.25,6701
2025-11-06T19:45:00Z,25403.75,25407.0,25366.5,25381.25,3998
2025-11-06T19:50:00Z,25381.5,25393.0,25355.0,25379.75,5549
2025-11-06T19:55:00Z,25379.0,25426.0,25374.0,25404.25,5654
2025-11-06T20:00:00Z,25403.75,25412.75,25377.75,25396.75,3837
2025-11-06T20:05:00Z,25397.25,25411.5,25386.75,25398.75,3034
2025-11-06T20:10:00Z,25397.5,25414.75,25379.75,25391.0,3407
2025-11-06T20:15:00Z,25391.75,25399.0,25360.25,25391.5,4497
2025-11-06T20:20:00Z,25392.5,25400.0,25378.0,25394.75,2929
2025-11-06T20:25:00Z,25393.75,25403.75,25348.0,25354.25,4227
2025-11-06T20:30:00Z,25354.25,25370.0,25318.25,25363.0,7903
2025-11-06T20:35:00Z,25363.0,25371.25,25329.0,25330.25,4490
2025-11-06T20:40:00Z,25329.75,25342.0,25302.25,25304.25,5325
2025-11-06T20:45:00Z,25305.25,25313.75,25261.0,25261.75,7930
2025-11-06T20:50:00Z,25262.0,25290.0,25244.5,25247.75,8532
2025-11-06T20:55:00Z,25248.0,25267.5,25226.5,25259.0,20937
2025-11-06T21:00:00Z,25258.75,25272.0,25241.75,25266.0,7364
2025-11-06T21:05:00Z,25266.5,25277.5,25259.75,25268.0,1826
2025-11-06T21:10:00Z,25268.25,25292.25,25263.0,25290.25,2046
2025-11-06T21:15:00Z,25290.5,25294.5,25266.25,25291.0,1778
2025-11-06T21:20:00Z,25291.25,25294.5,25282.5,25284.5,905
2025-11-06T21:25:00Z,25284.5,25289.25,25271.0,25279.75,1101
2025-11-06T21:30:00Z,25280.25,25292.5,25276.75,25288.5,609
2025-11-06T21:35:00Z,25288.75,25303.0,25287.75,25297.75,955
2025-11-06T21:40:00Z,25297.75,25314.0,25296.5,25307.5,853
2025-11-06T21:45:00Z,25308.25,25312.75,25306.5,25310.0,527
2025-11-06T21:50:00Z,25310.25,25319.0,25300.0,25316.0,2020
2025-11-06T21:55:00Z,25316.5,25318.5,25306.0,25310.5,1321
2025-11-06T22:00:00Z,25311.25,25311.5,25311.25,25311.5,5
2025-11-06T23:00:00Z,25314.75,25314.75,25279.5,25295.0,0
2025-11-06T23:05:00Z,25295.5,25298.5,25272.0,25288.0,709
2025-11-06T23:10:00Z,25290.75,25295.25,25278.0,25281.0,340
2025-11-06T23:15:00Z,25283.5,25300.0,25277.75,25297.5,391
2025-11-06T23:20:00Z,25299.5,25313.25,25296.5,25310.75,390
2025-11-06T23:25:00Z,25311.5,25313.0,25302.25,25306.25,288
2025-11-06T23:30:00Z,25307.5,25312.75,25297.5,25300.75,283
2025-11-06T23:35:00Z,25301.75,25313.25,25295.25,25311.5,338
2025-11-06T23:40:00Z,25310.0,25327.0,25306.5,25326.0,579
2025-11-06T23:45:00Z,25327.0,25335.75,25321.5,25322.5,619
2025-11-06T23:50:00Z,25322.5,25329.25,25315.0,25327.5,314
2025-11-06T23:55:00Z,25326.25,25327.75,25314.0,25316.75,284
2025-11-07T00:00:00Z,25317.0,25326.75,25279.25,25324.25,1545
2025-11-07T00:05:00Z,25322.5,25343.0,25317.5,25325.25,1012
2025-11-07T00:10:00Z,25324.5,25327.75,25300.0,25313.0,1105
2025-11-07T00:15:00Z,25313.0,25318.25,25297.5,25297.5,538
2025-11-07T00:20:00Z,25299.0,25328.0,25297.0,25327.25,576
2025-11-07T00:25:00Z,25326.25,25328.25,25313.5,25321.75,400
2025-11-07T00:30:00Z,25322.0,25342.5,25320.5,25342.5,705
2025-11-07T00:35:00Z,25342.75,25346.0,25336.25,25340.5,786
2025-11-07T00:40:00Z,25341.5,25348.0,25340.75,25345.5,424
2025-11-07T00:45:00Z,25345.0,25349.5,25343.25,25344.75,428
2025-11-07T00:50:00Z,25345.0,25349.75,25339.5,25347.75,431
2025-11-07T00:55:00Z,25347.0,25347.25,25321.75,25322.0,857
2025-11-07T01:00:00Z,25324.0,25332.75,25311.0,25331.75,921
2025-11-07T01:05:00Z,25331.0,25331.5,25272.25,25277.0,2298
2025-11-07T01:10:00Z,25278.25,25309.25,25277.5,25303.75,849
2025-11-07T01:15:00Z,25305.75,25306.75,25283.75,25286.5,788
2025-11-07T01:20:00Z,25285.75,25291.5,25256.5,25282.0,1468
2025-11-07T01:25:00Z,25280.5,25280.5,25245.0,25248.5,946
2025-11-07T01:30:00Z,25248.0,25261.75,25216.0,25224.5,1476
2025-11-07T01:35:00Z,25224.0,25249.5,25201.0,25249.0,1719
2025-11-07T01:40:00Z,25249.25,25262.75,25228.5,25247.25,1005
2025-11-07T01:45:00Z,25244.5,25262.25,25244.5,25247.5,603
2025-11-07T01:50:00Z,25248.25,25270.0,25241.0,25254.75,871
2025-11-07T01:55:00Z,25254.5,25274.25,25248.0,25271.5,553
2025-11-07T02:00:00Z,25272.75,25275.0,25247.75,25252.25,794
2025-11-07T02:05:00Z,25251.25,25257.0,25239.0,25255.75,607
2025-11-07T02:10:00Z,25257.5,25260.75,25232.0,25234.5,725
2025-11-07T02:15:00Z,25234.5,25247.0,25230.5,25238.0,627
2025-11-07T02:20:00Z,25238.25,25240.5,25213.75,25220.25,714
2025-11-07T02:25:00Z,25219.0,25233.25,25207.25,25208.25,785
2025-11-07T02:30:00Z,25208.5,25255.0,25208.25,25250.75,787
2025-11-07T02:35:00Z,25249.25,25260.0,25246.5,25250.25,536
2025-11-07T02:40:00Z,25250.5,25251.25,25230.75,25241.75,487
2025-11-07T02:45:00Z,25244.0,25268.75,25243.0,25259.5,642
2025-11-07T02:50:00Z,25259.5,25269.0,25251.5,25257.75,281
2025-11-07T02:55:00Z,25259.5,25270.5,25256.25,25267.5,387
2025-11-07T03:00:00Z,25269.25,25281.5,25264.0,25266.5,616
2025-11-07T03:05:00Z,25268.25,25278.25,25254.25,25255.75,451
2025-11-07T03:10:00Z,25256.0,25257.5,25227.0,25237.75,919
2025-11-07T03:15:00Z,25238.75,25250.25,25221.25,25224.75,617
2025-11-07T03:20:00Z,25224.75,25238.5,25216.5,25238.5,452
2025-11-07T03:25:00Z,25238.75,25242.25,25226.25,25232.75,448
2025-11-07T03:30:00Z,25231.5,25242.75,25225.5,25231.5,693
2025-11-07T03:35:00Z,25231.25,25235.75,25221.5,25228.5,265
2025-11-07T03:40:00Z,25228.75,25231.5,25215.75,25219.0,336
2025-11-07T03:45:00Z,25220.25,25233.5,25203.0,25227.25,1009
2025-11-07T03:50:00Z,25226.5,25230.25,25214.5,25220.5,247
2025-11-07T03:55:00Z,25220.5,25228.25,25213.25,25223.0,334
2025-11-07T04:00:00Z,25222.5,25224.0,25162.0,25181.5,1953
2025-11-07T04:05:00Z,25181.25,25195.5,25169.5,25190.75,769
2025-11-07T04:10:00Z,25192.0,25196.75,25187.5,25196.5,466
2025-11-07T04:15:00Z,25195.25,25259.5,25195.0,25254.75,1565
2025-11-07T04:20:00Z,25254.0,25265.0,25245.5,25248.0,859
2025-11-07T04:25:00Z,25247.25,25253.0,25239.5,25252.75,420
2025-11-07T04:30:00Z,25251.0,25255.75,25239.75,25250.75,339
2025-11-07T04:35:00Z,25251.5,25251.5,25230.5,25242.5,467
2025-11-07T04:40:00Z,25242.5,25247.5,25238.25,25239.0,179
2025-11-07T04:45:00Z,25240.25,25243.0,25234.0,25241.5,179
2025-11-07T04:50:00Z,25241.5,25252.0,25239.75,25243.0,240
2025-11-07T04:55:00Z,25243.5,25255.0,25239.25,25253.0,177
2025-11-07T05:05:00Z,25295.75,25296.0,25289.5,25295.25,1745
2025-11-07T05:10:00Z,25294.5,25297.25,25289.5,25294.5,329
2025-11-07T05:15:00Z,25292.25,25313.25,25288.5,25307.75,751
2025-11-07T05:20:00Z,25307.75,25309.0,25286.5,25297.25,550
2025-11-07T05:25:00Z,25297.25,25299.25,25288.75,25289.75,220
2025-11-07T05:30:00Z,25290.0,25307.75,25287.25,25304.25,300
2025-11-07T05:35:00Z,25305.0,25317.75,25303.5,25312.5,399
2025-11-07T05:40:00Z,25312.75,25321.0,25309.5,25315.5,574
2025-11-07T05:45:00Z,25315.75,25324.0,25312.0,25312.5,428
2025-11-07T05:50:00Z,25312.75,25328.5,25308.75,25314.75,413
2025-11-07T05:55:00Z,25314.5,25333.0,25314.0,25332.0,490
2025-11-07T06:00:00Z,25332.5,25337.25,25326.5,25327.75,560
2025-11-07T06:05:00Z,25326.75,25338.25,25323.25,25326.0,373
2025-11-07T06:10:00Z,25325.0,25332.75,25316.0,25324.25,570
2025-11-07T06:15:00Z,25325.75,25330.0,25319.5,25326.0,200
2025-11-07T06:20:00Z,25326.75,25336.75,25321.0,25334.25,244
2025-11-07T06:25:00Z,25334.5,25336.5,25328.25,25332.0,274
2025-11-07T06:30:00Z,25331.25,25331.25,25319.5,25322.0,322
2025-11-07T06:35:00Z,25321.0,25330.0,25310.5,25323.5,415
2025-11-07T06:40:00Z,25323.25,25333.25,25319.25,25331.5,370
2025-11-07T06:45:00Z,25331.5,25340.75,25327.5,25334.75,287
2025-11-07T06:50:00Z,25333.25,25335.0,25307.25,25317.5,599
2025-11-07T06:55:00Z,25316.75,25325.5,25315.25,25325.5,201
2025-11-07T07:00:00Z,25326.25,25335.5,25314.25,25315.75,444
2025-11-07T07:05:00Z,25315.25,25334.5,25313.5,25326.25,349
2025-11-07T07:10:00Z,25325.75,25335.5,25324.0,25333.25,453
2025-11-07T07:15:00Z,25334.0,25336.0,25326.5,25329.0,297
2025-11-07T07:20:00Z,25329.0,25349.0,25318.25,25322.5,1076
2025-11-07T07:25:00Z,25321.5,25330.75,25315.75,25330.25,356
2025-11-07T07:30:00Z,25329.25,25334.0,25326.5,25330.5,239
2025-11-07T07:35:00Z,25329.75,25336.5,25328.0,25329.25,166
2025-11-07T07:40:00Z,25329.75,25338.25,25326.75,25334.75,333
2025-11-07T07:45:00Z,25335.0,25344.75,25329.5,25343.0,340
2025-11-07T07:50:00Z,25343.75,25348.25,25333.0,25342.0,702
2025-11-07T07:55:00Z,25343.5,25347.25,25335.75,25336.25,329
2025-11-07T08:00:00Z,25336.25,25348.25,25329.5,25345.5,1315
2025-11-07T08:05:00Z,25345.75,25351.0,25338.0,25343.0,813
2025-11-07T08:10:00Z,25343.0,25352.5,25335.5,25350.75,519
2025-11-07T08:15:00Z,25350.75,25354.75,25327.5,25329.75,951
2025-11-07T08:20:00Z,25329.75,25331.5,25312.25,25324.25,947
2025-11-07T08:25:00Z,25325.0,25326.0,25288.0,25301.75,1043
2025-11-07T08:30:00Z,25301.25,25307.5,25285.25,25290.25,824
2025-11-07T08:35:00Z,25292.0,25295.0,25272.0,25291.25,1336
2025-11-07T08:40:00Z,25292.5,25302.5,25288.25,25296.25,747
2025-11-07T08:45:00Z,25296.5,25317.75,25295.75,25317.25,869
2025-11-07T08:50:00Z,25316.0,25317.25,25301.5,25311.75,486
2025-11-07T08:55:00Z,25311.75,25315.75,25300.0,25313.25,513
2025-11-07T09:00:00Z,25311.75,25313.25,25283.0,25290.25,1356
2025-11-07T09:05:00Z,25290.25,25298.0,25282.25,25296.0,508
2025-11-07T09:10:00Z,25298.75,25328.5,25298.5,25323.5,1030
2025-11-07T09:15:00Z,25324.25,25326.0,25315.75,25320.25,368
2025-11-07T09:20:00Z,25318.5,25325.5,25292.25,25297.75,573
2025-11-07T09:25:00Z,25299.75,25306.0,25271.5,25277.0,786
2025-11-07T09:30:00Z,25277.0,25283.25,25262.0,25264.0,809
2025-11-07T09:35:00Z,25266.0,25271.5,25256.5,25258.5,553
2025-11-07T09:40:00Z,25258.5,25263.25,25244.25,25257.75,790
2025-11-07T09:45:00Z,25259.0,25273.75,25255.0,25257.75,571
2025-11-07T09:50:00Z,25258.0,25262.75,25241.25,25255.5,605
2025-11-07T09:55:00Z,25254.5,25267.0,25249.0,25260.0,356
2025-11-07T10:00:00Z,25259.75,25274.75,25240.5,25273.25,535
2025-11-07T10:05:00Z,25272.75,25277.75,25261.0,25262.25,368
2025-11-07T10:10:00Z,25263.0,25265.25,25218.5,25220.5,1081
2025-11-07T10:15:00Z,25220.25,25226.0,25197.5,25203.25,1169
2025-11-07T10:20:00Z,25202.75,25219.0,25185.75,25192.75,1003
2025-11-07T10:25:00Z,25191.25,25221.5,25191.25,25219.5,776
2025-11-07T10:30:00Z,25218.5,25233.5,25216.0,25230.25,530
2025-11-07T10:35:00Z,25229.25,25247.75,25220.0,25239.25,748
2025-11-07T10:40:00Z,25238.25,25238.75,25223.0,25228.75,377
2025-11-07T10:45:00Z,25227.5,25234.75,25213.5,25220.0,591
2025-11-07T10:50:00Z,25221.5,25231.75,25217.0,25228.75,320
2025-11-07T10:55:00Z,25227.75,25228.5,25210.75,25219.25,331
2025-11-07T11:00:00Z,25219.25,25220.25,25190.75,25192.0,716
2025-11-07T11:05:00Z,25191.5,25198.0,25176.0,25177.25,1308
2025-11-07T11:10:00Z,25176.5,25194.75,25123.25,25125.0,2547
2025-11-07T11:15:00Z,25123.25,25133.75,25102.5,25132.25,2943
2025-11-07T11:20:00Z,25132.0,25158.5,25125.75,25129.25,1580
2025-11-07T11:25:00Z,25130.25,25133.25,25100.25,25125.0,1858
2025-11-07T11:30:00Z,25124.75,25127.5,25084.25,25091.25,2623
2025-11-07T11:35:00Z,25091.25,25120.5,25088.0,25119.75,1310
2025-11-07T11:40:00Z,25120.0,25139.0,25116.0,25138.5,910
2025-11-07T11:45:00Z,25139.5,25159.5,25135.5,25159.0,1098
2025-11-07T11:50:00Z,25159.25,25187.25,25153.0,25171.75,1854
2025-11-07T11:55:00Z,25172.75,25191.25,25168.25,25180.25,1093
2025-11-07T12:00:00Z,25178.5,25184.0,25158.0,25171.0,1540
2025-11-07T12:05:00Z,25173.0,25190.5,25170.25,25180.25,1024
2025-11-07T12:10:00Z,25180.25,25192.0,25172.5,25181.0,1081
2025-11-07T12:15:00Z,25181.5,25195.5,25155.0,25156.5,1161
2025-11-07T12:20:00Z,25157.75,25167.25,25145.5,25163.0,1183
2025-11-07T12:25:00Z,25163.0,25181.5,25149.5,25160.5,1095
2025-11-07T12:30:00Z,25160.5,25161.25,25128.25,25138.5,1261
2025-11-07T12:35:00Z,25138.0,25143.0,25128.0,25133.25,1131
2025-11-07T12:40:00Z,25130.75,25142.25,25106.75,25107.5,890
2025-11-07T12:45:00Z,25107.25,25113.0,25064.5,25065.25,2041
2025-11-07T12:50:00Z,25064.75,25083.0,25061.75,25067.5,1899
2025-11-07T12:55:00Z,25067.0,25097.25,25063.75,25092.75,1384
2025-11-07T13:00:00Z,25092.5,25094.25,25069.25,25091.75,1481
2025-11-07T13:05:00Z,25092.75,25139.0,25090.5,25117.0,2797
2025-11-07T13:10:00Z,25116.5,25133.5,25091.0,25106.0,1598
2025-11-07T13:15:00Z,25105.0,25126.25,25095.0,25123.0,978
2025-11-07T13:20:00Z,25124.5,25147.25,25113.5,25114.25,1596
2025-11-07T13:25:00Z,25113.0,25115.0,25071.0,25083.25,2228
2025-11-07T13:30:00Z,25081.5,25102.5,25072.75,25094.75,1761
2025-11-07T13:35:00Z,25096.25,25098.5,25080.75,25093.25,1276
2025-11-07T13:40:00Z,25092.75,25093.5,25066.75,25078.25,1719
2025-11-07T13:45:00Z,25078.25,25133.0,25077.0,25122.75,2282
2025-11-07T13:50:00Z,25123.0,25140.0,25120.0,25136.75,1613
2025-11-07T13:55:00Z,25137.0,25142.0,25109.5,25111.5,1458
2025-11-07T14:00:00Z,25111.25,25122.0,25090.25,25098.5,2106
2025-11-07T14:05:00Z,25098.75,25102.0,25081.25,25096.75,1763
2025-11-07T14:10:00Z,25096.0,25124.0,25095.75,25106.75,1887
2025-11-07T14:15:00Z,25106.0,25106.75,25082.0,25083.0,1944
2025-11-07T14:20:00Z,25082.75,25088.25,25076.25,25083.5,1572
2025-11-07T14:25:00Z,25083.0,25120.0,25075.5,25110.0,4986
2025-11-07T14:30:00Z,25110.5,25111.0,25045.25,25058.5,16505
2025-11-07T14:35:00Z,25058.25,25061.0,24919.25,24925.25,19613
2025-11-07T14:40:00Z,24925.25,24994.75,24917.75,24975.25,15967
2025-11-07T14:45:00Z,24975.5,24997.5,24932.5,24935.0,12135
2025-11-07T14:50:00Z,24936.5,25013.5,24930.25,24998.25,10550
2025-11-07T14:55:00Z,24996.0,25045.25,24983.0,25028.0,9178
2025-11-07T15:00:00Z,25018.0,25031.25,24936.75,24941.0,12203
2025-11-07T15:05:00Z,24940.5,24975.75,24882.0,24970.25,16286
2025-11-07T15:10:00Z,24970.25,25022.5,24962.0,25013.75,12718
2025-11-07T15:15:00Z,25014.0,25045.0,24984.75,25006.5,12581
2025-11-07T15:20:00Z,25007.5,25039.0,24953.75,24959.0,11352
2025-11-07T15:25:00Z,24959.5,25025.75,24956.75,24969.25,10988
2025-11-07T15:30:00Z,24969.0,24981.0,24916.5,24918.75,9864
2025-11-07T15:35:00Z,24918.5,24963.5,24885.5,24891.75,9957
2025-11-07T15:40:00Z,24890.75,24914.0,24864.5,24870.0,7610
2025-11-07T15:45:00Z,24869.0,24886.5,24843.5,24860.5,8432
2025-11-07T15:50:00Z,24860.0,24897.25,24838.5,24854.75,7766
2025-11-07T15:55:00Z,24854.0,24854.25,24823.0,24823.5,6593
2025-11-07T16:00:00Z,24822.75,24861.0,24818.5,24844.5,7168
2025-11-07T16:05:00Z,24843.75,24855.0,24809.0,24812.75,6029
2025-11-07T16:10:00Z,24813.25,24826.0,24778.5,24787.75,9679
2025-11-07T16:15:00Z,24788.0,24823.5,24771.25,24820.25,8101
2025-11-07T16:20:00Z,24821.0,24844.5,24809.75,24813.25,7933
2025-11-07T16:25:00Z,24813.75,24823.0,24789.0,24795.5,6047
2025-11-07T16:30:00Z,24795.5,24821.75,24785.25,24818.0,5419
2025-11-07T16:35:00Z,24818.0,24822.25,24765.5,24773.5,6235
2025-11-07T16:40:00Z,24773.25,24804.5,24756.5,24801.75,6505
2025-11-07T16:45:00Z,24802.25,24808.0,24760.75,24768.75,4913
2025-11-07T16:50:00Z,24768.0,24810.0,24766.0,24771.0,5920
2025-11-07T16:55:00Z,24770.5,24777.25,24718.75,24746.75,8393
2025-11-07T17:00:00Z,24745.75,24758.0,24725.75,24727.25,4175
2025-11-07T17:05:00Z,24727.25,24746.75,24709.25,24737.75,5030
2025-11-07T17:10:00Z,24737.5,24778.75,24718.0,24770.0,5612
2025-11-07T17:15:00Z,24769.75,24802.0,24767.25,24790.75,5741
2025-11-07T17:20:00Z,24792.0,24852.5,24778.5,24837.0,7902
2025-11-07T17:25:00Z,24836.5,24864.5,24818.25,24831.25,6714
2025-11-07T17:30:00Z,24830.75,24859.75,24825.5,24843.75,4693
2025-11-07T17:35:00Z,24843.75,24856.5,24802.75,24822.5,5393
2025-11-07T17:40:00Z,24822.25,24829.0,24791.5,24810.0,5195
2025-11-07T17:45:00Z,24810.0,24826.5,24764.25,24772.5,5767
2025-11-07T17:50:00Z,24774.0,24805.25,24756.75,24802.5,6980
2025-11-07T17:55:00Z,24802.5,24846.5,24800.25,24841.25,5716
2025-11-07T18:00:00Z,24841.5,24859.25,24833.75,24843.0,5410
2025-11-07T18:05:00Z,24842.5,24868.25,24821.25,24855.25,4931
2025-11-07T18:10:00Z,24855.5,24876.75,24851.5,24874.5,4485
2025-11-07T18:15:00Z,24873.75,24881.75,24849.0,24875.5,4722
2025-11-07T18:20:00Z,24876.25,24902.75,24864.25,24901.75,5516
2025-11-07T18:25:00Z,24901.5,24921.0,24901.5,24918.5,5864
2025-11-07T18:30:00Z,24918.75,24934.75,24914.0,24917.0,4833
2025-11-07T18:35:00Z,24917.75,24948.25,24893.25,24946.5,5846
2025-11-07T18:40:00Z,24947.0,24953.5,24925.25,24929.75,4349
2025-11-07T18:45:00Z,24929.75,24940.75,24884.0,24887.75,5207
2025-11-07T18:50:00Z,24888.0,24888.25,24856.5,24883.0,5610
2025-11-07T18:55:00Z,24882.25,24943.0,24880.25,24922.5,6616
2025-11-07T19:00:00Z,24922.5,24950.0,24900.75,24932.5,4774
2025-11-07T19:05:00Z,24932.75,24951.75,24920.75,24937.75,3599
2025-11-07T19:10:00Z,24938.25,24953.25,24924.0,24948.5,3308
2025-11-07T19:15:00Z,24948.75,24956.75,24922.75,24926.75,3875
2025-11-07T19:20:00Z,24927.5,24964.0,24927.5,24959.0,3841
2025-11-07T19:25:00Z,24959.25,24959.25,24935.5,24951.25,2947
2025-11-07T19:30:00Z,24951.25,25006.5,24951.25,25003.75,6844
2025-11-07T19:35:00Z,25004.0,25045.75,24995.0,25035.75,8106
2025-11-07T19:40:00Z,25036.0,25104.0,25036.0,25093.75,9879
2025-11-07T19:45:00Z,25093.75,25095.25,25046.25,25073.5,7567
2025-11-07T19:50:00Z,25075.25,25099.75,25061.0,25098.25,5116
2025-11-07T19:55:00Z,25098.25,25116.75,25067.25,25114.5,4864
2025-11-07T20:00:00Z,25113.75,25127.75,25086.5,25103.75,6347
2025-11-07T20:05:00Z,25104.75,25111.0,25060.75,25108.0,9120
2025-11-07T20:10:00Z,25108.25,25122.75,25096.5,25106.0,3692
2025-11-07T20:15:00Z,25105.5,25110.5,25050.75,25072.75,4854
2025-11-07T20:20:00Z,25072.5,25076.75,25037.25,25043.5,5384
2025-11-07T20:25:00Z,25042.75,25079.0,25023.5,25055.75,6752
2025-11-07T20:30:00Z,25055.0,25098.0,25054.75,25079.5,5165
2025-11-07T20:35:00Z,25080.0,25106.25,25077.75,25103.5,3809
2025-11-07T20:40:00Z,25103.75,25136.5,25081.0,25131.25,6088
2025-11-07T20:45:00Z,25130.5,25132.0,25065.5,25067.0,5423
2025-11-07T20:50:00Z,25066.25,25126.75,25065.25,25105.5,7617
2025-11-07T20:55:00Z,25105.0,25173.0,25097.25,25164.5,16979
2025-11-07T21:00:00Z,25164.75,25204.5,25160.75,25192.5,9385
2025-11-07T21:05:00Z,25192.0,25206.5,25184.5,25191.75,2825
2025-11-07T21:10:00Z,25191.75,25201.5,25185.5,25198.5,1838
2025-11-07T21:15:00Z,25198.5,25220.0,25195.0,25205.5,1484
2025-11-07T21:20:00Z,25205.25,25215.5,25195.25,25209.75,951
2025-11-07T21:25:00Z,25208.75,25208.75,25196.75,25200.5,545
2025-11-07T21:30:00Z,25201.0,25215.5,25200.75,25215.25,656
2025-11-07T21:35:00Z,25215.0,25219.0,25212.75,25215.25,566
2025-11-07T21:40:00Z,25215.0,25216.0,25208.5,25210.0,490
2025-11-07T21:45:00Z,25210.25,25219.75,25209.0,25217.25,524
2025-11-07T21:50:00Z,25217.75,25221.5,25215.75,25221.5,530
2025-11-07T21:55:00Z,25221.5,25226.75,25166.25,25166.25,598
2025-11-09T23:10:00Z,25337.5,25346.25,25324.0,25346.0,748
2025-11-09T23:15:00Z,25344.75,25348.25,25166.25,25314.5,809
2025-11-09T23:20:00Z,25318.25,25325.75,25302.75,25312.0,737
2025-11-09T23:25:00Z,25313.5,25318.25,25300.25,25305.5,593
2025-11-09T23:30:00Z,25305.5,25327.0,25297.5,25323.5,856
2025-11-09T23:35:00Z,25325.0,25329.5,25315.75,25319.5,480
2025-11-09T23:40:00Z,25321.25,25328.75,25319.25,25322.0,348
2025-11-09T23:45:00Z,25321.25,25327.0,25315.5,25325.75,315
2025-11-09T23:50:00Z,25327.25,25344.0,25321.0,25343.75,610
2025-11-09T23:55:00Z,25343.75,25357.5,25335.0,25335.25,901
2025-11-10T00:00:00Z,25336.0,25337.0,25282.5,25295.0,1941
2025-11-10T00:05:00Z,25295.0,25313.5,25269.0,25313.5,1346
2025-11-10T00:10:00Z,25312.5,25324.0,25301.75,25312.0,853
2025-11-10T00:15:00Z,25312.5,25322.75,25302.5,25320.5,810
2025-11-10T00:20:00Z,25321.0,25335.75,25315.5,25324.5,1115
2025-11-10T00:25:00Z,25324.0,25327.25,25306.0,25316.0,736
2025-11-10T00:30:00Z,25315.25,25335.5,25308.25,25316.0,1071
2025-11-10T00:35:00Z,25315.5,25325.5,25310.5,25317.75,342
2025-11-10T00:40:00Z,25319.25,25326.75,25306.0,25316.0,395
2025-11-10T00:45:00Z,25315.5,25325.75,25301.25,25322.0,592
2025-11-10T00:50:00Z,25321.5,25332.0,25311.0,25330.0,502
2025-11-10T00:55:00Z,25331.25,25345.5,25325.0,25330.75,979
2025-11-10T01:00:00Z,25329.25,25374.0,25326.25,25362.75,2119
2025-11-10T01:05:00Z,25363.0,25373.25,25362.25,25367.75,709
2025-11-10T01:10:00Z,25367.75,25382.25,25367.0,25379.75,1031
2025-11-10T01:15:00Z,25380.0,25386.75,25371.75,25378.5,1202
2025-11-10T01:20:00Z,25378.5,25388.75,25372.5,25385.25,822
2025-11-10T01:25:00Z,25385.75,25404.25,25383.5,25386.75,1447
2025-11-10T01:30:00Z,25386.0,25386.5,25374.75,25379.0,894
2025-11-10T01:35:00Z,25378.0,25392.25,25375.5,25392.0,632
2025-11-10T01:40:00Z,25392.0,25393.75,25377.5,25378.75,706
2025-11-10T01:45:00Z,25378.25,25411.75,25377.25,25410.25,1102
2025-11-10T01:50:00Z,25410.5,25437.0,25409.25,25429.5,1912
2025-11-10T01:55:00Z,25430.5,25436.0,25425.5,25428.5,720
2025-11-10T02:00:00Z,25428.75,25432.75,25424.25,25427.25,543
2025-11-10T02:05:00Z,25427.5,25432.75,25409.0,25416.75,636
2025-11-10T02:10:00Z,25416.5,25428.5,25414.75,25421.0,385
2025-11-10T02:15:00Z,25421.0,25428.25,25417.25,25421.5,255
2025-11-10T02:20:00Z,25420.0,25429.25,25417.5,25424.0,292
2025-11-10T02:25:00Z,25424.0,25425.25,25419.5,25422.5,205
2025-11-10T02:30:00Z,25424.0,25435.0,25423.0,25428.0,463
2025-11-10T02:35:00Z,25427.5,25438.0,25426.25,25436.75,339
2025-11-10T02:40:00Z,25436.5,25442.75,25433.25,25434.5,586
2025-11-10T02:45:00Z,25436.25,25447.75,25436.25,25444.75,604
2025-11-10T02:50:00Z,25445.0,25449.0,25435.75,25437.75,494
2025-11-10T02:55:00Z,25437.0,25443.5,25431.75,25432.0,492
2025-11-10T03:00:00Z,25431.75,25462.0,25431.25,25452.75,1547
2025-11-10T03:05:00Z,25452.25,25458.25,25445.5,25453.25,446
2025-11-10T03:10:00Z,25452.25,25459.25,25449.75,25455.5,531
2025-11-10T03:15:00Z,25457.0,25474.0,25454.75,25466.75,898
2025-11-10T03:20:00Z,25467.75,25468.5,25459.75,25468.5,411
2025-11-10T03:25:00Z,25467.75,25481.5,25465.75,25479.25,735
2025-11-10T03:30:00Z,25479.0,25487.5,25477.25,25485.5,669
2025-11-10T03:35:00Z,25485.25,25489.0,25472.0,25473.0,743
2025-11-10T03:40:00Z,25473.25,25480.0,25466.75,25472.75,507
2025-11-10T03:45:00Z,25471.75,25472.75,25467.0,25467.75,269
2025-11-10T03:50:00Z,25468.0,25473.25,25464.0,25468.5,423
2025-11-10T03:55:00Z,25468.25,25470.5,25460.25,25461.0,344
2025-11-10T04:00:00Z,25460.75,25467.75,25459.5,25464.5,409
2025-11-10T04:05:00Z,25465.0,25480.0,25464.25,25477.0,559
2025-11-10T04:10:00Z,25477.5,25486.0,25468.75,25470.0,652
2025-11-10T04:15:00Z,25469.25,25470.0,25455.25,25467.25,782
2025-11-10T04:20:00Z,25467.5,25468.5,25461.0,25463.5,255
2025-11-10T04:25:00Z,25463.5,25467.75,25461.0,25467.0,214
2025-11-10T04:30:00Z,25466.75,25470.0,25455.5,25465.0,404
2025-11-10T04:35:00Z,25464.5,25469.0,25458.25,25465.75,276
2025-11-10T04:40:00Z,25466.25,25471.0,25459.5,25468.0,239
2025-11-10T04:45:00Z,25467.5,25473.25,25462.0,25473.25,307
2025-11-10T04:50:00Z,25472.25,25476.5,25458.5,25466.25,380
2025-11-10T04:55:00Z,25466.75,25471.75,25462.75,25470.75,149
2025-11-10T05:00:00Z,25466.75,25477.0,25466.75,25476.75,349
2025-11-10T05:05:00Z,25477.0,25481.5,25472.5,25481.25,373
2025-11-10T05:10:00Z,25481.75,25490.75,25477.25,25486.25,498
2025-11-10T05:15:00Z,25486.75,25493.75,25486.0,25491.5,375
2025-11-10T05:20:00Z,25491.75,25495.25,25487.0,25492.25,281
2025-11-10T05:25:00Z,25491.25,25496.75,25489.5,25492.0,295
2025-11-10T05:30:00Z,25491.0,25492.75,25474.0,25480.0,778
2025-11-10T05:35:00Z,25478.5,25480.25,25471.5,25474.75,256
2025-11-10T05:40:00Z,25474.75,25484.75,25472.25,25483.25,337
2025-11-10T05:45:00Z,25482.25,25486.0,25473.5,25473.75,288
2025-11-10T05:50:00Z,25474.5,25488.75,25473.0,25484.25,321
2025-11-10T05:55:00Z,25485.25,25487.25,25479.25,25483.75,212
2025-11-10T06:00:00Z,25483.25,25483.5,25472.75,25483.0,442
2025-11-10T06:05:00Z,25483.0,25489.75,25478.75,25481.5,300
2025-11-10T06:10:00Z,25479.0,25487.5,25478.5,25482.0,235
2025-11-10T06:15:00Z,25481.5,25491.5,25480.0,25486.75,322
2025-11-10T06:20:00Z,25485.0,25489.25,25482.25,25482.25,131
2025-11-10T06:25:00Z,25483.75,25485.5,25468.0,25473.5,476
2025-11-10T06:30:00Z,25473.25,25485.5,25470.0,25485.5,393
2025-11-10T06:35:00Z,25485.5,25489.5,25474.5,25481.5,449
2025-11-10T06:40:00Z,25480.25,25486.25,25478.0,25485.0,223
2025-11-10T06:45:00Z,25484.75,25500.0,25482.5,25499.0,488
2025-11-10T06:50:00Z,25499.5,25503.5,25483.0,25483.0,438
2025-11-10T06:55:00Z,25483.0,25483.5,25466.5,25470.5,432
2025-11-10T07:00:00Z,25469.5,25481.5,25463.25,25474.5,793
2025-11-10T07:05:00Z,25473.25,25483.75,25464.0,25474.0,490
2025-11-10T07:10:00Z,25474.5,25486.25,25469.0,25481.5,419
2025-11-10T07:15:00Z,25480.25,25482.5,25473.75,25475.75,265
2025-11-10T07:20:00Z,25475.25,25484.25,25472.25,25482.25,352
2025-11-10T07:25:00Z,25482.25,25486.0,25473.25,25478.75,297
2025-11-10T07:30:00Z,25479.75,25493.0,25477.0,25493.0,408
2025-11-10T07:35:00Z,25493.0,25495.25,25475.5,25476.75,471
2025-11-10T07:40:00Z,25477.25,25494.25,25476.5,25494.0,434
2025-11-10T07:45:00Z,25494.0,25499.5,25488.0,25498.5,330
2025-11-10T07:50:00Z,25497.75,25498.5,25484.5,25494.0,294
2025-11-10T07:55:00Z,25494.25,25497.75,25487.0,25489.5,239
2025-11-10T08:00:00Z,25490.0,25492.75,25481.25,25485.0,600
2025-11-10T08:05:00Z,25485.75,25490.75,25477.0,25478.25,529
2025-11-10T08:10:00Z,25477.0,25480.25,25458.5,25462.0,1051
2025-11-10T08:15:00Z,25462.25,25471.25,25457.0,25463.75,693
2025-11-10T08:20:00Z,25464.0,25482.0,25457.75,25482.0,901
2025-11-10T08:25:00Z,25481.75,25492.0,25481.5,25488.75,529
2025-11-10T08:30:00Z,25488.5,25514.5,25484.0,25509.0,964
2025-11-10T08:35:00Z,25509.25,25514.75,25501.25,25504.0,604
2025-11-10T08:40:00Z,25504.25,25515.25,25504.25,25513.5,468
2025-11-10T08:45:00Z,25512.75,25520.5,25508.25,25513.25,622
2025-11-10T08:50:00Z,25513.75,25522.25,25512.0,25513.75,366
2025-11-10T08:55:00Z,25514.5,25540.25,25513.25,25532.0,770
2025-11-10T09:00:00Z,25532.5,25536.0,25518.0,25532.75,1193
2025-11-10T09:05:00Z,25534.0,25543.0,25529.5,25533.25,670
2025-11-10T09:10:00Z,25532.75,25546.0,25527.75,25544.0,475
2025-11-10T09:15:00Z,25542.75,25566.0,25538.25,25560.75,1600
2025-11-10T09:20:00Z,25561.25,25569.5,25536.75,25545.5,1345
2025-11-10T09:25:00Z,25546.5,25550.0,25535.0,25540.25,560
2025-11-10T09:30:00Z,25539.5,25542.5,25531.0,25532.0,621
2025-11-10T09:35:00Z,25532.75,25541.5,25529.5,25541.25,529
2025-11-10T09:40:00Z,25541.5,25549.5,25538.75,25540.75,272
2025-11-10T09:45:00Z,25538.75,25553.5,25536.25,25552.75,394
2025-11-10T09:50:00Z,25553.75,25559.5,25552.0,25553.5,457
2025-11-10T09:55:00Z,25553.5,25556.75,25543.75,25553.0,309
2025-11-10T10:00:00Z,25554.5,25555.75,25539.0,25549.75,365
2025-11-10T10:05:00Z,25550.25,25552.5,25539.75,25540.75,353
2025-11-10T10:10:00Z,25541.0,25551.25,25538.75,25541.5,366
2025-11-10T10:15:00Z,25540.75,25550.5,25540.0,25547.0,271
2025-11-10T10:20:00Z,25546.75,25550.5,25538.0,25543.0,281
2025-11-10T10:25:00Z,25542.5,25543.25,25535.0,25538.0,297
2025-11-10T10:30:00Z,25538.5,25546.75,25537.5,25541.75,245
2025-11-10T10:35:00Z,25542.75,25556.5,25542.5,25553.25,483
2025-11-10T10:40:00Z,25552.75,25558.25,25547.75,25549.5,293
2025-11-10T10:45:00Z,25549.0,25552.5,25538.25,25539.25,313
2025-11-10T10:50:00Z,25540.25,25541.25,25530.0,25540.0,607
2025-11-10T10:55:00Z,25541.0,25541.0,25525.75,25529.0,403
2025-11-10T11:00:00Z,25530.25,25543.5,25527.25,25538.25,477
2025-11-10T11:05:00Z,25537.75,25539.5,25515.75,25516.25,726
2025-11-10T11:10:00Z,25516.25,25525.75,25514.25,25518.25,439
2025-11-10T11:15:00Z,25517.5,25523.75,25506.0,25508.0,465
2025-11-10T11:20:00Z,25508.5,25523.0,25506.5,25508.5,644
2025-11-10T11:25:00Z,25509.0,25518.0,25507.75,25511.25,334
2025-11-10T11:30:00Z,25510.75,25515.5,25506.0,25507.5,337
2025-11-10T11:35:00Z,25506.5,25522.5,25504.0,25520.5,924
2025-11-10T11:40:00Z,25520.5,25530.75,25519.5,25529.25,566
2025-11-10T11:45:00Z,25528.75,25536.0,25526.25,25529.75,524
2025-11-10T11:50:00Z,25531.0,25541.0,25524.5,25541.0,581
2025-11-10T11:55:00Z,25540.25,25546.5,25533.5,25545.75,461
2025-11-10T12:00:00Z,25546.25,25551.5,25534.75,25539.75,1077
2025-11-10T12:05:00Z,25541.75,25544.0,25514.5,25526.5,743
2025-11-10T12:10:00Z,25526.0,25532.0,25521.25,25524.5,440
2025-11-10T12:15:00Z,25524.25,25524.75,25514.0,25520.75,453
2025-11-10T12:20:00Z,25520.0,25528.75,25516.25,25524.0,657
2025-11-10T12:25:00Z,25523.75,25528.5,25513.0,25516.75,430
2025-11-10T12:30:00Z,25517.0,25523.75,25516.75,25518.5,354
2025-11-10T12:35:00Z,25519.75,25533.75,25519.25,25520.5,564
2025-11-10T12:40:00Z,25520.75,25533.25,25517.25,25531.75,590
2025-11-10T12:45:00Z,25532.5,25534.75,25520.0,25526.25,650
2025-11-10T12:50:00Z,25526.25,25547.0,25526.25,25542.25,658
2025-11-10T12:55:00Z,25543.25,25546.25,25536.25,25538.25,605
2025-11-10T13:00:00Z,25540.25,25546.25,25535.0,25535.0,569
2025-11-10T13:05:00Z,25535.5,25546.25,25530.5,25542.75,705
2025-11-10T13:10:00Z,25543.0,25543.75,25520.0,25526.5,912
2025-11-10T13:15:00Z,25526.75,25531.0,25520.75,25521.75,590
2025-11-10T13:20:00Z,25522.0,25540.0,25519.5,25535.25,1113
2025-11-10T13:25:00Z,25534.5,25551.25,25532.25,25548.0,1268
2025-11-10T13:30:00Z,25548.5,25557.75,25544.25,25551.75,1194
2025-11-10T13:35:00Z,25552.0,25558.5,25544.25,25548.0,802
2025-11-10T13:40:00Z,25548.5,25548.5,25534.75,25541.25,876
2025-11-10T13:45:00Z,25541.5,25541.5,25528.5,25530.75,1129
2025-11-10T13:50:00Z,25530.5,25550.25,25530.5,25542.25,1213
2025-11-10T13:55:00Z,25542.0,25559.0,25540.75,25556.0,1267
2025-11-10T14:00:00Z,25555.75,25556.75,25539.25,25540.0,1169
2025-11-10T14:05:00Z,25540.0,25544.5,25528.75,25540.0,1227
2025-11-10T14:10:00Z,25541.25,25547.5,25529.5,25532.0,967
2025-11-10T14:15:00Z,25531.75,25535.75,25521.5,25533.0,1755
2025-11-10T14:20:00Z,25533.0,25547.5,25533.0,25540.0,1607
2025-11-10T14:25:00Z,25541.75,25557.25,25526.25,25538.0,4370
2025-11-10T14:30:00Z,25538.75,25591.75,25525.25,25570.5,20322
2025-11-10T14:35:00Z,25570.0,25617.5,25570.0,25611.5,11925
2025-11-10T14:40:00Z,25611.25,25640.0,25609.25,25630.0,12271
2025-11-10T14:45:00Z,25629.25,25647.0,25611.25,25616.25,11606
2025-11-10T14:50:00Z,25616.75,25619.0,25588.5,25614.25,10276
2025-11-10T14:55:00Z,25614.0,25657.25,25606.75,25638.25,8814
2025-11-10T15:00:00Z,25637.25,25648.5,25620.5,25640.25,8602
2025-11-10T15:05:00Z,25640.0,25651.25,25630.25,25641.25,5809
2025-11-10T15:10:00Z,25641.25,25661.25,25619.75,25624.5,6866
2025-11-10T15:15:00Z,25625.5,25646.5,25611.25,25625.25,6561
2025-11-10T15:20:00Z,25625.0,25656.0,25619.75,25655.25,5568
2025-11-10T15:25:00Z,25654.5,25666.5,25639.0,25642.75,6987
2025-11-10T15:30:00Z,25643.0,25659.25,25636.25,25653.5,5971
2025-11-10T15:35:00Z,25653.0,25663.75,25626.5,25631.0,5837
2025-11-10T15:40:00Z,25631.5,25636.0,25614.25,25616.75,5048
2025-11-10T15:45:00Z,25616.0,25630.75,25596.75,25605.5,7298
2025-11-10T15:50:00Z,25605.75,25605.75,25539.5,25556.75,14407
2025-11-10T15:55:00Z,25557.0,25557.25,25516.5,25524.0,9395
2025-11-10T16:00:00Z,25523.75,25525.25,25493.0,25505.5,11945
2025-11-10T16:05:00Z,25505.75,25529.5,25471.0,25511.5,12310
2025-11-10T16:10:00Z,25511.75,25537.75,25500.25,25511.0,8418
2025-11-10T16:15:00Z,25511.0,25527.0,25494.25,25517.25,6143
2025-11-10T16:20:00Z,25517.0,25525.75,25477.0,25490.5,6981
2025-11-10T16:25:00Z,25491.0,25506.25,25482.0,25483.0,5805
2025-11-10T16:30:00Z,25483.25,25517.25,25482.75,25496.25,6346
2025-11-10T16:35:00Z,25496.25,25502.75,25475.75,25481.25,5283
2025-11-10T16:40:00Z,25482.0,25490.0,25452.5,25483.5,8089
2025-11-10T16:45:00Z,25483.5,25491.25,25461.75,25486.0,6048
2025-11-10T16:50:00Z,25485.5,25499.0,25464.0,25469.25,5277
2025-11-10T16:55:00Z,25469.0,25524.25,25465.75,25521.25,5685
2025-11-10T17:00:00Z,25521.25,25563.0,25511.25,25557.0,8105
2025-11-10T17:05:00Z,25556.75,25575.5,25543.0,25548.0,6185
2025-11-10T17:10:00Z,25547.75,25551.5,25515.75,25518.0,5621
2025-11-10T17:15:00Z,25518.25,25542.5,25507.5,25536.5,4821
2025-11-10T17:20:00Z,25537.0,25554.25,25527.75,25538.25,4303
2025-11-10T17:25:00Z,25538.25,25566.5,25537.75,25550.0,3783
2025-11-10T17:30:00Z,25550.75,25576.75,25550.75,25570.5,3781
2025-11-10T17:35:00Z,25570.5,25593.0,25567.75,25585.75,3605
2025-11-10T17:40:00Z,25586.5,25615.0,25584.25,25592.5,5768
2025-11-10T17:45:00Z,25592.25,25619.75,25592.25,25611.0,4044
2025-11-10T17:50:00Z,25611.25,25636.0,25610.75,25633.5,5118
2025-11-10T17:55:00Z,25633.25,25647.25,25628.75,25635.0,5182
2025-11-10T18:00:00Z,25635.5,25651.0,25633.0,25640.75,3998
2025-11-10T18:05:00Z,25640.75,25653.75,25638.0,25645.25,3729
2025-11-10T18:10:00Z,25645.25,25655.0,25643.5,25647.75,2490
2025-11-10T18:15:00Z,25647.75,25659.0,25644.0,25650.25,3214
2025-11-10T18:20:00Z,25650.0,25655.0,25638.75,25652.75,3181
2025-11-10T18:25:00Z,25652.5,25655.25,25628.75,25632.75,3259
2025-11-10T18:30:00Z,25632.75,25663.75,25632.75,25654.25,4817
2025-11-10T18:35:00Z,25654.0,25676.0,25653.75,25668.5,3770
2025-11-10T18:40:00Z,25668.25,25673.5,25659.5,25669.0,3085
2025-11-10T18:45:00Z,25669.25,25682.0,25665.75,25680.5,3193
2025-11-10T18:50:00Z,25680.25,25682.5,25667.75,25670.25,2315
2025-11-10T18:55:00Z,25669.75,25669.75,25645.0,25646.75,3912
2025-11-10T19:00:00Z,25647.25,25664.25,25642.5,25662.5,3432
2025-11-10T19:05:00Z,25662.5,25676.25,25660.0,25673.25,2716
2025-11-10T19:10:00Z,25673.0,25675.0,25651.0,25662.5,3865
2025-11-10T19:15:00Z,25662.5,25677.0,25657.0,25673.25,2707
2025-11-10T19:20:00Z,25673.5,25676.25,25668.0,25674.75,1757
2025-11-10T19:25:00Z,25674.0,25696.75,25673.75,25687.0,4914
2025-11-10T19:30:00Z,25687.0,25691.75,25679.0,25679.25,3092
2025-11-10T19:35:00Z,25678.75,25695.5,25677.0,25694.25,2476
2025-11-10T19:40:00Z,25694.0,25703.75,25688.0,25698.5,3396
2025-11-10T19:45:00Z,25698.5,25705.5,25694.0,25699.75,3206
2025-11-10T19:50:00Z,25700.0,25716.5,25696.0,25711.0,4303
2025-11-10T19:55:00Z,25710.5,25716.5,25698.75,25702.0,3997
2025-11-10T20:00:00Z,25702.25,25714.0,25700.75,25712.0,3727
2025-11-10T20:05:00Z,25712.0,25719.0,25704.75,25714.25,3349
2025-11-10T20:10:00Z,25714.25,25728.25,25712.75,25724.75,3820
2025-11-10T20:15:00Z,25724.75,25725.0,25702.0,25712.75,4897
2025-11-10T20:20:00Z,25713.25,25715.25,25696.75,25708.25,3819
2025-11-10T20:25:00Z,25707.25,25721.25,25705.5,25710.0,3810
2025-11-10T20:30:00Z,25710.0,25714.75,25698.0,25708.25,4252
2025-11-10T20:35:00Z,25708.5,25737.0,25703.75,25731.25,5692
2025-11-10T20:40:00Z,25731.0,25737.5,25721.25,25735.75,4140
2025-11-10T20:45:00Z,25735.25,25757.25,25728.25,25755.75,6113
2025-11-10T20:50:00Z,25755.0,25760.5,25730.5,25748.5,9843
2025-11-10T20:55:00Z,25748.0,25750.25,25709.25,25712.5,22361
2025-11-10T21:00:00Z,25714.0,25735.25,25707.0,25732.0,8704
2025-11-10T21:05:00Z,25731.75,25743.0,25730.5,25740.5,3069
2025-11-10T21:10:00Z,25740.25,25740.25,25727.25,25734.75,1809
2025-11-10T21:15:00Z,25734.5,25746.25,25732.75,25734.25,933
2025-11-10T21:20:00Z,25734.0,25742.5,25732.75,25736.75,802
2025-11-10T21:25:00Z,25736.75,25740.25,25729.25,25729.75,555
2025-11-10T21:30:00Z,25730.0,25732.0,25721.5,25725.25,490
2025-11-10T21:35:00Z,25725.75,25731.0,25724.75,25730.25,442
2025-11-10T21:40:00Z,25730.0,25740.0,25728.5,25735.0,551
2025-11-10T21:45:00Z,25734.75,25737.75,25729.0,25733.25,397
2025-11-10T21:50:00Z,25733.5,25733.5,25715.75,25721.5,560
2025-11-10T21:55:00Z,25721.75,25722.5,25718.0,25720.75,458
2025-11-10T23:00:00Z,25722.25,25736.25,25709.75,25710.0,0
2025-11-10T23:05:00Z,25710.25,25711.0,25701.0,25708.5,485
2025-11-10T23:10:00Z,25709.25,25717.25,25709.0,25715.75,353
2025-11-10T23:15:00Z,25715.75,25729.0,25708.5,25710.0,566
2025-11-10T23:20:00Z,25710.0,25725.0,25705.25,25723.5,377
2025-11-10T23:25:00Z,25722.0,25728.25,25716.0,25721.75,279
2025-11-10T23:30:00Z,25723.75,25725.5,25710.5,25712.75,293
2025-11-10T23:35:00Z,25713.5,25715.5,25706.5,25710.75,264
2025-11-10T23:40:00Z,25709.75,25722.75,25708.0,25712.0,391
2025-11-10T23:45:00Z,25711.75,25742.75,25711.75,25738.0,714
2025-11-10T23:50:00Z,25737.75,25742.0,25733.5,25735.0,222
2025-11-10T23:55:00Z,25734.0,25746.0,25727.75,25742.0,429
2025-11-11T00:00:00Z,25741.75,25768.75,25737.0,25768.0,1282
2025-11-11T00:05:00Z,25767.5,25767.75,25740.25,25745.0,958
2025-11-11T00:10:00Z,25744.5,25750.25,25730.0,25746.5,857
2025-11-11T00:15:00Z,25748.0,25748.75,25732.0,25733.0,506
2025-11-11T00:20:00Z,25733.0,25744.5,25729.25,25742.0,340
2025-11-11T00:25:00Z,25742.0,25749.0,25737.25,25749.0,322
2025-11-11T00:30:00Z,25748.5,25749.25,25733.75,25745.25,356
2025-11-11T00:35:00Z,25746.25,25755.25,25746.25,25750.5,348
2025-11-11T00:40:00Z,25751.25,25753.0,25742.0,25743.75,250
2025-11-11T00:45:00Z,25742.75,25745.75,25731.25,25732.5,427
2025-11-11T00:50:00Z,25733.0,25742.0,25730.0,25733.5,266
2025-11-11T00:55:00Z,25733.0,25745.25,25733.0,25739.0,384
2025-11-11T01:00:00Z,25740.75,25748.75,25736.25,25740.25,427
2025-11-11T01:05:00Z,25740.25,25755.5,25740.25,25750.25,643
2025-11-11T01:10:00Z,25751.0,25751.5,25741.25,25750.5,235
2025-11-11T01:15:00Z,25750.25,25766.75,25746.5,25765.0,540
2025-11-11T01:20:00Z,25764.25,25768.25,25754.25,25756.25,444
2025-11-11T01:25:00Z,25756.75,25765.5,25755.5,25760.5,275
2025-11-11T01:30:00Z,25760.5,25763.5,25756.5,25760.75,179
2025-11-11T01:35:00Z,25761.0,25761.25,25735.0,25746.0,662
2025-11-11T01:40:00Z,25745.0,25749.0,25733.5,25746.5,588
2025-11-11T01:45:00Z,25745.0,25750.0,25737.0,25744.75,370
2025-11-11T01:50:00Z,25744.75,25749.5,25741.25,25744.0,212
2025-11-11T01:55:00Z,25746.0,25749.75,25740.5,25743.5,204
2025-11-11T02:00:00Z,25743.25,25743.75,25721.0,25728.5,702
2025-11-11T02:05:00Z,25729.75,25740.75,25720.25,25740.0,656
2025-11-11T02:10:00Z,25740.0,25751.75,25733.25,25733.25,711
2025-11-11T02:15:00Z,25733.75,25743.75,25731.75,25740.5,302
2025-11-11T02:20:00Z,25740.5,25745.0,25727.0,25728.0,297
2025-11-11T02:25:00Z,25727.0,25733.25,25724.0,25731.0,373
2025-11-11T02:30:00Z,25732.5,25742.5,25723.0,25742.0,362
2025-11-11T02:35:00Z,25742.5,25750.75,25739.5,25748.75,410
2025-11-11T02:40:00Z,25749.75,25754.5,25740.25,25742.75,279
2025-11-11T02:45:00Z,25742.75,25748.0,25740.0,25742.5,145
2025-11-11T02:50:00Z,25741.5,25747.5,25741.5,25742.5,120
2025-11-11T02:55:00Z,25742.75,25743.75,25728.0,25736.0,321
2025-11-11T03:00:00Z,25736.0,25743.5,25723.25,25727.5,385
2025-11-11T03:05:00Z,25727.75,25744.5,25727.25,25737.5,297
2025-11-11T03:10:00Z,25738.5,25745.75,25728.75,25735.25,223
2025-11-11T03:15:00Z,25733.0,25738.25,25730.0,25733.25,140
2025-11-11T03:20:00Z,25733.25,25734.0,25727.25,25730.0,160
2025-11-11T03:25:00Z,25729.25,25732.25,25724.75,25726.0,169
2025-11-11T03:30:00Z,25726.5,25732.5,25724.75,25730.75,134
2025-11-11T03:35:00Z,25729.0,25729.0,25717.25,25726.0,461
2025-11-11T03:40:00Z,25725.5,25731.25,25722.0,25727.5,198
2025-11-11T03:45:00Z,25727.0,25730.0,25723.0,25725.5,137
2025-11-11T03:50:00Z,25727.0,25731.75,25725.5,25729.75,121
2025-11-11T03:55:00Z,25730.0,25742.25,25729.75,25737.25,245
2025-11-11T04:00:00Z,25736.75,25740.75,25730.25,25730.25,210
2025-11-11T04:05:00Z,25730.75,25731.0,25718.25,25727.75,345
2025-11-11T04:10:00Z,25726.25,25726.75,25712.75,25721.0,408
2025-11-11T04:15:00Z,25721.0,25725.0,25714.0,25714.0,251
2025-11-11T04:20:00Z,25714.75,25721.75,25710.0,25715.75,328
2025-11-11T04:25:00Z,25716.0,25716.75,25708.75,25715.0,232
2025-11-11T04:30:00Z,25714.5,25725.0,25713.0,25724.5,300
2025-11-11T04:35:00Z,25723.75,25725.0,25708.25,25714.0,280
2025-11-11T04:40:00Z,25713.75,25721.5,25712.5,25716.0,242
2025-11-11T04:45:00Z,25716.0,25716.5,25712.0,25712.0,109
2025-11-11T04:50:00Z,25711.75,25711.75,25691.5,25693.0,755
2025-11-11T04:55:00Z,25692.25,25702.25,25683.0,25683.5,634
2025-11-11T05:05:00Z,25671.0,25672.25,25665.25,25672.25,1645
2025-11-11T05:10:00Z,25671.25,25681.0,25664.25,25665.5,824
2025-11-11T05:15:00Z,25665.5,25672.5,25659.25,25664.0,668
2025-11-11T05:20:00Z,25662.0,25669.0,25656.25,25665.0,574
2025-11-11T05:25:00Z,25664.75,25682.75,25660.0,25681.0,629
2025-11-11T05:30:00Z,25681.75,25682.5,25662.75,25662.75,420
2025-11-11T05:35:00Z,25663.25,25674.5,25655.25,25672.0,671
2025-11-11T05:40:00Z,25671.5,25676.75,25658.5,25659.5,400
2025-11-11T05:45:00Z,25660.0,25674.25,25658.0,25674.25,310
2025-11-11T05:50:00Z,25673.25,25675.0,25659.5,25661.0,317
2025-11-11T05:55:00Z,25660.75,25661.75,25652.75,25654.0,341
2025-11-11T06:00:00Z,25653.0,25660.0,25652.0,25657.5,404
2025-11-11T06:05:00Z,25656.75,25670.0,25653.25,25664.5,355
2025-11-11T06:10:00Z,25665.75,25690.75,25665.75,25683.75,602
2025-11-11T06:15:00Z,25683.25,25694.0,25682.0,25685.75,380
2025-11-11T06:20:00Z,25686.0,25695.0,25686.0,25691.5,304
2025-11-11T06:25:00Z,25692.25,25695.0,25683.0,25687.5,244
2025-11-11T06:30:00Z,25687.75,25705.0,25687.75,25699.25,505
2025-11-11T06:35:00Z,25700.0,25701.25,25691.0,25697.0,385
2025-11-11T06:40:00Z,25698.25,25704.25,25693.75,25695.25,264
2025-11-11T06:45:00Z,25693.75,25695.75,25679.5,25687.75,428
2025-11-11T06:50:00Z,25686.5,25689.75,25677.0,25688.0,389
2025-11-11T06:55:00Z,25687.25,25691.25,25683.25,25683.75,231
2025-11-11T07:00:00Z,25684.75,25690.25,25677.25,25680.5,362
2025-11-11T07:05:00Z,25680.75,25681.0,25661.5,25664.5,540
2025-11-11T07:10:00Z,25664.5,25678.75,25663.5,25675.5,494
2025-11-11T07:15:00Z,25675.5,25680.0,25657.75,25671.75,616
2025-11-11T07:20:00Z,25671.75,25675.0,25662.0,25670.0,418
2025-11-11T07:25:00Z,25669.75,25669.75,25652.75,25661.0,443
2025-11-11T07:30:00Z,25660.5,25677.0,25660.0,25675.5,383
2025-11-11T07:35:00Z,25675.0,25675.0,25656.5,25657.0,548
2025-11-11T07:40:00Z,25657.0,25676.0,25655.5,25670.75,646
2025-11-11T07:45:00Z,25671.0,25671.5,25653.5,25656.25,497
2025-11-11T07:50:00Z,25655.5,25659.25,25646.0,25648.5,658
2025-11-11T07:55:00Z,25647.0,25656.75,25647.0,25652.0,280
2025-11-11T08:00:00Z,25653.25,25671.25,25650.25,25668.25,794
2025-11-11T08:05:00Z,25668.5,25673.5,25658.0,25667.75,413
2025-11-11T08:10:00Z,25670.25,25676.5,25659.25,25665.75,392
2025-11-11T08:15:00Z,25668.0,25682.75,25667.75,25673.0,547
2025-11-11T08:20:00Z,25673.25,25678.0,25647.0,25648.0,591
2025-11-11T08:25:00Z,25647.75,25652.0,25635.5,25641.75,959
2025-11-11T08:30:00Z,25641.0,25648.5,25636.25,25645.0,484
2025-11-11T08:35:00Z,25643.75,25649.5,25636.0,25640.0,523
2025-11-11T08:40:00Z,25640.25,25644.0,25631.25,25635.25,539
2025-11-11T08:45:00Z,25634.75,25649.5,25630.25,25646.0,488
2025-11-11T08:50:00Z,25646.0,25646.0,25633.75,25637.75,249
2025-11-11T08:55:00Z,25636.25,25645.25,25631.75,25632.75,319
2025-11-11T09:00:00Z,25635.75,25647.75,25623.5,25647.5,1012
2025-11-11T09:05:00Z,25648.5,25654.75,25642.75,25651.5,692
2025-11-11T09:10:00Z,25652.5,25652.75,25631.25,25638.5,523
2025-11-11T09:15:00Z,25640.75,25644.75,25628.25,25633.0,493
2025-11-11T09:20:00Z,25631.75,25637.75,25626.0,25629.25,464
2025-11-11T09:25:00Z,25628.0,25636.75,25626.0,25634.75,582
2025-11-11T09:30:00Z,25635.0,25641.5,25621.0,25623.75,708
2025-11-11T09:35:00Z,25623.25,25625.0,25610.25,25610.75,718
2025-11-11T09:40:00Z,25611.25,25615.25,25602.75,25611.0,720
2025-11-11T09:45:00Z,25611.75,25629.0,25608.5,25626.25,658
2025-11-11T09:50:00Z,25626.25,25628.0,25596.75,25609.75,1124
2025-11-11T09:55:00Z,25609.75,25611.5,25599.5,25602.25,477
2025-11-11T10:00:00Z,25602.25,25605.5,25596.25,25600.75,439
2025-11-11T10:05:00Z,25601.5,25612.0,25600.0,25604.75,453
2025-11-11T10:10:00Z,25604.5,25614.75,25602.75,25613.0,331
2025-11-11T10:15:00Z,25612.0,25620.75,25607.25,25619.25,393
2025-11-11T10:20:00Z,25619.25,25627.25,25617.0,25623.0,525
2025-11-11T10:25:00Z,25623.0,25630.0,25619.5,25630.0,385
2025-11-11T10:30:00Z,25629.75,25632.75,25613.5,25615.25,501
2025-11-11T10:35:00Z,25615.5,25629.25,25613.5,25623.25,404
2025-11-11T10:40:00Z,25623.0,25623.75,25612.0,25615.0,290
2025-11-11T10:45:00Z,25616.0,25621.5,25611.25,25611.5,229
2025-11-11T10:50:00Z,25613.25,25621.5,25612.25,25618.25,220
2025-11-11T10:55:00Z,25617.5,25621.75,25611.25,25620.75,212
2025-11-11T11:00:00Z,25621.25,25634.0,25616.75,25632.75,494
2025-11-11T11:05:00Z,25633.0,25638.25,25628.0,25634.0,529
2025-11-11T11:10:00Z,25634.5,25647.75,25627.25,25643.0,499
2025-11-11T11:15:00Z,25642.5,25642.5,25626.25,25629.0,891
2025-11-11T11:20:00Z,25629.25,25633.75,25623.0,25628.0,361
2025-11-11T11:25:00Z,25627.25,25631.5,25619.5,25629.75,497
2025-11-11T11:30:00Z,25630.0,25630.0,25614.0,25615.75,431
2025-11-11T11:35:00Z,25616.25,25622.5,25612.25,25621.5,364
2025-11-11T11:40:00Z,25621.5,25622.75,25614.75,25621.25,231
2025-11-11T11:45:00Z,25621.75,25623.75,25611.5,25611.75,394
2025-11-11T11:50:00Z,25612.0,25618.25,25608.5,25612.75,333
2025-11-11T11:55:00Z,25613.0,25625.25,25613.0,25623.0,420
2025-11-11T12:00:00Z,25623.25,25637.0,25615.25,25630.25,626
2025-11-11T12:05:00Z,25629.75,25633.75,25621.25,25630.5,352
2025-11-11T12:10:00Z,25631.25,25635.5,25627.5,25633.5,256
2025-11-11T12:15:00Z,25633.75,25639.75,25619.25,25624.5,577
2025-11-11T12:20:00Z,25623.25,25631.5,25617.0,25624.0,366
2025-11-11T12:25:00Z,25624.0,25629.5,25617.75,25620.25,214
2025-11-11T12:30:00Z,25619.75,25626.25,25617.25,25618.25,311
2025-11-11T12:35:00Z,25617.75,25618.0,25584.75,25587.25,1569
2025-11-11T12:40:00Z,25587.0,25599.5,25582.25,25594.75,1211
2025-11-11T12:45:00Z,25594.0,25604.75,25585.5,25586.25,786
2025-11-11T12:50:00Z,25585.75,25601.75,25583.75,25596.0,459
2025-11-11T12:55:00Z,25595.0,25596.75,25588.0,25591.0,392
2025-11-11T13:00:00Z,25591.5,25604.25,25590.0,25601.25,597
2025-11-11T13:05:00Z,25601.25,25619.75,25592.0,25619.25,1033
2025-11-11T13:10:00Z,25619.5,25627.25,25614.5,25624.0,876
2025-11-11T13:15:00Z,25624.0,25624.0,25609.75,25612.75,1006
2025-11-11T13:20:00Z,25612.25,25616.5,25588.0,25590.0,1238
2025-11-11T13:25:00Z,25589.75,25592.0,25571.75,25581.5,2089
2025-11-11T13:30:00Z,25581.5,25609.0,25580.5,25606.5,1434
2025-11-11T13:35:00Z,25607.5,25613.25,25597.0,25607.25,1392
2025-11-11T13:40:00Z,25607.0,25607.0,25589.75,25593.5,1258
2025-11-11T13:45:00Z,25592.75,25606.5,25591.25,25596.5,759
2025-11-11T13:50:00Z,25596.25,25600.25,25587.25,25588.0,611
2025-11-11T13:55:00Z,25589.0,25598.0,25584.25,25597.0,983
2025-11-11T14:00:00Z,25596.75,25610.0,25589.5,25593.75,2143
2025-11-11T14:05:00Z,25593.0,25601.0,25583.75,25598.75,887
2025-11-11T14:10:00Z,25598.5,25608.0,25591.25,25605.5,778
2025-11-11T14:15:00Z,25604.75,25621.25,25600.5,25618.75,1301
2025-11-11T14:20:00Z,25618.5,25626.75,25615.75,25618.0,1134
2025-11-11T14:25:00Z,25618.5,25618.75,25595.0,25604.75,3607
2025-11-11T14:30:00Z,25605.0,25635.0,25595.75,25617.25,13631
2025-11-11T14:35:00Z,25617.25,25646.0,25605.5,25620.25,10202
2025-11-11T14:40:00Z,25619.75,25624.75,25588.5,25609.75,8914
2025-11-11T14:45:00Z,25609.5,25625.0,25578.0,25583.0,7109
2025-11-11T14:50:00Z,25583.25,25587.25,25560.25,25575.0,9881
2025-11-11T14:55:00Z,25575.25,25633.5,25562.0,25627.0,10133
2025-11-11T15:00:00Z,25626.75,25628.0,25594.5,25597.25,7578
2025-11-11T15:05:00Z,25596.75,25606.0,25544.75,25580.75,11670
2025-11-11T15:10:00Z,25581.25,25597.5,25558.0,25571.25,7119
2025-11-11T15:15:00Z,25571.0,25571.0,25536.0,25542.0,7552
2025-11-11T15:20:00Z,25541.0,25572.5,25532.75,25563.5,6411
2025-11-11T15:25:00Z,25563.5,25579.75,25533.0,25546.5,7291
2025-11-11T15:30:00Z,25546.5,25553.0,25506.25,25516.25,8934
2025-11-11T15:35:00Z,25516.0,25525.0,25500.25,25523.0,7677
2025-11-11T15:40:00Z,25522.75,25551.25,25512.5,25539.0,7258
2025-11-11T15:45:00Z,25538.25,25547.5,25503.5,25521.0,5941
2025-11-11T15:50:00Z,25520.75,25520.75,25491.25,25500.75,5720
2025-11-11T15:55:00Z,25500.5,25520.0,25486.5,25513.0,6083
2025-11-11T16:00:00Z,25513.0,25541.25,25509.25,25518.0,8086
2025-11-11T16:05:00Z,25518.25,25534.25,25507.0,25509.75,5735
2025-11-11T16:10:00Z,25509.5,25541.75,25508.75,25520.25,5145
2025-11-11T16:15:00Z,25519.5,25560.0,25514.25,25558.5,5942
2025-11-11T16:20:00Z,25558.75,25591.5,25548.75,25582.25,8558
2025-11-11T16:25:00Z,25582.75,25585.75,25508.0,25511.5,9245
2025-11-11T16:30:00Z,25511.5,25525.75,25478.5,25520.5,9948
2025-11-11T16:35:00Z,25520.25,25537.0,25508.25,25515.0,5004
2025-11-11T16:40:00Z,25516.25,25535.25,25501.5,25516.75,5132
2025-11-11T16:45:00Z,25517.25,25535.25,25510.25,25530.25,3866
2025-11-11T16:50:00Z,25530.5,25538.75,25508.0,25532.0,4113
2025-11-11T16:55:00Z,25532.0,25539.0,25503.75,25510.25,3726
2025-11-11T17:00:00Z,25510.25,25537.75,25506.75,25537.5,4133
2025-11-11T17:05:00Z,25537.75,25575.25,25537.5,25558.5,6936
2025-11-11T17:10:00Z,25559.0,25566.5,25542.0,25562.75,3835
2025-11-11T17:15:00Z,25562.25,25584.25,25561.5,25582.25,5161
2025-11-11T17:20:00Z,25582.25,25598.75,25573.75,25583.5,4228
2025-11-11T17:25:00Z,25583.75,25584.75,25548.75,25564.25,5269
2025-11-11T17:30:00Z,25564.0,25576.25,25562.75,25571.25,3044
2025-11-11T17:35:00Z,25571.75,25580.5,25561.5,25568.5,2371
2025-11-11T17:40:00Z,25568.25,25586.0,25562.5,25584.25,2214
2025-11-11T17:45:00Z,25584.5,25597.0,25574.25,25592.0,3275
2025-11-11T17:50:00Z,25592.0,25624.75,25586.75,25612.0,6655
2025-11-11T17:55:00Z,25611.75,25631.25,25611.5,25618.0,4302
2025-11-11T18:00:00Z,25617.5,25640.5,25609.75,25628.0,5266
2025-11-11T18:05:00Z,25627.5,25642.5,25622.75,25624.0,2945
2025-11-11T18:10:00Z,25624.75,25640.0,25624.0,25630.25,2234
2025-11-11T18:15:00Z,25630.75,25658.0,25623.75,25657.5,4484
2025-11-11T18:20:00Z,25657.0,25671.75,25636.0,25646.5,5617
2025-11-11T18:25:00Z,25646.5,25652.0,25624.25,25642.75,4944
2025-11-11T18:30:00Z,25643.0,25655.5,25630.5,25636.5,3413
2025-11-11T18:35:00Z,25636.75,25638.25,25607.25,25629.0,5576
2025-11-11T18:40:00Z,25630.5,25661.0,25628.5,25653.75,5439
2025-11-11T18:45:00Z,25653.5,25672.75,25652.5,25668.5,4120
2025-11-11T18:50:00Z,25669.0,25683.5,25660.0,25675.75,4898
2025-11-11T18:55:00Z,25674.75,25696.25,25673.0,25690.5,3869
2025-11-11T19:00:00Z,25690.5,25691.25,25652.5,25673.0,4496
2025-11-11T19:05:00Z,25673.0,25678.0,25637.75,25646.25,3506
2025-11-11T19:10:00Z,25646.5,25671.5,25642.5,25665.25,3509
2025-11-11T19:15:00Z,25665.5,25681.0,25653.5,25658.0,3322
2025-11-11T19:20:00Z,25658.0,25666.0,25650.5,25662.75,2341
2025-11-11T19:25:00Z,25662.75,25671.75,25656.75,25663.25,2301
2025-11-11T19:30:00Z,25662.75,25675.25,25661.25,25662.0,2492
2025-11-11T19:35:00Z,25661.75,25669.0,25652.75,25659.25,3109
2025-11-11T19:40:00Z,25659.0,25665.0,25651.0,25653.5,2109
2025-11-11T19:45:00Z,25654.0,25676.25,25645.5,25668.25,3400
2025-11-11T19:50:00Z,25667.75,25672.5,25661.25,25670.5,1512
2025-11-11T19:55:00Z,25670.5,25679.25,25656.5,25663.25,2525
2025-11-11T20:00:00Z,25663.75,25673.0,25661.5,25671.5,1668
2025-11-11T20:05:00Z,25672.0,25678.25,25665.0,25665.25,2095
2025-11-11T20:10:00Z,25665.5,25682.25,25663.5,25675.5,1944
2025-11-11T20:15:00Z,25675.5,25677.75,25660.25,25664.5,2166
2025-11-11T20:20:00Z,25664.75,25669.25,25648.0,25659.25,3174
2025-11-11T20:25:00Z,25659.75,25669.0,25651.75,25659.25,3412
2025-11-11T20:30:00Z,25659.0,25669.25,25642.75,25660.0,4112
2025-11-11T20:35:00Z,25659.5,25662.5,25649.75,25652.5,2139
2025-11-11T20:40:00Z,25651.75,25664.0,25645.75,25662.0,2939
2025-11-11T20:45:00Z,25662.5,25664.75,25651.25,25655.0,2635
2025-11-11T20:50:00Z,25654.5,25688.5,25650.25,25668.75,7319
2025-11-11T20:55:00Z,25668.5,25669.0,25619.75,25646.5,14149
2025-11-11T21:00:00Z,25647.0,25658.25,25626.75,25648.5,5835
2025-11-11T21:05:00Z,25648.5,25666.0,25646.5,25663.75,2008
2025-11-11T21:10:00Z,25663.75,25677.5,25661.75,25676.0,2037
2025-11-11T21:15:00Z,25676.0,25687.5,25670.25,25673.5,1603
2025-11-11T21:20:00Z,25673.25,25681.0,25664.5,25665.75,800
2025-11-11T21:25:00Z,25665.5,25670.25,25657.25,25666.25,748
2025-11-11T21:30:00Z,25666.0,25669.0,25663.0,25666.25,237
2025-11-11T21:35:00Z,25666.25,25666.5,25660.0,25660.5,294
2025-11-11T21:40:00Z,25660.5,25672.75,25659.75,25671.0,502
2025-11-11T21:45:00Z,25670.25,25671.75,25665.0,25665.25,295
2025-11-11T21:50:00Z,25664.5,25668.75,25663.5,25667.75,287
2025-11-11T21:55:00Z,25667.25,25667.75,25658.0,25659.0,508
2025-11-11T23:00:00Z,25668.0,25673.5,25656.25,25663.25,0
2025-11-11T23:05:00Z,25662.75,25663.75,25650.0,25652.5,450
2025-11-11T23:10:00Z,25652.75,25652.75,25629.5,25643.0,715
2025-11-11T23:15:00Z,25642.75,25652.0,25637.5,25647.75,377
2025-11-11T23:20:00Z,25647.5,25668.25,25647.5,25663.25,527
2025-11-11T23:25:00Z,25662.25,25665.75,25655.75,25659.75,242
2025-11-11T23:30:00Z,25661.0,25662.75,25650.25,25657.75,295
2025-11-11T23:35:00Z,25658.5,25664.5,25656.0,25660.75,230
2025-11-11T23:40:00Z,25661.75,25672.0,25659.75,25667.75,213
2025-11-11T23:45:00Z,25668.0,25670.5,25663.5,25666.5,172
2025-11-11T23:50:00Z,25665.5,25668.0,25660.25,25663.0,138
2025-11-11T23:55:00Z,25662.5,25668.75,25649.5,25650.25,335
2025-11-12T00:00:00Z,25650.5,25675.0,25649.25,25669.25,583
2025-11-12T00:05:00Z,25670.0,25670.0,25650.0,25661.25,493
2025-11-12T00:10:00Z,25660.0,25665.5,25654.25,25657.75,183
2025-11-12T00:15:00Z,25657.0,25670.25,25650.5,25664.75,463
2025-11-12T00:20:00Z,25665.5,25674.5,25659.75,25673.5,300
2025-11-12T00:25:00Z,25673.25,25685.0,25673.25,25679.75,670
2025-11-12T00:30:00Z,25680.5,25683.75,25673.25,25682.75,316
2025-11-12T00:35:00Z,25682.25,25686.5,25676.75,25682.0,346
2025-11-12T00:40:00Z,25682.25,25685.0,25677.75,25683.0,212
2025-11-12T00:45:00Z,25684.0,25692.5,25680.25,25691.0,508
2025-11-12T00:50:00Z,25690.0,25699.5,25678.5,25679.5,1025
2025-11-12T00:55:00Z,25679.25,25687.75,25676.25,25684.5,500
2025-11-12T01:00:00Z,25685.5,25694.0,25679.0,25690.0,430
2025-11-12T01:05:00Z,25689.5,25712.75,25689.5,25703.5,1509
2025-11-12T01:10:00Z,25704.5,25715.75,25702.0,25715.0,1014
2025-11-12T01:15:00Z,25715.0,25721.0,25710.0,25714.0,849
2025-11-12T01:20:00Z,25713.25,25719.5,25705.75,25707.75,674
2025-11-12T01:25:00Z,25706.75,25717.0,25702.25,25704.5,538
2025-11-12T01:30:00Z,25704.25,25714.5,25700.25,25708.75,495
2025-11-12T01:35:00Z,25708.75,25715.5,25705.0,25705.75,441
2025-11-12T01:40:00Z,25707.0,25722.5,25707.0,25718.5,424
2025-11-12T01:45:00Z,25719.25,25722.0,25715.0,25717.0,252
2025-11-12T01:50:00Z,25716.0,25731.25,25716.0,25728.25,543
2025-11-12T01:55:00Z,25729.25,25738.5,25728.0,25731.0,605
2025-11-12T02:00:00Z,25731.0,25735.75,25728.5,25735.75,460
2025-11-12T02:05:00Z,25735.75,25747.0,25735.25,25746.25,686
2025-11-12T02:10:00Z,25746.5,25758.0,25746.25,25753.0,1273
2025-11-12T02:15:00Z,25753.5,25761.5,25750.75,25751.75,844
2025-11-12T02:20:00Z,25752.5,25759.25,25749.0,25759.25,382
2025-11-12T02:25:00Z,25759.5,25759.75,25750.25,25757.25,321
2025-11-12T02:30:00Z,25756.25,25756.75,25737.0,25747.0,850
2025-11-12T02:35:00Z,25746.75,25749.0,25743.25,25745.25,248
2025-11-12T02:40:00Z,25746.25,25747.25,25735.0,25744.25,437
2025-11-12T02:45:00Z,25744.0,25744.25,25711.25,25718.0,1065
2025-11-12T02:50:00Z,25717.75,25728.0,25708.5,25727.5,692
2025-11-12T02:55:00Z,25728.0,25730.0,25720.0,25725.0,304
2025-11-12T03:00:00Z,25725.5,25727.0,25718.0,25724.75,339
2025-11-12T03:05:00Z,25723.75,25724.25,25710.75,25719.75,411
2025-11-12T03:10:00Z,25719.0,25720.0,25713.5,25717.0,239
2025-11-12T03:15:00Z,25717.0,25718.5,25710.75,25713.75,237
2025-11-12T03:20:00Z,25713.0,25723.5,25712.5,25721.75,281
2025-11-12T03:25:00Z,25722.25,25723.75,25709.5,25716.0,253
2025-11-12T03:30:00Z,25714.75,25724.25,25710.75,25720.25,272
2025-11-12T03:35:00Z,25720.0,25730.0,25719.25,25724.0,309
2025-11-12T03:40:00Z,25723.75,25730.25,25723.0,25729.0,199
2025-11-12T03:45:00Z,25727.5,25731.0,25725.25,25728.0,194
2025-11-12T03:50:00Z,25727.75,25734.5,25726.0,25732.75,250
2025-11-12T03:55:00Z,25733.0,25733.75,25727.75,25729.0,149
2025-11-12T04:00:00Z,25728.5,25732.0,25719.25,25720.25,241
2025-11-12T04:05:00Z,25720.5,25724.5,25710.0,25724.5,395
2025-11-12T04:10:00Z,25722.75,25726.25,25714.5,25718.0,218
2025-11-12T04:15:00Z,25717.75,25718.25,25705.5,25710.75,359
2025-11-12T04:20:00Z,25711.0,25719.25,25705.25,25707.25,397
2025-11-12T04:25:00Z,25707.75,25709.5,25702.5,25709.0,306
2025-11-12T04:30:00Z,25708.25,25709.25,25701.0,25705.75,279
2025-11-12T04:35:00Z,25706.75,25708.5,25694.25,25695.5,405
2025-11-12T04:40:00Z,25695.25,25707.75,25694.5,25701.75,311
2025-11-12T04:45:00Z,25702.0,25711.5,25700.75,25706.5,271
2025-11-12T04:50:00Z,25707.0,25710.75,25704.0,25705.75,152
2025-11-12T04:55:00Z,25706.25,25714.75,25705.25,25713.5,193
2025-11-12T05:05:00Z,25724.0,25725.25,25722.0,25724.75,713
2025-11-12T05:10:00Z,25725.5,25731.5,25725.0,25729.0,253
2025-11-12T05:15:00Z,25730.5,25730.5,25723.25,25727.0,208
2025-11-12T05:20:00Z,25726.75,25727.5,25717.5,25721.5,305
2025-11-12T05:25:00Z,25722.5,25724.5,25718.0,25720.5,132
2025-11-12T05:30:00Z,25719.5,25729.0,25719.25,25727.5,174
2025-11-12T05:35:00Z,25726.75,25738.25,25726.25,25734.75,338
2025-11-12T05:40:00Z,25735.25,25746.5,25732.5,25744.5,293
2025-11-12T05:45:00Z,25745.5,25754.75,25744.5,25752.5,447
2025-11-12T05:50:00Z,25751.75,25753.0,25741.0,25750.25,322
2025-11-12T05:55:00Z,25750.5,25751.25,25740.25,25743.75,214
2025-11-12T06:00:00Z,25742.5,25749.5,25740.75,25744.0,219
2025-11-12T06:05:00Z,25743.0,25752.0,25741.5,25748.75,194
2025-11-12T06:10:00Z,25748.75,25754.75,25743.75,25745.75,273
2025-11-12T06:15:00Z,25746.0,25755.75,25745.75,25754.25,187
2025-11-12T06:20:00Z,25753.5,25754.75,25749.75,25753.75,144
2025-11-12T06:25:00Z,25754.5,25764.25,25753.5,25761.75,423
2025-11-12T06:30:00Z,25760.0,25772.5,25752.75,25769.75,871
2025-11-12T06:35:00Z,25769.75,25772.25,25760.25,25771.0,316
2025-11-12T06:40:00Z,25771.75,25771.75,25764.25,25770.0,249
2025-11-12T06:45:00Z,25770.25,25775.5,25768.5,25770.25,323
2025-11-12T06:50:00Z,25771.0,25773.0,25767.25,25768.5,184
2025-11-12T06:55:00Z,25768.0,25773.0,25766.25,25771.0,230
2025-11-12T07:00:00Z,25772.0,25784.25,25772.0,25779.25,749
2025-11-12T07:05:00Z,25779.0,25783.0,25776.25,25782.0,303
2025-11-12T07:10:00Z,25782.0,25786.0,25779.25,25781.5,271
2025-11-12T07:15:00Z,25781.0,25784.5,25775.25,25780.5,287
2025-11-12T07:20:00Z,25781.75,25787.25,25781.25,25785.75,313
2025-11-12T07:25:00Z,25784.5,25792.25,25784.25,25791.25,377
2025-11-12T07:30:00Z,25791.0,25811.5,25790.75,25806.5,846
2025-11-12T07:35:00Z,25807.25,25813.0,25803.5,25812.25,890
2025-11-12T07:40:00Z,25812.25,25813.0,25795.25,25796.5,709
2025-11-12T07:45:00Z,25796.5,25799.25,25789.5,25795.0,548
2025-11-12T07:50:00Z,25795.25,25795.25,25784.5,25786.75,397
2025-11-12T07:55:00Z,25787.0,25787.75,25777.25,25778.25,411
2025-11-12T08:00:00Z,25779.0,25782.5,25766.75,25767.75,708
2025-11-12T08:05:00Z,25767.0,25775.5,25764.0,25772.25,669
2025-11-12T08:10:00Z,25772.0,25780.0,25767.0,25771.5,450
2025-11-12T08:15:00Z,25772.0,25787.0,25770.25,25785.0,332
2025-11-12T08:20:00Z,25784.75,25790.25,25779.5,25788.25,379
2025-11-12T08:25:00Z,25787.75,25804.5,25785.75,25804.25,518
2025-11-12T08:30:00Z,25804.5,25808.5,25783.75,25785.0,626
2025-11-12T08:35:00Z,25785.25,25791.5,25779.25,25788.5,433
2025-11-12T08:40:00Z,25786.25,25803.75,25783.75,25802.25,324
2025-11-12T08:45:00Z,25802.0,25809.75,25796.5,25805.0,381
2025-11-12T08:50:00Z,25805.25,25810.75,25793.0,25793.25,528
2025-11-12T08:55:00Z,25792.75,25799.75,25788.0,25793.25,320
2025-11-12T09:00:00Z,25793.0,25793.0,25780.5,25789.0,512
2025-11-12T09:05:00Z,25788.5,25790.5,25780.0,25781.5,432
2025-11-12T09:10:00Z,25782.0,25783.5,25770.5,25782.25,407
2025-11-12T09:15:00Z,25781.75,25796.5,25776.75,25795.25,547
2025-11-12T09:20:00Z,25796.0,25806.75,25788.5,25801.5,905
2025-11-12T09:25:00Z,25801.5,25801.5,25790.25,25793.5,363
2025-11-12T09:30:00Z,25794.0,25805.25,25792.25,25799.25,462
2025-11-12T09:35:00Z,25800.0,25816.25,25794.0,25814.75,649
2025-11-12T09:40:00Z,25814.25,25826.0,25811.5,25821.25,1077
2025-11-12T09:45:00Z,25822.0,25823.0,25810.5,25811.0,603
2025-11-12T09:50:00Z,25812.5,25821.5,25812.5,25813.0,271
2025-11-12T09:55:00Z,25813.75,25823.0,25812.75,25819.5,292
2025-11-12T10:00:00Z,25818.25,25830.0,25816.5,25820.0,488
2025-11-12T10:05:00Z,25820.0,25824.75,25815.5,25823.75,490
2025-11-12T10:10:00Z,25822.0,25825.0,25815.75,25818.5,440
2025-11-12T10:15:00Z,25818.0,25819.5,25806.0,25818.0,475
2025-11-12T10:20:00Z,25817.75,25820.5,25807.5,25812.5,192
2025-11-12T10:25:00Z,25811.5,25813.5,25802.5,25804.25,281
2025-11-12T10:30:00Z,25805.25,25810.0,25800.25,25800.5,319
2025-11-12T10:35:00Z,25800.75,25803.0,25784.5,25785.0,587
2025-11-12T10:40:00Z,25785.25,25787.5,25779.75,25779.75,338
2025-11-12T10:45:00Z,25779.75,25798.5,25779.5,25797.75,509
2025-11-12T10:50:00Z,25798.25,25804.5,25796.25,25797.75,349
2025-11-12T10:55:00Z,25797.75,25800.5,25788.25,25797.25,345
2025-11-12T11:00:00Z,25797.5,25804.25,25794.0,25796.25,352
2025-11-12T11:05:00Z,25795.75,25800.25,25791.5,25797.25,206
2025-11-12T11:10:00Z,25797.0,25797.5,25784.0,25784.0,293
2025-11-12T11:15:00Z,25784.25,25790.0,25781.0,25785.75,269
2025-11-12T11:20:00Z,25786.5,25788.5,25781.0,25781.5,185
2025-11-12T11:25:00Z,25783.0,25785.0,25743.75,25744.0,948
2025-11-12T11:30:00Z,25744.0,25763.0,25729.5,25760.5,1604
2025-11-12T11:35:00Z,25759.0,25766.5,25755.25,25757.75,530
2025-11-12T11:40:00Z,25758.5,25762.25,25748.5,25761.25,558
2025-11-12T11:45:00Z,25761.25,25765.0,25752.5,25755.75,374
2025-11-12T11:50:00Z,25755.75,25759.5,25747.0,25753.5,365
2025-11-12T11:55:00Z,25753.0,25753.25,25729.75,25736.25,1149
2025-11-12T12:00:00Z,25737.25,25758.75,25721.0,25756.25,1175
2025-11-12T12:05:00Z,25756.25,25791.0,25756.25,25771.25,2472
2025-11-12T12:10:00Z,25771.25,25784.5,25766.5,25780.25,598
2025-11-12T12:15:00Z,25780.75,25787.0,25777.5,25784.75,455
2025-11-12T12:20:00Z,25785.75,25787.75,25779.0,25783.75,413
2025-11-12T12:25:00Z,25783.75,25796.25,25781.5,25791.25,485
2025-11-12T12:30:00Z,25791.25,25796.5,25788.5,25794.75,417
2025-11-12T12:35:00Z,25795.25,25803.5,25789.25,25789.75,698
2025-11-12T12:40:00Z,25789.25,25790.0,25776.75,25778.0,680
2025-11-12T12:45:00Z,25777.75,25786.5,25769.25,25786.5,692
2025-11-12T12:50:00Z,25786.25,25794.0,25780.5,25792.5,356
2025-11-12T12:55:00Z,25794.0,25795.75,25780.5,25792.25,619
2025-11-12T13:00:00Z,25791.25,25801.5,25789.0,25801.5,781
2025-11-12T13:05:00Z,25800.5,25812.5,25796.75,25809.0,1024
2025-11-12T13:10:00Z,25809.0,25809.5,25801.0,25803.75,549
2025-11-12T13:15:00Z,25804.25,25811.0,25799.0,25801.5,802
2025-11-12T13:20:00Z,25801.25,25802.5,25789.5,25795.25,706
2025-11-12T13:25:00Z,25795.25,25799.0,25787.25,25792.5,586
2025-11-12T13:30:00Z,25791.5,25797.25,25788.25,25791.25,494
2025-11-12T13:35:00Z,25792.0,25806.0,25792.0,25796.5,864
2025-11-12T13:40:00Z,25796.75,25805.0,25794.5,25794.75,461
2025-11-12T13:45:00Z,25794.25,25801.75,25792.75,25801.75,446
2025-11-12T13:50:00Z,25801.5,25809.0,25800.0,25806.0,547
2025-11-12T13:55:00Z,25805.75,25809.5,25798.75,25800.5,719
2025-11-12T14:00:00Z,25800.75,25801.0,25786.5,25787.5,972
2025-11-12T14:05:00Z,25787.75,25790.25,25781.5,25785.75,1056
2025-11-12T14:10:00Z,25786.0,25789.25,25783.0,25784.0,653
2025-11-12T14:15:00Z,25784.0,25790.5,25782.0,25788.5,857
2025-11-12T14:20:00Z,25788.75,25791.25,25780.25,25786.75,897
2025-11-12T14:25:00Z,25786.5,25787.25,25772.25,25777.75,3104
2025-11-12T14:30:00Z,25778.5,25780.75,25674.0,25678.5,20295
2025-11-12T14:35:00Z,25678.5,25705.0,25669.0,25683.25,11369
2025-11-12T14:40:00Z,25682.5,25690.25,25637.25,25645.0,11809
2025-11-12T14:45:00Z,25644.75,25657.75,25571.5,25577.25,15170
2025-11-12T14:50:00Z,25578.5,25616.5,25567.25,25593.5,11552
2025-11-12T14:55:00Z,25593.5,25602.0,25561.5,25593.25,11042
2025-11-12T15:00:00Z,25593.5,25635.75,25582.5,25624.75,11617
2025-11-12T15:05:00Z,25624.5,25656.0,25594.5,25652.75,10417
2025-11-12T15:10:00Z,25652.75,25660.0,25585.5,25595.0,11052
2025-11-12T15:15:00Z,25594.5,25613.75,25581.75,25584.25,8345
2025-11-12T15:20:00Z,25585.25,25621.0,25575.0,25599.25,7531
2025-11-12T15:25:00Z,25600.5,25628.25,25590.0,25613.25,6366
2025-11-12T15:30:00Z,25613.5,25622.25,25573.5,25576.75,7242
2025-11-12T15:35:00Z,25576.75,25588.5,25528.5,25585.0,13351
2025-11-12T15:40:00Z,25585.0,25607.25,25578.25,25596.5,7820
2025-11-12T15:45:00Z,25596.75,25610.5,25561.5,25570.75,7118
2025-11-12T15:50:00Z,25571.0,25578.5,25536.0,25549.0,8265
2025-11-12T15:55:00Z,25548.25,25580.0,25537.0,25557.0,7706
2025-11-12T16:00:00Z,25557.25,25569.0,25539.0,25541.5,5899
2025-11-12T16:05:00Z,25540.75,25561.5,25531.5,25539.75,4663
2025-11-12T16:10:00Z,25539.75,25542.75,25497.0,25511.0,10229
2025-11-12T16:15:00Z,25511.75,25548.25,25511.75,25541.5,7177
2025-11-12T16:20:00Z,25542.25,25552.0,25528.5,25534.0,5590
2025-11-12T16:25:00Z,25534.5,25589.0,25532.5,25582.25,6649
2025-11-12T16:30:00Z,25581.75,25608.5,25566.0,25576.5,9336
2025-11-12T16:35:00Z,25577.25,25603.0,25570.25,25571.0,5005
2025-11-12T16:40:00Z,25571.5,25580.0,25546.75,25549.25,4740
2025-11-12T16:45:00Z,25550.25,25566.75,25488.75,25508.5,9470
2025-11-12T16:50:00Z,25508.0,25546.25,25507.75,25518.25,8459
2025-11-12T16:55:00Z,25517.25,25559.75,25516.25,25532.0,6873
2025-11-12T17:00:00Z,25532.25,25542.0,25520.25,25539.0,5314
2025-11-12T17:05:00Z,25538.75,25565.75,25536.25,25538.25,5572
2025-11-12T17:10:00Z,25539.0,25557.75,25518.0,25555.75,5521
2025-11-12T17:15:00Z,25555.75,25576.25,25520.5,25528.0,7451
2025-11-12T17:20:00Z,25528.25,25567.0,25526.25,25553.5,5163
2025-11-12T17:25:00Z,25554.75,25567.5,25542.25,25556.0,3663
2025-11-12T17:30:00Z,25556.0,25572.0,25552.0,25569.5,4018
2025-11-12T17:35:00Z,25569.5,25617.0,25567.25,25609.75,6185
2025-11-12T17:40:00Z,25609.5,25629.0,25593.75,25595.75,6631
2025-11-12T17:45:00Z,25596.25,25612.0,25568.5,25573.25,6360
2025-11-12T17:50:00Z,25573.25,25582.25,25551.25,25575.25,6019
2025-11-12T17:55:00Z,25575.0,25617.25,25566.0,25608.75,6350
2025-11-12T18:00:00Z,25608.75,25616.0,25598.5,25612.75,3633
2025-11-12T18:05:00Z,25612.5,25615.0,25583.25,25586.25,4100
2025-11-12T18:10:00Z,25587.25,25613.25,25582.75,25612.0,3868
2025-11-12T18:15:00Z,25611.0,25627.5,25607.5,25623.25,3853
2025-11-12T18:20:00Z,25622.5,25623.0,25600.5,25608.5,3888
2025-11-12T18:25:00Z,25609.0,25620.25,25592.0,25609.75,3781
2025-11-12T18:30:00Z,25609.5,25624.5,25603.0,25611.75,3388
2025-11-12T18:35:00Z,25612.0,25625.5,25604.0,25624.5,2559
2025-11-12T18:40:00Z,25624.75,25637.25,25608.5,25610.0,5142
2025-11-12T18:45:00Z,25610.5,25612.25,25587.25,25593.25,4790
2025-11-12T18:50:00Z,25593.75,25618.25,25593.5,25610.0,2801
2025-11-12T18:55:00Z,25610.25,25621.75,25607.75,25612.5,2067
2025-11-12T19:00:00Z,25613.0,25624.5,25603.75,25611.0,3291
2025-11-12T19:05:00Z,25611.0,25617.0,25591.75,25615.5,3243
2025-11-12T19:10:00Z,25615.5,25616.5,25589.75,25591.25,3037
2025-11-12T19:15:00Z,25591.25,25596.75,25579.25,25592.25,3991
2025-11-12T19:20:00Z,25591.5,25605.5,25582.5,25586.5,4032
2025-11-12T19:25:00Z,25587.0,25605.25,25568.25,25580.25,4318
2025-11-12T19:30:00Z,25580.5,25584.5,25552.25,25576.0,6625
2025-11-12T19:35:00Z,25575.25,25593.0,25570.25,25587.75,4012
2025-11-12T19:40:00Z,25587.25,25597.75,25574.0,25582.75,3213
2025-11-12T19:45:00Z,25582.5,25597.25,25577.0,25579.25,2482
2025-11-12T19:50:00Z,25579.75,25598.0,25571.75,25596.75,3032
2025-11-12T19:55:00Z,25596.75,25601.5,25564.75,25580.25,3973
2025-11-12T20:00:00Z,25580.25,25583.75,25556.5,25570.75,3714
2025-11-12T20:05:00Z,25571.5,25571.75,25545.0,25560.75,3845
2025-11-12T20:10:00Z,25560.5,25564.75,25552.0,25562.75,2419
2025-11-12T20:15:00Z,25562.5,25580.75,25550.0,25580.5,4198
2025-11-12T20:20:00Z,25581.0,25586.0,25568.25,25584.25,3226
2025-11-12T20:25:00Z,25584.0,25605.0,25580.25,25602.75,3652
2025-11-12T20:30:00Z,25602.75,25639.25,25594.75,25633.5,6355
2025-11-12T20:35:00Z,25633.5,25638.75,25599.5,25610.25,5234
2025-11-12T20:40:00Z,25610.75,25627.5,25610.75,25624.75,3169
2025-11-12T20:45:00Z,25623.75,25626.25,25604.25,25617.0,3578
2025-11-12T20:50:00Z,25617.75,25651.5,25614.0,25618.75,8080
2025-11-12T20:55:00Z,25618.75,25628.75,25593.0,25625.25,13316
2025-11-12T21:00:00Z,25625.75,25642.5,25619.5,25629.25,5603
2025-11-12T21:05:00Z,25629.5,25651.0,25629.5,25642.25,3524
2025-11-12T21:10:00Z,25642.5,25654.5,25637.25,25647.5,1941
2025-11-12T21:15:00Z,25647.25,25649.75,25633.0,25636.25,1035
2025-11-12T21:20:00Z,25636.5,25641.25,25630.75,25639.0,574
2025-11-12T21:25:00Z,25638.75,25644.0,25638.0,25642.0,498
2025-11-12T21:30:00Z,25642.5,25644.75,25636.25,25640.0,525
2025-11-12T21:35:00Z,25640.5,25643.75,25637.0,25643.75,309
2025-11-12T21:40:00Z,25642.75,25646.75,25640.5,25644.5,466
2025-11-12T21:45:00Z,25644.75,25645.0,25636.75,25638.5,423
2025-11-12T21:50:00Z,25638.25,25640.0,25625.25,25627.25,528
2025-11-12T21:55:00Z,25627.5,25633.75,25621.25,25625.0,967
2025-11-12T23:00:00Z,25624.0,25635.25,25527.5,25535.75,0
2025-11-12T23:05:00Z,25535.25,25553.0,25531.0,25552.25,1457
2025-11-12T23:10:00Z,25553.0,25569.75,25551.25,25563.5,828
2025-11-12T23:15:00Z,25563.0,25567.5,25554.75,25560.75,413
2025-11-12T23:20:00Z,25560.5,25564.75,25535.25,25546.0,1050
2025-11-12T23:25:00Z,25546.25,25562.0,25546.25,25561.75,325
2025-11-12T23:30:00Z,25561.75,25566.5,25533.25,25543.75,1076
2025-11-12T23:35:00Z,25544.5,25548.0,25530.5,25544.0,1246
2025-11-12T23:40:00Z,25543.75,25543.75,25528.0,25537.0,639
2025-11-12T23:45:00Z,25537.75,25540.25,25513.5,25522.5,1146
2025-11-12T23:50:00Z,25523.25,25526.25,25501.5,25511.75,1352
2025-11-12T23:55:00Z,25511.75,25543.75,25505.5,25542.0,1284
2025-11-13T00:00:00Z,25542.0,25563.75,25538.5,25561.75,743
2025-11-13T00:05:00Z,25562.25,25599.75,25555.75,25593.75,1344
2025-11-13T00:10:00Z,25593.5,25600.0,25573.75,25587.75,1190
2025-11-13T00:15:00Z,25585.25,25596.75,25577.5,25581.5,655
2025-11-13T00:20:00Z,25580.5,25594.75,25577.75,25580.25,409
2025-11-13T00:25:00Z,25581.5,25586.25,25562.25,25568.0,685
2025-11-13T00:30:00Z,25569.0,25579.75,25555.5,25570.75,834
2025-11-13T00:35:00Z,25570.0,25576.25,25563.75,25571.5,439
2025-11-13T00:40:00Z,25571.75,25577.25,25561.0,25574.5,607
2025-11-13T00:45:00Z,25572.25,25573.25,25555.25,25559.75,765
2025-11-13T00:50:00Z,25560.75,25564.5,25548.5,25564.5,713
2025-11-13T00:55:00Z,25564.5,25569.0,25548.5,25564.25,878
2025-11-13T01:00:00Z,25564.5,25617.0,25557.5,25614.75,1525
2025-11-13T01:05:00Z,25616.25,25700.0,25615.75,25698.0,3167
2025-11-13T01:10:00Z,25698.5,25720.0,25669.5,25699.75,2844
2025-11-13T01:15:00Z,25697.25,25712.25,25678.0,25686.5,1384
2025-11-13T01:20:00Z,25684.5,25704.5,25678.5,25682.75,808
2025-11-13T01:25:00Z,25682.5,25691.0,25658.75,25664.5,1101
2025-11-13T01:30:00Z,25665.0,25690.25,25663.25,25681.0,856
2025-11-13T01:35:00Z,25679.0,25708.25,25678.5,25702.5,872
2025-11-13T01:40:00Z,25701.0,25714.0,25698.5,25701.75,706
2025-11-13T01:45:00Z,25703.25,25707.5,25683.25,25689.0,919
2025-11-13T01:50:00Z,25688.25,25700.75,25683.75,25693.5,561
2025-11-13T01:55:00Z,25692.25,25693.5,25680.0,25691.5,380
2025-11-13T02:00:00Z,25691.0,25702.0,25684.75,25686.5,559
2025-11-13T02:05:00Z,25685.25,25690.0,25679.0,25680.75,301
2025-11-13T02:10:00Z,25679.25,25687.25,25662.75,25680.75,596
2025-11-13T02:15:00Z,25682.0,25697.0,25682.0,25690.75,416
2025-11-13T02:20:00Z,25690.75,25692.5,25672.5,25680.75,419
2025-11-13T02:25:00Z,25680.5,25685.75,25677.5,25682.75,181
2025-11-13T02:30:00Z,25682.5,25682.75,25665.0,25666.0,304
2025-11-13T02:35:00Z,25666.25,25674.0,25664.5,25664.5,221
2025-11-13T02:40:00Z,25664.5,25674.25,25657.25,25660.25,503
2025-11-13T02:45:00Z,25659.25,25670.5,25652.25,25667.25,429
2025-11-13T02:50:00Z,25668.5,25670.75,25655.5,25665.0,320
2025-11-13T02:55:00Z,25664.5,25665.75,25645.0,25659.0,480
2025-11-13T03:00:00Z,25659.75,25664.0,25640.25,25645.5,677
2025-11-13T03:05:00Z,25646.0,25651.75,25633.75,25640.25,462
2025-11-13T03:10:00Z,25638.75,25647.0,25637.25,25638.0,254
2025-11-13T03:15:00Z,25638.75,25643.5,25633.5,25642.5,379
2025-11-13T03:20:00Z,25643.25,25653.75,25642.0,25651.75,376
2025-11-13T03:25:00Z,25651.75,25682.5,25648.0,25680.25,956
2025-11-13T03:30:00Z,25680.25,25693.25,25675.0,25682.0,732
2025-11-13T03:35:00Z,25681.75,25686.25,25675.5,25682.75,381
2025-11-13T03:40:00Z,25681.75,25683.25,25671.0,25672.5,310
2025-11-13T03:45:00Z,25671.75,25673.0,25658.75,25665.75,551
2025-11-13T03:50:00Z,25665.0,25671.25,25661.75,25669.5,222
2025-11-13T03:55:00Z,25670.25,25678.75,25668.75,25677.0,302
2025-11-13T04:00:00Z,25675.5,25683.5,25670.75,25672.75,390
2025-11-13T04:05:00Z,25673.75,25683.75,25668.75,25671.0,299
2025-11-13T04:10:00Z,25670.5,25677.0,25664.5,25677.0,284
2025-11-13T04:15:00Z,25677.25,25678.25,25666.0,25666.0,194
2025-11-13T04:20:00Z,25667.75,25676.0,25664.5,25675.5,225
2025-11-13T04:25:00Z,25675.5,25678.75,25670.0,25671.75,231
2025-11-13T04:30:00Z,25671.75,25679.75,25668.75,25675.25,156
2025-11-13T04:35:00Z,25676.75,25678.5,25670.0,25677.25,174
2025-11-13T04:40:00Z,25677.0,25683.5,25674.25,25683.5,199
2025-11-13T04:45:00Z,25684.0,25692.5,25683.5,25690.25,331
2025-11-13T04:50:00Z,25691.0,25691.75,25684.0,25690.5,173
2025-11-13T04:55:00Z,25690.25,25699.25,25687.75,25691.75,287
2025-11-13T05:05:00Z,25698.0,25700.0,25697.5,25699.0,542
2025-11-13T05:10:00Z,25699.5,25705.0,25693.25,25697.75,349
2025-11-13T05:15:00Z,25699.0,25704.0,25697.25,25702.75,209
2025-11-13T05:20:00Z,25703.0,25710.0,25700.5,25708.25,268
2025-11-13T05:25:00Z,25707.25,25708.25,25696.0,25701.75,235
2025-11-13T05:30:00Z,25702.75,25703.75,25695.5,25701.5,269
2025-11-13T05:35:00Z,25702.0,25710.0,25701.25,25705.5,112
2025-11-13T05:40:00Z,25706.0,25708.75,25702.5,25704.0,113
2025-11-13T05:45:00Z,25704.75,25707.75,25698.75,25702.25,202
2025-11-13T05:50:00Z,25701.75,25703.5,25692.25,25701.0,239
2025-11-13T05:55:00Z,25700.0,25705.5,25696.5,25697.25,201
2025-11-13T06:00:00Z,25696.5,25701.0,25684.5,25693.0,527
2025-11-13T06:05:00Z,25693.25,25708.5,25693.25,25707.25,376
2025-11-13T06:10:00Z,25708.5,25710.5,25699.25,25700.5,280
2025-11-13T06:15:00Z,25698.75,25708.5,25692.5,25693.75,245
2025-11-13T06:20:00Z,25694.25,25707.25,25694.25,25703.75,230
2025-11-13T06:25:00Z,25703.25,25709.75,25699.25,25707.25,144
2025-11-13T06:30:00Z,25707.0,25711.75,25705.25,25711.0,241
2025-11-13T06:35:00Z,25712.0,25717.75,25705.75,25711.25,443
2025-11-13T06:40:00Z,25710.25,25720.0,25709.75,25716.0,359
2025-11-13T06:45:00Z,25716.25,25721.5,25708.5,25715.5,279
2025-11-13T06:50:00Z,25715.0,25721.0,25711.75,25717.5,210
2025-11-13T06:55:00Z,25717.5,25718.75,25710.5,25711.5,189
2025-11-13T07:00:00Z,25711.25,25715.25,25700.5,25705.25,591
2025-11-13T07:05:00Z,25705.75,25713.25,25702.0,25707.5,307
2025-11-13T07:10:00Z,25707.0,25709.25,25694.0,25705.25,400
2025-11-13T07:15:00Z,25703.0,25714.0,25702.5,25705.0,277
2025-11-13T07:20:00Z,25704.75,25717.75,25701.25,25715.75,305
2025-11-13T07:25:00Z,25716.5,25719.25,25710.5,25715.0,200
2025-11-13T07:30:00Z,25715.0,25721.25,25708.0,25709.75,316
2025-11-13T07:35:00Z,25711.0,25716.75,25702.5,25704.0,237
2025-11-13T07:40:00Z,25703.0,25706.25,25694.25,25697.25,436
2025-11-13T07:45:00Z,25697.0,25698.25,25672.25,25682.5,1030
2025-11-13T07:50:00Z,25682.5,25688.25,25668.0,25670.5,604
2025-11-13T07:55:00Z,25670.5,25678.5,25663.0,25667.25,537
2025-11-13T08:00:00Z,25667.25,25675.5,25653.25,25672.0,925
2025-11-13T08:05:00Z,25671.0,25682.75,25664.25,25666.25,616
2025-11-13T08:10:00Z,25667.75,25673.75,25649.5,25653.0,549
2025-11-13T08:15:00Z,25653.25,25659.75,25643.5,25655.25,491
2025-11-13T08:20:00Z,25657.0,25677.75,25656.75,25677.75,490
2025-11-13T08:25:00Z,25677.25,25687.25,25662.5,25663.5,654
2025-11-13T08:30:00Z,25665.0,25673.25,25655.25,25668.0,476
2025-11-13T08:35:00Z,25668.5,25678.5,25662.0,25678.0,372
2025-11-13T08:40:00Z,25677.5,25681.5,25671.25,25677.5,400
2025-11-13T08:45:00Z,25675.75,25677.0,25667.25,25675.25,324
2025-11-13T08:50:00Z,25674.0,25686.75,25672.5,25680.75,363
2025-11-13T08:55:00Z,25678.5,25686.0,25676.25,25677.75,207
2025-11-13T09:00:00Z,25677.75,25684.25,25653.75,25659.5,633
2025-11-13T09:05:00Z,25660.0,25660.0,25603.75,25612.5,1721
2025-11-13T09:10:00Z,25612.0,25614.75,25581.75,25593.0,1614
2025-11-13T09:15:00Z,25591.5,25601.25,25586.0,25594.25,685
2025-11-13T09:20:00Z,25593.75,25595.75,25566.5,25578.5,1193
2025-11-13T09:25:00Z,25577.75,25582.75,25552.75,25556.75,840
2025-11-13T09:30:00Z,25557.5,25572.25,25553.0,25562.5,1101
2025-11-13T09:35:00Z,25561.0,25568.0,25531.25,25548.75,1373
2025-11-13T09:40:00Z,25550.0,25573.0,25538.75,25572.5,976
2025-11-13T09:45:00Z,25574.0,25581.25,25564.0,25575.5,718
2025-11-13T09:50:00Z,25576.0,25578.75,25571.0,25573.5,441
2025-11-13T09:55:00Z,25571.75,25578.0,25563.0,25567.75,391
2025-11-13T10:00:00Z,25567.75,25574.5,25562.0,25572.5,392
2025-11-13T10:05:00Z,25573.25,25598.0,25573.25,25595.75,856
2025-11-13T10:10:00Z,25595.25,25608.0,25579.0,25588.75,883
2025-11-13T10:15:00Z,25587.75,25598.5,25580.5,25597.5,368
2025-11-13T10:20:00Z,25598.5,25612.25,25593.75,25602.75,650
2025-11-13T10:25:00Z,25602.75,25608.5,25597.25,25600.75,417
2025-11-13T10:30:00Z,25600.0,25617.5,25596.0,25616.75,468
2025-11-13T10:35:00Z,25616.25,25629.25,25615.0,25624.0,1593
2025-11-13T10:40:00Z,25624.75,25626.0,25607.0,25612.25,559
2025-11-13T10:45:00Z,25611.0,25614.0,25593.25,25605.25,564
2025-11-13T10:50:00Z,25604.75,25604.75,25593.25,25599.25,444
2025-11-13T10:55:00Z,25600.75,25602.0,25588.0,25597.5,363
2025-11-13T11:00:00Z,25597.0,25609.0,25592.5,25602.75,593
2025-11-13T11:05:00Z,25602.25,25621.0,25599.75,25612.5,439
2025-11-13T11:10:00Z,25613.25,25625.75,25610.75,25618.5,633
2025-11-13T11:15:00Z,25619.5,25627.0,25595.75,25602.75,736
2025-11-13T11:20:00Z,25602.0,25602.25,25583.25,25587.75,631
2025-11-13T11:25:00Z,25587.25,25596.75,25569.5,25579.25,643
2025-11-13T11:30:00Z,25579.75,25587.5,25561.25,25566.25,881
2025-11-13T11:35:00Z,25566.0,25575.5,25548.0,25566.75,764
2025-11-13T11:40:00Z,25567.25,25581.75,25567.0,25581.25,521
2025-11-13T11:45:00Z,25583.25,25589.25,25567.5,25579.75,536
2025-11-13T11:50:00Z,25579.5,25595.0,25577.25,25578.5,489
2025-11-13T11:55:00Z,25578.0,25592.25,25564.75,25590.75,481
2025-11-13T12:00:00Z,25590.0,25592.0,25562.0,25567.25,622
2025-11-13T12:05:00Z,25568.5,25570.5,25550.5,25552.25,556
2025-11-13T12:10:00Z,25553.25,25573.25,25553.25,25561.0,491
2025-11-13T12:15:00Z,25561.0,25574.75,25560.0,25565.25,414
2025-11-13T12:20:00Z,25566.25,25576.25,25558.25,25562.0,506
2025-11-13T12:25:00Z,25561.25,25580.5,25559.5,25575.75,419
2025-11-13T12:30:00Z,25575.25,25585.0,25569.25,25580.25,351
2025-11-13T12:35:00Z,25580.25,25610.0,25575.25,25607.5,1137
2025-11-13T12:40:00Z,25606.75,25613.25,25595.5,25612.75,771
2025-11-13T12:45:00Z,25613.25,25615.75,25598.0,25599.5,785
2025-11-13T12:50:00Z,25598.75,25604.25,25589.0,25595.0,595
2025-11-13T12:55:00Z,25593.75,25593.75,25581.0,25585.5,519
2025-11-13T13:00:00Z,25585.5,25585.75,25567.0,25567.75,940
2025-11-13T13:05:00Z,25567.75,25583.25,25567.75,25581.0,586
2025-11-13T13:10:00Z,25580.0,25590.0,25571.0,25588.5,496
2025-11-13T13:15:00Z,25589.0,25597.0,25574.0,25577.0,772
2025-11-13T13:20:00Z,25576.0,25576.0,25546.5,25572.25,1530
2025-11-13T13:25:00Z,25572.25,25574.75,25561.25,25572.75,457
2025-11-13T13:30:00Z,25570.25,25576.5,25519.5,25520.75,2008
2025-11-13T13:35:00Z,25520.5,25534.75,25504.75,25520.25,2761
2025-11-13T13:40:00Z,25520.5,25530.25,25510.75,25512.25,1875
2025-11-13T13:45:00Z,25513.0,25537.25,25509.0,25534.75,1873
2025-11-13T13:50:00Z,25534.75,25545.0,25522.75,25530.25,1438
2025-11-13T13:55:00Z,25529.75,25531.25,25491.75,25497.25,2652
2025-11-13T14:00:00Z,25497.75,25509.5,25482.25,25495.75,2530
2025-11-13T14:05:00Z,25495.25,25503.5,25439.25,25448.25,4598
2025-11-13T14:10:00Z,25447.75,25473.0,25435.0,25463.0,2909
2025-11-13T14:15:00Z,25462.0,25476.5,25460.25,25465.5,1916
2025-11-13T14:20:00Z,25466.0,25484.25,25464.25,25479.5,1555
2025-11-13T14:25:00Z,25480.25,25496.5,25450.5,25477.75,4870
2025-11-13T14:30:00Z,25477.25,25502.0,25426.25,25434.5,17026
2025-11-13T14:35:00Z,25434.25,25445.0,25353.75,25360.5,16619
2025-11-13T14:40:00Z,25360.75,25376.25,25287.25,25292.5,16146
2025-11-13T14:45:00Z,25292.75,25344.25,25280.5,25317.25,13013
2025-11-13T14:50:00Z,25317.5,25387.75,25314.75,25356.75,13233
2025-11-13T14:55:00Z,25357.0,25417.75,25350.0,25381.25,10151
2025-11-13T15:00:00Z,25382.0,25413.25,25323.75,25335.5,11938
2025-11-13T15:05:00Z,25335.25,25442.5,25333.75,25439.0,12495
2025-11-13T15:10:00Z,25440.0,25475.75,25415.25,25468.75,11329
2025-11-13T15:15:00Z,25468.0,25496.75,25433.25,25437.0,12118
2025-11-13T15:20:00Z,25436.0,25448.5,25384.25,25410.5,11219
2025-11-13T15:25:00Z,25410.0,25417.5,25370.75,25384.0,8137
2025-11-13T15:30:00Z,25384.0,25386.25,25314.0,25317.75,9000
2025-11-13T15:35:00Z,25317.75,25341.0,25289.0,25319.25,10801
2025-11-13T15:40:00Z,25319.75,25335.75,25287.5,25294.5,8144
2025-11-13T15:45:00Z,25294.25,25297.25,25226.25,25241.0,12354
2025-11-13T15:50:00Z,25241.25,25248.25,25203.0,25212.25,9539
2025-11-13T15:55:00Z,25212.25,25261.0,25197.0,25258.5,12143
2025-11-13T16:00:00Z,25257.75,25277.75,25216.75,25220.5,10162
2025-11-13T16:05:00Z,25220.5,25236.75,25192.0,25231.25,8173
2025-11-13T16:10:00Z,25231.0,25231.25,25202.5,25229.5,5595
2025-11-13T16:15:00Z,25230.0,25255.5,25182.0,25212.0,8600
2025-11-13T16:20:00Z,25211.75,25246.5,25192.75,25194.75,7531
2025-11-13T16:25:00Z,25195.0,25235.75,25186.5,25224.25,6070
2025-11-13T16:30:00Z,25224.75,25259.0,25213.25,25249.75,6945
2025-11-13T16:35:00Z,25249.5,25263.25,25176.0,25179.0,9160
2025-11-13T16:40:00Z,25179.0,25190.25,25159.0,25175.75,7668
2025-11-13T16:45:00Z,25175.25,25211.25,25166.5,25202.75,7079
2025-11-13T16:50:00Z,25202.5,25221.25,25171.25,25182.25,6698
2025-11-13T16:55:00Z,25182.0,25203.0,25163.0,25192.5,4689
2025-11-13T17:00:00Z,25192.5,25217.75,25173.0,25216.25,6192
2025-11-13T17:05:00Z,25216.25,25234.75,25171.5,25174.75,6223
2025-11-13T17:10:00Z,25174.75,25191.75,25151.25,25173.25,6425
2025-11-13T17:15:00Z,25173.75,25223.0,25171.5,25195.25,6107
2025-11-13T17:20:00Z,25196.0,25237.75,25193.25,25227.25,4411
2025-11-13T17:25:00Z,25227.25,25247.75,25206.75,25233.75,4684
2025-11-13T17:30:00Z,25232.5,25254.75,25231.5,25241.75,4545
2025-11-13T17:35:00Z,25242.75,25244.25,25204.5,25239.0,5391
2025-11-13T17:40:00Z,25239.0,25242.0,25187.25,25188.75,4679
2025-11-13T17:45:00Z,25189.5,25192.0,25144.75,25172.25,7954
2025-11-13T17:50:00Z,25172.0,25177.25,25146.0,25160.75,6653
2025-11-13T17:55:00Z,25161.25,25162.25,25125.75,25136.0,6720
2025-11-13T18:00:00Z,25137.5,25154.75,25130.75,25137.75,5278
2025-11-13T18:05:00Z,25138.75,25166.0,25125.25,25130.0,5335
2025-11-13T18:10:00Z,25129.75,25161.25,25114.25,25153.5,6798
2025-11-13T18:15:00Z,25152.25,25160.0,25105.0,25111.75,6392
2025-11-13T18:20:00Z,25112.25,25128.5,25094.0,25103.25,5232
2025-11-13T18:25:00Z,25103.25,25104.75,25061.25,25074.0,8419
2025-11-13T18:30:00Z,25072.75,25073.75,25049.0,25052.5,6252
2025-11-13T18:35:00Z,25052.5,25060.25,25014.25,25027.0,7533
2025-11-13T18:40:00Z,25026.75,25062.0,25012.75,25061.25,7064
2025-11-13T18:45:00Z,25060.5,25079.5,25036.5,25050.0,7038
2025-11-13T18:50:00Z,25050.25,25067.75,25037.5,25044.75,5121
2025-11-13T18:55:00Z,25045.75,25076.5,25040.75,25070.5,4969
2025-11-13T19:00:00Z,25070.0,25082.0,25022.5,25039.5,6168
2025-11-13T19:05:00Z,25039.0,25058.0,25023.0,25046.0,4848
2025-11-13T19:10:00Z,25045.75,25059.25,25018.0,25027.75,4068
2025-11-13T19:15:00Z,25027.25,25056.75,25018.0,25034.75,4055
2025-11-13T19:20:00Z,25035.0,25086.25,25032.25,25076.75,5428
2025-11-13T19:25:00Z,25077.75,25125.25,25076.5,25122.25,7351
2025-11-13T19:30:00Z,25120.75,25127.0,25088.0,25117.5,5977
2025-11-13T19:35:00Z,25117.25,25132.5,25081.0,25105.0,6356
2025-11-13T19:40:00Z,25103.75,25104.25,25062.25,25090.75,5672
2025-11-13T19:45:00Z,25091.0,25103.0,25045.75,25061.0,5148
2025-11-13T19:50:00Z,25060.5,25088.75,25039.75,25042.25,4709
2025-11-13T19:55:00Z,25041.25,25067.0,25002.5,25054.5,7097
2025-11-13T20:00:00Z,25054.25,25074.75,25042.25,25046.5,6316
2025-11-13T20:05:00Z,25047.0,25073.5,25026.75,25068.5,5282
2025-11-13T20:10:00Z,25068.5,25081.5,25047.25,25065.25,4866
2025-11-13T20:15:00Z,25065.5,25081.0,25039.75,25046.0,4880
2025-11-13T20:20:00Z,25047.0,25052.5,25015.0,25048.5,5539
2025-11-13T20:25:00Z,25051.0,25074.75,25029.75,25073.0,4220
2025-11-13T20:30:00Z,25073.25,25096.0,25064.0,25093.25,6101
2025-11-13T20:35:00Z,25092.5,25138.25,25089.25,25126.25,6744
2025-11-13T20:40:00Z,25126.75,25145.0,25099.25,25116.75,6376
2025-11-13T20:45:00Z,25117.5,25135.0,25084.25,25084.5,5778
2025-11-13T20:50:00Z,25084.0,25126.0,25033.5,25040.75,10080
2025-11-13T20:55:00Z,25041.25,25103.75,25040.25,25100.25,21413
2025-11-13T21:00:00Z,25100.0,25150.0,25094.0,25135.5,10073
2025-11-13T21:05:00Z,25136.25,25153.0,25130.25,25152.25,3186
2025-11-13T21:10:00Z,25152.0,25156.25,25135.25,25156.25,1977
2025-11-13T21:15:00Z,25156.75,25167.0,25151.75,25153.5,1535
2025-11-13T21:20:00Z,25154.5,25157.0,25115.5,25124.75,1695
2025-11-13T21:25:00Z,25125.25,25135.0,25118.0,25128.75,751
2025-11-13T21:30:00Z,25130.5,25136.0,25106.25,25112.75,773
2025-11-13T21:35:00Z,25113.0,25124.5,25102.25,25110.0,679
2025-11-13T21:40:00Z,25109.0,25114.0,25100.75,25108.0,781
2025-11-13T21:45:00Z,25108.75,25109.0,25086.5,25098.25,793
2025-11-13T21:50:00Z,25098.5,25099.75,25081.0,25086.5,818
2025-11-13T21:55:00Z,25086.75,25091.25,25079.5,25087.5,629
2025-11-13T23:00:00Z,25095.25,25137.0,25087.75,25133.75,0
2025-11-13T23:05:00Z,25134.5,25147.5,25119.0,25134.25,826
2025-11-13T23:10:00Z,25134.0,25134.0,25108.75,25108.75,466
2025-11-13T23:15:00Z,25113.0,25124.75,25104.0,25122.5,616
2025-11-13T23:20:00Z,25124.5,25136.75,25116.0,25134.75,543
2025-11-13T23:25:00Z,25134.75,25143.75,25132.5,25139.75,459
2025-11-13T23:30:00Z,25139.75,25151.75,25137.0,25138.75,642
2025-11-13T23:35:00Z,25140.25,25143.75,25120.25,25129.0,683
2025-11-13T23:40:00Z,25130.75,25141.0,25125.5,25135.0,316
2025-11-13T23:45:00Z,25133.0,25133.0,25112.0,25118.75,467
2025-11-13T23:50:00Z,25120.25,25129.25,25113.0,25118.0,302
2025-11-13T23:55:00Z,25117.75,25119.5,25101.0,25108.75,532
2025-11-14T00:00:00Z,25108.25,25118.75,25101.0,25111.5,548
2025-11-14T00:05:00Z,25112.25,25118.0,25095.0,25104.75,663
2025-11-14T00:10:00Z,25104.0,25130.75,25100.75,25120.75,424
2025-11-14T00:15:00Z,25122.75,25132.75,25114.25,25129.0,451
2025-11-14T00:20:00Z,25130.25,25135.25,25126.5,25131.25,356
2025-11-14T00:25:00Z,25131.5,25143.25,25127.5,25139.5,428
2025-11-14T00:30:00Z,25138.25,25141.5,25124.5,25136.75,443
2025-11-14T00:35:00Z,25137.0,25143.75,25122.75,25124.25,436
2025-11-14T00:40:00Z,25124.5,25131.75,25115.25,25126.75,470
2025-11-14T00:45:00Z,25128.0,25136.75,25107.25,25114.0,649
2025-11-14T00:50:00Z,25113.25,25121.25,25101.0,25113.75,491
2025-11-14T00:55:00Z,25111.25,25117.75,25105.25,25105.75,361
2025-11-14T01:00:00Z,25106.0,25125.25,25105.5,25118.0,465
2025-11-14T01:05:00Z,25120.75,25141.0,25120.75,25126.0,607
2025-11-14T01:10:00Z,25127.5,25143.25,25122.75,25131.25,352
2025-11-14T01:15:00Z,25131.75,25143.25,25120.0,25141.75,571
2025-11-14T01:20:00Z,25141.25,25142.5,25116.5,25118.75,462
2025-11-14T01:25:00Z,25116.75,25123.75,25103.5,25110.25,679
2025-11-14T01:30:00Z,25111.0,25132.0,25109.0,25129.75,516
2025-11-14T01:35:00Z,25130.75,25149.25,25128.0,25129.5,655
2025-11-14T01:40:00Z,25128.25,25134.0,25114.75,25122.75,464
2025-11-14T01:45:00Z,25123.5,25124.75,25107.25,25111.0,414
2025-11-14T01:50:00Z,25111.25,25128.25,25111.25,25119.75,406
2025-11-14T01:55:00Z,25119.25,25129.25,25116.25,25118.75,326
2025-11-14T02:00:00Z,25118.5,25133.0,25118.0,25125.0,424
2025-11-14T02:05:00Z,25124.5,25131.5,25120.0,25123.75,176
2025-11-14T02:10:00Z,25124.0,25139.75,25120.5,25133.5,355
2025-11-14T02:15:00Z,25135.0,25141.25,25125.5,25130.0,335
2025-11-14T02:20:00Z,25133.0,25138.0,25128.0,25134.25,174
2025-11-14T02:25:00Z,25135.0,25138.75,25133.25,25133.5,112
2025-11-14T02:30:00Z,25133.25,25143.0,25132.25,25133.75,298
2025-11-14T02:35:00Z,25133.25,25143.75,25131.75,25141.0,211
2025-11-14T02:40:00Z,25141.0,25151.0,25134.0,25137.25,396
2025-11-14T02:45:00Z,25136.5,25145.5,25134.5,25138.75,229
2025-11-14T02:50:00Z,25138.75,25159.75,25136.0,25139.75,490
2025-11-14T02:55:00Z,25137.5,25139.25,25128.75,25134.25,262
2025-11-14T03:00:00Z,25134.25,25140.5,25115.25,25119.75,531
2025-11-14T03:05:00Z,25120.5,25139.0,25120.5,25139.0,351
2025-11-14T03:10:00Z,25139.25,25143.75,25134.0,25137.75,285
2025-11-14T03:15:00Z,25137.75,25144.25,25134.75,25136.5,230
2025-11-14T03:20:00Z,25136.25,25140.5,25126.5,25139.0,206
2025-11-14T03:25:00Z,25139.0,25142.0,25129.5,25132.75,294
2025-11-14T03:30:00Z,25133.75,25135.25,25124.75,25131.5,225
2025-11-14T03:35:00Z,25129.25,25131.5,25121.0,25124.0,223
2025-11-14T03:40:00Z,25124.25,25127.0,25119.5,25122.0,266
2025-11-14T03:45:00Z,25122.25,25128.0,25117.25,25123.0,313
2025-11-14T03:50:00Z,25121.75,25121.75,25085.5,25087.75,905
2025-11-14T03:55:00Z,25087.5,25112.75,25086.75,25110.5,490
2025-11-14T04:00:00Z,25111.0,25117.75,25086.5,25089.5,579
2025-11-14T04:05:00Z,25089.5,25096.0,25069.0,25084.25,1131
2025-11-14T04:10:00Z,25085.75,25098.25,25079.0,25080.5,515
2025-11-14T04:15:00Z,25080.0,25088.25,25068.75,25073.75,615
2025-11-14T04:20:00Z,25076.5,25077.75,25054.5,25057.75,801
2025-11-14T04:25:00Z,25057.25,25068.0,25052.25,25059.25,602
2025-11-14T04:30:00Z,25058.25,25068.25,25043.0,25063.75,1018
2025-11-14T04:35:00Z,25063.75,25077.0,25053.75,25055.0,647
2025-11-14T04:40:00Z,25055.75,25072.0,25048.75,25067.0,541
2025-11-14T04:45:00Z,25069.0,25077.75,25048.25,25048.75,657
2025-11-14T04:50:00Z,25048.5,25060.5,25046.25,25047.75,525
2025-11-14T04:55:00Z,25049.0,25059.25,25026.5,25027.5,1075
2025-11-14T05:05:00Z,25024.75,25030.25,25024.0,25028.25,2074
2025-11-14T05:10:00Z,25028.25,25029.0,24994.25,25000.5,1024
2025-11-14T05:15:00Z,25001.25,25015.25,24973.25,25015.25,1936
2025-11-14T05:20:00Z,25013.75,25068.0,25013.5,25064.75,1341
2025-11-14T05:25:00Z,25063.75,25073.25,25050.0,25059.25,978
2025-11-14T05:30:00Z,25057.5,25065.5,25043.5,25056.25,660
2025-11-14T05:35:00Z,25059.0,25091.5,25054.25,25088.25,871
2025-11-14T05:40:00Z,25087.75,25102.5,25084.0,25099.5,948
2025-11-14T05:45:00Z,25099.75,25118.25,25088.0,25093.75,1060
2025-11-14T05:50:00Z,25095.0,25107.25,25093.5,25104.0,589
2025-11-14T05:55:00Z,25103.75,25104.5,25094.0,25101.25,321
2025-11-14T06:00:00Z,25100.25,25103.5,25068.75,25077.0,955
2025-11-14T06:05:00Z,25077.5,25096.0,25076.5,25086.25,500
2025-11-14T06:10:00Z,25085.75,25095.0,25076.75,25079.25,467
2025-11-14T06:15:00Z,25080.0,25085.0,25064.5,25074.75,663
2025-11-14T06:20:00Z,25074.75,25080.75,25055.5,25055.5,576
2025-11-14T06:25:00Z,25055.5,25058.75,25041.25,25047.5,837
2025-11-14T06:30:00Z,25049.25,25058.75,25038.5,25057.25,587
2025-11-14T06:35:00Z,25058.0,25059.25,25025.0,25028.25,714
2025-11-14T06:40:00Z,25029.5,25047.0,25005.0,25046.75,1245
2025-11-14T06:45:00Z,25046.5,25049.0,25015.0,25030.75,822
2025-11-14T06:50:00Z,25030.5,25051.5,25021.75,25050.75,661
2025-11-14T06:55:00Z,25047.75,25072.5,25047.75,25069.5,830
2025-11-14T07:00:00Z,25067.5,25073.75,25030.0,25031.5,934
2025-11-14T07:05:00Z,25031.75,25036.75,24996.75,25009.0,1045
2025-11-14T07:10:00Z,25008.75,25019.5,24976.0,24981.5,1754
2025-11-14T07:15:00Z,24981.25,24985.75,24937.0,24942.5,2934
2025-11-14T07:20:00Z,24944.25,24967.25,24932.5,24954.25,1805
2025-11-14T07:25:00Z,24956.25,24973.0,24943.0,24971.0,1136
2025-11-14T07:30:00Z,24969.75,24988.25,24965.75,24980.75,812
2025-11-14T07:35:00Z,24979.75,24997.5,24967.75,24986.25,1010
2025-11-14T07:40:00Z,24985.5,24992.5,24972.0,24980.0,675
2025-11-14T07:45:00Z,24982.5,25001.25,24981.0,24994.25,780
2025-11-14T07:50:00Z,24994.25,25022.75,24987.25,24990.25,1260
2025-11-14T07:55:00Z,24990.75,25010.0,24990.5,25000.25,872
2025-11-14T08:00:00Z,25000.75,25012.0,24981.25,24997.25,1160
2025-11-14T08:05:00Z,24996.75,24998.75,24961.75,24963.75,1335
2025-11-14T08:10:00Z,24965.75,24980.75,24955.25,24956.25,948
2025-11-14T08:15:00Z,24957.5,24972.25,24943.5,24966.5,1236
2025-11-14T08:20:00Z,24965.25,24969.75,24927.75,24935.0,1418
2025-11-14T08:25:00Z,24934.75,24964.5,24923.5,24946.75,1429
2025-11-14T08:30:00Z,24948.5,24961.0,24928.0,24946.75,1405
2025-11-14T08:35:00Z,24945.75,24968.5,24944.75,24951.0,959
2025-11-14T08:40:00Z,24951.0,24951.5,24900.25,24934.5,2069
2025-11-14T08:45:00Z,24934.5,24935.0,24908.75,24921.0,1310
2025-11-14T08:50:00Z,24921.25,24968.0,24921.25,24967.0,884
2025-11-14T08:55:00Z,24966.0,24986.25,24966.0,24984.5,848
2025-11-14T09:00:00Z,24984.0,25039.75,24975.75,25013.5,2077
2025-11-14T09:05:00Z,25013.75,25030.5,24995.5,25019.0,1127
2025-11-14T09:10:00Z,25019.25,25019.75,24989.0,24995.5,630
2025-11-14T09:15:00Z,24996.5,25000.5,24979.75,24981.0,693
2025-11-14T09:20:00Z,24982.75,24997.0,24974.5,24994.75,773
2025-11-14T09:25:00Z,24993.5,24995.0,24975.25,24975.25,522
2025-11-14T09:30:00Z,24976.0,24981.25,24949.25,24952.25,1029
2025-11-14T09:35:00Z,24953.25,24970.0,24950.5,24962.5,547
2025-11-14T09:40:00Z,24963.5,24973.25,24958.5,24964.25,576
2025-11-14T09:45:00Z,24964.25,24965.0,24928.75,24939.25,1031
2025-11-14T09:50:00Z,24939.5,24967.0,24934.0,24956.0,740
2025-11-14T09:55:00Z,24955.5,24955.5,24940.75,24941.0,581
2025-11-14T10:00:00Z,24938.75,24957.75,24927.5,24945.5,717
2025-11-14T10:05:00Z,24944.75,24976.0,24943.0,24975.75,721
2025-11-14T10:10:00Z,24975.0,24986.0,24970.25,24978.5,566
2025-11-14T10:15:00Z,24978.0,24978.0,24958.25,24966.0,569
2025-11-14T10:20:00Z,24965.5,24979.5,24953.5,24956.25,505
2025-11-14T10:25:00Z,24956.5,24977.0,24956.5,24974.0,244
2025-11-14T10:30:00Z,24974.25,24989.0,24972.5,24987.5,364
2025-11-14T10:35:00Z,24986.75,24994.25,24974.75,24979.0,537
2025-11-14T10:40:00Z,24982.25,24983.25,24966.75,24981.75,424
2025-11-14T10:45:00Z,24981.75,24982.75,24968.25,24976.5,350
2025-11-14T10:50:00Z,24975.0,24981.5,24945.0,24948.25,544
2025-11-14T10:55:00Z,24947.5,24952.0,24931.0,24944.75,708
2025-11-14T11:00:00Z,24943.5,24943.5,24918.0,24920.0,880
2025-11-14T11:05:00Z,24920.5,24920.75,24888.0,24894.0,1426
2025-11-14T11:10:00Z,24893.75,24895.25,24854.25,24863.5,2061
2025-11-14T11:15:00Z,24863.75,24874.25,24825.75,24830.25,2783
2025-11-14T11:20:00Z,24830.75,24851.0,24818.0,24844.75,1663
2025-11-14T11:25:00Z,24845.0,24850.75,24826.25,24842.0,889
2025-11-14T11:30:00Z,24842.25,24850.5,24823.5,24839.25,1220
2025-11-14T11:35:00Z,24840.75,24842.75,24804.5,24810.75,1753
2025-11-14T11:40:00Z,24810.25,24822.0,24798.25,24811.75,1639
2025-11-14T11:45:00Z,24811.0,24812.75,24778.0,24803.75,2371
2025-11-14T11:50:00Z,24804.25,24806.0,24775.75,24794.75,1500
2025-11-14T11:55:00Z,24795.0,24833.5,24787.75,24828.5,1709
2025-11-14T12:00:00Z,24830.0,24833.0,24770.75,24773.5,2297
2025-11-14T12:05:00Z,24773.0,24789.25,24755.5,24760.75,2388
2025-11-14T12:10:00Z,24758.75,24782.5,24748.0,24751.75,1900
2025-11-14T12:15:00Z,24751.75,24773.5,24746.0,24749.5,2051
2025-11-14T12:20:00Z,24749.0,24761.75,24733.25,24742.75,2220
2025-11-14T12:25:00Z,24742.75,24783.5,24739.75,24766.0,2108
2025-11-14T12:30:00Z,24766.5,24774.75,24724.5,24740.0,1879
2025-11-14T12:35:00Z,24740.75,24745.5,24688.5,24689.75,3237
2025-11-14T12:40:00Z,24690.0,24703.75,24670.5,24697.25,3610
2025-11-14T12:45:00Z,24697.0,24727.0,24672.75,24726.75,2464
2025-11-14T12:50:00Z,24726.0,24743.25,24719.25,24729.5,1813
2025-11-14T12:55:00Z,24730.0,24736.0,24709.75,24724.25,1883
2025-11-14T13:00:00Z,24724.0,24766.25,24720.75,24763.75,3030
2025-11-14T13:05:00Z,24764.0,24765.0,24726.25,24735.25,1877
2025-11-14T13:10:00Z,24734.75,24752.75,24712.75,24752.75,2083
2025-11-14T13:15:00Z,24752.5,24755.75,24713.25,24713.25,1766
2025-11-14T13:20:00Z,24712.5,24716.75,24670.5,24691.0,2654
2025-11-14T13:25:00Z,24690.0,24715.5,24687.25,24710.0,1747
2025-11-14T13:30:00Z,24710.0,24727.25,24682.75,24691.25,2358
2025-11-14T13:35:00Z,24690.75,24699.75,24676.0,24680.0,2174
2025-11-14T13:40:00Z,24680.75,24695.75,24657.0,24671.5,3493
2025-11-14T13:45:00Z,24672.0,24724.25,24657.75,24722.0,3093
2025-11-14T13:50:00Z,24722.0,24739.5,24710.75,24725.5,3006
2025-11-14T13:55:00Z,24725.25,24730.25,24697.5,24716.75,3260
2025-11-14T14:00:00Z,24717.0,24748.5,24699.0,24745.75,3178
2025-11-14T14:05:00Z,24745.75,24753.5,24735.0,24742.0,3302
2025-11-14T14:10:00Z,24741.25,24742.75,24722.5,24726.25,2098
2025-11-14T14:15:00Z,24726.0,24763.75,24725.25,24758.25,2539
2025-11-14T14:20:00Z,24757.5,24758.25,24743.75,24754.75,1826
2025-11-14T14:25:00Z,24754.0,24756.0,24715.75,24723.25,7139
2025-11-14T14:30:00Z,24723.5,24760.25,24626.5,24643.5,23117
2025-11-14T14:35:00Z,24643.5,24818.75,24642.75,24801.0,22877
2025-11-14T14:40:00Z,24800.5,24844.75,24778.0,24834.5,18362
2025-11-14T14:45:00Z,24834.25,24916.5,24818.75,24895.0,20280
2025-11-14T14:50:00Z,24895.5,24954.75,24859.5,24933.0,17439
2025-11-14T14:55:00Z,24932.25,24970.25,24923.75,24953.0,15052
2025-11-14T15:00:00Z,24953.0,24961.75,24902.25,24911.5,14556
2025-11-14T15:05:00Z,24911.25,24984.0,24896.0,24940.75,14931
2025-11-14T15:10:00Z,24939.75,24972.75,24863.25,24895.0,13269
2025-11-14T15:15:00Z,24894.75,24987.0,24890.0,24932.0,12686
2025-11-14T15:20:00Z,24932.5,24962.25,24908.75,24930.0,9686
2025-11-14T15:25:00Z,24930.0,25028.5,24902.0,25009.5,13996
2025-11-14T15:30:00Z,25010.25,25028.0,24977.25,25010.25,12052
2025-11-14T15:35:00Z,25009.25,25079.75,24998.75,25075.5,13197
2025-11-14T15:40:00Z,25075.25,25099.0,25058.5,25094.0,11015
2025-11-14T15:45:00Z,25093.75,25179.0,25085.25,25150.75,15317
2025-11-14T15:50:00Z,25151.25,25169.25,25122.0,25142.75,9089
2025-11-14T15:55:00Z,25142.5,25147.0,25098.0,25143.0,9613
2025-11-14T16:00:00Z,25142.5,25161.25,25088.0,25099.25,8937
2025-11-14T16:05:00Z,25098.75,25112.25,25069.0,25110.75,7448
2025-11-14T16:10:00Z,25111.0,25143.5,25103.5,25117.0,6762
2025-11-14T16:15:00Z,25117.0,25177.5,25117.0,25170.5,7055
2025-11-14T16:20:00Z,25170.25,25222.0,25151.5,25222.0,8595
2025-11-14T16:25:00Z,25222.25,25268.25,25218.25,25241.0,10392
2025-11-14T16:30:00Z,25241.25,25247.25,25207.25,25216.0,7050
2025-11-14T16:35:00Z,25216.5,25260.0,25209.0,25247.75,5736
2025-11-14T16:40:00Z,25248.5,25266.5,25202.5,25213.0,7035
2025-11-14T16:45:00Z,25212.5,25225.5,25176.25,25222.0,7744
2025-11-14T16:50:00Z,25222.0,25248.75,25220.5,25242.5,4760
2025-11-14T16:55:00Z,25243.0,25258.75,25227.75,25247.75,5565
2025-11-14T17:00:00Z,25247.75,25251.0,25221.75,25247.5,5581
2025-11-14T17:05:00Z,25247.5,25264.75,25230.5,25260.75,5950
2025-11-14T17:10:00Z,25260.5,25293.25,25260.0,25279.75,6688
2025-11-14T17:15:00Z,25280.0,25284.75,25252.0,25268.5,5064
2025-11-14T17:20:00Z,25268.0,25279.25,25253.5,25261.0,4696
2025-11-14T17:25:00Z,25260.5,25270.25,25231.75,25263.75,5952
2025-11-14T17:30:00Z,25264.0,25265.75,25224.25,25243.5,5411
2025-11-14T17:35:00Z,25243.5,25284.5,25240.75,25277.75,5027
2025-11-14T17:40:00Z,25278.0,25280.0,25235.5,25245.25,5535
2025-11-14T17:45:00Z,25244.5,25264.5,25198.75,25201.0,6755
2025-11-14T17:50:00Z,25201.25,25220.75,25160.25,25210.75,10523
2025-11-14T17:55:00Z,25211.0,25218.5,25184.5,25203.5,5842
2025-11-14T18:00:00Z,25204.0,25206.25,25135.0,25140.75,9999
2025-11-14T18:05:00Z,25140.25,25171.25,25121.25,25170.5,8723
2025-11-14T18:10:00Z,25171.0,25224.25,25153.75,25220.25,8301
2025-11-14T18:15:00Z,25220.0,25221.0,25153.25,25165.25,6225
2025-11-14T18:20:00Z,25165.0,25169.75,25122.5,25145.0,6121
2025-11-14T18:25:00Z,25145.75,25168.5,25131.0,25165.5,4352
2025-11-14T18:30:00Z,25165.0,25189.75,25148.75,25176.5,5461
2025-11-14T18:35:00Z,25176.75,25181.0,25112.75,25121.5,5297
2025-11-14T18:40:00Z,25120.75,25126.25,25088.25,25096.0,6046
2025-11-14T18:45:00Z,25095.25,25114.25,25090.25,25108.5,4988
2025-11-14T18:50:00Z,25109.5,25189.75,25109.5,25186.0,6974
2025-11-14T18:55:00Z,25186.75,25198.0,25157.25,25172.75,5766
2025-11-14T19:00:00Z,25172.5,25184.25,25149.5,25155.0,4538
2025-11-14T19:05:00Z,25156.0,25168.75,25124.5,25140.75,4572
2025-11-14T19:10:00Z,25140.75,25158.0,25125.0,25152.5,3460
2025-11-14T19:15:00Z,25152.5,25175.5,25150.25,25162.5,3746
2025-11-14T19:20:00Z,25161.25,25221.25,25161.25,25213.25,4551
2025-11-14T19:25:00Z,25215.0,25217.0,25182.0,25203.0,4241
2025-11-14T19:30:00Z,25203.0,25219.0,25183.5,25194.75,4256
2025-11-14T19:35:00Z,25194.75,25217.75,25186.0,25212.25,2554
2025-11-14T19:40:00Z,25211.5,25213.0,25193.75,25203.5,3052
2025-11-14T19:45:00Z,25204.0,25241.75,25202.0,25215.0,5163
2025-11-14T19:50:00Z,25213.0,25240.0,25207.25,25220.75,3015
2025-11-14T19:55:00Z,25221.5,25234.0,25207.0,25228.0,3501
2025-11-14T20:00:00Z,25228.0,25251.25,25220.0,25234.0,5105
2025-11-14T20:05:00Z,25234.25,25237.25,25191.0,25199.75,4336
2025-11-14T20:10:00Z,25200.5,25220.25,25179.0,25187.5,3674
2025-11-14T20:15:00Z,25187.5,25194.0,25149.0,25154.25,4582
2025-11-14T20:20:00Z,25154.75,25160.75,25122.5,25143.75,5430
2025-11-14T20:25:00Z,25143.75,25151.5,25125.75,25140.5,3885
2025-11-14T20:30:00Z,25140.0,25163.5,25124.75,25151.0,4935
2025-11-14T20:35:00Z,25151.0,25161.25,25123.75,25131.5,4325
2025-11-14T20:40:00Z,25131.5,25132.25,25103.75,25107.25,5500
2025-11-14T20:45:00Z,25107.75,25129.0,25071.5,25072.25,6044
2025-11-14T20:50:00Z,25071.25,25114.5,25071.25,25086.0,8403
2025-11-14T20:55:00Z,25086.0,25105.5,25076.75,25103.25,15874
2025-11-14T21:00:00Z,25105.5,25109.75,25076.0,25098.0,7544
2025-11-14T21:05:00Z,25097.75,25124.0,25077.0,25110.5,5297
2025-11-14T21:10:00Z,25111.5,25141.5,25108.0,25132.25,2646
2025-11-14T21:15:00Z,25132.5,25155.25,25130.75,25153.5,1477
2025-11-14T21:20:00Z,25153.75,25162.5,25149.25,25153.5,1426
2025-11-14T21:25:00Z,25154.0,25161.0,25147.25,25154.5,894
2025-11-14T21:30:00Z,25154.5,25156.5,25146.75,25149.5,1015
2025-11-14T21:35:00Z,25149.5,25152.0,25131.5,25135.0,1046
2025-11-14T21:40:00Z,25134.5,25147.0,25130.5,25136.75,577
2025-11-14T21:45:00Z,25137.0,25141.5,25132.5,25140.5,435
2025-11-14T21:50:00Z,25141.0,25141.25,25130.0,25133.0,456
2025-11-14T21:55:00Z,25133.25,25142.0,25132.0,25140.0,519
2025-11-16T23:10:00Z,25073.0,25104.5,25056.5,25100.0,727
2025-11-16T23:15:00Z,25099.5,25132.5,25091.0,25130.5,1138
2025-11-16T23:20:00Z,25131.25,25146.5,25131.25,25141.5,834
2025-11-16T23:25:00Z,25141.0,25150.0,25128.75,25135.0,617
2025-11-16T23:30:00Z,25133.25,25160.75,25130.5,25146.0,861
2025-11-16T23:35:00Z,25147.0,25182.5,25146.25,25171.25,1181
2025-11-16T23:40:00Z,25170.5,25175.75,25163.5,25167.75,363
2025-11-16T23:45:00Z,25168.5,25178.5,25162.75,25167.5,463
2025-11-16T23:50:00Z,25165.25,25188.25,25159.0,25185.75,646
2025-11-16T23:55:00Z,25187.25,25188.0,25166.0,25170.75,444
2025-11-17T00:00:00Z,25169.25,25184.5,25169.0,25181.0,561
2025-11-17T00:05:00Z,25180.25,25184.0,25139.75,25140.25,944
2025-11-17T00:10:00Z,25141.75,25159.0,25125.0,25146.75,1164
2025-11-17T00:15:00Z,25147.0,25149.0,25115.75,25131.75,994
2025-11-17T00:20:00Z,25131.5,25142.25,25114.0,25124.75,788
2025-11-17T00:25:00Z,25123.0,25180.25,25122.5,25180.25,1005
2025-11-17T00:30:00Z,25180.5,25237.5,25177.75,25232.75,2209
2025-11-17T00:35:00Z,25231.75,25241.0,25220.0,25235.75,843
2025-11-17T00:40:00Z,25236.5,25237.25,25217.75,25225.25,660
2025-11-17T00:45:00Z,25224.0,25243.5,25224.0,25238.0,572
2025-11-17T00:50:00Z,25237.0,25241.5,25227.25,25231.25,518
2025-11-17T00:55:00Z,25231.25,25238.25,25225.75,25232.25,403
2025-11-17T01:00:00Z,25231.75,25236.25,25206.0,25212.0,988
2025-11-17T01:05:00Z,25213.75,25229.5,25208.0,25219.0,807
2025-11-17T01:10:00Z,25219.75,25251.0,25219.75,25241.0,1231
2025-11-17T01:15:00Z,25241.25,25255.0,25237.0,25245.25,790
2025-11-17T01:20:00Z,25246.25,25257.5,25238.75,25242.5,720
2025-11-17T01:25:00Z,25240.75,25248.5,25237.0,25237.75,374
2025-11-17T01:30:00Z,25238.25,25243.25,25230.0,25237.25,513
2025-11-17T01:35:00Z,25237.25,25246.25,25232.5,25238.0,545
2025-11-17T01:40:00Z,25238.75,25241.0,25219.0,25224.0,572
2025-11-17T01:45:00Z,25223.25,25232.25,25220.25,25227.0,460
2025-11-17T01:50:00Z,25226.25,25228.0,25200.75,25204.0,826
2025-11-17T01:55:00Z,25204.25,25217.25,25197.75,25198.0,883
2025-11-17T02:00:00Z,25199.75,25214.5,25199.75,25214.5,416
2025-11-17T02:05:00Z,25213.25,25247.75,25211.0,25215.5,1228
2025-11-17T02:10:00Z,25216.25,25244.75,25216.25,25238.5,576
2025-11-17T02:15:00Z,25237.5,25246.5,25232.75,25239.75,435
2025-11-17T02:20:00Z,25239.0,25239.0,25226.25,25231.75,392
2025-11-17T02:25:00Z,25231.5,25233.0,25204.5,25206.75,527
2025-11-17T02:30:00Z,25206.25,25218.5,25205.5,25211.75,384
2025-11-17T02:35:00Z,25211.75,25228.5,25211.5,25226.0,346
2025-11-17T02:40:00Z,25225.0,25229.0,25216.25,25222.5,303
2025-11-17T02:45:00Z,25222.75,25244.75,25222.0,25242.0,454
2025-11-17T02:50:00Z,25241.75,25256.0,25240.25,25251.5,741
2025-11-17T02:55:00Z,25251.75,25259.25,25248.75,25252.75,446
2025-11-17T03:00:00Z,25251.0,25269.75,25247.5,25262.0,618
2025-11-17T03:05:00Z,25261.75,25263.5,25254.0,25259.5,475
2025-11-17T03:10:00Z,25260.25,25268.0,25256.0,25260.5,340
2025-11-17T03:15:00Z,25261.0,25266.0,25244.5,25254.5,451
2025-11-17T03:20:00Z,25253.75,25262.0,25249.25,25252.5,275
2025-11-17T03:25:00Z,25252.25,25253.25,25243.25,25244.25,256
2025-11-17T03:30:00Z,25244.25,25247.75,25236.5,25242.75,435
2025-11-17T03:35:00Z,25242.25,25249.25,25240.0,25243.75,242
2025-11-17T03:40:00Z,25243.75,25252.25,25243.0,25246.75,277
2025-11-17T03:45:00Z,25247.5,25259.0,25241.75,25253.25,339
2025-11-17T03:50:00Z,25252.75,25267.75,25252.25,25258.25,369
2025-11-17T03:55:00Z,25259.0,25265.5,25255.0,25265.5,223
2025-11-17T04:00:00Z,25265.5,25267.75,25257.0,25264.5,266
2025-11-17T04:05:00Z,25264.0,25274.0,25261.25,25266.0,443
2025-11-17T04:10:00Z,25265.25,25272.75,25260.0,25270.25,311
2025-11-17T04:15:00Z,25271.5,25278.0,25264.25,25268.5,382
2025-11-17T04:20:00Z,25268.75,25284.75,25268.75,25278.25,434
2025-11-17T04:25:00Z,25278.25,25283.5,25276.75,25282.5,175
2025-11-17T04:30:00Z,25282.5,25284.0,25267.0,25273.25,411
2025-11-17T04:35:00Z,25273.0,25280.0,25268.25,25269.0,257
2025-11-17T04:40:00Z,25269.5,25280.0,25269.0,25276.75,240
2025-11-17T04:45:00Z,25277.25,25282.0,25275.75,25278.25,192
2025-11-17T04:50:00Z,25278.25,25283.0,25275.25,25280.0,152
2025-11-17T04:55:00Z,25278.25,25283.0,25272.5,25273.0,131
2025-11-17T05:00:00Z,25275.25,25282.5,25274.0,25276.75,318
2025-11-17T05:05:00Z,25276.25,25286.25,25266.25,25269.0,555
2025-11-17T05:10:00Z,25269.5,25277.0,25266.25,25275.0,369
2025-11-17T05:15:00Z,25275.75,25284.25,25269.75,25276.5,388
2025-11-17T05:20:00Z,25275.75,25278.5,25260.25,25273.75,497
2025-11-17T05:25:00Z,25274.25,25280.25,25261.0,25271.5,468
2025-11-17T05:30:00Z,25271.5,25277.75,25262.75,25265.0,314
2025-11-17T05:35:00Z,25264.75,25266.25,25253.5,25258.75,416
2025-11-17T05:40:00Z,25259.25,25268.0,25258.5,25261.75,239
2025-11-17T05:45:00Z,25261.0,25268.0,25258.5,25266.25,186
2025-11-17T05:50:00Z,25265.75,25266.75,25250.75,25253.25,349
2025-11-17T05:55:00Z,25253.0,25253.25,25240.75,25246.25,449
2025-11-17T06:00:00Z,25246.75,25254.75,25242.5,25252.75,412
2025-11-17T06:05:00Z,25252.75,25262.25,25248.0,25250.25,248
2025-11-17T06:10:00Z,25250.25,25251.25,25238.75,25251.25,356
2025-11-17T06:15:00Z,25250.75,25265.5,25245.5,25260.75,399
2025-11-17T06:20:00Z,25260.75,25271.25,25257.75,25259.0,420
2025-11-17T06:25:00Z,25259.25,25266.25,25256.5,25261.0,240
2025-11-17T06:30:00Z,25262.75,25267.25,25245.25,25249.25,374
2025-11-17T06:35:00Z,25247.5,25255.5,25245.0,25245.25,326
2025-11-17T06:40:00Z,25245.5,25248.5,25232.0,25243.0,737
2025-11-17T06:45:00Z,25242.0,25248.0,25235.25,25238.0,264
2025-11-17T06:50:00Z,25237.25,25238.75,25229.0,25230.0,361
2025-11-17T06:55:00Z,25229.75,25245.5,25229.25,25238.0,266
2025-11-17T07:00:00Z,25236.25,25247.5,25231.0,25241.75,444
2025-11-17T07:05:00Z,25241.5,25262.0,25239.75,25259.0,482
2025-11-17T07:10:00Z,25259.0,25290.0,25257.0,25284.5,883
2025-11-17T07:15:00Z,25285.0,25306.0,25281.0,25300.25,1072
2025-11-17T07:20:00Z,25299.75,25326.75,25297.25,25319.5,1038
2025-11-17T07:25:00Z,25318.0,25325.75,25310.75,25320.25,807
2025-11-17T07:30:00Z,25320.75,25327.75,25312.0,25321.75,692
2025-11-17T07:35:00Z,25321.0,25324.5,25308.75,25319.25,757
2025-11-17T07:40:00Z,25319.25,25321.25,25313.5,25318.5,356
2025-11-17T07:45:00Z,25319.25,25324.75,25312.5,25317.5,380
2025-11-17T07:50:00Z,25316.75,25323.75,25314.25,25320.75,354
2025-11-17T07:55:00Z,25320.75,25323.0,25312.0,25312.25,350
2025-11-17T08:00:00Z,25314.5,25336.5,25302.25,25336.0,1232
2025-11-17T08:05:00Z,25335.0,25338.5,25324.25,25326.0,969
2025-11-17T08:10:00Z,25326.5,25341.25,25322.5,25339.25,624
2025-11-17T08:15:00Z,25339.25,25340.75,25325.0,25336.25,622
2025-11-17T08:20:00Z,25336.75,25350.75,25333.75,25344.25,893
2025-11-17T08:25:00Z,25344.5,25352.25,25325.75,25331.75,798
2025-11-17T08:30:00Z,25331.75,25349.5,25327.5,25348.5,599
2025-11-17T08:35:00Z,25348.25,25358.75,25338.75,25356.0,648
2025-11-17T08:40:00Z,25357.0,25360.0,25347.75,25349.0,514
2025-11-17T08:45:00Z,25348.75,25349.0,25337.5,25342.75,556
2025-11-17T08:50:00Z,25343.25,25358.75,25340.25,25347.25,567
2025-11-17T08:55:00Z,25347.25,25361.25,25346.5,25355.25,649
2025-11-17T09:00:00Z,25355.25,25360.5,25300.25,25312.0,1689
2025-11-17T09:05:00Z,25309.75,25327.75,25303.25,25326.5,779
2025-11-17T09:10:00Z,25326.0,25333.25,25314.0,25315.0,632
2025-11-17T09:15:00Z,25317.5,25323.75,25303.0,25306.0,618
2025-11-17T09:20:00Z,25306.25,25319.25,25303.5,25307.75,541
2025-11-17T09:25:00Z,25307.5,25317.25,25303.75,25310.75,373
2025-11-17T09:30:00Z,25310.5,25320.0,25295.75,25297.5,595
2025-11-17T09:35:00Z,25298.25,25298.25,25264.5,25277.75,1385
2025-11-17T09:40:00Z,25279.25,25292.5,25276.5,25287.25,607
2025-11-17T09:45:00Z,25288.5,25295.25,25282.25,25293.0,394
2025-11-17T09:50:00Z,25292.25,25292.25,25272.5,25277.75,494
2025-11-17T09:55:00Z,25279.0,25287.25,25277.0,25284.25,298
2025-11-17T10:00:00Z,25284.0,25284.0,25265.5,25270.0,605
2025-11-17T10:05:00Z,25269.0,25276.5,25265.25,25270.0,498
2025-11-17T10:10:00Z,25268.0,25290.75,25267.25,25281.0,561
2025-11-17T10:15:00Z,25279.0,25279.5,25237.25,25245.5,961
2025-11-17T10:20:00Z,25245.5,25253.0,25230.0,25240.5,763
2025-11-17T10:25:00Z,25241.25,25256.25,25219.0,25225.75,828
2025-11-17T10:30:00Z,25226.5,25229.0,25204.25,25218.75,812
2025-11-17T10:35:00Z,25218.75,25246.5,25218.75,25233.25,639
2025-11-17T10:40:00Z,25232.25,25232.25,25205.0,25207.5,532
2025-11-17T10:45:00Z,25207.25,25229.0,25196.25,25201.75,888
2025-11-17T10:50:00Z,25200.75,25202.5,25168.75,25187.0,1173
2025-11-17T10:55:00Z,25187.25,25200.0,25181.5,25199.0,668
2025-11-17T11:00:00Z,25199.25,25199.5,25175.0,25179.75,862
2025-11-17T11:05:00Z,25180.5,25197.0,25170.5,25191.0,719
2025-11-17T11:10:00Z,25191.75,25214.25,25179.5,25210.75,581
2025-11-17T11:15:00Z,25213.0,25226.5,25202.0,25224.0,890
2025-11-17T11:20:00Z,25222.0,25223.75,25203.0,25216.5,542
2025-11-17T11:25:00Z,25214.25,25218.75,25205.25,25208.25,354
2025-11-17T11:30:00Z,25209.0,25244.5,25201.0,25238.0,978
2025-11-17T11:35:00Z,25237.5,25241.0,25220.5,25223.0,485
2025-11-17T11:40:00Z,25223.0,25223.25,25203.25,25204.75,616
2025-11-17T11:45:00Z,25206.25,25211.75,25192.0,25198.0,530
2025-11-17T11:50:00Z,25197.25,25226.75,25196.0,25226.75,388
2025-11-17T11:55:00Z,25223.75,25227.75,25191.5,25202.75,636
2025-11-17T12:00:00Z,25203.25,25203.5,25141.25,25145.0,1740
2025-11-17T12:05:00Z,25144.75,25167.75,25144.75,25157.0,763
2025-11-17T12:10:00Z,25156.5,25164.75,25140.0,25153.25,693
2025-11-17T12:15:00Z,25153.5,25170.25,25152.75,25165.75,579
2025-11-17T12:20:00Z,25166.0,25173.25,25151.75,25167.0,668
2025-11-17T12:25:00Z,25166.75,25175.25,25148.5,25149.25,680
2025-11-17T12:30:00Z,25150.0,25162.25,25132.0,25150.5,1258
2025-11-17T12:35:00Z,25150.75,25158.25,25134.5,25145.0,742
2025-11-17T12:40:00Z,25144.25,25150.5,25126.25,25143.5,1337
2025-11-17T12:45:00Z,25145.5,25147.0,25116.0,25136.25,1223
2025-11-17T12:50:00Z,25136.75,25138.5,25113.0,25114.75,736
2025-11-17T12:55:00Z,25114.0,25141.0,25112.0,25131.0,765
2025-11-17T13:00:00Z,25131.0,25139.5,25115.0,25115.5,965
2025-11-17T13:05:00Z,25116.5,25133.75,25095.0,25095.0,1656
2025-11-17T13:10:00Z,25095.5,25097.75,25056.0,25073.25,2636
2025-11-17T13:15:00Z,25072.25,25112.75,25068.75,25096.25,1498
2025-11-17T13:20:00Z,25096.75,25104.25,25081.5,25086.5,1033
2025-11-17T13:25:00Z,25086.75,25106.25,25080.5,25098.25,889
2025-11-17T13:30:00Z,25098.25,25098.25,25056.25,25060.5,1742
2025-11-17T13:35:00Z,25061.25,25073.75,25052.75,25057.0,1322
2025-11-17T13:40:00Z,25056.0,25056.0,25027.0,25027.75,2001
2025-11-17T13:45:00Z,25029.0,25049.5,25023.75,25031.75,1938
2025-11-17T13:50:00Z,25031.0,25050.5,25010.0,25046.25,2694
2025-11-17T13:55:00Z,25045.75,25079.75,25042.5,25078.25,1876
2025-11-17T14:00:00Z,25078.5,25079.0,25045.75,25058.25,2368
2025-11-17T14:05:00Z,25058.25,25061.75,25035.75,25044.75,1416
2025-11-17T14:10:00Z,25045.75,25047.75,25015.25,25026.5,2229
2025-11-17T14:15:00Z,25026.75,25046.0,25026.25,25033.25,2080
2025-11-17T14:20:00Z,25032.75,25052.0,25024.5,25027.0,2035
2025-11-17T14:25:00Z,25027.25,25033.0,24988.75,24997.75,4718
2025-11-17T14:30:00Z,24997.75,25098.5,24955.0,25094.5,22804
2025-11-17T14:35:00Z,25094.75,25177.75,25081.75,25171.25,15107
2025-11-17T14:40:00Z,25170.75,25199.75,25142.0,25159.5,13379
2025-11-17T14:45:00Z,25159.0,25228.0,25151.5,25218.5,10624
2025-11-17T14:50:00Z,25218.75,25253.0,25215.0,25236.5,9924
2025-11-17T14:55:00Z,25237.25,25254.0,25189.5,25198.5,9048
2025-11-17T15:00:00Z,25199.25,25216.0,25101.0,25118.5,11981
2025-11-17T15:05:00Z,25118.5,25159.0,25060.75,25081.25,13193
2025-11-17T15:10:00Z,25081.0,25145.0,25078.5,25126.75,9497
2025-11-17T15:15:00Z,25126.5,25141.5,25053.75,25066.25,8676
2025-11-17T15:20:00Z,25065.5,25127.75,25058.5,25096.75,9779
2025-11-17T15:25:00Z,25096.5,25158.0,25070.0,25137.25,8408
2025-11-17T15:30:00Z,25137.0,25156.5,25058.25,25087.75,9356
2025-11-17T15:35:00Z,25087.0,25114.25,25067.5,25076.75,7104
2025-11-17T15:40:00Z,25077.25,25136.75,25061.0,25135.5,7108
2025-11-17T15:45:00Z,25135.5,25150.5,25091.25,25108.0,7789
2025-11-17T15:50:00Z,25108.0,25121.75,25077.5,25100.75,6162
2025-11-17T15:55:00Z,25101.5,25115.5,25059.5,25080.5,5852
2025-11-17T16:00:00Z,25080.5,25097.25,25029.5,25055.5,8233
2025-11-17T16:05:00Z,25056.25,25059.75,24992.25,25006.5,7511
2025-11-17T16:10:00Z,25006.0,25025.25,24977.75,24988.5,7503
2025-11-17T16:15:00Z,24988.75,24988.75,24947.75,24961.5,8918
2025-11-17T16:20:00Z,24961.0,24993.0,24945.0,24987.5,7203
2025-11-17T16:25:00Z,24987.75,25071.75,24969.0,25070.0,8447
2025-11-17T16:30:00Z,25070.0,25110.0,25064.75,25098.5,7973
2025-11-17T16:35:00Z,25098.75,25124.5,25078.5,25114.75,6242
2025-11-17T16:40:00Z,25114.75,25156.0,25112.75,25140.25,6953
2025-11-17T16:45:00Z,25140.25,25162.75,25131.0,25150.0,5476
2025-11-17T16:50:00Z,25149.25,25186.0,25149.25,25175.25,6855
2025-11-17T16:55:00Z,25174.75,25201.0,25150.75,25196.75,6890
2025-11-17T17:00:00Z,25196.25,25199.75,25167.0,25176.0,5084
2025-11-17T17:05:00Z,25174.75,25186.5,25160.25,25180.75,4156
2025-11-17T17:10:00Z,25181.5,25184.5,25148.25,25164.0,4077
2025-11-17T17:15:00Z,25163.75,25166.25,25123.25,25144.25,5261
2025-11-17T17:20:00Z,25144.0,25161.5,25127.75,25149.0,4838
2025-11-17T17:25:00Z,25149.5,25157.5,25126.5,25149.5,3841
2025-11-17T17:30:00Z,25149.75,25158.75,25130.25,25151.75,3818
2025-11-17T17:35:00Z,25151.5,25164.75,25103.75,25111.25,5556
2025-11-17T17:40:00Z,25111.5,25112.25,25073.5,25076.0,6496
2025-11-17T17:45:00Z,25076.0,25078.5,25038.25,25068.75,8632
2025-11-17T17:50:00Z,25069.25,25073.75,25017.25,25021.0,5929
2025-11-17T17:55:00Z,25021.0,25032.5,24997.0,25001.0,5302
2025-11-17T18:00:00Z,25001.0,25002.5,24961.75,24973.75,7288
2025-11-17T18:05:00Z,24973.5,24990.75,24954.0,24971.25,5656
2025-11-17T18:10:00Z,24971.25,25012.0,24966.0,24987.25,6891
2025-11-17T18:15:00Z,24987.0,25008.75,24966.0,24998.75,5150
2025-11-17T18:20:00Z,25001.0,25015.5,24976.5,24984.25,4699
2025-11-17T18:25:00Z,24984.5,24996.25,24968.75,24982.25,3836
2025-11-17T18:30:00Z,24982.0,24984.75,24958.0,24967.25,4452
2025-11-17T18:35:00Z,24967.25,24991.0,24959.5,24976.0,3803
2025-11-17T18:40:00Z,24976.5,25003.25,24962.5,24998.75,4505
2025-11-17T18:45:00Z,24998.0,25050.75,24996.75,25012.0,7114
2025-11-17T18:50:00Z,25011.5,25026.0,24963.75,24966.25,5737
2025-11-17T18:55:00Z,24965.75,24965.75,24886.75,24895.25,9360
2025-11-17T19:00:00Z,24895.5,24911.0,24851.0,24873.75,8377
2025-11-17T19:05:00Z,24873.25,24902.75,24860.0,24894.25,6828
2025-11-17T19:10:00Z,24893.75,24911.5,24870.5,24880.75,5610
2025-11-17T19:15:00Z,24880.75,24884.25,24847.75,24863.25,5559
2025-11-17T19:20:00Z,24862.75,24874.0,24852.25,24862.0,4155
2025-11-17T19:25:00Z,24861.75,24870.75,24825.0,24867.5,6804
2025-11-17T19:30:00Z,24867.25,24885.5,24817.75,24830.5,7087
2025-11-17T19:35:00Z,24830.75,24846.25,24790.75,24793.0,5360
2025-11-17T19:40:00Z,24792.25,24823.75,24778.25,24819.0,7009
2025-11-17T19:45:00Z,24818.0,24823.25,24771.5,24802.5,6440
2025-11-17T19:50:00Z,24802.5,24817.0,24786.75,24793.25,4983
2025-11-17T19:55:00Z,24793.5,24795.75,24754.25,24756.25,6519
2025-11-17T20:00:00Z,24756.25,24765.25,24731.75,24755.5,7119
2025-11-17T20:05:00Z,24754.75,24790.0,24750.0,24763.5,6234
2025-11-17T20:10:00Z,24762.75,24797.5,24750.0,24753.5,6822
2025-11-17T20:15:00Z,24753.5,24812.5,24744.5,24769.5,6810
2025-11-17T20:20:00Z,24769.25,24805.75,24762.75,24795.5,5611
2025-11-17T20:25:00Z,24796.25,24807.5,24772.75,24788.75,5213
2025-11-17T20:30:00Z,24788.25,24814.25,24760.75,24771.25,6265
2025-11-17T20:35:00Z,24772.0,24805.75,24764.0,24765.75,4271
2025-11-17T20:40:00Z,24766.25,24797.75,24762.0,24796.25,4496
2025-11-17T20:45:00Z,24796.5,24852.0,24794.0,24845.75,8234
2025-11-17T20:50:00Z,24846.75,24887.0,24820.25,24838.75,10032
2025-11-17T20:55:00Z,24839.25,24890.75,24834.0,24887.5,18312
2025-11-17T21:00:00Z,24889.5,24913.5,24885.5,24904.0,8195
2025-11-17T21:05:00Z,24904.25,24913.0,24898.5,24906.25,1970
2025-11-17T21:10:00Z,24906.25,24926.25,24906.0,24920.75,2647
2025-11-17T21:15:00Z,24921.0,24924.0,24909.75,24916.75,1425
2025-11-17T21:20:00Z,24916.75,24920.25,24907.0,24910.75,987
2025-11-17T21:25:00Z,24911.0,24911.25,24888.0,24898.5,1253
2025-11-17T21:30:00Z,24898.75,24901.75,24890.25,24899.75,686
2025-11-17T21:35:00Z,24900.25,24900.25,24879.0,24886.75,1034
2025-11-17T21:40:00Z,24886.25,24890.75,24877.25,24889.75,640
2025-11-17T21:45:00Z,24888.5,24899.5,24887.25,24895.25,717
2025-11-17T21:50:00Z,24896.25,24899.5,24892.0,24898.0,396
2025-11-17T21:55:00Z,24897.75,24909.25,24895.0,24905.5,582
2025-11-17T23:00:00Z,24905.5,24941.75,24895.0,24939.5,0
2025-11-17T23:05:00Z,24939.25,24954.5,24915.0,24917.75,1275
2025-11-17T23:10:00Z,24918.0,24920.75,24901.0,24903.75,402
2025-11-17T23:15:00Z,24903.25,24906.25,24882.0,24890.5,682
2025-11-17T23:20:00Z,24889.5,24914.75,24887.0,24913.25,695
2025-11-17T23:25:00Z,24914.75,24925.0,24910.75,24923.0,399
2025-11-17T23:30:00Z,24923.75,24925.0,24910.25,24922.25,477
2025-11-17T23:35:00Z,24923.0,24934.0,24916.5,24933.5,434
2025-11-17T23:40:00Z,24934.25,24942.25,24917.25,24918.75,398
2025-11-17T23:45:00Z,24917.75,24921.75,24909.5,24913.0,308
2025-11-17T23:50:00Z,24913.5,24919.5,24907.5,24914.0,293
2025-11-17T23:55:00Z,24913.5,24923.75,24911.5,24920.5,283
2025-11-18T00:00:00Z,24920.75,24938.0,24913.5,24922.75,601
2025-11-18T00:05:00Z,24921.5,24935.5,24921.25,24929.5,316
2025-11-18T00:10:00Z,24928.75,24933.75,24915.0,24925.5,409
2025-11-18T00:15:00Z,24927.25,24928.0,24864.0,24878.25,1604
2025-11-18T00:20:00Z,24878.25,24896.0,24869.75,24886.75,749
2025-11-18T00:25:00Z,24888.75,24893.25,24862.25,24864.75,765
2025-11-18T00:30:00Z,24866.0,24876.0,24838.5,24842.5,1100
2025-11-18T00:35:00Z,24842.75,24858.0,24838.0,24840.75,899
2025-11-18T00:40:00Z,24841.5,24851.5,24830.25,24834.75,710
2025-11-18T00:45:00Z,24834.25,24882.0,24834.25,24868.75,1078
2025-11-18T00:50:00Z,24868.25,24891.5,24868.25,24888.5,710
2025-11-18T00:55:00Z,24887.5,24888.25,24851.5,24851.5,633
2025-11-18T01:00:00Z,24852.5,24886.0,24852.5,24880.5,1078
2025-11-18T01:05:00Z,24879.25,24910.0,24872.25,24897.75,897
2025-11-18T01:10:00Z,24899.0,24914.5,24888.0,24902.0,596
2025-11-18T01:15:00Z,24903.0,24949.75,24903.0,24947.25,1254
2025-11-18T01:20:00Z,24947.25,24957.0,24929.5,24935.75,1149
2025-11-18T01:25:00Z,24935.75,24941.0,24907.75,24916.0,887
2025-11-18T01:30:00Z,24916.5,24928.5,24908.0,24920.5,650
2025-11-18T01:35:00Z,24920.75,24940.75,24918.0,24933.25,663
2025-11-18T01:40:00Z,24931.25,24953.5,24931.25,24950.25,730
2025-11-18T01:45:00Z,24950.75,24959.5,24943.25,24943.25,612
2025-11-18T01:50:00Z,24942.5,24946.0,24933.0,24938.5,426
2025-11-18T01:55:00Z,24937.5,24943.5,24933.0,24934.75,310
2025-11-18T02:00:00Z,24934.5,24939.75,24922.5,24935.0,615
2025-11-18T02:05:00Z,24933.75,24945.0,24922.25,24944.5,434
2025-11-18T02:10:00Z,24944.25,24953.75,24923.0,24925.5,434
2025-11-18T02:15:00Z,24926.75,24937.0,24909.25,24912.0,581
2025-11-18T02:20:00Z,24911.5,24941.25,24910.75,24929.75,564
2025-11-18T02:25:00Z,24928.75,24930.75,24916.25,24926.25,379
2025-11-18T02:30:00Z,24926.0,24934.5,24913.5,24915.0,474
2025-11-18T02:35:00Z,24914.0,24922.25,24872.5,24874.25,1311
2025-11-18T02:40:00Z,24873.5,24885.25,24873.25,24875.5,529
2025-11-18T02:45:00Z,24875.0,24881.25,24864.0,24864.25,513
2025-11-18T02:50:00Z,24863.0,24887.0,24862.25,24883.5,512
2025-11-18T02:55:00Z,24882.5,24882.5,24838.0,24840.25,917
2025-11-18T03:00:00Z,24839.75,24840.5,24821.5,24824.5,1164
2025-11-18T03:05:00Z,24825.75,24837.5,24800.5,24822.75,1190
2025-11-18T03:10:00Z,24822.75,24837.0,24807.75,24818.0,779
2025-11-18T03:15:00Z,24818.25,24840.25,24813.25,24829.75,780
2025-11-18T03:20:00Z,24830.0,24841.0,24821.0,24824.0,564
2025-11-18T03:25:00Z,24824.75,24836.5,24801.0,24803.25,606
2025-11-18T03:30:00Z,24803.0,24817.5,24795.5,24816.25,1101
2025-11-18T03:35:00Z,24816.75,24821.5,24785.0,24816.0,1208
2025-11-18T03:40:00Z,24814.75,24817.25,24796.5,24801.25,562
2025-11-18T03:45:00Z,24799.0,24807.0,24778.5,24779.5,1035
2025-11-18T03:50:00Z,24779.25,24791.0,24762.0,24789.0,1242
2025-11-18T03:55:00Z,24791.75,24795.75,24774.75,24785.5,975
2025-11-18T04:00:00Z,24784.75,24784.75,24756.0,24758.0,841
2025-11-18T04:05:00Z,24760.0,24773.5,24748.25,24753.25,911
2025-11-18T04:10:00Z,24753.0,24753.5,24716.5,24716.75,1845
2025-11-18T04:15:00Z,24716.75,24724.75,24634.25,24639.5,3238
2025-11-18T04:20:00Z,24640.75,24659.25,24607.0,24648.0,3174
2025-11-18T04:25:00Z,24648.0,24669.25,24637.25,24650.5,1309
2025-11-18T04:30:00Z,24652.5,24694.0,24652.5,24686.0,1321
2025-11-18T04:35:00Z,24685.25,24695.25,24666.0,24686.75,985
2025-11-18T04:40:00Z,24686.75,24699.0,24673.75,24691.5,690
2025-11-18T04:45:00Z,24690.0,24705.75,24679.75,24700.25,862
2025-11-18T04:50:00Z,24700.25,24726.25,24698.0,24724.75,1023
2025-11-18T04:55:00Z,24723.5,24741.0,24723.5,24732.5,954
2025-11-18T05:05:00Z,24744.0,24744.0,24731.5,24735.25,2803
2025-11-18T05:10:00Z,24735.25,24763.5,24733.75,24754.0,928
2025-11-18T05:15:00Z,24754.5,24761.0,24733.25,24761.0,665
2025-11-18T05:20:00Z,24759.25,24767.5,24743.25,24748.0,517
2025-11-18T05:25:00Z,24747.0,24750.0,24723.25,24727.0,664
2025-11-18T05:30:00Z,24729.0,24744.25,24724.0,24737.5,472
2025-11-18T05:35:00Z,24739.25,24743.75,24728.75,24740.5,357
2025-11-18T05:40:00Z,24739.0,24746.0,24728.25,24740.75,260
2025-11-18T05:45:00Z,24742.0,24754.0,24735.75,24749.25,517
2025-11-18T05:50:00Z,24750.5,24755.0,24720.25,24721.5,690
2025-11-18T05:55:00Z,24722.25,24731.25,24707.25,24709.5,792
2025-11-18T06:00:00Z,24710.25,24738.25,24708.5,24717.5,669
2025-11-18T06:05:00Z,24718.5,24724.0,24696.75,24706.25,704
2025-11-18T06:10:00Z,24707.75,24729.75,24707.75,24724.75,482
2025-11-18T06:15:00Z,24727.5,24747.5,24717.0,24736.0,579
2025-11-18T06:20:00Z,24735.5,24737.0,24712.0,24723.75,543
2025-11-18T06:25:00Z,24724.5,24728.25,24702.5,24720.75,471
2025-11-18T06:30:00Z,24720.25,24720.25,24690.25,24694.0,706
2025-11-18T06:35:00Z,24691.75,24692.25,24640.25,24646.0,1303
2025-11-18T06:40:00Z,24648.75,24673.5,24644.5,24653.25,1361
2025-11-18T06:45:00Z,24652.0,24668.0,24645.75,24666.5,772
2025-11-18T06:50:00Z,24666.0,24666.0,24645.0,24663.0,525
2025-11-18T06:55:00Z,24664.0,24686.5,24646.5,24660.25,924
2025-11-18T07:00:00Z,24659.0,24661.75,24612.25,24615.0,1690
2025-11-18T07:05:00Z,24615.5,24645.75,24603.75,24636.75,1443
2025-11-18T07:10:00Z,24633.5,24645.5,24627.5,24636.0,587
2025-11-18T07:15:00Z,24637.0,24638.5,24614.25,24625.0,883
2025-11-18T07:20:00Z,24624.5,24680.5,24622.25,24675.75,1421
2025-11-18T07:25:00Z,24675.5,24699.5,24663.5,24679.75,1164
2025-11-18T07:30:00Z,24678.25,24728.0,24674.5,24723.25,1046
2025-11-18T07:35:00Z,24725.75,24741.75,24713.25,24732.25,986
2025-11-18T07:40:00Z,24732.25,24741.0,24717.5,24720.5,703
2025-11-18T07:45:00Z,24720.25,24729.75,24711.5,24714.0,638
2025-11-18T07:50:00Z,24711.5,24720.25,24689.5,24690.75,922
2025-11-18T07:55:00Z,24693.0,24709.25,24680.0,24699.75,724
2025-11-18T08:00:00Z,24699.5,24757.75,24697.0,24757.25,1526
2025-11-18T08:05:00Z,24755.75,24778.75,24750.0,24762.25,1616
2025-11-18T08:10:00Z,24762.5,24771.25,24740.0,24748.75,1257
2025-11-18T08:15:00Z,24747.25,24766.0,24729.0,24750.0,1295
2025-11-18T08:20:00Z,24749.25,24759.25,24736.75,24748.25,623
2025-11-18T08:25:00Z,24746.75,24770.0,24734.5,24769.5,836
2025-11-18T08:30:00Z,24769.5,24814.0,24762.75,24808.75,1660
2025-11-18T08:35:00Z,24808.0,24853.0,24806.0,24848.25,1964
2025-11-18T08:40:00Z,24850.0,24857.0,24816.25,24819.0,1326
2025-11-18T08:45:00Z,24818.5,24821.25,24786.75,24793.5,1014
2025-11-18T08:50:00Z,24792.5,24802.25,24779.25,24802.0,871
2025-11-18T08:55:00Z,24800.0,24813.25,24793.75,24802.25,810
2025-11-18T09:00:00Z,24803.25,24818.75,24779.5,24801.0,1250
2025-11-18T09:05:00Z,24803.75,24809.75,24784.25,24797.0,671
2025-11-18T09:10:00Z,24795.75,24829.75,24787.25,24824.5,825
2025-11-18T09:15:00Z,24823.75,24859.5,24821.25,24843.5,1369
2025-11-18T09:20:00Z,24843.5,24843.5,24797.0,24798.75,948
2025-11-18T09:25:00Z,24798.75,24807.25,24791.0,24802.5,699
2025-11-18T09:30:00Z,24800.0,24824.0,24789.75,24799.5,959
2025-11-18T09:35:00Z,24798.0,24801.5,24770.5,24788.0,1235
2025-11-18T09:40:00Z,24787.25,24801.25,24767.0,24799.75,806
2025-11-18T09:45:00Z,24798.75,24806.0,24788.75,24797.75,435
2025-11-18T09:50:00Z,24796.75,24835.25,24796.75,24822.25,812
2025-11-18T09:55:00Z,24823.0,24849.0,24823.0,24837.25,1105
2025-11-18T10:00:00Z,24836.75,24847.0,24825.25,24836.5,791
2025-11-18T10:05:00Z,24834.5,24841.25,24805.25,24806.5,653
2025-11-18T10:10:00Z,24805.75,24814.75,24794.0,24798.0,652
2025-11-18T10:15:00Z,24797.5,24822.75,24790.5,24815.75,514
2025-11-18T10:20:00Z,24812.75,24814.25,24793.75,24796.5,455
2025-11-18T10:25:00Z,24798.25,24805.25,24793.0,24798.75,323
2025-11-18T10:30:00Z,24800.25,24829.75,24798.25,24811.5,890
2025-11-18T10:35:00Z,24811.0,24813.0,24790.0,24791.5,676
2025-11-18T10:40:00Z,24791.75,24808.75,24788.25,24805.25,587
2025-11-18T10:45:00Z,24804.5,24814.25,24796.5,24802.75,372
2025-11-18T10:50:00Z,24802.0,24821.0,24795.5,24818.25,403
2025-11-18T10:55:00Z,24820.5,24835.75,24819.25,24827.5,783
2025-11-18T11:00:00Z,24825.25,24832.75,24812.0,24828.5,756
2025-11-18T11:05:00Z,24829.25,24836.75,24798.25,24802.0,626
2025-11-18T11:10:00Z,24801.25,24811.25,24782.75,24792.75,709
2025-11-18T11:15:00Z,24793.0,24797.75,24780.75,24794.0,404
2025-11-18T11:20:00Z,24791.5,24815.75,24785.75,24811.25,458
2025-11-18T11:25:00Z,24811.5,24812.75,24791.25,24796.75,510
2025-11-18T11:30:00Z,24796.75,24804.5,24777.75,24781.0,649
2025-11-18T11:35:00Z,24779.5,24784.0,24760.5,24766.0,765
2025-11-18T11:40:00Z,24766.0,24794.75,24760.75,24774.25,964
2025-11-18T11:45:00Z,24772.75,24792.5,24762.5,24779.0,799
2025-11-18T11:50:00Z,24779.25,24784.75,24765.0,24784.0,658
2025-11-18T11:55:00Z,24785.0,24803.0,24783.75,24800.75,755
2025-11-18T12:00:00Z,24800.75,24802.0,24728.25,24736.75,2164
2025-11-18T12:05:00Z,24737.25,24756.0,24724.75,24737.25,1331
2025-11-18T12:10:00Z,24738.75,24744.5,24704.0,24709.0,1599
2025-11-18T12:15:00Z,24708.25,24762.75,24705.5,24762.5,1645
2025-11-18T12:20:00Z,24762.0,24765.0,24740.25,24740.75,775
2025-11-18T12:25:00Z,24741.0,24747.25,24719.5,24725.0,989
2025-11-18T12:30:00Z,24725.0,24745.25,24721.0,24736.75,856
2025-11-18T12:35:00Z,24736.5,24760.75,24732.75,24748.0,802
2025-11-18T12:40:00Z,24748.75,24753.5,24718.75,24728.25,1047
2025-11-18T12:45:00Z,24723.25,24733.25,24691.25,24714.0,1969
2025-11-18T12:50:00Z,24714.0,24715.5,24691.25,24697.75,1168
2025-11-18T12:55:00Z,24698.0,24704.5,24659.5,24692.5,2044
2025-11-18T13:00:00Z,24694.5,24758.75,24694.5,24753.0,2295
2025-11-18T13:05:00Z,24754.0,24755.5,24731.5,24753.0,1479
2025-11-18T13:10:00Z,24753.75,24755.25,24736.75,24747.75,651
2025-11-18T13:15:00Z,24746.75,24771.0,24726.0,24730.0,1633
2025-11-18T13:20:00Z,24730.75,24740.25,24706.25,24722.5,1655
2025-11-18T13:25:00Z,24723.0,24729.5,24708.0,24713.25,1206
2025-11-18T13:30:00Z,24714.5,24766.75,24710.0,24739.75,2062
2025-11-18T13:35:00Z,24739.5,24741.0,24708.75,24736.5,1665
2025-11-18T13:40:00Z,24735.25,24754.0,24719.0,24721.25,1449
2025-11-18T13:45:00Z,24721.0,24739.75,24714.0,24731.25,1386
2025-11-18T13:50:00Z,24731.0,24760.25,24718.75,24759.5,1710
2025-11-18T13:55:00Z,24761.0,24766.25,24727.0,24731.75,1828
2025-11-18T14:00:00Z,24731.75,24758.75,24725.25,24740.25,1957
2025-11-18T14:05:00Z,24739.0,24753.0,24731.75,24746.5,1760
2025-11-18T14:10:00Z,24746.25,24750.0,24727.0,24734.5,2051
2025-11-18T14:15:00Z,24735.25,24745.75,24724.25,24731.75,1569
2025-11-18T14:20:00Z,24732.75,24738.75,24714.25,24735.75,1713
2025-11-18T14:25:00Z,24735.0,24735.0,24694.5,24717.0,4678
2025-11-18T14:30:00Z,24718.25,24832.0,24664.5,24743.0,29211
2025-11-18T14:35:00Z,24743.75,24786.5,24716.5,24738.75,14524
2025-11-18T14:40:00Z,24737.5,24764.25,24647.0,24655.75,15943
2025-11-18T14:45:00Z,24654.25,24738.0,24615.75,24623.0,18126
2025-11-18T14:50:00Z,24624.5,24643.75,24568.0,24576.0,15858
2025-11-18T14:55:00Z,24574.75,24587.75,24522.0,24522.5,15566
2025-11-18T15:00:00Z,24521.75,24555.5,24434.75,24444.75,19749
2025-11-18T15:05:00Z,24444.25,24561.0,24430.0,24543.25,19002
2025-11-18T15:10:00Z,24543.5,24571.5,24458.0,24529.25,15418
2025-11-18T15:15:00Z,24528.5,24534.0,24436.5,24497.75,12717
2025-11-18T15:20:00Z,24496.5,24613.0,24491.0,24555.75,16364
2025-11-18T15:25:00Z,24555.25,24609.25,24539.0,24545.75,11456
2025-11-18T15:30:00Z,24546.0,24589.5,24500.0,24518.25,12529
2025-11-18T15:35:00Z,24520.0,24521.75,24451.0,24500.75,12427
2025-11-18T15:40:00Z,24502.0,24540.0,24464.0,24497.0,9530
2025-11-18T15:45:00Z,24496.25,24502.75,24469.5,24481.75,6326
2025-11-18T15:50:00Z,24481.25,24513.0,24438.25,24493.25,9644
2025-11-18T15:55:00Z,24494.0,24529.75,24455.25,24458.5,7188
2025-11-18T16:00:00Z,24458.75,24473.25,24380.0,24417.5,13730
2025-11-18T16:05:00Z,24417.5,24513.5,24401.25,24508.5,10441
2025-11-18T16:10:00Z,24509.25,24566.0,24497.0,24531.0,10752
2025-11-18T16:15:00Z,24530.25,24565.5,24488.25,24549.25,8568
2025-11-18T16:20:00Z,24549.0,24605.75,24546.0,24590.25,8262
2025-11-18T16:25:00Z,24590.0,24666.25,24587.5,24647.25,11489
2025-11-18T16:30:00Z,24647.25,24678.75,24638.0,24645.75,9977
2025-11-18T16:35:00Z,24646.5,24694.75,24635.0,24642.0,9056
2025-11-18T16:40:00Z,24640.75,24684.75,24628.75,24676.5,7824
2025-11-18T16:45:00Z,24676.25,24697.0,24617.75,24644.25,9901
2025-11-18T16:50:00Z,24645.75,24671.5,24620.0,24654.0,5133
2025-11-18T16:55:00Z,24655.0,24686.0,24633.5,24653.25,5397
2025-11-18T17:00:00Z,24653.0,24692.75,24644.5,24655.75,4894
2025-11-18T17:05:00Z,24654.75,24660.75,24609.0,24623.0,6154
2025-11-18T17:10:00Z,24621.75,24645.0,24590.5,24594.5,5539
2025-11-18T17:15:00Z,24593.25,24628.0,24573.0,24588.25,6182
2025-11-18T17:20:00Z,24588.5,24638.0,24573.5,24581.0,5621
2025-11-18T17:25:00Z,24581.25,24607.25,24529.5,24535.25,5837
2025-11-18T17:30:00Z,24536.0,24548.0,24493.5,24542.75,7363
2025-11-18T17:35:00Z,24541.5,24645.25,24534.75,24638.5,7514
2025-11-18T17:40:00Z,24640.75,24734.75,24640.75,24720.75,10458
2025-11-18T17:45:00Z,24721.0,24732.5,24662.25,24722.25,7642
2025-11-18T17:50:00Z,24722.0,24746.75,24683.25,24741.0,7228
2025-11-18T17:55:00Z,24739.25,24783.25,24707.5,24752.75,8944
2025-11-18T18:00:00Z,24754.0,24780.0,24736.0,24755.5,5530
2025-11-18T18:05:00Z,24752.75,24785.0,24743.5,24765.25,4923
2025-11-18T18:10:00Z,24766.0,24792.25,24751.5,24759.0,4552
2025-11-18T18:15:00Z,24758.25,24770.5,24731.25,24763.5,5595
2025-11-18T18:20:00Z,24767.0,24776.75,24722.0,24766.5,4664
2025-11-18T18:25:00Z,24767.25,24779.0,24725.5,24728.25,5127
2025-11-18T18:30:00Z,24728.75,24788.0,24728.75,24777.25,4317
2025-11-18T18:35:00Z,24776.5,24786.75,24713.75,24753.75,4672
2025-11-18T18:40:00Z,24753.5,24803.5,24730.25,24749.5,6843
2025-11-18T18:45:00Z,24749.75,24775.0,24736.75,24769.5,4402
2025-11-18T18:50:00Z,24769.25,24804.5,24757.0,24777.5,5027
2025-11-18T18:55:00Z,24776.5,24778.0,24692.0,24708.75,7376
2025-11-18T19:00:00Z,24710.25,24766.25,24702.25,24711.75,6358
2025-11-18T19:05:00Z,24711.0,24757.5,24708.75,24749.0,3758
2025-11-18T19:10:00Z,24749.0,24774.5,24724.0,24758.5,4233
2025-11-18T19:15:00Z,24759.25,24763.25,24705.5,24759.25,4276
2025-11-18T19:20:00Z,24759.0,24770.25,24701.0,24719.75,4272
2025-11-18T19:25:00Z,24720.25,24737.5,24693.25,24711.5,3397
2025-11-18T19:30:00Z,24711.75,24725.5,24686.0,24699.25,4155
2025-11-18T19:35:00Z,24701.0,24798.5,24697.0,24795.75,6283
2025-11-18T19:40:00Z,24795.5,24810.25,24726.0,24738.0,6617
2025-11-18T19:45:00Z,24738.25,24803.0,24735.0,24771.25,4993
2025-11-18T19:50:00Z,24769.75,24778.5,24719.0,24723.25,4939
2025-11-18T19:55:00Z,24723.25,24779.0,24707.0,24775.5,5028
2025-11-18T20:00:00Z,24775.25,24795.75,24736.75,24739.5,5197
2025-11-18T20:05:00Z,24738.75,24742.75,24709.0,24720.75,3999
2025-11-18T20:10:00Z,24721.75,24730.5,24700.0,24718.25,4137
2025-11-18T20:15:00Z,24717.0,24746.75,24703.75,24709.0,4781
2025-11-18T20:20:00Z,24709.25,24738.0,24684.0,24693.0,3837
2025-11-18T20:25:00Z,24693.0,24696.5,24645.75,24694.75,6855
2025-11-18T20:30:00Z,24693.75,24710.25,24651.75,24659.5,5275
2025-11-18T20:35:00Z,24662.25,24700.25,24654.25,24682.75,4305
2025-11-18T20:40:00Z,24683.75,24693.25,24652.5,24657.5,4134
2025-11-18T20:45:00Z,24657.25,24670.75,24622.75,24625.25,6479
2025-11-18T20:50:00Z,24626.5,24690.25,24626.5,24632.25,9396
2025-11-18T20:55:00Z,24632.5,24651.5,24579.0,24583.0,19002
2025-11-18T21:00:00Z,24585.25,24593.25,24524.25,24559.75,11790
2025-11-18T21:05:00Z,24559.75,24579.25,24547.75,24556.75,2874
2025-11-18T21:10:00Z,24557.0,24575.75,24554.0,24561.75,2383
2025-11-18T21:15:00Z,24563.5,24564.25,24545.5,24547.25,1094
2025-11-18T21:20:00Z,24547.0,24550.0,24530.75,24542.0,910
2025-11-18T21:25:00Z,24543.75,24562.0,24539.5,24546.75,953
2025-11-18T21:30:00Z,24546.75,24554.25,24531.75,24543.25,859
2025-11-18T21:35:00Z,24542.5,24561.0,24540.75,24551.75,988
2025-11-18T21:40:00Z,24551.25,24552.75,24536.25,24538.5,926
2025-11-18T21:45:00Z,24539.0,24551.25,24537.25,24538.75,756
2025-11-18T21:50:00Z,24538.75,24552.25,24537.25,24541.0,621
2025-11-18T21:55:00Z,24541.0,24546.5,24524.75,24531.25,1079
2025-11-18T23:00:00Z,24551.0,24589.75,24540.75,24585.75,0
2025-11-18T23:05:00Z,24587.5,24609.75,24576.0,24583.5,1040
2025-11-18T23:10:00Z,24584.25,24599.75,24576.0,24587.25,495
2025-11-18T23:15:00Z,24587.75,24608.0,24587.5,24599.0,602
2025-11-18T23:20:00Z,24598.5,24635.25,24595.25,24615.5,891
2025-11-18T23:25:00Z,24616.25,24627.5,24609.25,24620.25,467
2025-11-18T23:30:00Z,24620.75,24629.0,24611.25,24615.5,531
2025-11-18T23:35:00Z,24615.0,24617.75,24583.75,24584.5,784
2025-11-18T23:40:00Z,24586.25,24610.0,24584.5,24608.75,726
2025-11-18T23:45:00Z,24609.75,24610.0,24588.25,24588.25,613
2025-11-18T23:50:00Z,24588.0,24603.25,24587.25,24593.5,371
2025-11-18T23:55:00Z,24592.5,24598.75,24585.5,24590.5,344
2025-11-19T00:00:00Z,24588.5,24601.5,24552.25,24566.0,1333
2025-11-19T00:05:00Z,24566.5,24566.75,24544.0,24549.0,852
2025-11-19T00:10:00Z,24549.0,24568.5,24532.25,24541.0,852
2025-11-19T00:15:00Z,24541.25,24548.75,24497.5,24505.0,1435
2025-11-19T00:20:00Z,24506.5,24538.25,24504.0,24530.0,731
2025-11-19T00:25:00Z,24532.75,24547.25,24510.0,24517.25,860
2025-11-19T00:30:00Z,24517.75,24551.0,24509.0,24532.5,909
2025-11-19T00:35:00Z,24534.25,24545.5,24525.0,24537.75,459
2025-11-19T00:40:00Z,24538.0,24583.75,24532.25,24567.25,973
2025-11-19T00:45:00Z,24566.0,24579.25,24533.0,24558.5,1181
2025-11-19T00:50:00Z,24558.0,24572.0,24545.5,24560.5,692
2025-11-19T00:55:00Z,24558.25,24566.75,24552.5,24557.0,404
2025-11-19T01:00:00Z,24557.25,24564.0,24530.25,24550.5,998
2025-11-19T01:05:00Z,24549.5,24549.5,24517.0,24528.75,864
2025-11-19T01:10:00Z,24529.0,24538.25,24510.25,24532.25,658
2025-11-19T01:15:00Z,24532.5,24555.75,24532.0,24550.25,510
2025-11-19T01:20:00Z,24551.0,24628.0,24551.0,24608.25,2229
2025-11-19T01:25:00Z,24609.0,24620.75,24595.0,24596.75,603
2025-11-19T01:30:00Z,24596.25,24609.25,24583.5,24596.25,572
2025-11-19T01:35:00Z,24597.75,24600.75,24569.75,24581.25,886
2025-11-19T01:40:00Z,24580.75,24584.75,24556.0,24573.0,628
2025-11-19T01:45:00Z,24570.25,24597.25,24570.25,24578.75,554
2025-11-19T01:50:00Z,24581.0,24590.0,24556.25,24558.25,512
2025-11-19T01:55:00Z,24557.0,24558.5,24524.0,24551.0,1049
2025-11-19T02:00:00Z,24552.5,24594.5,24552.25,24589.0,954
2025-11-19T02:05:00Z,24591.0,24618.5,24591.0,24605.75,783
2025-11-19T02:10:00Z,24608.5,24628.0,24605.0,24611.5,495
2025-11-19T02:15:00Z,24612.25,24625.0,24598.0,24602.75,646
2025-11-19T02:20:00Z,24605.0,24609.75,24591.25,24606.5,585
2025-11-19T02:25:00Z,24605.75,24633.5,24603.75,24625.0,734
2025-11-19T02:30:00Z,24626.0,24647.75,24623.5,24637.5,683
2025-11-19T02:35:00Z,24638.25,24648.5,24628.5,24637.5,746
2025-11-19T02:40:00Z,24635.75,24640.5,24629.75,24637.25,393
2025-11-19T02:45:00Z,24637.5,24645.0,24629.75,24634.25,326
2025-11-19T02:50:00Z,24636.0,24642.0,24624.0,24634.75,408
2025-11-19T02:55:00Z,24636.0,24648.25,24634.75,24646.5,465
2025-11-19T03:00:00Z,24647.0,24655.5,24633.25,24648.75,623
2025-11-19T03:05:00Z,24648.75,24651.0,24627.5,24635.25,417
2025-11-19T03:10:00Z,24635.0,24639.75,24616.5,24618.0,407
2025-11-19T03:15:00Z,24618.25,24620.0,24576.5,24581.75,1206
2025-11-19T03:20:00Z,24580.5,24593.0,24575.5,24590.25,437
2025-11-19T03:25:00Z,24591.25,24597.0,24569.5,24594.25,761
2025-11-19T03:30:00Z,24593.25,24594.25,24578.0,24588.25,318
2025-11-19T03:35:00Z,24588.75,24588.75,24564.0,24567.75,472
2025-11-19T03:40:00Z,24566.5,24580.25,24561.25,24569.25,517
2025-11-19T03:45:00Z,24569.5,24574.75,24534.75,24540.25,717
2025-11-19T03:50:00Z,24539.75,24548.25,24535.75,24538.25,450
2025-11-19T03:55:00Z,24538.25,24550.5,24537.0,24542.75,664
2025-11-19T04:00:00Z,24542.75,24550.25,24528.0,24539.75,649
2025-11-19T04:05:00Z,24540.5,24549.5,24525.5,24526.5,548
2025-11-19T04:10:00Z,24525.75,24535.5,24492.25,24514.5,1445
2025-11-19T04:15:00Z,24514.5,24546.0,24513.75,24526.25,726
2025-11-19T04:20:00Z,24542.25,24547.75,24535.0,24543.5,500
2025-11-19T04:25:00Z,24543.25,24556.5,24533.25,24544.0,578
2025-11-19T04:30:00Z,24545.75,24548.0,24506.0,24508.0,728
2025-11-19T04:35:00Z,24507.0,24526.5,24499.25,24521.75,670
2025-11-19T04:40:00Z,24522.75,24540.0,24516.0,24534.75,377
2025-11-19T04:45:00Z,24534.0,24545.5,24519.5,24534.5,512
2025-11-19T04:50:00Z,24534.5,24562.75,24533.0,24549.75,432
2025-11-19T04:55:00Z,24552.25,24552.75,24521.0,24525.25,374
2025-11-19T05:05:00Z,24532.75,24544.0,24532.5,24538.0,909
2025-11-19T05:10:00Z,24535.75,24537.25,24517.25,24521.5,269
2025-11-19T05:15:00Z,24520.5,24532.75,24518.0,24523.5,217
2025-11-19T05:20:00Z,24524.0,24557.5,24524.0,24537.25,591
2025-11-19T05:25:00Z,24537.5,24537.5,24512.5,24516.5,450
2025-11-19T05:30:00Z,24514.25,24524.25,24502.25,24517.5,432
2025-11-19T05:35:00Z,24516.25,24523.0,24477.25,24487.5,690
2025-11-19T05:40:00Z,24489.0,24490.75,24456.0,24462.75,939
2025-11-19T05:45:00Z,24464.5,24488.75,24445.0,24481.75,1036
2025-11-19T05:50:00Z,24483.5,24550.0,24481.5,24537.0,1250
2025-11-19T05:55:00Z,24536.25,24558.75,24523.25,24534.75,785
2025-11-19T06:00:00Z,24534.75,24551.0,24521.0,24538.25,527
2025-11-19T06:05:00Z,24538.5,24541.5,24521.0,24530.75,225
2025-11-19T06:10:00Z,24530.5,24545.0,24523.5,24533.5,287
2025-11-19T06:15:00Z,24534.75,24572.75,24533.0,24567.0,727
2025-11-19T06:20:00Z,24567.5,24571.0,24535.5,24545.5,496
2025-11-19T06:25:00Z,24544.5,24550.75,24536.25,24548.5,182
2025-11-19T06:30:00Z,24546.0,24560.5,24535.75,24554.25,368
2025-11-19T06:35:00Z,24554.5,24564.75,24550.25,24553.5,197
2025-11-19T06:40:00Z,24553.75,24562.5,24546.0,24549.25,192
2025-11-19T06:45:00Z,24547.5,24550.0,24530.5,24542.5,427
2025-11-19T06:50:00Z,24543.75,24557.25,24542.75,24549.5,215
2025-11-19T06:55:00Z,24550.0,24558.5,24548.0,24553.25,156
2025-11-19T07:00:00Z,24551.0,24582.0,24531.75,24580.75,691
2025-11-19T07:05:00Z,24581.75,24610.0,24580.25,24607.5,1002
2025-11-19T07:10:00Z,24608.5,24626.25,24596.5,24601.75,811
2025-11-19T07:15:00Z,24603.0,24617.0,24591.75,24601.0,821
2025-11-19T07:20:00Z,24601.25,24607.25,24595.0,24603.25,213
2025-11-19T07:25:00Z,24603.75,24607.0,24588.0,24596.75,406
2025-11-19T07:30:00Z,24598.5,24609.5,24573.75,24606.5,677
2025-11-19T07:35:00Z,24607.5,24616.0,24587.0,24606.25,694
2025-11-19T07:40:00Z,24605.25,24616.0,24598.75,24603.75,362
2025-11-19T07:45:00Z,24600.75,24618.0,24594.0,24611.0,400
2025-11-19T07:50:00Z,24612.0,24616.25,24600.0,24606.0,265
2025-11-19T07:55:00Z,24606.5,24617.5,24602.75,24607.75,294
2025-11-19T08:00:00Z,24607.25,24621.0,24598.0,24599.5,796
2025-11-19T08:05:00Z,24599.75,24616.25,24588.0,24591.25,692
2025-11-19T08:10:00Z,24590.5,24596.5,24574.75,24581.25,593
2025-11-19T08:15:00Z,24579.5,24590.5,24571.0,24587.75,535
2025-11-19T08:20:00Z,24588.5,24620.5,24585.75,24614.25,878
2025-11-19T08:25:00Z,24616.5,24639.75,24600.25,24637.0,839
2025-11-19T08:30:00Z,24637.5,24652.0,24626.25,24638.25,945
2025-11-19T08:35:00Z,24637.25,24639.75,24604.25,24606.25,583
2025-11-19T08:40:00Z,24605.25,24617.5,24590.75,24614.5,850
2025-11-19T08:45:00Z,24612.5,24618.5,24594.0,24614.0,528
2025-11-19T08:50:00Z,24613.5,24613.5,24588.0,24592.75,372
2025-11-19T08:55:00Z,24593.0,24608.25,24589.0,24590.75,352
2025-11-19T09:00:00Z,24590.25,24604.0,24575.0,24583.25,628
2025-11-19T09:05:00Z,24583.75,24606.25,24570.0,24602.75,757
2025-11-19T09:10:00Z,24603.75,24635.75,24595.75,24633.75,675
2025-11-19T09:15:00Z,24633.0,24634.25,24619.0,24631.75,484
2025-11-19T09:20:00Z,24631.25,24636.75,24620.25,24624.75,658
2025-11-19T09:25:00Z,24625.75,24635.5,24619.75,24631.0,487
2025-11-19T09:30:00Z,24630.0,24647.25,24624.0,24629.75,799
2025-11-19T09:35:00Z,24627.5,24630.0,24616.5,24623.5,404
2025-11-19T09:40:00Z,24627.0,24647.25,24623.5,24644.0,455
2025-11-19T09:45:00Z,24643.75,24662.0,24640.75,24655.0,826
2025-11-19T09:50:00Z,24656.75,24679.0,24652.5,24675.75,982
2025-11-19T09:55:00Z,24676.0,24682.5,24670.0,24676.5,524
2025-11-19T10:00:00Z,24676.5,24684.0,24664.75,24680.5,690
2025-11-19T10:05:00Z,24678.75,24680.0,24663.0,24672.0,502
2025-11-19T10:10:00Z,24672.25,24677.25,24666.5,24676.5,301
2025-11-19T10:15:00Z,24676.75,24685.0,24673.75,24681.75,475
2025-11-19T10:20:00Z,24683.5,24706.0,24683.0,24703.0,949
2025-11-19T10:25:00Z,24703.5,24707.25,24692.5,24698.25,490
2025-11-19T10:30:00Z,24697.0,24700.25,24677.75,24684.25,660
2025-11-19T10:35:00Z,24683.25,24699.75,24679.5,24692.25,580
2025-11-19T10:40:00Z,24688.5,24693.0,24681.5,24693.0,258
2025-11-19T10:45:00Z,24691.25,24699.5,24675.25,24686.75,594
2025-11-19T10:50:00Z,24685.25,24710.25,24680.25,24707.75,614
2025-11-19T10:55:00Z,24707.25,24708.75,24697.5,24700.25,331
2025-11-19T11:00:00Z,24699.5,24713.0,24695.25,24702.75,609
2025-11-19T11:05:00Z,24700.5,24708.5,24697.25,24698.0,428
2025-11-19T11:10:00Z,24699.5,24733.25,24698.25,24715.75,1498
2025-11-19T11:15:00Z,24717.0,24723.5,24703.5,24713.25,566
2025-11-19T11:20:00Z,24712.25,24721.5,24706.25,24712.0,597
2025-11-19T11:25:00Z,24711.25,24717.0,24704.0,24706.75,454
2025-11-19T11:30:00Z,24706.25,24707.5,24689.0,24697.75,819
2025-11-19T11:35:00Z,24700.25,24708.5,24692.0,24704.25,467
2025-11-19T11:40:00Z,24703.0,24720.5,24695.25,24710.0,904
2025-11-19T11:45:00Z,24710.75,24725.0,24709.0,24720.25,628
2025-11-19T11:50:00Z,24720.0,24729.25,24696.5,24698.25,609
2025-11-19T11:55:00Z,24697.25,24700.0,24688.0,24693.0,542
2025-11-19T12:00:00Z,24691.75,24703.5,24675.0,24687.5,1042
2025-11-19T12:05:00Z,24687.75,24691.5,24673.0,24685.0,792
2025-11-19T12:10:00Z,24685.75,24703.25,24673.5,24700.5,683
2025-11-19T12:15:00Z,24701.0,24705.0,24691.75,24693.5,563
2025-11-19T12:20:00Z,24692.5,24710.5,24686.5,24700.5,579
2025-11-19T12:25:00Z,24700.25,24703.25,24683.0,24699.75,638
2025-11-19T12:30:00Z,24699.25,24721.5,24699.0,24717.25,694
2025-11-19T12:35:00Z,24716.5,24722.25,24703.75,24715.75,750
2025-11-19T12:40:00Z,24715.0,24718.5,24704.5,24711.75,372
2025-11-19T12:45:00Z,24711.0,24720.0,24706.0,24709.25,422
2025-11-19T12:50:00Z,24709.0,24720.5,24702.5,24704.5,519
2025-11-19T12:55:00Z,24705.0,24711.5,24695.25,24695.25,523
2025-11-19T13:00:00Z,24695.5,24709.0,24670.25,24673.75,1264
2025-11-19T13:05:00Z,24673.5,24673.75,24656.5,24668.75,1417
2025-11-19T13:10:00Z,24669.25,24669.25,24640.75,24652.0,1610
2025-11-19T13:15:00Z,24651.5,24680.0,24647.75,24665.75,1423
2025-11-19T13:20:00Z,24665.75,24671.25,24648.5,24664.5,1078
2025-11-19T13:25:00Z,24665.25,24687.5,24662.75,24686.75,719
2025-11-19T13:30:00Z,24685.0,24707.0,24676.25,24680.0,1570
2025-11-19T13:35:00Z,24679.25,24679.25,24666.5,24672.25,824
2025-11-19T13:40:00Z,24674.0,24679.75,24658.75,24670.0,1354
2025-11-19T13:45:00Z,24670.5,24689.25,24670.0,24674.5,1308
2025-11-19T13:50:00Z,24674.0,24677.5,24665.0,24668.75,1048
2025-11-19T13:55:00Z,24669.25,24676.25,24656.25,24664.75,1015
2025-11-19T14:00:00Z,24664.75,24677.75,24657.0,24664.0,1445
2025-11-19T14:05:00Z,24665.0,24668.0,24629.0,24630.75,1991
2025-11-19T14:10:00Z,24630.75,24642.75,24624.5,24626.25,1782
2025-11-19T14:15:00Z,24627.5,24641.0,24621.0,24630.0,2105
2025-11-19T14:20:00Z,24629.75,24648.0,24628.75,24641.0,1542
2025-11-19T14:25:00Z,24640.75,24640.75,24606.75,24610.75,3964
2025-11-19T14:30:00Z,24611.5,24653.5,24572.5,24631.5,19861
2025-11-19T14:35:00Z,24631.25,24695.0,24626.5,24678.0,12418
2025-11-19T14:40:00Z,24677.75,24758.75,24660.0,24744.5,12874
2025-11-19T14:45:00Z,24743.5,24779.5,24723.5,24769.0,12462
2025-11-19T14:50:00Z,24769.0,24845.0,24742.75,24840.0,12746
2025-11-19T14:55:00Z,24840.0,24903.75,24827.5,24893.75,13527
2025-11-19T15:00:00Z,24894.0,24933.0,24881.25,24924.25,13382
2025-11-19T15:05:00Z,24924.0,24943.75,24911.0,24922.5,10055
2025-11-19T15:10:00Z,24922.5,24951.75,24894.25,24942.25,10963
2025-11-19T15:15:00Z,24942.0,24988.0,24941.0,24957.5,12073
2025-11-19T15:20:00Z,24957.5,24982.0,24930.75,24965.0,10498
2025-11-19T15:25:00Z,24965.25,24969.25,24936.0,24954.75,8441
2025-11-19T15:30:00Z,24954.5,24969.75,24924.5,24933.5,7678
2025-11-19T15:35:00Z,24934.0,24946.25,24906.0,24912.5,6847
2025-11-19T15:40:00Z,24912.25,24922.25,24889.5,24913.5,7319
2025-11-19T15:45:00Z,24913.75,24914.5,24862.75,24863.5,7491
2025-11-19T15:50:00Z,24864.25,24864.25,24804.5,24819.75,13719
2025-11-19T15:55:00Z,24819.75,24820.25,24748.0,24769.5,14698
2025-11-19T16:00:00Z,24768.75,24786.5,24755.75,24766.0,12613
2025-11-19T16:05:00Z,24765.0,24782.25,24713.5,24736.75,13802
2025-11-19T16:10:00Z,24734.25,24737.5,24692.75,24715.25,10332
2025-11-19T16:15:00Z,24715.0,24741.0,24699.5,24721.25,9346
2025-11-19T16:20:00Z,24720.5,24756.75,24681.0,24686.25,9352
2025-11-19T16:25:00Z,24686.0,24725.0,24658.75,24706.25,8665
2025-11-19T16:30:00Z,24707.5,24724.75,24685.75,24704.0,6085
2025-11-19T16:35:00Z,24704.0,24705.75,24652.0,24674.0,8599
2025-11-19T16:40:00Z,24672.75,24702.5,24650.25,24682.5,6645
2025-11-19T16:45:00Z,24682.0,24706.0,24648.75,24668.25,6710
2025-11-19T16:50:00Z,24668.0,24700.0,24650.75,24690.25,5113
2025-11-19T16:55:00Z,24690.25,24720.0,24663.5,24714.5,5406
2025-11-19T17:00:00Z,24714.5,24721.25,24619.25,24621.5,8385
2025-11-19T17:05:00Z,24622.0,24655.25,24600.25,24628.25,6720
2025-11-19T17:10:00Z,24628.25,24635.5,24600.5,24611.75,5235
2025-11-19T17:15:00Z,24612.75,24644.75,24604.0,24616.75,4871
2025-11-19T17:20:00Z,24616.25,24648.5,24607.75,24619.5,5768
2025-11-19T17:25:00Z,24621.75,24649.25,24581.0,24631.75,7289
2025-11-19T17:30:00Z,24632.25,24633.0,24564.0,24571.75,7369
2025-11-19T17:35:00Z,24571.5,24573.0,24509.75,24522.25,8248
2025-11-19T17:40:00Z,24522.0,24643.0,24507.0,24614.75,9982
2025-11-19T17:45:00Z,24615.0,24628.75,24567.0,24600.0,6580
2025-11-19T17:50:00Z,24599.0,24652.0,24593.25,24637.75,6353
2025-11-19T17:55:00Z,24636.5,24660.0,24617.75,24635.25,4662
2025-11-19T18:00:00Z,24633.5,24665.25,24618.75,24660.75,4133
2025-11-19T18:05:00Z,24659.25,24668.25,24608.5,24653.75,5488
2025-11-19T18:10:00Z,24654.75,24687.5,24632.75,24665.25,5365
2025-11-19T18:15:00Z,24666.25,24676.25,24613.0,24629.5,5010
2025-11-19T18:20:00Z,24629.25,24671.0,24628.0,24653.0,3693
2025-11-19T18:25:00Z,24651.0,24666.0,24593.5,24599.25,4484
2025-11-19T18:30:00Z,24598.0,24636.75,24587.25,24632.75,4444
2025-11-19T18:35:00Z,24632.25,24713.25,24624.25,24680.25,7567
2025-11-19T18:40:00Z,24682.0,24687.25,24620.0,24634.75,4423
2025-11-19T18:45:00Z,24634.75,24637.0,24601.0,24612.25,3721
2025-11-19T18:50:00Z,24612.5,24676.75,24612.0,24670.5,4553
2025-11-19T18:55:00Z,24669.5,24706.5,24663.25,24686.75,3493
2025-11-19T19:00:00Z,24688.25,24701.25,24644.75,24658.0,6243
2025-11-19T19:05:00Z,24658.5,24674.0,24632.0,24653.25,5568
2025-11-19T19:10:00Z,24653.0,24671.5,24631.5,24669.75,3583
2025-11-19T19:15:00Z,24669.25,24680.0,24632.0,24652.25,3396
2025-11-19T19:20:00Z,24652.25,24662.0,24628.25,24637.75,2818
2025-11-19T19:25:00Z,24636.5,24636.5,24576.75,24593.75,5053
2025-11-19T19:30:00Z,24593.0,24617.75,24576.5,24593.5,4313
2025-11-19T19:35:00Z,24593.25,24611.25,24573.25,24578.25,3848
2025-11-19T19:40:00Z,24578.5,24602.5,24571.0,24594.75,3643
2025-11-19T19:45:00Z,24595.0,24609.0,24579.5,24605.75,3377
2025-11-19T19:50:00Z,24605.75,24682.5,24604.25,24675.0,5039
2025-11-19T19:55:00Z,24674.75,24700.0,24634.5,24658.5,5884
2025-11-19T20:00:00Z,24656.75,24680.75,24644.5,24669.75,3800
2025-11-19T20:05:00Z,24669.0,24683.5,24663.25,24675.75,2574
2025-11-19T20:10:00Z,24676.25,24709.0,24673.25,24705.5,3476
2025-11-19T20:15:00Z,24706.25,24797.25,24706.25,24787.0,7929
2025-11-19T20:20:00Z,24786.75,24806.25,24736.5,24761.75,9224
2025-11-19T20:25:00Z,24762.0,24783.25,24744.25,24771.75,4777
2025-11-19T20:30:00Z,24772.0,24784.0,24749.75,24771.75,4728
2025-11-19T20:35:00Z,24772.0,24830.25,24767.5,24790.0,7092
2025-11-19T20:40:00Z,24790.25,24794.0,24746.5,24769.0,5768
2025-11-19T20:45:00Z,24768.75,24771.25,24702.5,24705.25,6230
2025-11-19T20:50:00Z,24705.5,24749.5,24678.5,24733.25,7940
2025-11-19T20:55:00Z,24734.0,24761.0,24708.0,24725.0,13479
2025-11-19T21:00:00Z,24725.0,24739.75,24675.75,24707.0,6472
2025-11-19T21:05:00Z,24707.75,24739.25,24699.5,24725.5,2030
2025-11-19T21:10:00Z,24724.5,24749.0,24695.5,24723.75,2567
2025-11-19T21:15:00Z,24723.5,24749.0,24703.5,24729.25,2029
2025-11-19T21:20:00Z,24731.5,24910.0,24731.5,24834.25,14650
2025-11-19T21:25:00Z,24834.25,24857.0,24800.0,24851.5,4515
2025-11-19T21:30:00Z,24850.5,24966.25,24849.5,24946.0,6654
2025-11-19T21:35:00Z,24946.0,24947.5,24897.0,24905.75,3316
2025-11-19T21:40:00Z,24905.25,24971.0,24901.75,24969.0,2716
2025-11-19T21:45:00Z,24968.75,24976.25,24947.75,24963.75,2283
2025-11-19T21:50:00Z,24962.75,24970.75,24947.5,24949.75,2036
2025-11-19T21:55:00Z,24949.5,24965.25,24946.25,24958.75,1654
2025-11-19T23:00:00Z,24966.75,25029.0,24955.25,25022.0,0
2025-11-19T23:05:00Z,25022.25,25060.75,25011.5,25059.0,1342
2025-11-19T23:10:00Z,25059.75,25084.5,25039.5,25081.75,1813
2025-11-19T23:15:00Z,25082.0,25095.0,25060.0,25060.25,1461
2025-11-19T23:20:00Z,25059.5,25067.75,25042.0,25043.25,1054
2025-11-19T23:25:00Z,25044.75,25056.0,25033.0,25046.0,1129
2025-11-19T23:30:00Z,25045.5,25069.5,25036.25,25062.5,980
2025-11-19T23:35:00Z,25063.0,25089.0,25057.0,25084.75,941
2025-11-19T23:40:00Z,25086.0,25093.0,25068.25,25082.5,796
2025-11-19T23:45:00Z,25082.75,25098.75,25080.5,25094.25,827
2025-11-19T23:50:00Z,25093.75,25103.25,25085.25,25092.25,1094
2025-11-19T23:55:00Z,25091.0,25110.75,25088.75,25108.75,866
2025-11-20T00:00:00Z,25107.75,25118.0,25094.75,25101.0,945
2025-11-20T00:05:00Z,25100.25,25106.5,25094.0,25096.5,503
2025-11-20T00:10:00Z,25097.5,25105.5,25087.25,25101.0,900
2025-11-20T00:15:00Z,25102.0,25129.75,25100.75,25128.0,1059
2025-11-20T00:20:00Z,25127.25,25144.5,25123.0,25133.25,1065
2025-11-20T00:25:00Z,25132.25,25147.25,25131.5,25144.0,753
2025-11-20T00:30:00Z,25144.25,25150.5,25133.75,25141.75,1039
2025-11-20T00:35:00Z,25141.5,25148.0,25136.25,25142.0,520
2025-11-20T00:40:00Z,25143.5,25160.25,25138.0,25159.5,855
2025-11-20T00:45:00Z,25159.5,25162.0,25137.5,25144.25,933
2025-11-20T00:50:00Z,25144.5,25144.75,25132.0,25137.0,563
2025-11-20T00:55:00Z,25137.5,25139.5,25118.5,25128.5,671
2025-11-20T01:00:00Z,25126.5,25131.75,25102.75,25126.75,1082
2025-11-20T01:05:00Z,25127.25,25138.25,25120.0,25136.75,482
2025-11-20T01:10:00Z,25137.25,25137.5,25111.5,25113.0,585
2025-11-20T01:15:00Z,25115.5,25145.75,25113.25,25140.25,811
2025-11-20T01:20:00Z,25140.25,25141.25,25127.0,25141.25,295
2025-11-20T01:25:00Z,25140.25,25152.75,25136.75,25150.0,413
2025-11-20T01:30:00Z,25151.75,25156.0,25144.75,25150.5,465
2025-11-20T01:35:00Z,25151.75,25155.5,25144.75,25148.5,308
2025-11-20T01:40:00Z,25149.25,25150.0,25130.25,25137.75,476
2025-11-20T01:45:00Z,25136.75,25148.0,25135.0,25145.5,334
2025-11-20T01:50:00Z,25146.25,25166.75,25139.5,25154.25,828
2025-11-20T01:55:00Z,25154.25,25161.0,25133.25,25156.25,593
2025-11-20T02:00:00Z,25156.0,25170.75,25151.5,25159.5,1194
2025-11-20T02:05:00Z,25158.75,25169.0,25146.25,25148.0,509
2025-11-20T02:10:00Z,25147.75,25149.0,25139.5,25143.5,353
2025-11-20T02:15:00Z,25143.25,25150.0,25139.5,25142.5,376
2025-11-20T02:20:00Z,25142.25,25148.5,25132.75,25136.75,586
2025-11-20T02:25:00Z,25136.0,25142.0,25129.0,25133.25,405
2025-11-20T02:30:00Z,25134.25,25154.25,25130.5,25153.75,553
2025-11-20T02:35:00Z,25153.25,25161.25,25150.0,25153.5,308
2025-11-20T02:40:00Z,25152.0,25157.0,25142.5,25149.5,212
2025-11-20T02:45:00Z,25149.25,25166.75,25147.75,25158.25,522
2025-11-20T02:50:00Z,25158.75,25166.25,25156.25,25165.25,272
2025-11-20T02:55:00Z,25165.25,25170.5,25160.0,25168.0,354
2025-11-20T03:00:00Z,25167.75,25192.75,25163.5,25192.0,1131
2025-11-20T03:05:00Z,25192.5,25194.25,25183.0,25188.0,430
2025-11-20T03:10:00Z,25188.25,25188.25,25177.25,25180.5,426
2025-11-20T03:15:00Z,25180.75,25186.5,25172.75,25185.25,290
2025-11-20T03:20:00Z,25184.5,25196.0,25182.75,25192.75,343
2025-11-20T03:25:00Z,25193.25,25193.5,25181.75,25187.5,310
2025-11-20T03:30:00Z,25186.75,25189.5,25175.75,25183.25,388
2025-11-20T03:35:00Z,25184.25,25187.5,25168.75,25171.25,477
2025-11-20T03:40:00Z,25170.75,25176.0,25165.75,25170.5,319
2025-11-20T03:45:00Z,25172.25,25177.25,25139.0,25176.0,1492
2025-11-20T03:50:00Z,25177.25,25187.25,25173.75,25179.0,599
2025-11-20T03:55:00Z,25177.25,25177.25,25157.25,25168.5,439
2025-11-20T04:00:00Z,25168.5,25178.0,25160.75,25164.25,431
2025-11-20T04:05:00Z,25164.25,25172.25,25160.5,25169.5,304
2025-11-20T04:10:00Z,25168.25,25182.75,25164.25,25164.25,373
2025-11-20T04:15:00Z,25163.75,25164.25,25151.25,25164.0,492
2025-11-20T04:20:00Z,25164.0,25179.0,25159.75,25173.25,375
2025-11-20T04:25:00Z,25170.75,25175.5,25160.0,25165.0,236
2025-11-20T04:30:00Z,25164.25,25188.25,25161.25,25185.25,414
2025-11-20T04:35:00Z,25186.0,25186.75,25178.25,25179.25,170
2025-11-20T04:40:00Z,25180.5,25187.25,25178.5,25183.75,157
2025-11-20T04:45:00Z,25183.0,25187.75,25177.75,25181.5,147
2025-11-20T04:50:00Z,25181.75,25184.0,25179.75,25183.0,136
2025-11-20T04:55:00Z,25183.25,25187.25,25179.75,25186.0,164
2025-11-20T05:05:00Z,25207.5,25209.0,25202.25,25204.25,1421
2025-11-20T05:10:00Z,25203.0,25203.5,25187.0,25189.0,414
2025-11-20T05:15:00Z,25189.0,25192.0,25186.25,25190.75,195
2025-11-20T05:20:00Z,25190.75,25196.25,25187.75,25192.75,182
2025-11-20T05:25:00Z,25190.25,25191.5,25181.25,25184.0,437
2025-11-20T05:30:00Z,25183.25,25183.5,25169.0,25178.25,408
2025-11-20T05:35:00Z,25178.75,25183.75,25174.25,25181.0,226
2025-11-20T05:40:00Z,25182.75,25185.25,25177.25,25179.75,253
2025-11-20T05:45:00Z,25178.0,25183.75,25173.25,25176.5,170
2025-11-20T05:50:00Z,25176.25,25180.0,25164.5,25166.0,274
2025-11-20T05:55:00Z,25166.0,25171.5,25157.75,25167.75,398
2025-11-20T06:00:00Z,25169.0,25185.0,25167.75,25174.25,431
2025-11-20T06:05:00Z,25175.5,25176.5,25160.0,25167.5,293
2025-11-20T06:10:00Z,25164.5,25175.5,25161.75,25173.5,234
2025-11-20T06:15:00Z,25171.25,25171.25,25155.25,25163.0,385
2025-11-20T06:20:00Z,25163.75,25165.0,25151.0,25155.25,363
2025-11-20T06:25:00Z,25153.25,25154.75,25133.0,25144.0,806
2025-11-20T06:30:00Z,25143.75,25161.25,25142.5,25155.5,603
2025-11-20T06:35:00Z,25155.5,25179.75,25155.25,25176.25,601
2025-11-20T06:40:00Z,25176.5,25178.0,25163.75,25168.75,318
2025-11-20T06:45:00Z,25168.5,25171.75,25161.0,25161.25,256
2025-11-20T06:50:00Z,25162.25,25178.25,25152.0,25177.25,443
2025-11-20T06:55:00Z,25176.75,25177.25,25168.25,25175.0,132
2025-11-20T07:00:00Z,25176.0,25182.75,25160.25,25170.0,684
2025-11-20T07:05:00Z,25171.0,25184.0,25162.5,25170.75,486
2025-11-20T07:10:00Z,25171.25,25182.0,25165.5,25171.5,458
2025-11-20T07:15:00Z,25171.25,25194.0,25170.5,25191.25,791
2025-11-20T07:20:00Z,25191.5,25202.75,25180.5,25195.0,803
2025-11-20T07:25:00Z,25194.75,25203.5,25188.25,25190.0,549
2025-11-20T07:30:00Z,25190.0,25207.0,25188.25,25199.25,528
2025-11-20T07:35:00Z,25200.0,25200.5,25173.5,25174.25,533
2025-11-20T07:40:00Z,25175.25,25177.75,25152.25,25159.75,720
2025-11-20T07:45:00Z,25159.25,25159.25,25137.5,25155.25,752
2025-11-20T07:50:00Z,25155.0,25155.25,25138.0,25147.25,359
2025-11-20T07:55:00Z,25147.25,25158.5,25146.5,25150.5,465
2025-11-20T08:00:00Z,25150.25,25152.75,25120.75,25130.5,1510
2025-11-20T08:05:00Z,25131.0,25166.0,25129.5,25161.75,860
2025-11-20T08:10:00Z,25161.25,25168.75,25146.5,25153.5,870
2025-11-20T08:15:00Z,25154.0,25164.5,25136.75,25154.25,599
2025-11-20T08:20:00Z,25156.0,25160.0,25149.0,25158.5,320
2025-11-20T08:25:00Z,25158.0,25160.25,25144.75,25157.0,483
2025-11-20T08:30:00Z,25155.5,25164.75,25133.75,25141.75,715
2025-11-20T08:35:00Z,25143.0,25167.75,25143.0,25157.0,656
2025-11-20T08:40:00Z,25157.75,25170.75,25142.5,25169.75,702
2025-11-20T08:45:00Z,25170.25,25185.0,25157.0,25164.75,755
2025-11-20T08:50:00Z,25163.5,25165.5,25150.25,25155.0,396
2025-11-20T08:55:00Z,25153.5,25154.75,25132.25,25133.5,533
2025-11-20T09:00:00Z,25133.5,25144.5,25107.0,25119.25,1284
2025-11-20T09:05:00Z,25121.0,25139.25,25118.25,25132.75,649
2025-11-20T09:10:00Z,25132.5,25142.0,25126.0,25129.5,411
2025-11-20T09:15:00Z,25127.5,25135.0,25113.75,25116.0,687
2025-11-20T09:20:00Z,25114.75,25116.0,25102.75,25116.0,593
2025-11-20T09:25:00Z,25115.75,25117.0,25074.75,25074.75,1224
2025-11-20T09:30:00Z,25073.75,25087.5,25065.0,25079.75,1000
2025-11-20T09:35:00Z,25078.75,25089.75,25070.75,25083.0,549
2025-11-20T09:40:00Z,25083.0,25094.75,25072.25,25074.75,411
2025-11-20T09:45:00Z,25074.25,25076.0,25045.75,25059.5,1362
2025-11-20T09:50:00Z,25056.5,25076.0,25048.5,25064.0,510
2025-11-20T09:55:00Z,25065.75,25071.25,25052.75,25058.5,431
2025-11-20T10:00:00Z,25061.5,25063.75,25050.0,25052.25,451
2025-11-20T10:05:00Z,25052.75,25054.75,25022.25,25029.25,1144
2025-11-20T10:10:00Z,25029.5,25049.5,25026.25,25032.75,632
2025-11-20T10:15:00Z,25036.75,25085.25,25036.5,25085.25,818
2025-11-20T10:20:00Z,25085.25,25088.25,25057.75,25059.25,975
2025-11-20T10:25:00Z,25059.0,25076.25,25058.5,25073.75,409
2025-11-20T10:30:00Z,25072.25,25093.25,25072.0,25087.25,798
2025-11-20T10:35:00Z,25086.0,25096.5,25082.5,25093.5,487
2025-11-20T10:40:00Z,25093.5,25100.75,25089.5,25100.75,414
2025-11-20T10:45:00Z,25100.25,25108.0,25092.5,25105.25,487
2025-11-20T10:50:00Z,25104.5,25116.25,25100.5,25109.0,422
2025-11-20T10:55:00Z,25109.25,25126.25,25108.75,25113.5,684
2025-11-20T11:00:00Z,25113.5,25116.25,25072.5,25075.25,1241
2025-11-20T11:05:00Z,25075.0,25088.5,25060.75,25083.5,949
2025-11-20T11:10:00Z,25084.25,25102.25,25078.25,25086.25,777
2025-11-20T11:15:00Z,25086.25,25091.25,25069.25,25079.5,448
2025-11-20T11:20:00Z,25079.5,25083.5,25060.5,25065.5,346
2025-11-20T11:25:00Z,25064.75,25068.25,25047.25,25066.25,740
2025-11-20T11:30:00Z,25067.25,25097.0,25063.75,25097.0,1057
2025-11-20T11:35:00Z,25097.5,25118.0,25092.25,25115.5,1020
2025-11-20T11:40:00Z,25114.75,25132.0,25109.0,25124.0,1136
2025-11-20T11:45:00Z,25122.25,25125.5,25084.5,25086.25,910
2025-11-20T11:50:00Z,25087.0,25092.75,25066.0,25068.75,1360
2025-11-20T11:55:00Z,25068.75,25092.5,25068.0,25087.25,690
2025-11-20T12:00:00Z,25089.5,25100.0,25066.75,25069.25,1014
2025-11-20T12:05:00Z,25068.5,25088.5,25060.75,25075.25,803
2025-11-20T12:10:00Z,25073.75,25090.5,25071.75,25077.75,499
2025-11-20T12:15:00Z,25077.75,25115.75,25069.0,25097.0,861
2025-11-20T12:20:00Z,25096.5,25111.75,25088.5,25094.25,736
2025-11-20T12:25:00Z,25091.0,25103.5,25086.75,25092.25,328
2025-11-20T12:30:00Z,25092.75,25115.75,25091.0,25114.25,482
2025-11-20T12:35:00Z,25115.0,25124.5,25107.25,25123.75,473
2025-11-20T12:40:00Z,25124.5,25131.25,25111.25,25116.5,633
2025-11-20T12:45:00Z,25116.25,25143.5,25114.5,25137.25,958
2025-11-20T12:50:00Z,25137.0,25150.0,25136.25,25147.25,828
2025-11-20T12:55:00Z,25149.0,25158.25,25145.0,25156.25,814
2025-11-20T13:00:00Z,25156.0,25181.0,25150.75,25168.5,1403
2025-11-20T13:05:00Z,25168.25,25181.0,25158.0,25166.25,1031
2025-11-20T13:10:00Z,25165.0,25172.0,25155.5,25171.0,952
2025-11-20T13:15:00Z,25171.0,25178.25,25144.5,25148.5,1361
2025-11-20T13:20:00Z,25147.75,25150.25,25123.5,25135.25,1519
2025-11-20T13:25:00Z,25133.75,25144.25,25120.75,25142.25,1372
2025-11-20T13:30:00Z,25130.75,25244.0,25130.0,25185.75,6607
2025-11-20T13:35:00Z,25187.0,25205.5,25172.5,25180.5,3536
2025-11-20T13:40:00Z,25180.5,25207.25,25167.75,25197.25,2373
2025-11-20T13:45:00Z,25199.5,25244.75,25185.0,25242.5,3117
2025-11-20T13:50:00Z,25242.5,25264.75,25234.25,25250.25,3528
2025-11-20T13:55:00Z,25251.5,25252.75,25222.5,25229.5,2153
2025-11-20T14:00:00Z,25230.0,25249.0,25222.5,25234.0,1782
2025-11-20T14:05:00Z,25233.75,25238.25,25210.5,25215.25,2247
2025-11-20T14:10:00Z,25214.75,25217.5,25199.5,25208.25,2386
2025-11-20T14:15:00Z,25207.75,25234.0,25200.0,25230.0,1997
2025-11-20T14:20:00Z,25230.5,25239.25,25209.75,25210.5,2085
2025-11-20T14:25:00Z,25209.5,25234.5,25203.25,25209.75,3340
2025-11-20T14:30:00Z,25210.5,25249.0,25151.25,25189.25,19292
2025-11-20T14:35:00Z,25190.25,25227.75,25171.75,25209.5,10836
2025-11-20T14:40:00Z,25209.25,25237.25,25146.25,25211.5,12762
2025-11-20T14:45:00Z,25212.25,25268.0,25169.75,25213.0,13299
2025-11-20T14:50:00Z,25213.75,25259.0,25212.5,25248.25,11183
2025-11-20T14:55:00Z,25248.75,25291.5,25240.25,25274.25,10793
2025-11-20T15:00:00Z,25275.0,25299.75,25253.5,25279.0,10811
2025-11-20T15:05:00Z,25279.5,25281.0,25185.0,25198.0,12540
2025-11-20T15:10:00Z,25197.75,25220.25,25159.75,25184.75,9522
2025-11-20T15:15:00Z,25184.0,25236.5,25156.75,25217.75,9241
2025-11-20T15:20:00Z,25218.25,25261.0,25193.5,25249.5,7839
2025-11-20T15:25:00Z,25250.75,25268.25,25228.25,25258.25,7149
2025-11-20T15:30:00Z,25258.5,25281.25,25239.75,25262.0,7407
2025-11-20T15:35:00Z,25262.25,25310.0,25258.75,25291.75,8538
2025-11-20T15:40:00Z,25291.75,25305.75,25267.0,25297.25,6247
2025-11-20T15:45:00Z,25296.75,25300.5,25228.75,25230.75,10260
2025-11-20T15:50:00Z,25232.0,25238.5,25192.25,25193.5,8947
2025-11-20T15:55:00Z,25193.25,25206.0,25157.5,25162.75,12463
2025-11-20T16:00:00Z,25162.75,25164.75,25095.25,25098.75,15627
2025-11-20T16:05:00Z,25098.5,25112.5,25062.0,25066.0,13520
2025-11-20T16:10:00Z,25066.0,25069.75,25005.25,25010.5,13919
2025-11-20T16:15:00Z,25010.75,25012.0,24920.25,24939.5,19310
2025-11-20T16:20:00Z,24939.25,24974.75,24892.5,24915.5,14836
2025-11-20T16:25:00Z,24914.0,24977.0,24886.25,24905.0,16938
2025-11-20T16:30:00Z,24906.25,24928.0,24853.5,24869.25,12236
2025-11-20T16:35:00Z,24870.25,24876.25,24765.5,24814.0,16540
2025-11-20T16:40:00Z,24813.75,24814.25,24730.0,24742.0,14041
2025-11-20T16:45:00Z,24741.5,24791.25,24700.5,24747.75,15417
2025-11-20T16:50:00Z,24747.0,24801.75,24630.25,24649.0,17145
2025-11-20T16:55:00Z,24651.0,24659.5,24512.0,24554.75,19373
2025-11-20T17:00:00Z,24554.0,24641.25,24520.25,24598.75,17757
2025-11-20T17:05:00Z,24597.0,24607.0,24468.25,24533.5,14492
2025-11-20T17:10:00Z,24533.5,24537.5,24428.5,24487.5,16919
2025-11-20T17:15:00Z,24487.75,24487.75,24385.0,24425.75,14205
2025-11-20T17:20:00Z,24424.25,24483.25,24353.75,24428.5,15653
2025-11-20T17:25:00Z,24424.75,24491.25,24380.25,24449.5,11634
2025-11-20T17:30:00Z,24448.0,24500.25,24385.0,24397.75,10454
2025-11-20T17:35:00Z,24400.75,24445.25,24309.0,24435.75,12486
2025-11-20T17:40:00Z,24434.25,24455.0,24355.0,24355.25,9128
2025-11-20T17:45:00Z,24355.25,24371.0,24308.5,24331.0,9945
2025-11-20T17:50:00Z,24332.75,24421.0,24318.0,24337.5,11376
2025-11-20T17:55:00Z,24336.75,24426.0,24328.25,24395.0,7947
2025-11-20T18:00:00Z,24395.25,24462.25,24364.0,24440.75,10593
2025-11-20T18:05:00Z,24441.25,24517.5,24426.5,24512.0,9272
2025-11-20T18:10:00Z,24512.5,24592.75,24484.0,24591.5,9509
2025-11-20T18:15:00Z,24591.75,24598.75,24466.0,24510.0,11594
2025-11-20T18:20:00Z,24508.75,24552.0,24472.0,24476.0,8104
2025-11-20T18:25:00Z,24476.25,24521.5,24464.25,24501.0,7320
2025-11-20T18:30:00Z,24498.25,24522.0,24405.0,24459.0,10447
2025-11-20T18:35:00Z,24459.0,24464.75,24357.0,24373.5,7113
2025-11-20T18:40:00Z,24374.0,24384.0,24335.25,24341.0,5302
2025-11-20T18:45:00Z,24342.25,24348.75,24305.25,24314.5,6594
2025-11-20T18:50:00Z,24314.25,24315.5,24249.25,24256.75,8688
2025-11-20T18:55:00Z,24256.0,24319.0,24235.5,24278.5,7617
2025-11-20T19:00:00Z,24278.75,24299.75,24225.5,24236.5,7801
2025-11-20T19:05:00Z,24236.0,24272.25,24205.0,24266.75,6187
2025-11-20T19:10:00Z,24266.25,24296.5,24225.25,24273.25,6821
2025-11-20T19:15:00Z,24272.0,24328.5,24243.5,24289.25,6964
2025-11-20T19:20:00Z,24289.75,24326.25,24260.75,24266.25,5646
2025-11-20T19:25:00Z,24267.0,24372.0,24259.0,24347.5,6332
2025-11-20T19:30:00Z,24345.5,24345.5,24260.25,24286.0,6501
2025-11-20T19:35:00Z,24286.5,24322.25,24269.5,24283.0,5020
2025-11-20T19:40:00Z,24283.5,24333.0,24263.5,24325.5,5817
2025-11-20T19:45:00Z,24325.25,24334.75,24266.5,24283.0,4277
2025-11-20T19:50:00Z,24284.25,24353.75,24281.5,24343.5,5241
2025-11-20T19:55:00Z,24343.0,24402.0,24326.25,24396.5,6569
2025-11-20T20:00:00Z,24396.25,24396.25,24286.0,24294.5,8593
2025-11-20T20:05:00Z,24293.0,24345.25,24286.5,24298.5,5162
2025-11-20T20:10:00Z,24299.25,24307.5,24265.75,24298.0,4569
2025-11-20T20:15:00Z,24297.0,24333.5,24282.75,24307.25,4017
2025-11-20T20:20:00Z,24306.5,24348.0,24266.25,24270.25,4669
2025-11-20T20:25:00Z,24270.0,24298.5,24239.5,24293.25,5445
2025-11-20T20:30:00Z,24293.5,24311.5,24248.75,24249.75,6641
2025-11-20T20:35:00Z,24250.25,24259.5,24177.0,24184.25,7275
2025-11-20T20:40:00Z,24184.75,24203.5,24144.25,24161.0,8098
2025-11-20T20:45:00Z,24161.25,24175.25,24098.0,24098.0,7740
2025-11-20T20:50:00Z,24100.0,24182.25,24100.0,24139.5,10406
2025-11-20T20:55:00Z,24139.25,24188.5,24109.0,24137.25,20569
2025-11-20T21:00:00Z,24138.25,24142.75,24088.75,24112.0,10504
2025-11-20T21:05:00Z,24114.25,24136.5,24112.75,24115.75,3214
2025-11-20T21:10:00Z,24116.0,24129.0,24103.25,24114.25,2926
2025-11-20T21:15:00Z,24113.75,24117.25,24089.0,24103.25,2197
2025-11-20T21:20:00Z,24103.5,24110.0,24080.0,24108.25,1246
2025-11-20T21:25:00Z,24108.75,24123.0,24105.75,24115.25,1043
2025-11-20T21:30:00Z,24116.0,24121.5,24109.75,24114.0,799
2025-11-20T21:35:00Z,24114.25,24116.0,24095.0,24097.75,922
2025-11-20T21:40:00Z,24099.0,24107.75,24091.0,24099.0,789
2025-11-20T21:45:00Z,24099.75,24105.75,24091.25,24099.5,814
2025-11-20T21:50:00Z,24100.0,24102.25,24079.75,24085.5,1303
2025-11-20T21:55:00Z,24085.25,24089.0,24073.25,24073.75,1342
2025-11-20T23:00:00Z,24110.0,24131.75,24046.0,24084.25,0
2025-11-20T23:05:00Z,24085.0,24091.5,24031.75,24034.0,1393
2025-11-20T23:10:00Z,24034.5,24080.0,24018.0,24073.5,1600
2025-11-20T23:15:00Z,24072.5,24123.0,24072.25,24111.75,1224
2025-11-20T23:20:00Z,24111.75,24131.0,24104.75,24126.75,1306
2025-11-20T23:25:00Z,24128.25,24131.5,24108.25,24126.75,910
2025-11-20T23:30:00Z,24126.0,24147.5,24108.25,24139.5,1418
2025-11-20T23:35:00Z,24138.0,24141.25,24098.75,24113.5,1436
2025-11-20T23:40:00Z,24114.5,24138.5,24103.25,24134.25,996
2025-11-20T23:45:00Z,24134.25,24166.25,24133.25,24140.75,1563
2025-11-20T23:50:00Z,24140.75,24155.75,24130.25,24140.25,1056
2025-11-20T23:55:00Z,24142.75,24157.25,24128.5,24136.75,1114
2025-11-21T00:00:00Z,24133.75,24152.75,24111.25,24121.0,1474
2025-11-21T00:05:00Z,24122.0,24176.25,24120.0,24176.25,1329
2025-11-21T00:10:00Z,24176.25,24178.25,24156.0,24169.25,957
2025-11-21T00:15:00Z,24171.0,24190.0,24157.75,24177.75,1077
2025-11-21T00:20:00Z,24178.25,24190.0,24174.0,24187.75,745
2025-11-21T00:25:00Z,24188.5,24194.25,24182.5,24182.75,538
2025-11-21T00:30:00Z,24183.25,24190.0,24176.5,24182.75,527
2025-11-21T00:35:00Z,24182.75,24197.5,24182.75,24188.5,459
2025-11-21T00:40:00Z,24188.25,24203.75,24183.25,24185.0,686
2025-11-21T00:45:00Z,24185.5,24187.75,24164.5,24172.5,1309
2025-11-21T00:50:00Z,24171.0,24196.0,24171.0,24190.75,922
2025-11-21T00:55:00Z,24189.5,24206.0,24179.5,24182.5,826
2025-11-21T01:00:00Z,24183.5,24207.75,24172.5,24173.5,878
2025-11-21T01:05:00Z,24174.25,24193.5,24165.25,24185.75,738
2025-11-21T01:10:00Z,24186.25,24203.5,24174.5,24184.5,832
2025-11-21T01:15:00Z,24183.0,24212.0,24181.25,24208.0,822
2025-11-21T01:20:00Z,24207.25,24219.25,24192.25,24216.75,811
2025-11-21T01:25:00Z,24217.25,24234.0,24215.75,24226.75,1066
2025-11-21T01:30:00Z,24229.25,24231.25,24207.25,24207.25,847
2025-11-21T01:35:00Z,24207.75,24214.75,24177.0,24203.25,1288
2025-11-21T01:40:00Z,24209.25,24231.75,24204.5,24214.75,844
2025-11-21T01:45:00Z,24216.25,24235.25,24211.5,24218.25,709
2025-11-21T01:50:00Z,24217.5,24232.5,24208.5,24214.5,443
2025-11-21T01:55:00Z,24218.5,24228.0,24205.25,24206.25,599
2025-11-21T02:00:00Z,24206.0,24216.5,24199.25,24203.0,536
2025-11-21T02:05:00Z,24202.5,24210.0,24185.5,24185.75,833
2025-11-21T02:10:00Z,24186.25,24188.5,24155.75,24166.75,1294
2025-11-21T02:15:00Z,24167.25,24192.5,24164.25,24186.0,746
2025-11-21T02:20:00Z,24184.0,24198.5,24169.75,24191.0,635
2025-11-21T02:25:00Z,24189.5,24197.0,24179.75,24182.75,380
2025-11-21T02:30:00Z,24182.5,24194.0,24175.0,24188.0,448
2025-11-21T02:35:00Z,24187.0,24219.5,24185.25,24185.75,888
2025-11-21T02:40:00Z,24189.5,24215.25,24189.5,24201.75,448
2025-11-21T02:45:00Z,24203.25,24210.0,24197.5,24207.25,446
2025-11-21T02:50:00Z,24206.25,24212.25,24190.0,24198.75,398
2025-11-21T02:55:00Z,24195.5,24198.0,24170.25,24172.75,664
2025-11-21T03:00:00Z,24172.25,24184.75,24162.0,24164.5,732
2025-11-21T03:05:00Z,24163.75,24183.75,24159.5,24175.0,469
2025-11-21T03:10:00Z,24175.25,24192.75,24175.25,24182.75,385
2025-11-21T03:15:00Z,24183.0,24183.25,24163.0,24165.25,447
2025-11-21T03:20:00Z,24166.75,24191.0,24166.0,24177.0,438
2025-11-21T03:25:00Z,24177.5,24190.75,24173.75,24186.5,243
2025-11-21T03:30:00Z,24189.75,24190.0,24181.0,24186.25,212
2025-11-21T03:35:00Z,24185.75,24238.5,24184.0,24207.5,1774
2025-11-21T03:40:00Z,24207.0,24232.0,24202.75,24219.75,546
2025-11-21T03:45:00Z,24222.25,24230.25,24206.25,24213.0,388
2025-11-21T03:50:00Z,24212.25,24218.25,24193.75,24203.25,731
2025-11-21T03:55:00Z,24203.25,24208.0,24190.5,24192.25,417
2025-11-21T04:00:00Z,24192.75,24202.75,24184.0,24184.75,400
2025-11-21T04:05:00Z,24185.5,24194.75,24168.25,24183.25,803
2025-11-21T04:10:00Z,24184.25,24193.0,24176.25,24181.5,258
2025-11-21T04:15:00Z,24180.75,24180.75,24153.0,24173.75,516
2025-11-21T04:20:00Z,24174.75,24179.0,24118.5,24128.25,1395
2025-11-21T04:25:00Z,24129.0,24158.75,24119.0,24151.5,874
2025-11-21T04:30:00Z,24152.25,24156.0,24124.25,24138.0,751
2025-11-21T04:35:00Z,24136.5,24143.25,24111.0,24120.25,658
2025-11-21T04:40:00Z,24120.25,24135.75,24095.0,24125.5,910
2025-11-21T04:45:00Z,24125.5,24145.5,24115.25,24123.5,737
2025-11-21T04:50:00Z,24123.0,24145.0,24106.0,24137.75,649
2025-11-21T04:55:00Z,24136.0,24159.5,24131.75,24158.25,526
2025-11-21T05:05:00Z,24179.0,24189.25,24177.75,24180.75,2261
2025-11-21T05:10:00Z,24181.0,24210.0,24170.75,24193.25,533
2025-11-21T05:15:00Z,24191.0,24206.5,24181.0,24184.75,515
2025-11-21T05:20:00Z,24184.75,24194.0,24181.0,24184.75,347
2025-11-21T05:25:00Z,24187.0,24193.25,24164.25,24169.0,597
2025-11-21T05:30:00Z,24170.5,24180.75,24155.5,24155.5,476
2025-11-21T05:35:00Z,24156.75,24156.75,24131.0,24140.75,627
2025-11-21T05:40:00Z,24141.75,24154.5,24133.0,24148.75,431
2025-11-21T05:45:00Z,24149.25,24153.0,24127.5,24138.75,527
2025-11-21T05:50:00Z,24142.25,24147.75,24128.0,24131.75,344
2025-11-21T05:55:00Z,24131.0,24154.0,24129.0,24141.0,403
2025-11-21T06:00:00Z,24141.75,24154.0,24132.25,24149.25,450
2025-11-21T06:05:00Z,24148.25,24163.0,24137.75,24148.0,423
2025-11-21T06:10:00Z,24147.75,24175.5,24143.5,24162.75,692
2025-11-21T06:15:00Z,24164.0,24184.25,24157.25,24160.75,563
2025-11-21T06:20:00Z,24159.5,24179.5,24150.0,24175.5,358
2025-11-21T06:25:00Z,24176.5,24178.0,24134.25,24135.25,353
2025-11-21T06:30:00Z,24133.5,24173.0,24129.0,24163.75,673
2025-11-21T06:35:00Z,24164.75,24171.0,24144.0,24159.25,344
2025-11-21T06:40:00Z,24156.0,24176.0,24156.0,24170.0,294
2025-11-21T06:45:00Z,24169.25,24178.5,24163.0,24175.0,325
2025-11-21T06:50:00Z,24173.75,24201.75,24169.75,24177.0,767
2025-11-21T06:55:00Z,24174.75,24180.0,24165.0,24174.25,335
2025-11-21T07:00:00Z,24174.25,24177.25,24154.0,24168.25,601
2025-11-21T07:05:00Z,24169.0,24186.75,24165.5,24175.75,443
2025-11-21T07:10:00Z,24176.0,24179.75,24158.25,24164.5,301
2025-11-21T07:15:00Z,24164.75,24197.0,24158.0,24173.75,715
2025-11-21T07:20:00Z,24173.0,24190.25,24172.75,24188.5,407
2025-11-21T07:25:00Z,24188.0,24196.5,24176.0,24193.75,458
2025-11-21T07:30:00Z,24193.5,24199.0,24145.0,24147.25,795
2025-11-21T07:35:00Z,24145.0,24158.0,24129.0,24148.5,872
2025-11-21T07:40:00Z,24147.5,24170.0,24146.0,24152.5,678
2025-11-21T07:45:00Z,24153.5,24153.75,24079.75,24086.0,1859
2025-11-21T07:50:00Z,24087.5,24121.5,24069.0,24074.75,1322
2025-11-21T07:55:00Z,24074.25,24088.5,24060.25,24078.25,1525
2025-11-21T08:00:00Z,24078.75,24110.0,24078.5,24100.0,1841
2025-11-21T08:05:00Z,24100.5,24179.0,24100.5,24170.75,2361
2025-11-21T08:10:00Z,24171.0,24175.75,24150.75,24164.75,1128
2025-11-21T08:15:00Z,24166.0,24175.0,24132.75,24133.5,1106
2025-11-21T08:20:00Z,24132.75,24160.5,24105.75,24153.75,1385
2025-11-21T08:25:00Z,24153.5,24158.0,24126.0,24150.25,878
2025-11-21T08:30:00Z,24149.5,24163.0,24133.0,24139.0,698
2025-11-21T08:35:00Z,24141.75,24152.5,24109.25,24147.5,1055
2025-11-21T08:40:00Z,24145.25,24163.5,24133.5,24159.0,510
2025-11-21T08:45:00Z,24158.0,24195.0,24156.5,24162.5,1186
2025-11-21T08:50:00Z,24163.75,24209.0,24152.5,24199.0,1197
2025-11-21T08:55:00Z,24200.5,24215.0,24200.25,24207.0,706
2025-11-21T09:00:00Z,24207.75,24217.0,24180.0,24188.75,1109
2025-11-21T09:05:00Z,24190.0,24215.5,24184.75,24196.75,761
2025-11-21T09:10:00Z,24195.5,24207.5,24185.25,24188.0,766
2025-11-21T09:15:00Z,24188.75,24189.25,24151.5,24161.5,968
2025-11-21T09:20:00Z,24160.25,24167.75,24127.75,24133.25,1058
2025-11-21T09:25:00Z,24132.75,24136.5,24108.0,24134.25,1073
2025-11-21T09:30:00Z,24133.0,24146.25,24118.75,24122.0,634
2025-11-21T09:35:00Z,24122.25,24122.25,24092.75,24095.75,1003
2025-11-21T09:40:00Z,24095.5,24098.75,24062.0,24063.0,1410
2025-11-21T09:45:00Z,24062.25,24089.0,24043.0,24087.25,1728
2025-11-21T09:50:00Z,24087.25,24090.25,24053.0,24070.0,1109
2025-11-21T09:55:00Z,24070.0,24074.75,24030.0,24035.25,1330
2025-11-21T10:00:00Z,24034.5,24039.5,23933.75,23938.75,5418
2025-11-21T10:05:00Z,23940.0,23966.75,23930.0,23938.75,3435
2025-11-21T10:10:00Z,23939.5,23996.75,23939.5,23967.0,2754
2025-11-21T10:15:00Z,23968.0,23971.0,23923.0,23946.0,2322
2025-11-21T10:20:00Z,23946.25,23951.5,23919.5,23943.5,2142
2025-11-21T10:25:00Z,23943.75,23951.75,23904.5,23910.75,2079
2025-11-21T10:30:00Z,23911.75,24016.25,23909.25,24001.25,3050
2025-11-21T10:35:00Z,23999.75,24052.5,23999.0,24048.75,1781
2025-11-21T10:40:00Z,24048.0,24072.5,24028.0,24030.5,1520
2025-11-21T10:45:00Z,24031.75,24060.75,24030.75,24055.0,1269
2025-11-21T10:50:00Z,24053.75,24094.0,24047.75,24080.5,1341
2025-11-21T10:55:00Z,24081.5,24095.5,24069.25,24092.25,936
2025-11-21T11:00:00Z,24091.25,24119.5,24082.5,24088.25,1623
2025-11-21T11:05:00Z,24088.75,24135.5,24078.75,24121.0,1765
2025-11-21T11:10:00Z,24121.5,24147.75,24120.0,24145.0,1580
2025-11-21T11:15:00Z,24146.0,24153.25,24112.75,24120.25,1302
2025-11-21T11:20:00Z,24120.25,24139.0,24102.0,24119.0,1313
2025-11-21T11:25:00Z,24118.0,24122.75,24082.75,24083.0,1186
2025-11-21T11:30:00Z,24083.25,24105.75,24079.25,24093.75,1067
2025-11-21T11:35:00Z,24093.75,24106.5,24080.5,24088.5,1014
2025-11-21T11:40:00Z,24090.0,24103.25,24059.25,24088.5,1455
2025-11-21T11:45:00Z,24085.75,24091.25,24038.75,24044.25,1054
2025-11-21T11:50:00Z,24044.25,24048.0,24010.25,24018.5,3117
2025-11-21T11:55:00Z,24018.5,24056.75,24017.0,24055.5,1794
2025-11-21T12:00:00Z,24056.5,24077.0,24032.0,24048.0,2262
2025-11-21T12:05:00Z,24049.25,24050.75,24013.75,24020.0,1782
2025-11-21T12:10:00Z,24021.0,24024.5,23969.75,24017.25,2727
2025-11-21T12:15:00Z,24018.5,24034.0,23998.0,24017.0,1592
2025-11-21T12:20:00Z,24018.0,24024.5,23952.5,23963.0,2266
2025-11-21T12:25:00Z,23964.75,23990.5,23959.75,23964.5,1488
2025-11-21T12:30:00Z,23966.5,24147.25,23966.5,24116.25,8212
2025-11-21T12:35:00Z,24116.0,24192.75,24103.25,24182.0,5861
2025-11-21T12:40:00Z,24182.75,24183.25,24119.25,24176.5,4098
2025-11-21T12:45:00Z,24175.75,24257.25,24174.25,24236.25,8558
2025-11-21T12:50:00Z,24235.5,24261.5,24209.25,24255.25,4866
2025-11-21T12:55:00Z,24254.5,24259.75,24188.25,24190.75,4469
2025-11-21T13:00:00Z,24191.75,24225.75,24144.5,24153.75,3548
2025-11-21T13:05:00Z,24153.75,24193.0,24148.5,24181.25,2263
2025-11-21T13:10:00Z,24181.5,24225.5,24169.75,24220.25,2746
2025-11-21T13:15:00Z,24220.75,24264.5,24213.75,24261.75,3917
2025-11-21T13:20:00Z,24262.0,24292.0,24235.75,24236.0,4137
2025-11-21T13:25:00Z,24238.0,24242.75,24190.75,24195.0,5188
2025-11-21T13:30:00Z,24196.0,24232.5,24195.75,24222.0,2369
2025-11-21T13:35:00Z,24221.5,24274.0,24218.75,24251.0,2664
2025-11-21T13:40:00Z,24250.25,24277.75,24244.0,24257.25,1304
2025-11-21T13:45:00Z,24258.0,24275.5,24231.75,24238.0,2174
2025-11-21T13:50:00Z,24237.25,24260.5,24229.0,24255.0,2157
2025-11-21T13:55:00Z,24255.0,24257.25,24224.25,24244.5,1353
2025-11-21T14:00:00Z,24242.0,24248.75,24213.75,24218.75,2747
2025-11-21T14:05:00Z,24218.25,24260.25,24207.5,24255.75,2388
2025-11-21T14:10:00Z,24255.0,24267.0,24239.75,24244.5,2011
2025-11-21T14:15:00Z,24243.25,24243.25,24208.25,24210.25,2526
2025-11-21T14:20:00Z,24210.75,24217.5,24187.25,24208.0,2927
2025-11-21T14:25:00Z,24207.5,24216.75,24180.5,24203.0,5754
2025-11-21T14:30:00Z,24203.5,24279.25,24159.0,24227.75,25651
2025-11-21T14:35:00Z,24229.5,24268.75,24171.0,24175.75,14982
2025-11-21T14:40:00Z,24175.25,24266.0,24153.0,24181.0,12432
2025-11-21T14:45:00Z,24190.5,24228.25,24101.5,24194.5,18969
2025-11-21T14:50:00Z,24195.5,24298.0,24177.75,24280.5,11397
2025-11-21T14:55:00Z,24280.25,24283.75,24170.0,24174.25,9382
2025-11-21T15:00:00Z,24174.25,24228.5,24074.25,24139.0,17196
2025-11-21T15:05:00Z,24141.75,24223.25,24116.25,24159.5,14636
2025-11-21T15:10:00Z,24158.5,24158.75,24080.75,24103.25,11552
2025-11-21T15:15:00Z,24104.25,24147.0,24046.25,24131.0,13233
2025-11-21T15:20:00Z,24131.25,24166.0,24027.5,24162.75,14906
2025-11-21T15:25:00Z,24163.0,24206.5,24028.25,24044.25,12632
2025-11-21T15:30:00Z,24045.25,24085.75,24009.25,24021.5,11757
2025-11-21T15:35:00Z,24021.25,24023.0,23927.25,23951.75,15062
2025-11-21T15:40:00Z,23950.5,24057.0,23930.0,24029.25,12787
2025-11-21T15:45:00Z,24029.5,24106.0,24000.75,24095.0,9947
2025-11-21T15:50:00Z,24092.75,24099.75,24010.0,24056.0,7515
2025-11-21T15:55:00Z,24080.0,24091.75,24018.0,24021.75,8971
2025-11-21T16:00:00Z,24021.0,24049.5,23957.75,23983.25,7627
2025-11-21T16:05:00Z,23981.25,24041.5,23935.0,24041.25,8631
2025-11-21T16:10:00Z,24040.25,24088.75,24021.25,24060.25,7066
2025-11-21T16:15:00Z,24061.5,24094.5,23990.75,24001.5,7294
2025-11-21T16:20:00Z,24000.75,24133.5,23992.25,24125.0,8472
2025-11-21T16:25:00Z,24125.75,24177.5,24111.0,24175.75,8016
2025-11-21T16:30:00Z,24175.0,24202.0,24139.75,24165.75,9834
2025-11-21T16:35:00Z,24165.5,24232.75,24161.75,24204.5,8174
2025-11-21T16:40:00Z,24207.25,24237.25,24204.0,24221.0,5164
2025-11-21T16:45:00Z,24221.5,24262.75,24185.0,24225.25,6887
2025-11-21T16:50:00Z,24226.5,24294.0,24210.5,24274.25,7845
2025-11-21T16:55:00Z,24274.75,24373.25,24273.5,24372.25,10093
2025-11-21T17:00:00Z,24371.75,24383.75,24312.75,24357.25,9576
2025-11-21T17:05:00Z,24357.75,24392.0,24331.0,24375.25,6355
2025-11-21T17:10:00Z,24375.75,24383.75,24341.5,24357.5,5289
2025-11-21T17:15:00Z,24359.25,24367.5,24322.0,24327.5,5581
2025-11-21T17:20:00Z,24327.0,24385.5,24305.5,24378.25,6889
2025-11-21T17:25:00Z,24379.0,24391.5,24332.5,24358.5,5404
2025-11-21T17:30:00Z,24357.75,24400.75,24354.5,24386.75,4223
2025-11-21T17:35:00Z,24386.0,24415.5,24359.75,24372.25,6913
2025-11-21T17:40:00Z,24373.5,24393.0,24341.0,24391.0,4907
2025-11-21T17:45:00Z,24390.5,24406.5,24356.0,24391.5,3916
2025-11-21T17:50:00Z,24391.0,24392.0,24332.0,24364.5,5138
2025-11-21T17:55:00Z,24365.5,24389.5,24333.75,24350.25,4311
2025-11-21T18:00:00Z,24350.5,24361.25,24268.0,24272.75,6959
2025-11-21T18:05:00Z,24272.25,24291.25,24247.0,24271.25,7730
2025-11-21T18:10:00Z,24273.25,24273.25,24231.0,24234.75,5299
2025-11-21T18:15:00Z,24234.5,24244.5,24203.5,24230.0,6634
2025-11-21T18:20:00Z,24229.75,24277.0,24224.25,24233.5,5917
2025-11-21T18:25:00Z,24233.75,24269.0,24223.0,24264.75,3624
2025-11-21T18:30:00Z,24264.75,24338.25,24248.25,24320.0,6844
2025-11-21T18:35:00Z,24321.75,24377.75,24313.75,24369.75,4680
2025-11-21T18:40:00Z,24368.75,24390.5,24344.5,24385.0,4216
2025-11-21T18:45:00Z,24385.25,24531.25,24366.25,24510.0,13449
2025-11-21T18:50:00Z,24509.75,24559.5,24460.25,24474.25,12719
2025-11-21T18:55:00Z,24474.0,24512.25,24449.5,24477.25,5939
2025-11-21T19:00:00Z,24477.5,24528.25,24471.25,24522.25,6330
2025-11-21T19:05:00Z,24522.75,24562.5,24505.5,24549.25,6575
2025-11-21T19:10:00Z,24550.0,24566.25,24519.5,24532.0,4806
2025-11-21T19:15:00Z,24531.5,24565.5,24516.25,24551.75,4585
2025-11-21T19:20:00Z,24551.75,24594.75,24543.75,24579.75,5231
2025-11-21T19:25:00Z,24580.5,24596.25,24564.0,24580.25,3505
2025-11-21T19:30:00Z,24581.25,24594.75,24519.0,24526.75,7609
2025-11-21T19:35:00Z,24527.25,24572.75,24525.5,24565.5,4296
2025-11-21T19:40:00Z,24566.0,24583.0,24496.0,24508.0,5728
2025-11-21T19:45:00Z,24510.0,24524.75,24472.5,24492.25,5315
2025-11-21T19:50:00Z,24492.5,24510.75,24427.5,24453.75,4867
2025-11-21T19:55:00Z,24454.5,24471.25,24429.5,24458.75,4210
2025-11-21T20:00:00Z,24458.75,24479.5,24448.25,24459.0,3403
2025-11-21T20:05:00Z,24458.75,24472.5,24442.0,24471.0,3094
2025-11-21T20:10:00Z,24472.0,24496.25,24452.25,24477.75,3669
2025-11-21T20:15:00Z,24476.25,24494.5,24462.75,24485.75,3015
2025-11-21T20:20:00Z,24486.5,24494.0,24428.0,24444.25,4388
2025-11-21T20:25:00Z,24443.5,24458.75,24388.5,24388.75,4818
2025-11-21T20:30:00Z,24388.75,24402.5,24352.25,24390.0,7627
2025-11-21T20:35:00Z,24390.75,24454.5,24387.75,24414.5,5871
2025-11-21T20:40:00Z,24413.75,24421.75,24375.75,24388.5,4599
2025-11-21T20:45:00Z,24388.5,24439.75,24383.5,24409.0,5587
2025-11-21T20:50:00Z,24409.0,24426.5,24321.75,24325.5,9175
2025-11-21T20:55:00Z,24326.75,24335.25,24285.0,24313.75,17317
2025-11-21T21:00:00Z,24312.0,24349.25,24306.75,24348.75,9084
2025-11-21T21:05:00Z,24348.25,24357.0,24312.5,24313.75,2484
2025-11-21T21:10:00Z,24315.0,24331.75,24302.75,24324.0,2492
2025-11-21T21:15:00Z,24324.5,24330.75,24319.0,24322.5,975
2025-11-21T21:20:00Z,24323.5,24327.75,24312.0,24313.25,744
2025-11-21T21:25:00Z,24312.5,24332.5,24310.25,24320.25,720
2025-11-21T21:30:00Z,24321.5,24340.25,24318.0,24339.0,665
2025-11-21T21:35:00Z,24339.0,24347.25,24335.5,24344.25,792
2025-11-21T21:40:00Z,24343.75,24356.0,24341.75,24354.5,418
2025-11-21T21:45:00Z,24354.25,24358.25,24322.0,24335.75,733
2025-11-21T21:50:00Z,24335.75,24351.5,24334.25,24350.5,567
2025-11-21T21:55:00Z,24350.5,24357.5,24344.25,24347.5,618
2025-11-23T23:10:00Z,24495.0,24521.75,24485.0,24487.25,655
2025-11-23T23:15:00Z,24488.0,24507.0,24466.0,24480.5,705
2025-11-23T23:20:00Z,24480.25,24486.0,24466.0,24476.75,426
2025-11-23T23:25:00Z,24477.0,24502.0,24471.25,24486.5,502
2025-11-23T23:30:00Z,24483.5,24487.0,24460.25,24480.25,490
2025-11-23T23:35:00Z,24480.75,24481.75,24455.25,24475.0,575
2025-11-23T23:40:00Z,24476.5,24487.75,24469.75,24478.0,552
2025-11-23T23:45:00Z,24476.5,24496.0,24476.5,24490.25,500
2025-11-23T23:50:00Z,24489.75,24495.5,24468.0,24472.0,695
2025-11-23T23:55:00Z,24470.5,24478.5,24462.5,24471.5,406
2025-11-24T00:00:00Z,24470.25,24470.25,24431.5,24435.75,1105
2025-11-24T00:05:00Z,24435.0,24438.25,24423.0,24432.75,663
2025-11-24T00:10:00Z,24432.0,24442.0,24429.5,24438.75,348
2025-11-24T00:15:00Z,24439.0,24445.75,24415.0,24416.5,688
2025-11-24T00:20:00Z,24417.0,24430.75,24404.0,24424.25,770
2025-11-24T00:25:00Z,24425.25,24441.25,24415.0,24432.0,525
2025-11-24T00:30:00Z,24431.25,24450.0,24429.5,24448.5,472
2025-11-24T00:35:00Z,24449.5,24475.0,24446.75,24468.5,613
2025-11-24T00:40:00Z,24470.0,24472.5,24444.0,24458.0,584
2025-11-24T00:45:00Z,24458.25,24470.0,24450.5,24454.5,403
2025-11-24T00:50:00Z,24453.0,24469.5,24452.75,24464.25,291
2025-11-24T00:55:00Z,24466.0,24468.0,24444.0,24447.25,498
2025-11-24T01:00:00Z,24445.5,24447.25,24414.75,24437.75,1666
2025-11-24T01:05:00Z,24436.75,24459.75,24436.75,24458.5,559
2025-11-24T01:10:00Z,24458.75,24467.75,24450.25,24460.0,627
2025-11-24T01:15:00Z,24459.5,24465.0,24446.0,24457.0,520
2025-11-24T01:20:00Z,24455.0,24467.0,24444.25,24457.0,569
2025-11-24T01:25:00Z,24456.5,24482.75,24453.25,24471.0,764
2025-11-24T01:30:00Z,24467.5,24479.0,24454.25,24464.25,522
2025-11-24T01:35:00Z,24464.5,24470.0,24437.25,24441.5,572
2025-11-24T01:40:00Z,24441.25,24448.0,24427.0,24435.0,496
2025-11-24T01:45:00Z,24433.75,24445.0,24429.75,24438.75,321
2025-11-24T01:50:00Z,24436.5,24464.0,24436.5,24456.25,582
2025-11-24T01:55:00Z,24457.0,24461.5,24445.5,24450.25,307
2025-11-24T02:00:00Z,24450.25,24467.5,24450.25,24458.75,451
2025-11-24T02:05:00Z,24459.5,24468.0,24433.5,24436.75,443
2025-11-24T02:10:00Z,24436.0,24453.5,24433.75,24437.25,392
2025-11-24T02:15:00Z,24437.0,24474.25,24436.5,24473.75,628
2025-11-24T02:20:00Z,24473.5,24489.25,24468.75,24487.0,651
2025-11-24T02:25:00Z,24488.0,24492.0,24478.25,24486.75,584
2025-11-24T02:30:00Z,24484.75,24487.75,24460.0,24466.25,593
2025-11-24T02:35:00Z,24466.25,24486.0,24466.25,24479.75,541
2025-11-24T02:40:00Z,24478.75,24501.5,24478.0,24500.75,563
2025-11-24T02:45:00Z,24500.5,24511.0,24494.5,24503.5,1155
2025-11-24T02:50:00Z,24504.5,24510.25,24500.75,24506.0,485
2025-11-24T02:55:00Z,24505.75,24516.25,24498.75,24515.25,314
2025-11-24T03:00:00Z,24516.5,24522.25,24512.5,24520.5,604
2025-11-24T03:05:00Z,24521.5,24522.25,24510.75,24511.75,330
2025-11-24T03:10:00Z,24513.0,24522.25,24510.25,24518.0,386
2025-11-24T03:15:00Z,24517.0,24517.0,24500.0,24512.25,476
2025-11-24T03:20:00Z,24511.75,24522.75,24511.5,24515.75,325
2025-11-24T03:25:00Z,24516.0,24519.5,24511.25,24515.5,175
2025-11-24T03:30:00Z,24515.0,24515.0,24495.5,24502.25,416
2025-11-24T03:35:00Z,24501.25,24501.25,24474.25,24481.25,703
2025-11-24T03:40:00Z,24482.0,24499.25,24481.75,24495.25,242
2025-11-24T03:45:00Z,24495.0,24502.5,24476.0,24479.25,416
2025-11-24T03:50:00Z,24479.0,24493.25,24478.0,24482.75,239
2025-11-24T03:55:00Z,24482.0,24491.5,24482.0,24484.75,142
2025-11-24T04:00:00Z,24483.0,24491.0,24474.5,24489.5,391
2025-11-24T04:05:00Z,24489.25,24491.5,24482.0,24491.25,153
2025-11-24T04:10:00Z,24490.75,24490.75,24445.75,24453.25,857
2025-11-24T04:15:00Z,24453.25,24456.75,24438.5,24441.0,604
2025-11-24T04:20:00Z,24442.75,24454.25,24436.0,24440.75,407
2025-11-24T04:25:00Z,24440.0,24452.0,24431.75,24449.5,700
2025-11-24T04:30:00Z,24451.75,24464.5,24450.25,24451.75,467
2025-11-24T04:35:00Z,24450.25,24472.75,24442.25,24467.25,550
2025-11-24T04:40:00Z,24467.5,24470.5,24458.0,24462.75,274
2025-11-24T04:45:00Z,24464.0,24472.0,24444.75,24452.25,340
2025-11-24T04:50:00Z,24452.25,24470.25,24452.25,24464.0,247
2025-11-24T04:55:00Z,24465.0,24476.0,24450.75,24454.75,461
2025-11-24T05:00:00Z,24452.0,24463.25,24445.0,24457.0,489
2025-11-24T05:05:00Z,24456.5,24485.5,24454.25,24483.5,460
2025-11-24T05:10:00Z,24482.25,24505.0,24482.25,24500.25,786
2025-11-24T05:15:00Z,24501.25,24508.75,24495.0,24499.25,352
2025-11-24T05:20:00Z,24500.0,24507.5,24498.25,24503.75,282
2025-11-24T05:25:00Z,24503.75,24511.0,24503.0,24504.5,295
2025-11-24T05:30:00Z,24504.0,24505.75,24481.0,24483.75,555
2025-11-24T05:35:00Z,24482.75,24488.25,24478.5,24486.0,172
2025-11-24T05:40:00Z,24485.25,24502.5,24485.0,24494.0,341
2025-11-24T05:45:00Z,24494.5,24501.0,24490.5,24492.0,175
2025-11-24T05:50:00Z,24492.25,24499.0,24486.25,24489.0,193
2025-11-24T05:55:00Z,24491.0,24500.0,24491.0,24495.5,132
2025-11-24T06:00:00Z,24496.25,24501.5,24481.5,24487.75,415
2025-11-24T06:05:00Z,24488.25,24491.5,24480.25,24485.5,256
2025-11-24T06:10:00Z,24486.25,24489.5,24475.5,24477.0,238
2025-11-24T06:15:00Z,24478.25,24496.0,24477.25,24490.5,264
2025-11-24T06:20:00Z,24491.75,24494.5,24480.0,24483.25,160
2025-11-24T06:25:00Z,24485.75,24487.0,24475.0,24481.25,178
2025-11-24T06:30:00Z,24480.25,24486.0,24476.5,24479.5,203
2025-11-24T06:35:00Z,24479.75,24490.25,24476.75,24482.5,335
2025-11-24T06:40:00Z,24484.5,24489.25,24468.0,24471.25,230
2025-11-24T06:45:00Z,24470.5,24474.5,24462.0,24472.0,206
2025-11-24T06:50:00Z,24471.25,24477.0,24467.75,24476.0,155
2025-11-24T06:55:00Z,24476.25,24479.25,24470.25,24475.5,140
2025-11-24T07:00:00Z,24475.0,24477.75,24450.5,24455.0,599
2025-11-24T07:05:00Z,24454.5,24472.5,24453.25,24472.5,385
2025-11-24T07:10:00Z,24473.5,24491.75,24469.0,24474.0,476
2025-11-24T07:15:00Z,24473.0,24484.5,24467.0,24481.75,288
2025-11-24T07:20:00Z,24481.0,24482.0,24474.25,24478.25,200
2025-11-24T07:25:00Z,24478.0,24484.75,24475.75,24483.25,235
2025-11-24T07:30:00Z,24482.0,24482.0,24470.75,24474.5,210
2025-11-24T07:35:00Z,24473.0,24477.5,24471.75,24474.5,172
2025-11-24T07:40:00Z,24472.0,24514.75,24469.75,24509.0,768
2025-11-24T07:45:00Z,24509.0,24525.0,24506.5,24521.75,759
2025-11-24T07:50:00Z,24522.5,24524.5,24508.5,24509.75,416
2025-11-24T07:55:00Z,24511.0,24517.0,24504.5,24513.5,327
2025-11-24T08:00:00Z,24513.0,24514.0,24463.25,24468.25,999
2025-11-24T08:05:00Z,24468.5,24477.0,24456.25,24469.0,1025
2025-11-24T08:10:00Z,24466.5,24506.25,24460.75,24503.5,714
2025-11-24T08:15:00Z,24505.0,24541.5,24504.25,24535.5,1257
2025-11-24T08:20:00Z,24535.25,24541.25,24522.5,24538.5,688
2025-11-24T08:25:00Z,24538.0,24556.25,24534.75,24545.25,1095
2025-11-24T08:30:00Z,24544.0,24552.5,24532.75,24534.75,763
2025-11-24T08:35:00Z,24533.0,24556.0,24524.0,24534.25,1053
2025-11-24T08:40:00Z,24535.5,24553.5,24535.5,24541.75,386
2025-11-24T08:45:00Z,24542.5,24554.0,24538.0,24548.0,574
2025-11-24T08:50:00Z,24548.25,24556.25,24543.75,24555.75,353
2025-11-24T08:55:00Z,24557.0,24563.25,24549.75,24552.75,597
2025-11-24T09:00:00Z,24551.75,24562.25,24547.75,24553.75,561
2025-11-24T09:05:00Z,24553.75,24562.25,24529.25,24533.0,542
2025-11-24T09:10:00Z,24532.0,24541.75,24510.25,24516.25,662
2025-11-24T09:15:00Z,24518.25,24532.75,24483.5,24485.5,1178
2025-11-24T09:20:00Z,24485.25,24488.75,24435.0,24437.0,1675
2025-11-24T09:25:00Z,24437.5,24438.5,24367.0,24371.25,3762
2025-11-24T09:30:00Z,24370.5,24430.0,24365.0,24399.5,2006
2025-11-24T09:35:00Z,24401.0,24447.5,24400.0,24408.75,1204
2025-11-24T09:40:00Z,24408.0,24414.75,24385.25,24412.75,981
2025-11-24T09:45:00Z,24414.0,24442.5,24414.0,24435.5,1092
2025-11-24T09:50:00Z,24435.5,24441.75,24409.75,24426.25,766
2025-11-24T09:55:00Z,24427.5,24441.0,24421.25,24422.75,491
2025-11-24T10:00:00Z,24424.0,24438.75,24410.0,24435.25,658
2025-11-24T10:05:00Z,24434.0,24435.0,24420.0,24425.0,424
2025-11-24T10:10:00Z,24423.5,24424.5,24387.75,24403.25,1055
2025-11-24T10:15:00Z,24402.5,24419.0,24389.75,24414.25,965
2025-11-24T10:20:00Z,24412.75,24430.25,24390.25,24390.25,793
2025-11-24T10:25:00Z,24390.0,24408.0,24383.0,24396.0,783
2025-11-24T10:30:00Z,24396.5,24401.5,24369.5,24370.5,1097
2025-11-24T10:35:00Z,24371.0,24421.0,24361.75,24411.25,1014
2025-11-24T10:40:00Z,24411.0,24421.5,24405.0,24416.75,374
2025-11-24T10:45:00Z,24412.5,24425.0,24406.75,24416.75,537
2025-11-24T10:50:00Z,24417.5,24425.5,24394.0,24402.25,444
2025-11-24T10:55:00Z,24403.75,24427.25,24394.25,24402.5,746
2025-11-24T11:00:00Z,24401.25,24412.25,24396.0,24402.25,600
2025-11-24T11:05:00Z,24401.75,24404.75,24378.0,24386.25,926
2025-11-24T11:10:00Z,24385.75,24402.5,24380.25,24391.0,432
2025-11-24T11:15:00Z,24391.0,24415.0,24385.25,24414.0,421
2025-11-24T11:20:00Z,24412.75,24428.0,24406.0,24414.75,1014
2025-11-24T11:25:00Z,24415.0,24415.0,24398.0,24411.25,458
2025-11-24T11:30:00Z,24414.0,24423.5,24396.5,24400.5,695
2025-11-24T11:35:00Z,24399.0,24413.5,24396.75,24399.0,421
2025-11-24T11:40:00Z,24401.75,24433.25,24393.75,24426.75,554
2025-11-24T11:45:00Z,24427.0,24435.75,24416.5,24433.25,698
2025-11-24T11:50:00Z,24432.75,24462.5,24430.5,24446.75,1134
2025-11-24T11:55:00Z,24448.25,24462.0,24445.0,24455.75,644
2025-11-24T12:00:00Z,24455.0,24455.0,24432.75,24439.25,913
2025-11-24T12:05:00Z,24441.25,24460.5,24437.25,24447.75,651
2025-11-24T12:10:00Z,24452.0,24454.0,24423.5,24431.75,716
2025-11-24T12:15:00Z,24431.75,24448.25,24423.0,24424.75,535
2025-11-24T12:20:00Z,24425.25,24452.5,24424.0,24442.5,506
2025-11-24T12:25:00Z,24443.75,24488.0,24443.75,24481.75,1364
2025-11-24T12:30:00Z,24481.0,24498.75,24479.25,24486.75,1610
2025-11-24T12:35:00Z,24486.5,24486.5,24467.25,24477.25,700
2025-11-24T12:40:00Z,24477.75,24484.0,24464.0,24472.0,948
2025-11-24T12:45:00Z,24472.25,24494.0,24469.75,24491.5,711
2025-11-24T12:50:00Z,24491.75,24506.0,24476.75,24504.5,1204
2025-11-24T12:55:00Z,24504.5,24516.25,24494.75,24505.75,1381
2025-11-24T13:00:00Z,24505.25,24520.75,24499.0,24512.5,943
2025-11-24T13:05:00Z,24516.0,24544.25,24515.25,24541.25,1152
2025-11-24T13:10:00Z,24542.25,24550.0,24536.25,24546.5,1125
2025-11-24T13:15:00Z,24546.75,24550.0,24532.25,24543.75,1098
2025-11-24T13:20:00Z,24543.75,24545.5,24526.0,24542.75,1108
2025-11-24T13:25:00Z,24542.25,24559.0,24540.75,24551.75,1250
2025-11-24T13:30:00Z,24553.25,24564.0,24540.25,24542.75,1186
2025-11-24T13:35:00Z,24542.5,24547.5,24531.25,24531.25,1111
2025-11-24T13:40:00Z,24532.25,24547.75,24529.0,24537.25,852
2025-11-24T13:45:00Z,24536.75,24541.0,24516.75,24528.75,1681
2025-11-24T13:50:00Z,24529.5,24531.25,24513.25,24516.75,1311
2025-11-24T13:55:00Z,24517.75,24520.75,24491.0,24499.25,1626
2025-11-24T14:00:00Z,24498.0,24521.0,24495.25,24513.75,1589
2025-11-24T14:05:00Z,24514.0,24543.25,24511.75,24542.25,1940
2025-11-24T14:10:00Z,24542.0,24574.5,24541.5,24570.5,2315
2025-11-24T14:15:00Z,24570.0,24570.0,24543.25,24548.0,1837
2025-11-24T14:20:00Z,24547.0,24547.0,24529.25,24530.5,1490
2025-11-24T14:25:00Z,24531.75,24535.0,24517.5,24522.75,2514
2025-11-24T14:30:00Z,24522.25,24684.75,24517.0,24682.0,19853
2025-11-24T14:35:00Z,24682.75,24722.75,24645.5,24654.75,13690
2025-11-24T14:40:00Z,24655.25,24690.5,24609.5,24625.5,12077
2025-11-24T14:45:00Z,24623.75,24689.5,24612.0,24617.75,10240
2025-11-24T14:50:00Z,24618.0,24681.25,24579.0,24639.0,11889
2025-11-24T14:55:00Z,24640.0,24684.75,24625.25,24683.5,7491
2025-11-24T15:00:00Z,24683.0,24749.0,24678.75,24734.0,11001
2025-11-24T15:05:00Z,24734.5,24769.75,24705.25,24710.25,10452
2025-11-24T15:10:00Z,24710.5,24743.5,24664.0,24734.0,10578
2025-11-24T15:15:00Z,24734.25,24751.75,24695.5,24704.75,7548
2025-11-24T15:20:00Z,24705.75,24749.0,24692.75,24707.5,8043
2025-11-24T15:25:00Z,24706.5,24752.0,24681.25,24739.25,9000
2025-11-24T15:30:00Z,24737.75,24761.0,24710.75,24759.75,7132
2025-11-24T15:35:00Z,24760.25,24796.25,24747.25,24792.25,8032
2025-11-24T15:40:00Z,24793.0,24806.75,24776.75,24797.75,7092
2025-11-24T15:45:00Z,24797.5,24817.25,24793.25,24805.75,5747
2025-11-24T15:50:00Z,24806.0,24814.25,24779.25,24787.5,6114
2025-11-24T15:55:00Z,24786.5,24791.25,24762.0,24780.25,5703
2025-11-24T16:00:00Z,24780.0,24833.5,24779.5,24831.75,6764
2025-11-24T16:05:00Z,24831.5,24861.0,24823.25,24857.5,6408
2025-11-24T16:10:00Z,24858.25,24871.75,24841.0,24865.5,5489
2025-11-24T16:15:00Z,24866.0,24875.0,24847.0,24867.5,5013
2025-11-24T16:20:00Z,24867.75,24878.0,24862.0,24873.5,4320
2025-11-24T16:25:00Z,24874.25,24882.0,24858.75,24864.0,4757
2025-11-24T16:30:00Z,24863.75,24874.0,24840.0,24863.75,5567
2025-11-24T16:35:00Z,24864.0,24864.0,24845.25,24858.25,3786
2025-11-24T16:40:00Z,24858.75,24880.25,24847.75,24872.0,3991
2025-11-24T16:45:00Z,24871.5,24889.75,24869.25,24874.75,4290
2025-11-24T16:50:00Z,24874.25,24881.5,24859.5,24871.5,4064
2025-11-24T16:55:00Z,24872.0,24872.0,24834.0,24846.25,5331
2025-11-24T17:00:00Z,24847.0,24866.75,24832.5,24844.75,4945
2025-11-24T17:05:00Z,24845.25,24857.0,24833.25,24834.25,3479
2025-11-24T17:10:00Z,24834.75,24847.0,24829.0,24841.5,3342
2025-11-24T17:15:00Z,24840.75,24879.5,24835.75,24875.75,4451
2025-11-24T17:20:00Z,24874.75,24891.5,24869.75,24879.0,3970
2025-11-24T17:25:00Z,24879.0,24892.25,24869.0,24883.75,3226
2025-11-24T17:30:00Z,24883.75,24898.5,24881.75,24889.0,3263
2025-11-24T17:35:00Z,24889.75,24924.75,24884.5,24924.75,6214
2025-11-24T17:40:00Z,24923.5,24935.0,24909.5,24919.75,7533
2025-11-24T17:45:00Z,24920.0,24935.0,24916.0,24930.25,4025
2025-11-24T17:50:00Z,24930.75,24939.75,24918.0,24930.25,3860
2025-11-24T17:55:00Z,24930.25,24930.75,24912.25,24920.5,3796
2025-11-24T18:00:00Z,24920.25,24934.75,24920.25,24928.5,2877
2025-11-24T18:05:00Z,24928.5,24937.75,24925.75,24932.0,2665
2025-11-24T18:10:00Z,24932.75,24953.75,24929.75,24945.75,3898
2025-11-24T18:15:00Z,24945.5,24950.25,24925.5,24939.5,3976
2025-11-24T18:20:00Z,24939.25,24949.25,24931.75,24947.5,3486
2025-11-24T18:25:00Z,24947.0,24947.0,24927.75,24931.0,2702
2025-11-24T18:30:00Z,24931.0,24939.75,24914.0,24927.0,4313
2025-11-24T18:35:00Z,24927.0,24939.0,24919.25,24934.5,2599
2025-11-24T18:40:00Z,24934.75,24935.25,24917.5,24930.5,2741
2025-11-24T18:45:00Z,24930.5,24940.75,24920.25,24932.0,2826
2025-11-24T18:50:00Z,24932.0,24938.5,24926.75,24937.75,2105
2025-11-24T18:55:00Z,24938.0,24939.0,24925.0,24925.5,2267
2025-11-24T19:00:00Z,24925.25,24950.5,24923.5,24942.0,3669
2025-11-24T19:05:00Z,24942.25,24961.0,24940.75,24953.75,3236
2025-11-24T19:10:00Z,24953.75,24958.25,24945.0,24950.75,2688
2025-11-24T19:15:00Z,24950.75,24956.75,24938.5,24951.25,2905
2025-11-24T19:20:00Z,24951.25,24951.25,24938.75,24941.25,2219
2025-11-24T19:25:00Z,24941.5,24947.0,24928.5,24932.75,3369
2025-11-24T19:30:00Z,24933.0,24936.75,24905.5,24915.5,5216
2025-11-24T19:35:00Z,24915.0,24936.5,24902.0,24931.0,4493
2025-11-24T19:40:00Z,24931.0,24938.5,24915.0,24916.0,3779
2025-11-24T19:45:00Z,24915.0,24919.75,24905.75,24909.25,3158
2025-11-24T19:50:00Z,24910.25,24917.75,24893.0,24910.0,3769
2025-11-24T19:55:00Z,24909.5,24929.5,24904.25,24914.0,4857
2025-11-24T20:00:00Z,24914.25,24948.25,24912.75,24946.75,5422
2025-11-24T20:05:00Z,24947.5,24951.0,24939.75,24940.75,3545
2025-11-24T20:10:00Z,24940.5,24952.0,24930.25,24939.75,3672
2025-11-24T20:15:00Z,24939.5,24963.0,24934.25,24950.0,3917
2025-11-24T20:20:00Z,24950.0,24956.75,24941.0,24943.25,3803
2025-11-24T20:25:00Z,24942.5,24944.25,24925.0,24936.5,3504
2025-11-24T20:30:00Z,24936.25,24951.0,24926.75,24944.0,3579
2025-11-24T20:35:00Z,24943.75,24955.5,24940.0,24951.75,2813
2025-11-24T20:40:00Z,24951.5,24961.25,24940.25,24958.0,4000
2025-11-24T20:45:00Z,24957.5,24968.5,24943.75,24955.0,5349
2025-11-24T20:50:00Z,24954.75,24990.25,24928.25,24980.0,12283
2025-11-24T20:55:00Z,24979.75,24993.5,24926.25,24936.5,25120
2025-11-24T21:00:00Z,24929.25,24960.75,24925.5,24950.5,10194
2025-11-24T21:05:00Z,24950.75,24968.0,24945.5,24961.5,3558
2025-11-24T21:10:00Z,24961.75,24971.75,24954.5,24960.0,2718
2025-11-24T21:15:00Z,24959.75,24965.5,24948.5,24950.25,1305
2025-11-24T21:20:00Z,24950.5,24962.25,24948.25,24959.75,741
2025-11-24T21:25:00Z,24966.25,24969.0,24960.0,24962.75,1297
2025-11-24T21:30:00Z,24963.0,24967.0,24956.25,24958.75,443
2025-11-24T21:35:00Z,24958.75,24975.5,24955.0,24971.0,739
2025-11-24T21:40:00Z,24971.0,24974.5,24963.25,24964.75,419
2025-11-24T21:45:00Z,24964.25,24968.25,24960.5,24966.75,501
2025-11-24T21:50:00Z,24966.25,24970.0,24962.75,24966.25,461
2025-11-24T21:55:00Z,24966.5,24966.5,24961.0,24962.75,792
2025-11-24T23:00:00Z,24966.25,24982.75,24963.0,24967.25,0
2025-11-24T23:05:00Z,24968.5,24977.5,24956.0,24958.0,652
2025-11-24T23:10:00Z,24958.75,24970.25,24955.25,24965.0,558
2025-11-24T23:15:00Z,24964.75,24972.75,24950.75,24960.0,681
2025-11-24T23:20:00Z,24961.25,24968.75,24960.0,24961.0,205
2025-11-24T23:25:00Z,24960.25,24965.25,24960.25,24961.25,177
2025-11-24T23:30:00Z,24962.25,24967.5,24958.5,24964.25,269
2025-11-24T23:35:00Z,24964.25,24970.75,24961.0,24970.25,262
2025-11-24T23:40:00Z,24971.0,24978.75,24966.5,24974.5,446
2025-11-24T23:45:00Z,24973.75,24986.5,24970.75,24977.0,502
2025-11-24T23:50:00Z,24977.5,24984.0,24973.25,24974.25,354
2025-11-24T23:55:00Z,24975.0,24978.0,24959.75,24960.0,514
2025-11-25T00:00:00Z,24959.25,24960.75,24933.25,24940.0,1266
2025-11-25T00:05:00Z,24941.0,24949.5,24934.0,24935.0,671
2025-11-25T00:10:00Z,24934.75,24945.25,24931.5,24936.5,638
2025-11-25T00:15:00Z,24937.25,24940.0,24928.25,24933.5,830
2025-11-25T00:20:00Z,24935.25,24941.5,24929.5,24936.0,416
2025-11-25T00:25:00Z,24935.0,24935.0,24918.75,24925.5,805
2025-11-25T00:30:00Z,24927.25,24934.25,24927.0,24930.5,169
2025-11-25T00:35:00Z,24948.25,24951.25,24935.25,24940.75,1024
2025-11-25T00:40:00Z,24940.5,24941.0,24924.75,24931.25,604
2025-11-25T00:45:00Z,24931.25,24942.5,24931.25,24937.25,290
2025-11-25T00:50:00Z,24936.0,24950.0,24934.25,24948.0,339
2025-11-25T00:55:00Z,24947.25,24967.5,24946.25,24958.25,643
2025-11-25T01:00:00Z,24957.75,24962.0,24949.75,24956.0,479
2025-11-25T01:05:00Z,24956.0,24962.5,24943.75,24945.0,539
2025-11-25T01:10:00Z,24944.0,24952.0,24941.5,24942.5,285
2025-11-25T01:15:00Z,24942.75,24948.25,24930.5,24941.0,424
2025-11-25T01:20:00Z,24941.5,24952.25,24940.5,24945.75,373
2025-11-25T01:25:00Z,24945.5,24951.75,24939.25,24942.0,240
2025-11-25T01:30:00Z,24942.25,24946.25,24933.75,24938.0,335
2025-11-25T01:35:00Z,24938.0,24942.5,24928.0,24929.5,326
2025-11-25T01:40:00Z,24929.25,24934.75,24926.75,24930.25,301
2025-11-25T01:45:00Z,24930.0,24933.5,24920.5,24925.5,442
2025-11-25T01:50:00Z,24924.75,24929.25,24922.25,24924.25,246
2025-11-25T01:55:00Z,24924.75,24927.75,24919.25,24923.5,263
2025-11-25T02:00:00Z,24924.25,24943.0,24920.75,24939.0,460
2025-11-25T02:05:00Z,24939.25,24939.25,24923.25,24928.0,310
2025-11-25T02:10:00Z,24929.0,24939.25,24928.75,24935.75,285
2025-11-25T02:15:00Z,24936.0,24956.0,24935.75,24947.0,665
2025-11-25T02:20:00Z,24947.25,24951.5,24942.5,24945.25,187
2025-11-25T02:25:00Z,24945.25,24945.5,24928.0,24934.75,355
2025-11-25T02:30:00Z,24933.0,24935.75,24928.75,24929.75,186
2025-11-25T02:35:00Z,24931.25,24943.0,24929.25,24942.75,200
2025-11-25T02:40:00Z,24943.75,24952.0,24941.0,24947.0,330
2025-11-25T02:45:00Z,24947.75,24949.5,24936.25,24939.75,244
2025-11-25T02:50:00Z,24938.5,24943.5,24933.25,24941.0,185
2025-11-25T02:55:00Z,24942.25,24949.5,24942.0,24947.0,171
2025-11-25T03:00:00Z,24947.75,24952.75,24942.5,24944.5,256
2025-11-25T03:05:00Z,24944.5,24953.25,24940.75,24947.5,161
2025-11-25T03:10:00Z,24948.75,24956.0,24946.5,24951.5,163
2025-11-25T03:15:00Z,24951.0,24959.0,24948.0,24955.75,329
2025-11-25T03:20:00Z,24956.0,24958.75,24952.5,24956.0,156
2025-11-25T03:25:00Z,24955.75,24955.75,24944.75,24949.75,237
2025-11-25T03:30:00Z,24948.75,24951.25,24926.75,24931.25,511
2025-11-25T03:35:00Z,24930.25,24940.0,24927.0,24931.25,447
2025-11-25T03:40:00Z,24931.5,24937.25,24923.75,24935.0,456
2025-11-25T03:45:00Z,24934.75,24935.0,24921.0,24925.0,397
2025-11-25T03:50:00Z,24923.75,24928.25,24915.25,24926.0,535
2025-11-25T03:55:00Z,24926.25,24929.25,24915.25,24922.5,258
2025-11-25T04:00:00Z,24924.0,24934.0,24920.75,24930.0,277
2025-11-25T04:05:00Z,24930.25,24933.75,24923.0,24932.5,248
2025-11-25T04:10:00Z,24933.0,24940.0,24931.0,24936.25,189
2025-11-25T04:15:00Z,24938.5,24953.75,24938.25,24945.0,329
2025-11-25T04:20:00Z,24947.5,24947.75,24933.75,24941.0,245
2025-11-25T04:25:00Z,24940.25,24943.5,24935.0,24935.25,188
2025-11-25T04:30:00Z,24934.5,24938.5,24928.0,24935.75,224
2025-11-25T04:35:00Z,24936.0,24939.25,24927.0,24928.75,190
2025-11-25T04:40:00Z,24930.75,24936.5,24928.0,24929.0,110
2025-11-25T04:45:00Z,24928.0,24935.25,24927.75,24930.75,98
2025-11-25T04:50:00Z,24933.0,24937.25,24930.0,24930.0,96
2025-11-25T04:55:00Z,24929.75,24936.0,24929.75,24932.5,50
2025-11-25T05:05:00Z,24940.0,24940.25,24936.25,24939.25,0
2025-11-25T05:10:00Z,24939.0,24952.75,24939.0,24951.25,210
2025-11-25T05:15:00Z,24952.5,24955.25,24934.25,24940.0,421
2025-11-25T05:20:00Z,24940.0,24940.0,24923.25,24925.25,228
2025-11-25T05:25:00Z,24923.0,24923.0,24913.25,24918.25,404
2025-11-25T05:30:00Z,24917.5,24930.25,24916.5,24927.5,259
2025-11-25T05:35:00Z,24928.25,24935.25,24927.5,24934.5,162
2025-11-25T05:40:00Z,24933.5,24936.75,24929.5,24933.0,171
2025-11-25T05:45:00Z,24933.0,24934.5,24924.5,24925.0,169
2025-11-25T05:50:00Z,24924.0,24926.0,24919.0,24924.75,175
2025-11-25T05:55:00Z,24923.75,24926.5,24920.0,24921.0,163
2025-11-25T06:00:00Z,24921.25,24931.0,24919.25,24926.75,244
2025-11-25T06:05:00Z,24926.75,24933.5,24922.5,24932.25,201
2025-11-25T06:10:00Z,24931.5,24938.75,24926.75,24930.0,208
2025-11-25T06:15:00Z,24928.75,24928.75,24914.25,24920.0,312
2025-11-25T06:20:00Z,24919.5,24919.75,24906.0,24911.25,434
2025-11-25T06:25:00Z,24911.75,24914.25,24905.25,24911.25,438
2025-11-25T06:30:00Z,24911.5,24923.25,24906.5,24922.75,284
2025-11-25T06:35:00Z,24923.5,24928.25,24914.5,24915.5,229
2025-11-25T06:40:00Z,24914.75,24916.75,24907.0,24907.0,268
2025-11-25T06:45:00Z,24906.75,24908.5,24898.75,24898.75,472
2025-11-25T06:50:00Z,24898.5,24901.75,24894.5,24899.0,458
2025-11-25T06:55:00Z,24899.5,24910.0,24899.5,24901.5,268
2025-11-25T07:00:00Z,24902.25,24904.25,24890.0,24890.75,528
2025-11-25T07:05:00Z,24891.0,24897.25,24883.25,24888.5,427
2025-11-25T07:10:00Z,24888.0,24892.25,24880.75,24891.25,373
2025-11-25T07:15:00Z,24891.0,24896.5,24885.0,24889.5,237
2025-11-25T07:20:00Z,24889.25,24899.0,24888.0,24896.5,194
2025-11-25T07:25:00Z,24896.5,24897.5,24891.25,24894.5,185
2025-11-25T07:30:00Z,24894.0,24907.0,24890.0,24903.25,278
2025-11-25T07:35:00Z,24903.75,24913.5,24896.75,24906.25,451
2025-11-25T07:40:00Z,24907.75,24925.75,24906.0,24925.0,347
2025-11-25T07:45:00Z,24926.0,24936.0,24909.75,24911.5,853
2025-11-25T07:50:00Z,24911.25,24937.75,24905.0,24918.25,728
2025-11-25T07:55:00Z,24917.75,24918.25,24904.5,24914.25,443
2025-11-25T08:00:00Z,24913.75,24931.0,24912.0,24919.75,703
2025-11-25T08:05:00Z,24920.0,24923.5,24901.5,24908.0,765
2025-11-25T08:10:00Z,24908.25,24910.75,24885.5,24887.75,734
2025-11-25T08:15:00Z,24888.25,24916.75,24887.75,24911.0,596
2025-11-25T08:20:00Z,24909.75,24927.25,24909.0,24922.5,376
2025-11-25T08:25:00Z,24924.0,24924.75,24905.0,24920.0,406
2025-11-25T08:30:00Z,24921.0,24921.75,24906.0,24916.75,438
2025-11-25T08:35:00Z,24917.5,24920.0,24908.25,24912.75,418
2025-11-25T08:40:00Z,24912.0,24917.75,24902.25,24903.75,288
2025-11-25T08:45:00Z,24904.0,24906.25,24885.75,24892.0,605
2025-11-25T08:50:00Z,24891.75,24891.75,24859.0,24860.5,1038
2025-11-25T08:55:00Z,24861.5,24873.5,24856.5,24865.5,785
2025-11-25T09:00:00Z,24867.0,24883.5,24863.5,24883.5,816
2025-11-25T09:05:00Z,24882.25,24899.25,24876.25,24879.75,731
2025-11-25T09:10:00Z,24880.0,24887.5,24861.5,24881.5,754
2025-11-25T09:15:00Z,24882.75,24883.5,24854.0,24854.25,754
2025-11-25T09:20:00Z,24854.0,24860.25,24846.5,24849.5,811
2025-11-25T09:25:00Z,24850.5,24851.0,24828.25,24828.5,843
2025-11-25T09:30:00Z,24828.25,24835.25,24822.0,24832.75,954
2025-11-25T09:35:00Z,24832.25,24844.25,24828.75,24834.0,779
2025-11-25T09:40:00Z,24834.75,24867.5,24827.75,24865.5,893
2025-11-25T09:45:00Z,24867.0,24869.5,24846.0,24863.75,699
2025-11-25T09:50:00Z,24863.0,24873.25,24858.25,24862.0,660
2025-11-25T09:55:00Z,24861.0,24866.5,24854.0,24857.75,592
2025-11-25T10:00:00Z,24857.5,24861.5,24847.5,24853.75,388
2025-11-25T10:05:00Z,24853.0,24860.0,24843.75,24859.25,513
2025-11-25T10:10:00Z,24859.25,24875.25,24858.0,24868.0,561
2025-11-25T10:15:00Z,24868.25,24873.0,24850.5,24854.25,567
2025-11-25T10:20:00Z,24854.5,24870.0,24854.5,24863.5,307
2025-11-25T10:25:00Z,24863.75,24866.25,24856.75,24860.75,317
2025-11-25T10:30:00Z,24860.5,24869.25,24835.75,24865.5,876
2025-11-25T10:35:00Z,24866.0,24874.0,24855.75,24873.0,435
2025-11-25T10:40:00Z,24872.25,24886.5,24867.75,24871.0,707
2025-11-25T10:45:00Z,24873.5,24881.25,24867.0,24875.75,412
2025-11-25T10:50:00Z,24875.5,24888.25,24870.5,24888.25,304
2025-11-25T10:55:00Z,24888.75,24893.5,24883.25,24886.25,618
2025-11-25T11:00:00Z,24887.75,24889.75,24874.75,24884.25,450
2025-11-25T11:05:00Z,24884.25,24897.75,24878.25,24895.0,536
2025-11-25T11:10:00Z,24893.75,24896.75,24879.75,24889.0,544
2025-11-25T11:15:00Z,24889.25,24892.5,24869.75,24872.5,576
2025-11-25T11:20:00Z,24872.0,24880.75,24866.0,24876.75,524
2025-11-25T11:25:00Z,24875.75,24879.0,24863.75,24865.25,454
2025-11-25T11:30:00Z,24866.0,24869.25,24849.5,24851.25,491
2025-11-25T11:35:00Z,24851.25,24864.75,24846.5,24857.5,507
2025-11-25T11:40:00Z,24857.75,24864.75,24853.75,24859.25,355
2025-11-25T11:45:00Z,24859.0,24865.0,24851.0,24854.0,377
2025-11-25T11:50:00Z,24852.75,24866.75,24844.75,24866.0,594
2025-11-25T11:55:00Z,24866.0,24875.25,24858.0,24875.0,602
2025-11-25T12:00:00Z,24874.5,24915.75,24866.25,24909.25,1827
2025-11-25T12:05:00Z,24909.0,24919.0,24903.0,24918.25,816
2025-11-25T12:10:00Z,24918.25,24934.25,24910.0,24926.0,1245
2025-11-25T12:15:00Z,24926.5,24932.5,24907.0,24907.75,927
2025-11-25T12:20:00Z,24908.5,24923.0,24905.0,24919.25,662
2025-11-25T12:25:00Z,24919.5,24933.5,24914.0,24931.25,812
2025-11-25T12:30:00Z,24931.25,24931.25,24891.75,24892.25,1145
2025-11-25T12:35:00Z,24892.25,24898.5,24881.25,24897.0,858
2025-11-25T12:40:00Z,24897.25,24975.25,24882.0,24936.0,3585
2025-11-25T12:45:00Z,24934.5,24949.0,24897.5,24901.75,2261
2025-11-25T12:50:00Z,24901.0,24914.25,24895.25,24906.75,1240
2025-11-25T12:55:00Z,24905.0,24916.5,24898.25,24910.25,844
2025-11-25T13:00:00Z,24910.25,24936.75,24906.0,24918.75,1532
2025-11-25T13:05:00Z,24917.5,24924.75,24907.75,24913.0,919
2025-11-25T13:10:00Z,24913.5,24921.25,24902.5,24910.75,1280
2025-11-25T13:15:00Z,24911.0,24933.25,24906.25,24928.25,1215
2025-11-25T13:20:00Z,24927.75,24950.25,24919.75,24942.5,1641
2025-11-25T13:25:00Z,24943.5,24944.0,24929.25,24936.0,1137
2025-11-25T13:30:00Z,24942.25,24960.0,24902.0,24905.5,2537
2025-11-25T13:35:00Z,24905.0,24908.0,24887.25,24900.75,2666
2025-11-25T13:40:00Z,24899.25,24901.0,24874.0,24876.75,2139
2025-11-25T13:45:00Z,24876.75,24907.25,24873.5,24904.5,2487
2025-11-25T13:50:00Z,24904.25,24913.75,24881.75,24891.5,2511
2025-11-25T13:55:00Z,24891.0,24891.0,24877.0,24883.5,1685
2025-11-25T14:00:00Z,24884.0,24892.75,24857.0,24862.25,2362
2025-11-25T14:05:00Z,24861.75,24870.0,24847.0,24850.75,2111
2025-11-25T14:10:00Z,24851.0,24874.25,24851.0,24866.25,1705
2025-11-25T14:15:00Z,24865.5,24868.0,24851.5,24858.75,1386
2025-11-25T14:20:00Z,24858.25,24867.5,24849.75,24860.75,1657
2025-11-25T14:25:00Z,24861.5,24865.0,24842.0,24856.5,3423
2025-11-25T14:30:00Z,24856.75,24879.5,24816.25,24853.25,16746
2025-11-25T14:35:00Z,24853.25,24878.5,24835.5,24836.5,10820
2025-11-25T14:40:00Z,24837.0,24837.75,24719.0,24729.5,19722
2025-11-25T14:45:00Z,24729.25,24729.25,24622.5,24631.0,24894
2025-11-25T14:50:00Z,24631.25,24751.0,24602.0,24746.75,21094
2025-11-25T14:55:00Z,24747.25,24828.0,24735.0,24817.0,13520
2025-11-25T15:00:00Z,24819.0,24822.0,24655.5,24687.75,17995
2025-11-25T15:05:00Z,24687.5,24793.75,24663.75,24771.5,14488
2025-11-25T15:10:00Z,24771.5,24793.5,24707.25,24742.0,12652
2025-11-25T15:15:00Z,24744.0,24781.5,24720.5,24766.0,8747
2025-11-25T15:20:00Z,24764.75,24781.75,24700.75,24713.25,9974
2025-11-25T15:25:00Z,24713.75,24786.0,24711.25,24781.25,8133
2025-11-25T15:30:00Z,24780.5,24828.0,24776.5,24809.0,10488
2025-11-25T15:35:00Z,24809.0,24810.5,24762.75,24796.0,7503
2025-11-25T15:40:00Z,24796.0,24845.75,24780.25,24845.5,7188
2025-11-25T15:45:00Z,24845.5,24873.0,24793.25,24809.0,11067
2025-11-25T15:50:00Z,24808.0,24810.5,24761.25,24793.75,8180
2025-11-25T15:55:00Z,24796.25,24821.25,24771.5,24815.75,1728
