Timestamp,Open,High,Low,Close,Volume
2025-09-02T07:15:00Z,16.649999618530273,16.65999984741211,16.600000381469727,16.600000381469727,0
2025-09-02T07:20:00Z,16.59000015258789,16.739999771118164,16.59000015258789,16.739999771118164,0
2025-09-02T07:25:00Z,16.75,16.75,16.59000015258789,16.600000381469727,0
2025-09-02T07:30:00Z,16.600000381469727,16.709999084472656,16.549999237060547,16.700000762939453,0
2025-09-02T07:35:00Z,16.719999313354492,16.770000457763672,16.709999084472656,16.770000457763672,0
2025-09-02T07:40:00Z,16.790000915527344,17.0,16.790000915527344,16.989999771118164,0
2025-09-02T07:45:00Z,17.010000228881836,17.270000457763672,16.969999313354492,17.270000457763672,0
2025-09-02T07:50:00Z,17.3700008392334,17.75,17.3700008392334,17.700000762939453,0
2025-09-02T07:55:00Z,17.739999771118164,17.75,17.6299991607666,17.709999084472656,0
2025-09-02T08:00:00Z,17.670000076293945,17.709999084472656,17.440000534057617,17.469999313354492,0
2025-09-02T08:05:00Z,17.489999771118164,17.540000915527344,17.450000762939453,17.510000228881836,0
2025-09-02T08:10:00Z,17.489999771118164,17.600000381469727,17.450000762939453,17.59000015258789,0
2025-09-02T08:15:00Z,17.579999923706055,17.579999923706055,17.309999465942383,17.350000381469727,0
2025-09-02T08:20:00Z,17.329999923706055,17.329999923706055,17.239999771118164,17.239999771118164,0
2025-09-02T08:25:00Z,17.270000457763672,17.309999465942383,17.260000228881836,17.290000915527344,0
2025-09-02T08:30:00Z,17.309999465942383,17.350000381469727,17.309999465942383,17.34000015258789,0
2025-09-02T08:35:00Z,17.34000015258789,17.34000015258789,17.219999313354492,17.229999542236328,0
2025-09-02T08:40:00Z,17.25,17.25,17.049999237060547,17.049999237060547,0
2025-09-02T08:45:00Z,17.059999465942383,17.100000381469727,17.040000915527344,17.09000015258789,0
2025-09-02T08:50:00Z,17.100000381469727,17.18000030517578,17.100000381469727,17.170000076293945,0
2025-09-02T08:55:00Z,17.15999984741211,17.200000762939453,17.149999618530273,17.18000030517578,0
2025-09-02T09:00:00Z,17.170000076293945,17.239999771118164,17.139999389648438,17.149999618530273,0
2025-09-02T09:05:00Z,17.15999984741211,17.209999084472656,17.149999618530273,17.209999084472656,0
2025-09-02T09:10:00Z,17.209999084472656,17.229999542236328,17.190000534057617,17.219999313354492,0
2025-09-02T09:15:00Z,17.219999313354492,17.229999542236328,17.100000381469727,17.100000381469727,0
2025-09-02T09:20:00Z,17.110000610351562,17.149999618530273,17.09000015258789,17.149999618530273,0
2025-09-02T09:25:00Z,17.149999618530273,17.15999984741211,17.110000610351562,17.1299991607666,0
2025-09-02T09:30:00Z,17.1299991607666,17.170000076293945,17.110000610351562,17.15999984741211,0
2025-09-02T09:35:00Z,17.149999618530273,17.149999618530273,17.110000610351562,17.139999389648438,0
2025-09-02T09:40:00Z,17.139999389648438,17.170000076293945,17.139999389648438,17.170000076293945,0
2025-09-02T09:45:00Z,17.18000030517578,17.309999465942383,17.18000030517578,17.309999465942383,0
2025-09-02T09:50:00Z,17.31999969482422,17.34000015258789,17.280000686645508,17.34000015258789,0
2025-09-02T09:55:00Z,17.34000015258789,17.34000015258789,17.31999969482422,17.34000015258789,0
2025-09-02T10:00:00Z,17.34000015258789,17.40999984741211,17.34000015258789,17.40999984741211,0
2025-09-02T10:05:00Z,17.40999984741211,17.450000762939453,17.389999389648438,17.389999389648438,0
2025-09-02T10:10:00Z,17.389999389648438,17.420000076293945,17.350000381469727,17.420000076293945,0
2025-09-02T10:15:00Z,17.420000076293945,17.549999237060547,17.420000076293945,17.549999237060547,0
2025-09-02T10:20:00Z,17.559999465942383,17.649999618530273,17.549999237060547,17.639999389648438,0
2025-09-02T10:25:00Z,17.709999084472656,17.81999969482422,17.670000076293945,17.809999465942383,0
2025-09-02T10:30:00Z,17.809999465942383,17.90999984741211,17.760000228881836,17.81999969482422,0
2025-09-02T10:35:00Z,17.829999923706055,17.829999923706055,17.760000228881836,17.780000686645508,0
2025-09-02T10:40:00Z,17.790000915527344,17.979999542236328,17.790000915527344,17.829999923706055,0
2025-09-02T10:45:00Z,17.81999969482422,17.940000534057617,17.81999969482422,17.940000534057617,0
2025-09-02T10:50:00Z,17.950000762939453,18.010000228881836,17.950000762939453,18.010000228881836,0
2025-09-02T10:55:00Z,18.0,18.030000686645508,17.989999771118164,17.989999771118164,0
2025-09-02T11:00:00Z,17.989999771118164,18.040000915527344,17.969999313354492,18.020000457763672,0
2025-09-02T11:05:00Z,18.020000457763672,18.030000686645508,18.010000228881836,18.020000457763672,0
2025-09-02T11:10:00Z,18.020000457763672,18.06999969482422,17.969999313354492,17.969999313354492,0
2025-09-02T11:15:00Z,17.969999313354492,17.969999313354492,17.899999618530273,17.950000762939453,0
2025-09-02T11:20:00Z,17.969999313354492,18.010000228881836,17.959999084472656,17.959999084472656,0
2025-09-02T11:25:00Z,17.969999313354492,17.969999313354492,17.899999618530273,17.959999084472656,0
2025-09-02T11:30:00Z,17.969999313354492,18.010000228881836,17.969999313354492,18.0,0
2025-09-02T11:35:00Z,18.0,18.040000915527344,17.979999542236328,18.030000686645508,0
2025-09-02T11:40:00Z,18.020000457763672,18.020000457763672,17.93000030517578,17.979999542236328,0
2025-09-02T11:45:00Z,17.979999542236328,17.979999542236328,17.940000534057617,17.969999313354492,0
2025-09-02T11:50:00Z,17.969999313354492,18.06999969482422,17.969999313354492,18.030000686645508,0
2025-09-02T11:55:00Z,18.010000228881836,18.040000915527344,17.989999771118164,18.030000686645508,0
2025-09-02T12:00:00Z,18.049999237060547,18.280000686645508,18.049999237060547,18.280000686645508,0
2025-09-02T12:05:00Z,18.280000686645508,18.350000381469727,18.25,18.34000015258789,0
2025-09-02T12:10:00Z,18.350000381469727,18.43000030517578,18.34000015258789,18.3700008392334,0
2025-09-02T12:15:00Z,18.3700008392334,18.40999984741211,18.32999992370605,18.39999961853028,0
2025-09-02T12:20:00Z,18.440000534057617,18.559999465942383,18.40999984741211,18.559999465942383,0
2025-09-02T12:25:00Z,18.56999969482422,18.56999969482422,18.530000686645508,18.549999237060547,0
2025-09-02T12:30:00Z,18.559999465942383,18.64999961853028,18.549999237060547,18.59000015258789,0
2025-09-02T12:35:00Z,18.61000061035156,18.6200008392334,18.520000457763672,18.6200008392334,0
2025-09-02T12:40:00Z,18.61000061035156,18.82999992370605,18.61000061035156,18.82999992370605,0
2025-09-02T12:45:00Z,18.81999969482422,18.979999542236328,18.81999969482422,18.93000030517578,0
2025-09-02T12:50:00Z,18.940000534057617,18.989999771118164,18.81999969482422,18.8700008392334,0
2025-09-02T12:55:00Z,19.1299991607666,19.200000762939453,19.020000457763672,19.07999992370605,0
2025-09-02T13:00:00Z,19.07999992370605,19.270000457763672,19.07999992370605,19.209999084472656,0
2025-09-02T13:05:00Z,19.200000762939453,19.200000762939453,18.96999931335449,19.07999992370605,0
2025-09-02T13:10:00Z,19.09000015258789,19.11000061035156,18.8799991607666,18.88999938964844,0
2025-09-02T13:15:00Z,18.8799991607666,18.93000030517578,18.8700008392334,18.89999961853028,0
2025-09-02T13:20:00Z,18.920000076293945,18.950000762939453,18.8700008392334,18.8799991607666,0
2025-09-02T13:25:00Z,18.8799991607666,18.8799991607666,18.8799991607666,18.8799991607666,0
2025-09-02T13:30:00Z,19.170000076293945,19.290000915527344,19.1200008392334,19.1200008392334,0
2025-09-02T13:35:00Z,19.1200008392334,19.1200008392334,18.68000030517578,18.809999465942383,0
2025-09-02T13:40:00Z,18.809999465942383,18.86000061035156,18.63999938964844,18.75,0
2025-09-02T13:45:00Z,18.64999961853028,18.920000076293945,18.61000061035156,18.61000061035156,0
2025-09-02T13:50:00Z,18.489999771118164,18.489999771118164,18.11000061035156,18.11000061035156,0
2025-09-02T13:55:00Z,18.09000015258789,18.09000015258789,17.940000534057617,17.979999542236328,0
2025-09-02T14:00:00Z,18.11000061035156,18.11000061035156,17.670000076293945,17.899999618530273,0
2025-09-02T14:05:00Z,17.920000076293945,18.07999992370605,17.920000076293945,18.07999992370605,0
2025-09-02T14:10:00Z,18.07999992370605,18.15999984741211,17.959999084472656,18.1299991607666,0
2025-09-02T14:15:00Z,18.1200008392334,18.26000022888184,18.06999969482422,18.14999961853028,0
2025-09-02T14:20:00Z,18.14999961853028,18.200000762939453,17.979999542236328,18.200000762939453,0
2025-09-02T14:25:00Z,18.239999771118164,18.26000022888184,17.959999084472656,17.959999084472656,0
2025-09-02T14:30:00Z,17.950000762939453,18.059999465942383,17.889999389648438,17.899999618530273,0
2025-09-02T14:35:00Z,17.899999618530273,18.09000015258789,17.899999618530273,18.059999465942383,0
2025-09-02T14:40:00Z,18.07999992370605,18.43000030517578,18.07999992370605,18.3799991607666,0
2025-09-02T14:45:00Z,18.38999938964844,18.6299991607666,18.36000061035156,18.61000061035156,0
2025-09-02T14:50:00Z,18.61000061035156,18.64999961853028,18.520000457763672,18.549999237060547,0
2025-09-02T14:55:00Z,18.559999465942383,18.56999969482422,18.43000030517578,18.43000030517578,0
2025-09-02T15:00:00Z,18.440000534057617,18.530000686645508,18.350000381469727,18.530000686645508,0
2025-09-02T15:05:00Z,18.549999237060547,18.68000030517578,18.540000915527344,18.61000061035156,0
2025-09-02T15:10:00Z,18.6200008392334,18.690000534057617,18.530000686645508,18.690000534057617,0
2025-09-02T15:15:00Z,18.700000762939453,18.88999938964844,18.690000534057617,18.81999969482422,0
2025-09-02T15:20:00Z,18.82999992370605,18.93000030517578,18.81999969482422,18.81999969482422,0
2025-09-02T15:25:00Z,18.84000015258789,18.850000381469727,18.75,18.770000457763672,0
2025-09-02T15:30:00Z,18.790000915527344,18.920000076293945,18.790000915527344,18.8799991607666,0
2025-09-02T15:35:00Z,18.88999938964844,19.18000030517578,18.88999938964844,19.18000030517578,0
2025-09-02T15:40:00Z,19.209999084472656,19.21999931335449,19.13999938964844,19.200000762939453,0
2025-09-02T15:45:00Z,19.190000534057617,19.21999931335449,19.1200008392334,19.200000762939453,0
2025-09-02T15:50:00Z,19.21999931335449,19.350000381469727,19.21999931335449,19.34000015258789,0
2025-09-02T15:55:00Z,19.299999237060547,19.3799991607666,19.11000061035156,19.309999465942383,0
2025-09-02T16:00:00Z,19.299999237060547,19.299999237060547,19.14999961853028,19.25,0
2025-09-02T16:05:00Z,19.270000457763672,19.270000457763672,19.14999961853028,19.21999931335449,0
2025-09-02T16:10:00Z,19.239999771118164,19.239999771118164,19.040000915527344,19.049999237060547,0
2025-09-02T16:15:00Z,19.049999237060547,19.049999237060547,18.89999961853028,18.93000030517578,0
2025-09-02T16:20:00Z,18.88999938964844,18.93000030517578,18.850000381469727,18.920000076293945,0
2025-09-02T16:25:00Z,18.93000030517578,19.020000457763672,18.920000076293945,19.01000022888184,0
2025-09-02T16:30:00Z,19.020000457763672,19.020000457763672,18.950000762939453,18.989999771118164,0
2025-09-02T16:35:00Z,19.0,19.020000457763672,18.89999961853028,18.96999931335449,0
2025-09-02T16:40:00Z,18.96999931335449,18.96999931335449,18.780000686645508,18.84000015258789,0
2025-09-02T16:45:00Z,18.84000015258789,18.989999771118164,18.81999969482422,18.93000030517578,0
2025-09-02T16:50:00Z,18.920000076293945,18.920000076293945,18.739999771118164,18.76000022888184,0
2025-09-02T16:55:00Z,18.76000022888184,18.76000022888184,18.56999969482422,18.56999969482422,0
2025-09-02T17:00:00Z,18.540000915527344,18.540000915527344,18.489999771118164,18.489999771118164,0
2025-09-02T17:05:00Z,18.489999771118164,18.51000022888184,18.440000534057617,18.5,0
2025-09-02T17:10:00Z,18.479999542236328,18.600000381469727,18.479999542236328,18.549999237060547,0
2025-09-02T17:15:00Z,18.559999465942383,18.559999465942383,18.479999542236328,18.489999771118164,0
2025-09-02T17:20:00Z,18.479999542236328,18.489999771118164,18.32999992370605,18.34000015258789,0
2025-09-02T17:25:00Z,18.34000015258789,18.34000015258789,18.239999771118164,18.280000686645508,0
2025-09-02T17:30:00Z,18.280000686645508,18.280000686645508,18.13999938964844,18.13999938964844,0
2025-09-02T17:35:00Z,18.11000061035156,18.13999938964844,18.059999465942383,18.059999465942383,0
2025-09-02T17:40:00Z,18.049999237060547,18.07999992370605,18.010000228881836,18.049999237060547,0
2025-09-02T17:45:00Z,18.07999992370605,18.1299991607666,18.07999992370605,18.1299991607666,0
2025-09-02T17:50:00Z,18.11000061035156,18.15999984741211,18.06999969482422,18.15999984741211,0
2025-09-02T17:55:00Z,18.170000076293945,18.18000030517578,18.13999938964844,18.14999961853028,0
2025-09-02T18:00:00Z,18.170000076293945,18.190000534057617,18.07999992370605,18.190000534057617,0
2025-09-02T18:05:00Z,18.190000534057617,18.290000915527344,18.190000534057617,18.290000915527344,0
2025-09-02T18:10:00Z,18.280000686645508,18.309999465942383,18.21999931335449,18.290000915527344,0
2025-09-02T18:15:00Z,18.299999237060547,18.38999938964844,18.280000686645508,18.38999938964844,0
2025-09-02T18:20:00Z,18.3700008392334,18.3799991607666,18.299999237060547,18.31999969482422,0
2025-09-02T18:25:00Z,18.32999992370605,18.38999938964844,18.31999969482422,18.38999938964844,0
2025-09-02T18:30:00Z,18.3799991607666,18.3799991607666,18.290000915527344,18.350000381469727,0
2025-09-02T18:35:00Z,18.3700008392334,18.440000534057617,18.3700008392334,18.420000076293945,0
2025-09-02T18:40:00Z,18.40999984741211,18.479999542236328,18.40999984741211,18.450000762939453,0
2025-09-02T18:45:00Z,18.440000534057617,18.459999084472656,18.25,18.299999237060547,0
2025-09-02T18:50:00Z,18.299999237060547,18.299999237060547,18.06999969482422,18.11000061035156,0
2025-09-02T18:55:00Z,18.11000061035156,18.239999771118164,18.100000381469727,18.209999084472656,0
2025-09-02T19:00:00Z,18.21999931335449,18.21999931335449,18.06999969482422,18.06999969482422,0
2025-09-02T19:05:00Z,18.059999465942383,18.09000015258789,18.020000457763672,18.030000686645508,0
2025-09-02T19:10:00Z,18.030000686645508,18.059999465942383,17.940000534057617,17.940000534057617,0
2025-09-02T19:15:00Z,17.940000534057617,17.950000762939453,17.850000381469727,17.850000381469727,0
2025-09-02T19:20:00Z,17.850000381469727,17.8799991607666,17.81999969482422,17.8799991607666,0
2025-09-02T19:25:00Z,17.8700008392334,17.8799991607666,17.799999237060547,17.799999237060547,0
2025-09-02T19:30:00Z,17.809999465942383,17.809999465942383,17.719999313354492,17.780000686645508,0
2025-09-02T19:35:00Z,17.780000686645508,17.780000686645508,17.670000076293945,17.670000076293945,0
2025-09-02T19:40:00Z,17.670000076293945,17.690000534057617,17.6200008392334,17.68000030517578,0
2025-09-02T19:45:00Z,17.670000076293945,17.739999771118164,17.65999984741211,17.65999984741211,0
2025-09-02T19:50:00Z,17.65999984741211,17.65999984741211,17.56999969482422,17.56999969482422,0
2025-09-02T19:55:00Z,17.559999465942383,17.610000610351562,17.530000686645508,17.540000915527344,0
2025-09-02T20:00:00Z,17.459999084472656,17.520000457763672,17.459999084472656,17.510000228881836,0
2025-09-02T20:05:00Z,17.520000457763672,17.520000457763672,17.18000030517578,17.25,0
2025-09-02T20:10:00Z,17.110000610351562,17.219999313354492,17.079999923706055,17.209999084472656,0
2025-09-03T07:15:00Z,17.399999618530273,17.5,17.3799991607666,17.5,0
2025-09-03T07:20:00Z,17.520000457763672,17.56999969482422,17.43000030517578,17.43000030517578,0
2025-09-03T07:25:00Z,17.420000076293945,17.450000762939453,17.350000381469727,17.3799991607666,0
2025-09-03T07:30:00Z,17.3799991607666,17.420000076293945,17.350000381469727,17.40999984741211,0
2025-09-03T07:35:00Z,17.40999984741211,17.40999984741211,17.329999923706055,17.350000381469727,0
2025-09-03T07:40:00Z,17.360000610351562,17.40999984741211,17.360000610351562,17.399999618530273,0
2025-09-03T07:45:00Z,17.399999618530273,17.399999618530273,17.31999969482422,17.31999969482422,0
2025-09-03T07:50:00Z,17.329999923706055,17.34000015258789,17.299999237060547,17.309999465942383,0
2025-09-03T07:55:00Z,17.31999969482422,17.329999923706055,17.299999237060547,17.31999969482422,0
2025-09-03T08:00:00Z,17.31999969482422,17.350000381469727,17.299999237060547,17.299999237060547,0
2025-09-03T08:05:00Z,17.290000915527344,17.309999465942383,17.229999542236328,17.25,0
2025-09-03T08:10:00Z,17.239999771118164,17.260000228881836,17.209999084472656,17.209999084472656,0
2025-09-03T08:15:00Z,17.190000534057617,17.190000534057617,17.079999923706055,17.079999923706055,0
2025-09-03T08:20:00Z,17.079999923706055,17.09000015258789,17.030000686645508,17.049999237060547,0
2025-09-03T08:25:00Z,17.059999465942383,17.079999923706055,17.040000915527344,17.040000915527344,0
2025-09-03T08:30:00Z,17.040000915527344,17.100000381469727,17.040000915527344,17.100000381469727,0
2025-09-03T08:35:00Z,17.110000610351562,17.15999984741211,17.110000610351562,17.139999389648438,0
2025-09-03T08:40:00Z,17.110000610351562,17.139999389648438,17.110000610351562,17.1299991607666,0
2025-09-03T08:45:00Z,17.1299991607666,17.139999389648438,17.1200008392334,17.1200008392334,0
2025-09-03T08:50:00Z,17.1200008392334,17.139999389648438,17.1200008392334,17.1299991607666,0
2025-09-03T08:55:00Z,17.1200008392334,17.1299991607666,17.079999923706055,17.09000015258789,0
2025-09-03T09:00:00Z,17.06999969482422,17.09000015258789,17.040000915527344,17.06999969482422,0
2025-09-03T09:05:00Z,17.06999969482422,17.1200008392334,17.06999969482422,17.110000610351562,0
2025-09-03T09:10:00Z,17.110000610351562,17.1299991607666,17.100000381469727,17.110000610351562,0
2025-09-03T09:15:00Z,17.110000610351562,17.1200008392334,17.049999237060547,17.059999465942383,0
2025-09-03T09:20:00Z,17.059999465942383,17.059999465942383,17.0,17.0,0
2025-09-03T09:25:00Z,17.0,17.010000228881836,16.979999542236328,16.989999771118164,0
2025-09-03T09:30:00Z,16.989999771118164,17.040000915527344,16.989999771118164,17.020000457763672,0
2025-09-03T09:35:00Z,17.020000457763672,17.030000686645508,16.979999542236328,16.989999771118164,0
2025-09-03T09:40:00Z,16.989999771118164,16.989999771118164,16.920000076293945,16.940000534057617,0
2025-09-03T09:45:00Z,16.940000534057617,16.969999313354492,16.93000030517578,16.959999084472656,0
2025-09-03T09:50:00Z,16.959999084472656,16.979999542236328,16.959999084472656,16.959999084472656,0
2025-09-03T09:55:00Z,16.959999084472656,16.979999542236328,16.959999084472656,16.959999084472656,0
2025-09-03T10:00:00Z,16.959999084472656,17.0,16.959999084472656,16.989999771118164,0
2025-09-03T10:05:00Z,16.989999771118164,17.040000915527344,16.979999542236328,17.040000915527344,0
2025-09-03T10:10:00Z,17.040000915527344,17.079999923706055,17.030000686645508,17.079999923706055,0
2025-09-03T10:15:00Z,17.06999969482422,17.09000015258789,17.059999465942383,17.079999923706055,0
2025-09-03T10:20:00Z,17.079999923706055,17.079999923706055,17.059999465942383,17.059999465942383,0
2025-09-03T10:25:00Z,17.06999969482422,17.06999969482422,17.030000686645508,17.030000686645508,0
2025-09-03T10:30:00Z,17.030000686645508,17.059999465942383,17.0,17.059999465942383,0
2025-09-03T10:35:00Z,17.06999969482422,17.110000610351562,17.06999969482422,17.09000015258789,0
2025-09-03T10:40:00Z,17.09000015258789,17.1200008392334,17.09000015258789,17.100000381469727,0
2025-09-03T10:45:00Z,17.100000381469727,17.110000610351562,17.09000015258789,17.09000015258789,0
2025-09-03T10:50:00Z,17.09000015258789,17.100000381469727,17.06999969482422,17.06999969482422,0
2025-09-03T10:55:00Z,17.06999969482422,17.079999923706055,17.059999465942383,17.06999969482422,0
2025-09-03T11:00:00Z,17.06999969482422,17.06999969482422,17.020000457763672,17.049999237060547,0
2025-09-03T11:05:00Z,17.040000915527344,17.079999923706055,17.020000457763672,17.06999969482422,0
2025-09-03T11:10:00Z,17.06999969482422,17.079999923706055,17.040000915527344,17.079999923706055,0
2025-09-03T11:15:00Z,17.079999923706055,17.110000610351562,17.06999969482422,17.100000381469727,0
2025-09-03T11:20:00Z,17.100000381469727,17.1200008392334,17.100000381469727,17.110000610351562,0
2025-09-03T11:25:00Z,17.100000381469727,17.170000076293945,17.100000381469727,17.170000076293945,0
2025-09-03T11:30:00Z,17.170000076293945,17.229999542236328,17.15999984741211,17.190000534057617,0
2025-09-03T11:35:00Z,17.18000030517578,17.18000030517578,17.139999389648438,17.170000076293945,0
2025-09-03T11:40:00Z,17.15999984741211,17.170000076293945,17.079999923706055,17.079999923706055,0
2025-09-03T11:45:00Z,17.09000015258789,17.139999389648438,17.079999923706055,17.139999389648438,0
2025-09-03T11:50:00Z,17.139999389648438,17.149999618530273,17.1299991607666,17.149999618530273,0
2025-09-03T11:55:00Z,17.149999618530273,17.299999237060547,17.149999618530273,17.299999237060547,0
2025-09-03T12:00:00Z,17.280000686645508,17.280000686645508,17.15999984741211,17.18000030517578,0
2025-09-03T12:05:00Z,17.18000030517578,17.25,17.18000030517578,17.229999542236328,0
2025-09-03T12:10:00Z,17.239999771118164,17.239999771118164,17.18000030517578,17.18000030517578,0
2025-09-03T12:15:00Z,17.18000030517578,17.209999084472656,17.18000030517578,17.209999084472656,0
2025-09-03T12:20:00Z,17.209999084472656,17.270000457763672,17.190000534057617,17.270000457763672,0
2025-09-03T12:25:00Z,17.280000686645508,17.280000686645508,17.260000228881836,17.260000228881836,0
2025-09-03T12:30:00Z,17.260000228881836,17.40999984741211,17.260000228881836,17.40999984741211,0
2025-09-03T12:35:00Z,17.40999984741211,17.40999984741211,17.34000015258789,17.34000015258789,0
2025-09-03T12:40:00Z,17.350000381469727,17.3700008392334,17.299999237060547,17.350000381469727,0
2025-09-03T12:45:00Z,17.350000381469727,17.3700008392334,17.299999237060547,17.31999969482422,0
2025-09-03T12:50:00Z,17.31999969482422,17.350000381469727,17.309999465942383,17.350000381469727,0
2025-09-03T12:55:00Z,17.360000610351562,17.3700008392334,17.329999923706055,17.3700008392334,0
2025-09-03T13:00:00Z,17.360000610351562,17.3700008392334,17.290000915527344,17.299999237060547,0
2025-09-03T13:05:00Z,17.299999237060547,17.299999237060547,17.219999313354492,17.270000457763672,0
2025-09-03T13:10:00Z,17.260000228881836,17.260000228881836,17.209999084472656,17.209999084472656,0
2025-09-03T13:15:00Z,17.200000762939453,17.260000228881836,17.200000762939453,17.209999084472656,0
2025-09-03T13:20:00Z,17.219999313354492,17.229999542236328,17.18000030517578,17.229999542236328,0
2025-09-03T13:25:00Z,17.229999542236328,17.229999542236328,17.229999542236328,17.229999542236328,0
2025-09-03T13:30:00Z,17.139999389648438,17.15999984741211,17.06999969482422,17.079999923706055,0
2025-09-03T13:35:00Z,17.09000015258789,17.1299991607666,17.020000457763672,17.09000015258789,0
2025-09-03T13:40:00Z,17.079999923706055,17.15999984741211,17.030000686645508,17.030000686645508,0
2025-09-03T13:45:00Z,17.049999237060547,17.260000228881836,17.049999237060547,17.190000534057617,0
2025-09-03T13:50:00Z,17.18000030517578,17.18000030517578,17.020000457763672,17.1299991607666,0
2025-09-03T13:55:00Z,17.139999389648438,17.299999237060547,17.1200008392334,17.280000686645508,0
2025-09-03T14:00:00Z,17.25,17.31999969482422,17.09000015258789,17.110000610351562,0
2025-09-03T14:05:00Z,17.100000381469727,17.170000076293945,17.030000686645508,17.09000015258789,0
2025-09-03T14:10:00Z,17.1200008392334,17.309999465942383,17.030000686645508,17.309999465942383,0
2025-09-03T14:15:00Z,17.31999969482422,17.31999969482422,17.040000915527344,17.079999923706055,0
2025-09-03T14:20:00Z,17.079999923706055,17.079999923706055,17.020000457763672,17.030000686645508,0
2025-09-03T14:25:00Z,17.030000686645508,17.06999969482422,16.93000030517578,17.06999969482422,0
2025-09-03T14:30:00Z,17.079999923706055,17.079999923706055,16.8799991607666,16.889999389648438,0
2025-09-03T14:35:00Z,16.850000381469727,16.889999389648438,16.790000915527344,16.790000915527344,0
2025-09-03T14:40:00Z,16.790000915527344,16.790000915527344,16.6299991607666,16.649999618530273,0
2025-09-03T14:45:00Z,16.65999984741211,16.68000030517578,16.600000381469727,16.6200008392334,0
2025-09-03T14:50:00Z,16.6299991607666,16.6299991607666,16.530000686645508,16.56999969482422,0
2025-09-03T14:55:00Z,16.559999465942383,16.59000015258789,16.5,16.5,0
2025-09-03T15:00:00Z,16.510000228881836,16.530000686645508,16.489999771118164,16.510000228881836,0
2025-09-03T15:05:00Z,16.510000228881836,16.530000686645508,16.469999313354492,16.489999771118164,0
2025-09-03T15:10:00Z,16.479999542236328,16.600000381469727,16.469999313354492,16.559999465942383,0
2025-09-03T15:15:00Z,16.579999923706055,16.610000610351562,16.56999969482422,16.600000381469727,0
2025-09-03T15:20:00Z,16.59000015258789,16.709999084472656,16.579999923706055,16.65999984741211,0
2025-09-03T15:25:00Z,16.65999984741211,16.959999084472656,16.65999984741211,16.959999084472656,0
2025-09-03T15:30:00Z,16.959999084472656,17.010000228881836,16.899999618530273,16.959999084472656,0
2025-09-03T15:35:00Z,16.940000534057617,16.940000534057617,16.790000915527344,16.790000915527344,0
2025-09-03T15:40:00Z,16.780000686645508,16.829999923706055,16.75,16.770000457763672,0
2025-09-03T15:45:00Z,16.799999237060547,16.889999389648438,16.780000686645508,16.850000381469727,0
2025-09-03T15:50:00Z,16.809999465942383,16.889999389648438,16.770000457763672,16.850000381469727,0
2025-09-03T15:55:00Z,16.84000015258789,16.979999542236328,16.84000015258789,16.93000030517578,0
2025-09-03T16:00:00Z,16.920000076293945,17.020000457763672,16.889999389648438,17.0,0
2025-09-03T16:05:00Z,17.0,17.010000228881836,16.889999389648438,16.889999389648438,0
2025-09-03T16:10:00Z,16.889999389648438,16.950000762939453,16.8700008392334,16.940000534057617,0
2025-09-03T16:15:00Z,16.93000030517578,16.950000762939453,16.829999923706055,16.829999923706055,0
2025-09-03T16:20:00Z,16.81999969482422,16.84000015258789,16.709999084472656,16.84000015258789,0
2025-09-03T16:25:00Z,16.860000610351562,16.90999984741211,16.799999237060547,16.860000610351562,0
2025-09-03T16:30:00Z,16.860000610351562,16.8799991607666,16.84000015258789,16.8799991607666,0
2025-09-03T16:35:00Z,16.8700008392334,16.940000534057617,16.8700008392334,16.920000076293945,0
2025-09-03T16:40:00Z,16.93000030517578,17.010000228881836,16.90999984741211,16.940000534057617,0
2025-09-03T16:45:00Z,16.950000762939453,17.010000228881836,16.899999618530273,17.0,0
2025-09-03T16:50:00Z,16.979999542236328,17.040000915527344,16.940000534057617,17.030000686645508,0
2025-09-03T16:55:00Z,17.0,17.0,16.8700008392334,16.920000076293945,0
2025-09-03T17:00:00Z,16.93000030517578,16.93000030517578,16.81999969482422,16.81999969482422,0
2025-09-03T17:05:00Z,16.81999969482422,16.81999969482422,16.790000915527344,16.809999465942383,0
2025-09-03T17:10:00Z,16.799999237060547,16.799999237060547,16.639999389648438,16.68000030517578,0
2025-09-03T17:15:00Z,16.670000076293945,16.670000076293945,16.6200008392334,16.670000076293945,0
2025-09-03T17:20:00Z,16.670000076293945,16.690000534057617,16.639999389648438,16.690000534057617,0
2025-09-03T17:25:00Z,16.719999313354492,16.84000015258789,16.719999313354492,16.739999771118164,0
2025-09-03T17:30:00Z,16.739999771118164,16.770000457763672,16.690000534057617,16.770000457763672,0
2025-09-03T17:35:00Z,16.799999237060547,16.84000015258789,16.780000686645508,16.829999923706055,0
2025-09-03T17:40:00Z,16.850000381469727,17.010000228881836,16.81999969482422,17.0,0
2025-09-03T17:45:00Z,17.0,17.149999618530273,16.90999984741211,16.920000076293945,0
2025-09-03T17:50:00Z,16.940000534057617,16.989999771118164,16.860000610351562,16.979999542236328,0
2025-09-03T17:55:00Z,16.989999771118164,17.100000381469727,16.979999542236328,17.049999237060547,0
2025-09-03T18:00:00Z,17.049999237060547,17.170000076293945,17.030000686645508,17.059999465942383,0
2025-09-03T18:05:00Z,17.09000015258789,17.139999389648438,17.049999237060547,17.09000015258789,0
2025-09-03T18:10:00Z,17.079999923706055,17.110000610351562,16.989999771118164,16.989999771118164,0
2025-09-03T18:15:00Z,17.020000457763672,17.09000015258789,17.0,17.020000457763672,0
2025-09-03T18:20:00Z,17.049999237060547,17.09000015258789,17.020000457763672,17.09000015258789,0
2025-09-03T18:25:00Z,17.079999923706055,17.079999923706055,16.979999542236328,16.989999771118164,0
2025-09-03T18:30:00Z,16.989999771118164,17.09000015258789,16.989999771118164,17.040000915527344,0
2025-09-03T18:35:00Z,17.030000686645508,17.100000381469727,17.010000228881836,17.100000381469727,0
2025-09-03T18:40:00Z,17.1299991607666,17.1299991607666,16.940000534057617,16.940000534057617,0
2025-09-03T18:45:00Z,16.940000534057617,16.979999542236328,16.899999618530273,16.969999313354492,0
2025-09-03T18:50:00Z,16.969999313354492,17.0,16.920000076293945,16.93000030517578,0
2025-09-03T18:55:00Z,16.93000030517578,16.989999771118164,16.93000030517578,16.969999313354492,0
2025-09-03T19:00:00Z,16.950000762939453,17.040000915527344,16.950000762939453,16.989999771118164,0
2025-09-03T19:05:00Z,16.989999771118164,17.0,16.920000076293945,16.989999771118164,0
2025-09-03T19:10:00Z,16.989999771118164,17.049999237060547,16.989999771118164,17.040000915527344,0
2025-09-03T19:15:00Z,17.040000915527344,17.06999969482422,17.0,17.010000228881836,0
2025-09-03T19:20:00Z,17.0,17.030000686645508,16.950000762939453,16.959999084472656,0
2025-09-03T19:25:00Z,16.959999084472656,16.959999084472656,16.899999618530273,16.950000762939453,0
2025-09-03T19:30:00Z,16.940000534057617,16.940000534057617,16.81999969482422,16.81999969482422,0
2025-09-03T19:35:00Z,16.81999969482422,16.81999969482422,16.729999542236328,16.729999542236328,0
2025-09-03T19:40:00Z,16.729999542236328,16.739999771118164,16.6299991607666,16.6299991607666,0
2025-09-03T19:45:00Z,16.639999389648438,16.65999984741211,16.56999969482422,16.59000015258789,0
2025-09-03T19:50:00Z,16.600000381469727,16.600000381469727,16.469999313354492,16.5,0
2025-09-03T19:55:00Z,16.5,16.5,16.420000076293945,16.420000076293945,0
2025-09-03T20:00:00Z,16.479999542236328,16.479999542236328,16.360000610351562,16.3799991607666,0
2025-09-03T20:05:00Z,16.399999618530273,16.40999984741211,16.3700008392334,16.3799991607666,0
2025-09-03T20:10:00Z,16.389999389648438,16.389999389648438,16.34000015258789,16.34000015258789,0
2025-09-04T07:15:00Z,16.219999313354492,16.239999771118164,16.18000030517578,16.200000762939453,0
2025-09-04T07:20:00Z,16.200000762939453,16.270000457763672,16.200000762939453,16.260000228881836,0
2025-09-04T07:25:00Z,16.280000686645508,16.290000915527344,16.270000457763672,16.270000457763672,0
2025-09-04T07:30:00Z,16.270000457763672,16.280000686645508,16.239999771118164,16.239999771118164,0
2025-09-04T07:35:00Z,16.239999771118164,16.239999771118164,16.18000030517578,16.219999313354492,0
2025-09-04T07:40:00Z,16.239999771118164,16.25,16.229999542236328,16.229999542236328,0
2025-09-04T07:45:00Z,16.229999542236328,16.270000457763672,16.229999542236328,16.270000457763672,0
2025-09-04T07:50:00Z,16.270000457763672,16.270000457763672,16.25,16.260000228881836,0
2025-09-04T07:55:00Z,16.260000228881836,16.270000457763672,16.25,16.270000457763672,0
2025-09-04T08:00:00Z,16.260000228881836,16.290000915527344,16.260000228881836,16.290000915527344,0
2025-09-04T08:05:00Z,16.290000915527344,16.329999923706055,16.260000228881836,16.260000228881836,0
2025-09-04T08:10:00Z,16.25,16.31999969482422,16.25,16.299999237060547,0
2025-09-04T08:15:00Z,16.299999237060547,16.299999237060547,16.260000228881836,16.270000457763672,0
2025-09-04T08:20:00Z,16.270000457763672,16.280000686645508,16.239999771118164,16.260000228881836,0
2025-09-04T08:25:00Z,16.260000228881836,16.260000228881836,16.229999542236328,16.229999542236328,0
2025-09-04T08:30:00Z,16.229999542236328,16.31999969482422,16.219999313354492,16.31999969482422,0
2025-09-04T08:35:00Z,16.31999969482422,16.31999969482422,16.280000686645508,16.280000686645508,0
2025-09-04T08:40:00Z,16.280000686645508,16.290000915527344,16.270000457763672,16.280000686645508,0
2025-09-04T08:45:00Z,16.270000457763672,16.299999237060547,16.270000457763672,16.299999237060547,0
2025-09-04T08:50:00Z,16.299999237060547,16.299999237060547,16.270000457763672,16.280000686645508,0
2025-09-04T08:55:00Z,16.280000686645508,16.31999969482422,16.280000686645508,16.299999237060547,0
2025-09-04T09:00:00Z,16.309999465942383,16.309999465942383,16.280000686645508,16.290000915527344,0
2025-09-04T09:05:00Z,16.290000915527344,16.31999969482422,16.290000915527344,16.309999465942383,0
2025-09-04T09:10:00Z,16.309999465942383,16.31999969482422,16.290000915527344,16.309999465942383,0
2025-09-04T09:15:00Z,16.309999465942383,16.350000381469727,16.309999465942383,16.350000381469727,0
2025-09-04T09:20:00Z,16.350000381469727,16.350000381469727,16.299999237060547,16.299999237060547,0
2025-09-04T09:25:00Z,16.299999237060547,16.299999237060547,16.280000686645508,16.299999237060547,0
2025-09-04T09:30:00Z,16.290000915527344,16.290000915527344,16.260000228881836,16.260000228881836,0
2025-09-04T09:35:00Z,16.260000228881836,16.270000457763672,16.239999771118164,16.25,0
2025-09-04T09:40:00Z,16.25,16.260000228881836,16.25,16.260000228881836,0
2025-09-04T09:45:00Z,16.260000228881836,16.270000457763672,16.260000228881836,16.260000228881836,0
2025-09-04T09:50:00Z,16.260000228881836,16.309999465942383,16.260000228881836,16.290000915527344,0
2025-09-04T09:55:00Z,16.290000915527344,16.290000915527344,16.25,16.25,0
2025-09-04T10:00:00Z,16.25,16.25,16.190000534057617,16.200000762939453,0
2025-09-04T10:05:00Z,16.200000762939453,16.209999084472656,16.190000534057617,16.200000762939453,0
2025-09-04T10:10:00Z,16.200000762939453,16.229999542236328,16.170000076293945,16.170000076293945,0
2025-09-04T10:15:00Z,16.15999984741211,16.200000762939453,16.15999984741211,16.200000762939453,0
2025-09-04T10:20:00Z,16.209999084472656,16.239999771118164,16.200000762939453,16.229999542236328,0
2025-09-04T10:25:00Z,16.229999542236328,16.290000915527344,16.229999542236328,16.290000915527344,0
2025-09-04T10:30:00Z,16.290000915527344,16.290000915527344,16.270000457763672,16.270000457763672,0
2025-09-04T10:35:00Z,16.280000686645508,16.280000686645508,16.260000228881836,16.260000228881836,0
2025-09-04T10:40:00Z,16.260000228881836,16.260000228881836,16.239999771118164,16.25,0
2025-09-04T10:45:00Z,16.25,16.270000457763672,16.25,16.260000228881836,0
2025-09-04T10:50:00Z,16.260000228881836,16.260000228881836,16.229999542236328,16.239999771118164,0
2025-09-04T10:55:00Z,16.239999771118164,16.239999771118164,16.219999313354492,16.229999542236328,0
2025-09-04T11:00:00Z,16.229999542236328,16.229999542236328,16.18000030517578,16.18000030517578,0
2025-09-04T11:05:00Z,16.18000030517578,16.190000534057617,16.15999984741211,16.170000076293945,0
2025-09-04T11:10:00Z,16.170000076293945,16.170000076293945,16.139999389648438,16.139999389648438,0
2025-09-04T11:15:00Z,16.139999389648438,16.15999984741211,16.1299991607666,16.15999984741211,0
2025-09-04T11:20:00Z,16.15999984741211,16.209999084472656,16.15999984741211,16.209999084472656,0
2025-09-04T11:25:00Z,16.200000762939453,16.229999542236328,16.18000030517578,16.200000762939453,0
2025-09-04T11:30:00Z,16.200000762939453,16.209999084472656,16.18000030517578,16.18000030517578,0
2025-09-04T11:35:00Z,16.18000030517578,16.200000762939453,16.18000030517578,16.200000762939453,0
2025-09-04T11:40:00Z,16.200000762939453,16.209999084472656,16.190000534057617,16.190000534057617,0
2025-09-04T11:45:00Z,16.190000534057617,16.229999542236328,16.190000534057617,16.219999313354492,0
2025-09-04T11:50:00Z,16.219999313354492,16.309999465942383,16.219999313354492,16.280000686645508,0
2025-09-04T11:55:00Z,16.290000915527344,16.290000915527344,16.239999771118164,16.239999771118164,0
2025-09-04T12:00:00Z,16.260000228881836,16.260000228881836,16.200000762939453,16.200000762939453,0
2025-09-04T12:05:00Z,16.190000534057617,16.200000762939453,16.15999984741211,16.18000030517578,0
2025-09-04T12:10:00Z,16.18000030517578,16.18000030517578,16.139999389648438,16.18000030517578,0
2025-09-04T12:15:00Z,16.290000915527344,16.290000915527344,16.15999984741211,16.25,0
2025-09-04T12:20:00Z,16.270000457763672,16.299999237060547,16.270000457763672,16.290000915527344,0
2025-09-04T12:25:00Z,16.299999237060547,16.31999969482422,16.290000915527344,16.299999237060547,0
2025-09-04T12:30:00Z,16.25,16.31999969482422,16.229999542236328,16.31999969482422,0
2025-09-04T12:35:00Z,16.31999969482422,16.31999969482422,16.270000457763672,16.270000457763672,0
2025-09-04T12:40:00Z,16.270000457763672,16.280000686645508,16.239999771118164,16.25,0
2025-09-04T12:45:00Z,16.239999771118164,16.260000228881836,16.200000762939453,16.200000762939453,0
2025-09-04T12:50:00Z,16.200000762939453,16.209999084472656,16.18000030517578,16.200000762939453,0
2025-09-04T12:55:00Z,16.200000762939453,16.200000762939453,16.170000076293945,16.18000030517578,0
2025-09-04T13:00:00Z,16.18000030517578,16.219999313354492,16.18000030517578,16.209999084472656,0
2025-09-04T13:05:00Z,16.219999313354492,16.25,16.219999313354492,16.229999542236328,0
2025-09-04T13:10:00Z,16.229999542236328,16.25,16.209999084472656,16.229999542236328,0
2025-09-04T13:15:00Z,16.229999542236328,16.25,16.229999542236328,16.229999542236328,0
2025-09-04T13:20:00Z,16.229999542236328,16.239999771118164,16.200000762939453,16.219999313354492,0
2025-09-04T13:25:00Z,16.229999542236328,16.229999542236328,16.229999542236328,16.229999542236328,0
2025-09-04T13:30:00Z,16.190000534057617,16.200000762939453,16.010000228881836,16.010000228881836,0
2025-09-04T13:35:00Z,15.989999771118164,16.09000015258789,15.960000038146973,16.059999465942383,0
2025-09-04T13:40:00Z,16.059999465942383,16.100000381469727,16.010000228881836,16.030000686645508,0
2025-09-04T13:45:00Z,16.100000381469727,16.15999984741211,16.0,16.100000381469727,0
2025-09-04T13:50:00Z,16.06999969482422,16.079999923706055,16.020000457763672,16.079999923706055,0
2025-09-04T13:55:00Z,16.06999969482422,16.100000381469727,16.0,16.049999237060547,0
2025-09-04T14:00:00Z,16.09000015258789,16.170000076293945,16.030000686645508,16.170000076293945,0
2025-09-04T14:05:00Z,16.190000534057617,16.229999542236328,16.15999984741211,16.209999084472656,0
2025-09-04T14:10:00Z,16.209999084472656,16.209999084472656,16.059999465942383,16.15999984741211,0
2025-09-04T14:15:00Z,16.170000076293945,16.239999771118164,16.06999969482422,16.06999969482422,0
2025-09-04T14:20:00Z,16.09000015258789,16.09000015258789,15.920000076293945,15.920000076293945,0
2025-09-04T14:25:00Z,15.90999984741211,15.930000305175781,15.84000015258789,15.890000343322754,0
2025-09-04T14:30:00Z,15.880000114440918,15.880000114440918,15.770000457763672,15.819999694824219,0
2025-09-04T14:35:00Z,15.800000190734863,15.800000190734863,15.75,15.779999732971191,0
2025-09-04T14:40:00Z,15.779999732971191,15.819999694824219,15.760000228881836,15.8100004196167,0
2025-09-04T14:45:00Z,15.800000190734863,15.819999694824219,15.720000267028809,15.720000267028809,0
2025-09-04T14:50:00Z,15.729999542236328,15.8100004196167,15.720000267028809,15.729999542236328,0
2025-09-04T14:55:00Z,15.729999542236328,15.770000457763672,15.699999809265137,15.699999809265137,0
2025-09-04T15:00:00Z,15.699999809265137,15.710000038146973,15.680000305175781,15.710000038146973,0
2025-09-04T15:05:00Z,15.720000267028809,15.720000267028809,15.680000305175781,15.680000305175781,0
2025-09-04T15:10:00Z,15.680000305175781,15.770000457763672,15.680000305175781,15.729999542236328,0
2025-09-04T15:15:00Z,15.729999542236328,15.729999542236328,15.670000076293945,15.680000305175781,0
2025-09-04T15:20:00Z,15.680000305175781,15.699999809265137,15.649999618530273,15.699999809265137,0
2025-09-04T15:25:00Z,15.6899995803833,15.699999809265137,15.640000343322754,15.699999809265137,0
2025-09-04T15:30:00Z,15.710000038146973,15.739999771118164,15.6899995803833,15.699999809265137,0
2025-09-04T15:35:00Z,15.710000038146973,15.760000228881836,15.710000038146973,15.739999771118164,0
2025-09-04T15:40:00Z,15.739999771118164,15.75,15.6899995803833,15.729999542236328,0
2025-09-04T15:45:00Z,15.739999771118164,15.739999771118164,15.6899995803833,15.699999809265137,0
2025-09-04T15:50:00Z,15.699999809265137,15.720000267028809,15.6899995803833,15.6899995803833,0
2025-09-04T15:55:00Z,15.680000305175781,15.739999771118164,15.680000305175781,15.739999771118164,0
2025-09-04T16:00:00Z,15.75,15.75,15.720000267028809,15.739999771118164,0
2025-09-04T16:05:00Z,15.75,15.75,15.699999809265137,15.699999809265137,0
2025-09-04T16:10:00Z,15.6899995803833,15.710000038146973,15.6899995803833,15.710000038146973,0
2025-09-04T16:15:00Z,15.710000038146973,15.729999542236328,15.699999809265137,15.710000038146973,0
2025-09-04T16:20:00Z,15.720000267028809,15.789999961853027,15.6899995803833,15.770000457763672,0
2025-09-04T16:25:00Z,15.779999732971191,15.829999923706055,15.770000457763672,15.789999961853027,0
2025-09-04T16:30:00Z,15.800000190734863,15.8100004196167,15.770000457763672,15.789999961853027,0
2025-09-04T16:35:00Z,15.800000190734863,15.800000190734863,15.75,15.779999732971191,0
2025-09-04T16:40:00Z,15.789999961853027,15.819999694824219,15.789999961853027,15.789999961853027,0
2025-09-04T16:45:00Z,15.789999961853027,15.789999961853027,15.699999809265137,15.710000038146973,0
2025-09-04T16:50:00Z,15.720000267028809,15.75,15.710000038146973,15.720000267028809,0
2025-09-04T16:55:00Z,15.710000038146973,15.789999961853027,15.699999809265137,15.789999961853027,0
2025-09-04T17:00:00Z,15.789999961853027,15.789999961853027,15.699999809265137,15.699999809265137,0
2025-09-04T17:05:00Z,15.680000305175781,15.6899995803833,15.65999984741211,15.680000305175781,0
2025-09-04T17:10:00Z,15.680000305175781,15.710000038146973,15.680000305175781,15.710000038146973,0
2025-09-04T17:15:00Z,15.710000038146973,15.710000038146973,15.640000343322754,15.649999618530273,0
2025-09-04T17:20:00Z,15.640000343322754,15.65999984741211,15.640000343322754,15.640000343322754,0
2025-09-04T17:25:00Z,15.649999618530273,15.649999618530273,15.630000114440918,15.640000343322754,0
2025-09-04T17:30:00Z,15.649999618530273,15.6899995803833,15.640000343322754,15.6899995803833,0
2025-09-04T17:35:00Z,15.6899995803833,15.6899995803833,15.65999984741211,15.670000076293945,0
2025-09-04T17:40:00Z,15.670000076293945,15.670000076293945,15.640000343322754,15.65999984741211,0
2025-09-04T17:45:00Z,15.649999618530273,15.649999618530273,15.609999656677246,15.630000114440918,0
2025-09-04T17:50:00Z,15.619999885559082,15.619999885559082,15.579999923706055,15.619999885559082,0
2025-09-04T17:55:00Z,15.619999885559082,15.65999984741211,15.619999885559082,15.65999984741211,0
2025-09-04T18:00:00Z,15.649999618530273,15.649999618530273,15.609999656677246,15.649999618530273,0
2025-09-04T18:05:00Z,15.65999984741211,15.680000305175781,15.649999618530273,15.670000076293945,0
2025-09-04T18:10:00Z,15.65999984741211,15.65999984741211,15.640000343322754,15.649999618530273,0
2025-09-04T18:15:00Z,15.649999618530273,15.649999618530273,15.619999885559082,15.619999885559082,0
2025-09-04T18:20:00Z,15.619999885559082,15.649999618530273,15.619999885559082,15.630000114440918,0
2025-09-04T18:25:00Z,15.619999885559082,15.640000343322754,15.619999885559082,15.630000114440918,0
2025-09-04T18:30:00Z,15.640000343322754,15.649999618530273,15.600000381469727,15.609999656677246,0
2025-09-04T18:35:00Z,15.600000381469727,15.619999885559082,15.600000381469727,15.619999885559082,0
2025-09-04T18:40:00Z,15.630000114440918,15.630000114440918,15.600000381469727,15.619999885559082,0
2025-09-04T18:45:00Z,15.630000114440918,15.630000114440918,15.550000190734863,15.550000190734863,0
2025-09-04T18:50:00Z,15.539999961853027,15.59000015258789,15.529999732971191,15.579999923706055,0
2025-09-04T18:55:00Z,15.579999923706055,15.579999923706055,15.5600004196167,15.569999694824219,0
2025-09-04T19:00:00Z,15.5600004196167,15.579999923706055,15.550000190734863,15.569999694824219,0
2025-09-04T19:05:00Z,15.569999694824219,15.579999923706055,15.5600004196167,15.579999923706055,0
2025-09-04T19:10:00Z,15.569999694824219,15.600000381469727,15.5600004196167,15.579999923706055,0
2025-09-04T19:15:00Z,15.579999923706055,15.619999885559082,15.579999923706055,15.619999885559082,0
2025-09-04T19:20:00Z,15.609999656677246,15.630000114440918,15.600000381469727,15.630000114440918,0
2025-09-04T19:25:00Z,15.630000114440918,15.65999984741211,15.630000114440918,15.630000114440918,0
2025-09-04T19:30:00Z,15.630000114440918,15.630000114440918,15.5600004196167,15.569999694824219,0
2025-09-04T19:35:00Z,15.5600004196167,15.569999694824219,15.529999732971191,15.529999732971191,0
2025-09-04T19:40:00Z,15.529999732971191,15.529999732971191,15.489999771118164,15.520000457763672,0
2025-09-04T19:45:00Z,15.529999732971191,15.600000381469727,15.529999732971191,15.59000015258789,0
2025-09-04T19:50:00Z,15.59000015258789,15.59000015258789,15.489999771118164,15.489999771118164,0
2025-09-04T19:55:00Z,15.460000038146973,15.479999542236328,15.399999618530273,15.420000076293945,0
2025-09-04T20:00:00Z,15.40999984741211,15.4399995803833,15.390000343322754,15.390000343322754,0
2025-09-04T20:05:00Z,15.390000343322754,15.399999618530273,15.359999656677246,15.369999885559082,0
2025-09-04T20:10:00Z,15.369999885559082,15.380000114440918,15.279999732971191,15.279999732971191,0
2025-09-05T07:15:00Z,15.229999542236328,15.25,15.229999542236328,15.25,0
2025-09-05T07:20:00Z,15.239999771118164,15.25,15.229999542236328,15.239999771118164,0
2025-09-05T07:25:00Z,15.239999771118164,15.270000457763672,15.239999771118164,15.270000457763672,0
2025-09-05T07:30:00Z,15.270000457763672,15.270000457763672,15.25,15.260000228881836,0
2025-09-05T07:35:00Z,15.25,15.25,15.210000038146973,15.210000038146973,0
2025-09-05T07:40:00Z,15.210000038146973,15.220000267028809,15.180000305175781,15.1899995803833,0
2025-09-05T07:45:00Z,15.180000305175781,15.25,15.180000305175781,15.25,0
2025-09-05T07:50:00Z,15.239999771118164,15.25,15.229999542236328,15.229999542236328,0
2025-09-05T07:55:00Z,15.229999542236328,15.229999542236328,15.220000267028809,15.229999542236328,0
2025-09-05T08:00:00Z,15.229999542236328,15.25,15.220000267028809,15.229999542236328,0
2025-09-05T08:05:00Z,15.229999542236328,15.229999542236328,15.220000267028809,15.220000267028809,0
2025-09-05T08:10:00Z,15.220000267028809,15.220000267028809,15.199999809265137,15.199999809265137,0
2025-09-05T08:15:00Z,15.199999809265137,15.229999542236328,15.1899995803833,15.229999542236328,0
2025-09-05T08:20:00Z,15.229999542236328,15.229999542236328,15.229999542236328,15.229999542236328,0
2025-09-05T08:25:00Z,15.220000267028809,15.220000267028809,15.199999809265137,15.199999809265137,0
2025-09-05T08:30:00Z,15.199999809265137,15.199999809265137,15.1899995803833,15.1899995803833,0
2025-09-05T08:35:00Z,15.1899995803833,15.1899995803833,15.15999984741211,15.1899995803833,0
2025-09-05T08:40:00Z,15.1899995803833,15.199999809265137,15.1899995803833,15.1899995803833,0
2025-09-05T08:45:00Z,15.1899995803833,15.220000267028809,15.1899995803833,15.220000267028809,0
2025-09-05T08:50:00Z,15.220000267028809,15.239999771118164,15.220000267028809,15.229999542236328,0
2025-09-05T08:55:00Z,15.229999542236328,15.229999542236328,15.199999809265137,15.199999809265137,0
2025-09-05T09:00:00Z,15.199999809265137,15.229999542236328,15.199999809265137,15.220000267028809,0
2025-09-05T09:05:00Z,15.220000267028809,15.229999542236328,15.210000038146973,15.229999542236328,0
2025-09-05T09:10:00Z,15.229999542236328,15.239999771118164,15.229999542236328,15.229999542236328,0
2025-09-05T09:15:00Z,15.229999542236328,15.239999771118164,15.229999542236328,15.239999771118164,0
2025-09-05T09:20:00Z,15.239999771118164,15.239999771118164,15.239999771118164,15.239999771118164,0
2025-09-05T09:25:00Z,15.239999771118164,15.25,15.229999542236328,15.25,0
2025-09-05T09:30:00Z,15.25,15.25,15.239999771118164,15.239999771118164,0
2025-09-05T09:35:00Z,15.239999771118164,15.25,15.229999542236328,15.25,0
2025-09-05T09:40:00Z,15.25,15.260000228881836,15.25,15.25,0
2025-09-05T09:45:00Z,15.25,15.260000228881836,15.25,15.25,0
2025-09-05T09:50:00Z,15.25,15.25,15.239999771118164,15.25,0
2025-09-05T09:55:00Z,15.25,15.260000228881836,15.25,15.260000228881836,0
2025-09-05T10:00:00Z,15.260000228881836,15.270000457763672,15.25,15.260000228881836,0
2025-09-05T10:05:00Z,15.260000228881836,15.289999961853027,15.260000228881836,15.279999732971191,0
2025-09-05T10:10:00Z,15.279999732971191,15.279999732971191,15.239999771118164,15.239999771118164,0
2025-09-05T10:15:00Z,15.25,15.25,15.229999542236328,15.229999542236328,0
2025-09-05T10:20:00Z,15.229999542236328,15.239999771118164,15.220000267028809,15.229999542236328,0
2025-09-05T10:25:00Z,15.220000267028809,15.220000267028809,15.199999809265137,15.210000038146973,0
2025-09-05T10:30:00Z,15.210000038146973,15.220000267028809,15.210000038146973,15.210000038146973,0
2025-09-05T10:35:00Z,15.210000038146973,15.220000267028809,15.210000038146973,15.210000038146973,0
2025-09-05T10:40:00Z,15.210000038146973,15.220000267028809,15.199999809265137,15.199999809265137,0
2025-09-05T10:45:00Z,15.199999809265137,15.210000038146973,15.1899995803833,15.1899995803833,0
2025-09-05T10:50:00Z,15.1899995803833,15.1899995803833,15.180000305175781,15.180000305175781,0
2025-09-05T10:55:00Z,15.180000305175781,15.199999809265137,15.180000305175781,15.199999809265137,0
2025-09-05T11:00:00Z,15.199999809265137,15.199999809265137,15.170000076293945,15.180000305175781,0
2025-09-05T11:05:00Z,15.180000305175781,15.180000305175781,15.170000076293945,15.180000305175781,0
2025-09-05T11:10:00Z,15.180000305175781,15.180000305175781,15.15999984741211,15.170000076293945,0
2025-09-05T11:15:00Z,15.170000076293945,15.199999809265137,15.15999984741211,15.199999809265137,0
2025-09-05T11:20:00Z,15.199999809265137,15.199999809265137,15.180000305175781,15.1899995803833,0
2025-09-05T11:25:00Z,15.1899995803833,15.199999809265137,15.1899995803833,15.199999809265137,0
2025-09-05T11:30:00Z,15.210000038146973,15.220000267028809,15.199999809265137,15.199999809265137,0
2025-09-05T11:35:00Z,15.210000038146973,15.210000038146973,15.1899995803833,15.210000038146973,0
2025-09-05T11:40:00Z,15.220000267028809,15.239999771118164,15.220000267028809,15.239999771118164,0
2025-09-05T11:45:00Z,15.239999771118164,15.25,15.229999542236328,15.239999771118164,0
2025-09-05T11:50:00Z,15.229999542236328,15.239999771118164,15.199999809265137,15.220000267028809,0
2025-09-05T11:55:00Z,15.220000267028809,15.25,15.220000267028809,15.25,0
2025-09-05T12:00:00Z,15.270000457763672,15.279999732971191,15.229999542236328,15.229999542236328,0
2025-09-05T12:05:00Z,15.239999771118164,15.369999885559082,15.239999771118164,15.369999885559082,0
2025-09-05T12:10:00Z,15.359999656677246,15.420000076293945,15.359999656677246,15.390000343322754,0
2025-09-05T12:15:00Z,15.380000114440918,15.380000114440918,15.319999694824219,15.369999885559082,0
2025-09-05T12:20:00Z,15.369999885559082,15.449999809265137,15.369999885559082,15.449999809265137,0
2025-09-05T12:25:00Z,15.460000038146973,15.5,15.4399995803833,15.4399995803833,0
2025-09-05T12:30:00Z,14.949999809265137,15.470000267028809,14.949999809265137,15.050000190734863,0
2025-09-05T12:35:00Z,15.029999732971191,15.119999885559082,14.960000038146973,15.109999656677246,0
2025-09-05T12:40:00Z,15.100000381469727,15.1899995803833,15.069999694824219,15.069999694824219,0
2025-09-05T12:45:00Z,15.050000190734863,15.079999923706055,15.029999732971191,15.029999732971191,0
2025-09-05T12:50:00Z,15.020000457763672,15.029999732971191,14.960000038146973,14.960000038146973,0
2025-09-05T12:55:00Z,14.970000267028809,15.0,14.9399995803833,14.9399995803833,0
2025-09-05T13:00:00Z,14.930000305175781,14.949999809265137,14.869999885559082,14.890000343322754,0
2025-09-05T13:05:00Z,14.880000114440918,14.890000343322754,14.850000381469727,14.890000343322754,0
2025-09-05T13:10:00Z,14.899999618530273,14.90999984741211,14.869999885559082,14.869999885559082,0
2025-09-05T13:15:00Z,14.869999885559082,14.899999618530273,14.800000190734863,14.800000190734863,0
2025-09-05T13:20:00Z,14.8100004196167,14.859999656677246,14.8100004196167,14.850000381469727,0
2025-09-05T13:25:00Z,14.829999923706055,14.829999923706055,14.829999923706055,14.829999923706055,0
2025-09-05T13:30:00Z,14.850000381469727,14.850000381469727,14.75,14.760000228881836,0
2025-09-05T13:35:00Z,14.800000190734863,14.880000114440918,14.789999961853027,14.84000015258789,0
2025-09-05T13:40:00Z,14.850000381469727,14.869999885559082,14.789999961853027,14.789999961853027,0
2025-09-05T13:45:00Z,14.779999732971191,14.920000076293945,14.739999771118164,14.739999771118164,0
2025-09-05T13:50:00Z,14.739999771118164,15.899999618530273,14.739999771118164,14.880000114440918,0
2025-09-05T13:55:00Z,14.890000343322754,15.039999961853027,14.890000343322754,14.989999771118164,0
2025-09-05T14:00:00Z,14.949999809265137,15.149999618530273,14.949999809265137,15.020000457763672,0
2025-09-05T14:05:00Z,15.010000228881836,15.199999809265137,15.010000228881836,15.1899995803833,0
2025-09-05T14:10:00Z,15.199999809265137,15.34000015258789,15.199999809265137,15.34000015258789,0
2025-09-05T14:15:00Z,15.380000114440918,15.789999961853027,15.380000114440918,15.789999961853027,0
2025-09-05T14:20:00Z,15.8100004196167,16.079999923706055,15.609999656677246,16.079999923706055,0
2025-09-05T14:25:00Z,16.079999923706055,16.239999771118164,15.970000267028809,16.1200008392334,0
2025-09-05T14:30:00Z,16.1200008392334,16.25,16.110000610351562,16.219999313354492,0
2025-09-05T14:35:00Z,16.209999084472656,16.459999084472656,16.209999084472656,16.450000762939453,0
2025-09-05T14:40:00Z,16.43000030517578,16.510000228881836,16.270000457763672,16.420000076293945,0
2025-09-05T14:45:00Z,16.420000076293945,16.65999984741211,16.420000076293945,16.600000381469727,0
2025-09-05T14:50:00Z,16.610000610351562,16.719999313354492,16.15999984741211,16.15999984741211,0
2025-09-05T14:55:00Z,16.149999618530273,16.56999969482422,16.1299991607666,16.56999969482422,0
2025-09-05T15:00:00Z,16.56999969482422,16.739999771118164,16.479999542236328,16.649999618530273,0
2025-09-05T15:05:00Z,16.65999984741211,16.770000457763672,16.510000228881836,16.729999542236328,0
2025-09-05T15:10:00Z,16.719999313354492,16.920000076293945,16.489999771118164,16.489999771118164,0
2025-09-05T15:15:00Z,16.479999542236328,16.5,16.3799991607666,16.450000762939453,0
2025-09-05T15:20:00Z,16.450000762939453,16.450000762939453,16.149999618530273,16.15999984741211,0
2025-09-05T15:25:00Z,16.149999618530273,16.209999084472656,15.979999542236328,15.979999542236328,0
2025-09-05T15:30:00Z,15.970000267028809,16.079999923706055,15.9399995803833,16.010000228881836,0
2025-09-05T15:35:00Z,16.010000228881836,16.010000228881836,15.779999732971191,15.789999961853027,0
2025-09-05T15:40:00Z,15.84000015258789,15.84000015258789,15.6899995803833,15.710000038146973,0
2025-09-05T15:45:00Z,15.720000267028809,15.989999771118164,15.720000267028809,15.859999656677246,0
2025-09-05T15:50:00Z,15.850000381469727,16.040000915527344,15.850000381469727,16.020000457763672,0
2025-09-05T15:55:00Z,16.0,16.1200008392334,15.890000343322754,16.040000915527344,0
2025-09-05T16:00:00Z,16.049999237060547,16.1299991607666,15.970000267028809,16.059999465942383,0
2025-09-05T16:05:00Z,16.049999237060547,16.100000381469727,15.90999984741211,15.90999984741211,0
2025-09-05T16:10:00Z,15.890000343322754,15.890000343322754,15.6899995803833,15.699999809265137,0
2025-09-05T16:15:00Z,15.6899995803833,15.880000114440918,15.6899995803833,15.8100004196167,0
2025-09-05T16:20:00Z,15.8100004196167,16.040000915527344,15.789999961853027,15.899999618530273,0
2025-09-05T16:25:00Z,15.850000381469727,15.979999542236328,15.850000381469727,15.979999542236328,0
2025-09-05T16:30:00Z,15.979999542236328,16.030000686645508,15.90999984741211,16.020000457763672,0
2025-09-05T16:35:00Z,16.020000457763672,16.110000610351562,15.989999771118164,16.030000686645508,0
2025-09-05T16:40:00Z,16.040000915527344,16.040000915527344,15.859999656677246,15.859999656677246,0
2025-09-05T16:45:00Z,15.84000015258789,16.010000228881836,15.800000190734863,15.949999809265137,0
2025-09-05T16:50:00Z,16.0,16.010000228881836,15.890000343322754,15.90999984741211,0
2025-09-05T16:55:00Z,15.9399995803833,15.979999542236328,15.779999732971191,15.779999732971191,0
2025-09-05T17:00:00Z,15.770000457763672,15.9399995803833,15.770000457763672,15.9399995803833,0
2025-09-05T17:05:00Z,15.989999771118164,16.049999237060547,15.899999618530273,15.899999618530273,0
2025-09-05T17:10:00Z,15.880000114440918,15.899999618530273,15.800000190734863,15.819999694824219,0
2025-09-05T17:15:00Z,15.819999694824219,15.880000114440918,15.779999732971191,15.869999885559082,0
2025-09-05T17:20:00Z,15.84000015258789,15.84000015258789,15.729999542236328,15.75,0
2025-09-05T17:25:00Z,15.739999771118164,15.890000343322754,15.739999771118164,15.880000114440918,0
2025-09-05T17:30:00Z,15.890000343322754,15.920000076293945,15.850000381469727,15.859999656677246,0
2025-09-05T17:35:00Z,15.859999656677246,16.010000228881836,15.850000381469727,15.970000267028809,0
2025-09-05T17:40:00Z,15.970000267028809,16.280000686645508,15.960000038146973,16.100000381469727,0
2025-09-05T17:45:00Z,16.110000610351562,16.18000030517578,16.059999465942383,16.170000076293945,0
2025-09-05T17:50:00Z,16.149999618530273,16.170000076293945,16.100000381469727,16.100000381469727,0
2025-09-05T17:55:00Z,16.139999389648438,16.190000534057617,16.09000015258789,16.110000610351562,0
2025-09-05T18:00:00Z,16.100000381469727,16.170000076293945,16.059999465942383,16.139999389648438,0
2025-09-05T18:05:00Z,16.15999984741211,16.15999984741211,16.049999237060547,16.049999237060547,0
2025-09-05T18:10:00Z,16.059999465942383,16.059999465942383,15.989999771118164,16.0,0
2025-09-05T18:15:00Z,15.970000267028809,15.970000267028809,15.800000190734863,15.800000190734863,0
2025-09-05T18:20:00Z,15.819999694824219,15.899999618530273,15.789999961853027,15.899999618530273,0
2025-09-05T18:25:00Z,15.899999618530273,15.9399995803833,15.800000190734863,15.800000190734863,0
2025-09-05T18:30:00Z,15.789999961853027,15.789999961853027,15.630000114440918,15.640000343322754,0
2025-09-05T18:35:00Z,15.670000076293945,15.699999809265137,15.619999885559082,15.65999984741211,0
2025-09-05T18:40:00Z,15.65999984741211,15.680000305175781,15.600000381469727,15.609999656677246,0
2025-09-05T18:45:00Z,15.600000381469727,15.619999885559082,15.5600004196167,15.569999694824219,0
2025-09-05T18:50:00Z,15.579999923706055,15.609999656677246,15.550000190734863,15.569999694824219,0
2025-09-05T18:55:00Z,15.579999923706055,15.609999656677246,15.479999542236328,15.479999542236328,0
2025-09-05T19:00:00Z,15.479999542236328,15.550000190734863,15.479999542236328,15.510000228881836,0
2025-09-05T19:05:00Z,15.5,15.5,15.420000076293945,15.449999809265137,0
2025-09-05T19:10:00Z,15.430000305175781,15.4399995803833,15.390000343322754,15.390000343322754,0
2025-09-05T19:15:00Z,15.390000343322754,15.390000343322754,15.260000228881836,15.279999732971191,0
2025-09-05T19:20:00Z,15.300000190734863,15.3100004196167,15.220000267028809,15.25,0
2025-09-05T19:25:00Z,15.239999771118164,15.270000457763672,15.210000038146973,15.270000457763672,0
2025-09-05T19:30:00Z,15.270000457763672,15.380000114440918,15.239999771118164,15.3100004196167,0
2025-09-05T19:35:00Z,15.3100004196167,15.3100004196167,15.199999809265137,15.279999732971191,0
2025-09-05T19:40:00Z,15.260000228881836,15.300000190734863,15.199999809265137,15.260000228881836,0
2025-09-05T19:45:00Z,15.239999771118164,15.270000457763672,15.1899995803833,15.270000457763672,0
2025-09-05T19:50:00Z,15.270000457763672,15.399999618530273,15.270000457763672,15.380000114440918,0
2025-09-05T19:55:00Z,15.369999885559082,15.369999885559082,15.229999542236328,15.229999542236328,0
2025-09-05T20:00:00Z,15.180000305175781,15.239999771118164,15.180000305175781,15.180000305175781,0
2025-09-05T20:05:00Z,15.1899995803833,15.220000267028809,15.180000305175781,15.199999809265137,0
2025-09-05T20:10:00Z,15.210000038146973,15.220000267028809,15.180000305175781,15.180000305175781,0
2025-09-08T07:15:00Z,15.579999923706055,15.579999923706055,15.510000228881836,15.529999732971191,0
2025-09-08T07:20:00Z,15.539999961853027,15.539999961853027,15.510000228881836,15.539999961853027,0
2025-09-08T07:25:00Z,15.520000457763672,15.529999732971191,15.489999771118164,15.529999732971191,0
2025-09-08T07:30:00Z,15.529999732971191,15.529999732971191,15.510000228881836,15.529999732971191,0
2025-09-08T07:35:00Z,15.539999961853027,15.539999961853027,15.510000228881836,15.510000228881836,0
2025-09-08T07:40:00Z,15.5,15.5,15.420000076293945,15.420000076293945,0
2025-09-08T07:45:00Z,15.430000305175781,15.470000267028809,15.430000305175781,15.460000038146973,0
2025-09-08T07:50:00Z,15.470000267028809,15.569999694824219,15.470000267028809,15.550000190734863,0
2025-09-08T07:55:00Z,15.5600004196167,15.569999694824219,15.5600004196167,15.569999694824219,0
2025-09-08T08:00:00Z,15.569999694824219,15.600000381469727,15.5600004196167,15.5600004196167,0
2025-09-08T08:05:00Z,15.5600004196167,15.569999694824219,15.550000190734863,15.5600004196167,0
2025-09-08T08:10:00Z,15.5600004196167,15.5600004196167,15.520000457763672,15.520000457763672,0
2025-09-08T08:15:00Z,15.520000457763672,15.539999961853027,15.489999771118164,15.5,0
2025-09-08T08:20:00Z,15.5,15.539999961853027,15.5,15.520000457763672,0
2025-09-08T08:25:00Z,15.520000457763672,15.539999961853027,15.510000228881836,15.520000457763672,0
2025-09-08T08:30:00Z,15.520000457763672,15.529999732971191,15.510000228881836,15.510000228881836,0
2025-09-08T08:35:00Z,15.510000228881836,15.520000457763672,15.489999771118164,15.489999771118164,0
2025-09-08T08:40:00Z,15.489999771118164,15.520000457763672,15.489999771118164,15.520000457763672,0
2025-09-08T08:45:00Z,15.520000457763672,15.539999961853027,15.520000457763672,15.520000457763672,0
2025-09-08T08:50:00Z,15.520000457763672,15.550000190734863,15.520000457763672,15.550000190734863,0
2025-09-08T08:55:00Z,15.550000190734863,15.550000190734863,15.520000457763672,15.520000457763672,0
2025-09-08T09:00:00Z,15.529999732971191,15.5600004196167,15.520000457763672,15.539999961853027,0
2025-09-08T09:05:00Z,15.539999961853027,15.5600004196167,15.539999961853027,15.5600004196167,0
2025-09-08T09:10:00Z,15.5600004196167,15.59000015258789,15.5600004196167,15.5600004196167,0
2025-09-08T09:15:00Z,15.5600004196167,15.5600004196167,15.550000190734863,15.550000190734863,0
2025-09-08T09:20:00Z,15.550000190734863,15.5600004196167,15.539999961853027,15.539999961853027,0
2025-09-08T09:25:00Z,15.539999961853027,15.550000190734863,15.529999732971191,15.550000190734863,0
2025-09-08T09:30:00Z,15.550000190734863,15.5600004196167,15.529999732971191,15.529999732971191,0
2025-09-08T09:35:00Z,15.529999732971191,15.550000190734863,15.529999732971191,15.550000190734863,0
2025-09-08T09:40:00Z,15.550000190734863,15.5600004196167,15.520000457763672,15.529999732971191,0
2025-09-08T09:45:00Z,15.529999732971191,15.529999732971191,15.510000228881836,15.510000228881836,0
2025-09-08T09:50:00Z,15.510000228881836,15.510000228881836,15.449999809265137,15.449999809265137,0
2025-09-08T09:55:00Z,15.449999809265137,15.470000267028809,15.449999809265137,15.460000038146973,0
2025-09-08T10:00:00Z,15.460000038146973,15.479999542236328,15.460000038146973,15.470000267028809,0
2025-09-08T10:05:00Z,15.479999542236328,15.479999542236328,15.470000267028809,15.479999542236328,0
2025-09-08T10:10:00Z,15.470000267028809,15.470000267028809,15.449999809265137,15.449999809265137,0
2025-09-08T10:15:00Z,15.449999809265137,15.479999542236328,15.449999809265137,15.479999542236328,0
2025-09-08T10:20:00Z,15.470000267028809,15.470000267028809,15.449999809265137,15.470000267028809,0
2025-09-08T10:25:00Z,15.470000267028809,15.470000267028809,15.460000038146973,15.470000267028809,0
2025-09-08T10:30:00Z,15.470000267028809,15.470000267028809,15.4399995803833,15.4399995803833,0
2025-09-08T10:35:00Z,15.4399995803833,15.479999542236328,15.430000305175781,15.470000267028809,0
2025-09-08T10:40:00Z,15.470000267028809,15.479999542236328,15.449999809265137,15.460000038146973,0
2025-09-08T10:45:00Z,15.449999809265137,15.479999542236328,15.449999809265137,15.470000267028809,0
2025-09-08T10:50:00Z,15.470000267028809,15.470000267028809,15.449999809265137,15.460000038146973,0
2025-09-08T10:55:00Z,15.470000267028809,15.479999542236328,15.460000038146973,15.470000267028809,0
2025-09-08T11:00:00Z,15.470000267028809,15.489999771118164,15.460000038146973,15.460000038146973,0
2025-09-08T11:05:00Z,15.460000038146973,15.460000038146973,15.4399995803833,15.449999809265137,0
2025-09-08T11:10:00Z,15.460000038146973,15.460000038146973,15.430000305175781,15.430000305175781,0
2025-09-08T11:15:00Z,15.420000076293945,15.4399995803833,15.40999984741211,15.420000076293945,0
2025-09-08T11:20:00Z,15.420000076293945,15.460000038146973,15.420000076293945,15.460000038146973,0
2025-09-08T11:25:00Z,15.460000038146973,15.460000038146973,15.430000305175781,15.430000305175781,0
2025-09-08T11:30:00Z,15.430000305175781,15.4399995803833,15.40999984741211,15.4399995803833,0
2025-09-08T11:35:00Z,15.449999809265137,15.460000038146973,15.4399995803833,15.460000038146973,0
2025-09-08T11:40:00Z,15.460000038146973,15.460000038146973,15.4399995803833,15.4399995803833,0
2025-09-08T11:45:00Z,15.4399995803833,15.489999771118164,15.4399995803833,15.470000267028809,0
2025-09-08T11:50:00Z,15.470000267028809,15.470000267028809,15.4399995803833,15.4399995803833,0
2025-09-08T11:55:00Z,15.449999809265137,15.510000228881836,15.4399995803833,15.510000228881836,0
2025-09-08T12:00:00Z,15.520000457763672,15.520000457763672,15.489999771118164,15.520000457763672,0
2025-09-08T12:05:00Z,15.510000228881836,15.579999923706055,15.510000228881836,15.5600004196167,0
2025-09-08T12:10:00Z,15.5600004196167,15.640000343322754,15.5600004196167,15.640000343322754,0
2025-09-08T12:15:00Z,15.640000343322754,15.649999618530273,15.59000015258789,15.59000015258789,0
2025-09-08T12:20:00Z,15.59000015258789,15.600000381469727,15.5600004196167,15.569999694824219,0
2025-09-08T12:25:00Z,15.5600004196167,15.5600004196167,15.539999961853027,15.550000190734863,0
2025-09-08T12:30:00Z,15.550000190734863,15.550000190734863,15.460000038146973,15.470000267028809,0
2025-09-08T12:35:00Z,15.470000267028809,15.470000267028809,15.460000038146973,15.470000267028809,0
2025-09-08T12:40:00Z,15.460000038146973,15.489999771118164,15.460000038146973,15.470000267028809,0
2025-09-08T12:45:00Z,15.470000267028809,15.470000267028809,15.40999984741211,15.40999984741211,0
2025-09-08T12:50:00Z,15.399999618530273,15.460000038146973,15.399999618530273,15.449999809265137,0
2025-09-08T12:55:00Z,15.460000038146973,15.470000267028809,15.4399995803833,15.4399995803833,0
2025-09-08T13:00:00Z,15.4399995803833,15.470000267028809,15.40999984741211,15.40999984741211,0
2025-09-08T13:05:00Z,15.399999618530273,15.430000305175781,15.399999618530273,15.430000305175781,0
2025-09-08T13:10:00Z,15.4399995803833,15.449999809265137,15.390000343322754,15.390000343322754,0
2025-09-08T13:15:00Z,15.390000343322754,15.390000343322754,15.359999656677246,15.380000114440918,0
2025-09-08T13:20:00Z,15.380000114440918,15.380000114440918,15.350000381469727,15.369999885559082,0
2025-09-08T13:25:00Z,15.369999885559082,15.369999885559082,15.369999885559082,15.369999885559082,0
2025-09-08T13:30:00Z,15.4399995803833,15.4399995803833,15.270000457763672,15.270000457763672,0
2025-09-08T13:35:00Z,15.239999771118164,15.359999656677246,15.170000076293945,15.359999656677246,0
2025-09-08T13:40:00Z,15.359999656677246,15.359999656677246,15.220000267028809,15.239999771118164,0
2025-09-08T13:45:00Z,15.239999771118164,15.319999694824219,15.210000038146973,15.210000038146973,0
2025-09-08T13:50:00Z,15.210000038146973,15.3100004196167,15.210000038146973,15.229999542236328,0
2025-09-08T13:55:00Z,15.239999771118164,15.3100004196167,15.199999809265137,15.3100004196167,0
2025-09-08T14:00:00Z,15.319999694824219,15.390000343322754,15.319999694824219,15.319999694824219,0
2025-09-08T14:05:00Z,15.319999694824219,15.34000015258789,15.229999542236328,15.260000228881836,0
2025-09-08T14:10:00Z,15.270000457763672,15.319999694824219,15.25,15.3100004196167,0
2025-09-08T14:15:00Z,15.319999694824219,15.420000076293945,15.3100004196167,15.399999618530273,0
2025-09-08T14:20:00Z,15.40999984741211,15.4399995803833,15.390000343322754,15.399999618530273,0
2025-09-08T14:25:00Z,15.40999984741211,15.40999984741211,15.220000267028809,15.239999771118164,0
2025-09-08T14:30:00Z,15.239999771118164,15.239999771118164,15.149999618530273,15.220000267028809,0
2025-09-08T14:35:00Z,15.220000267028809,15.220000267028809,15.130000114440918,15.140000343322754,0
2025-09-08T14:40:00Z,15.15999984741211,15.15999984741211,15.100000381469727,15.130000114440918,0
2025-09-08T14:45:00Z,15.119999885559082,15.130000114440918,15.079999923706055,15.100000381469727,0
2025-09-08T14:50:00Z,15.109999656677246,15.140000343322754,15.109999656677246,15.109999656677246,0
2025-09-08T14:55:00Z,15.09000015258789,15.109999656677246,15.0600004196167,15.109999656677246,0
2025-09-08T15:00:00Z,15.100000381469727,15.100000381469727,15.050000190734863,15.0600004196167,0
2025-09-08T15:05:00Z,15.0600004196167,15.079999923706055,15.050000190734863,15.0600004196167,0
2025-09-08T15:10:00Z,15.0600004196167,15.0600004196167,15.020000457763672,15.029999732971191,0
2025-09-08T15:15:00Z,15.039999961853027,15.130000114440918,15.039999961853027,15.130000114440918,0
2025-09-08T15:20:00Z,15.119999885559082,15.130000114440918,15.069999694824219,15.069999694824219,0
2025-09-08T15:25:00Z,15.069999694824219,15.069999694824219,14.989999771118164,14.989999771118164,0
2025-09-08T15:30:00Z,14.989999771118164,15.079999923706055,14.989999771118164,15.079999923706055,0
2025-09-08T15:35:00Z,15.079999923706055,15.149999618530273,15.079999923706055,15.109999656677246,0
2025-09-08T15:40:00Z,15.119999885559082,15.140000343322754,15.109999656677246,15.140000343322754,0
2025-09-08T15:45:00Z,15.149999618530273,15.25,15.149999618530273,15.199999809265137,0
2025-09-08T15:50:00Z,15.1899995803833,15.210000038146973,15.109999656677246,15.109999656677246,0
2025-09-08T15:55:00Z,15.119999885559082,15.119999885559082,15.069999694824219,15.079999923706055,0
2025-09-08T16:00:00Z,15.079999923706055,15.15999984741211,15.079999923706055,15.109999656677246,0
2025-09-08T16:05:00Z,15.130000114440918,15.199999809265137,15.119999885559082,15.199999809265137,0
2025-09-08T16:10:00Z,15.1899995803833,15.210000038146973,15.149999618530273,15.199999809265137,0
2025-09-08T16:15:00Z,15.210000038146973,15.270000457763672,15.210000038146973,15.25,0
2025-09-08T16:20:00Z,15.239999771118164,15.270000457763672,15.220000267028809,15.25,0
2025-09-08T16:25:00Z,15.25,15.279999732971191,15.229999542236328,15.239999771118164,0
2025-09-08T16:30:00Z,15.239999771118164,15.34000015258789,15.210000038146973,15.3100004196167,0
2025-09-08T16:35:00Z,15.3100004196167,15.40999984741211,15.3100004196167,15.34000015258789,0
2025-09-08T16:40:00Z,15.329999923706055,15.350000381469727,15.239999771118164,15.270000457763672,0
2025-09-08T16:45:00Z,15.289999961853027,15.369999885559082,15.289999961853027,15.350000381469727,0
2025-09-08T16:50:00Z,15.329999923706055,15.329999923706055,15.260000228881836,15.260000228881836,0
2025-09-08T16:55:00Z,15.229999542236328,15.289999961853027,15.229999542236328,15.260000228881836,0
2025-09-08T17:00:00Z,15.239999771118164,15.3100004196167,15.239999771118164,15.3100004196167,0
2025-09-08T17:05:00Z,15.319999694824219,15.359999656677246,15.300000190734863,15.34000015258789,0
2025-09-08T17:10:00Z,15.350000381469727,15.350000381469727,15.3100004196167,15.34000015258789,0
2025-09-08T17:15:00Z,15.34000015258789,15.34000015258789,15.25,15.25,0
2025-09-08T17:20:00Z,15.25,15.25,15.1899995803833,15.1899995803833,0
2025-09-08T17:25:00Z,15.1899995803833,15.25,15.180000305175781,15.25,0
2025-09-08T17:30:00Z,15.239999771118164,15.239999771118164,15.199999809265137,15.229999542236328,0
2025-09-08T17:35:00Z,15.229999542236328,15.260000228881836,15.229999542236328,15.260000228881836,0
2025-09-08T17:40:00Z,15.260000228881836,15.300000190734863,15.260000228881836,15.260000228881836,0
2025-09-08T17:45:00Z,15.260000228881836,15.34000015258789,15.260000228881836,15.329999923706055,0
2025-09-08T17:50:00Z,15.350000381469727,15.489999771118164,15.329999923706055,15.399999618530273,0
2025-09-08T17:55:00Z,15.390000343322754,15.460000038146973,15.390000343322754,15.430000305175781,0
2025-09-08T18:00:00Z,15.430000305175781,15.460000038146973,15.420000076293945,15.449999809265137,0
2025-09-08T18:05:00Z,15.449999809265137,15.470000267028809,15.399999618530273,15.430000305175781,0
2025-09-08T18:10:00Z,15.430000305175781,15.430000305175781,15.34000015258789,15.34000015258789,0
2025-09-08T18:15:00Z,15.34000015258789,15.34000015258789,15.260000228881836,15.260000228881836,0
2025-09-08T18:20:00Z,15.260000228881836,15.260000228881836,15.199999809265137,15.239999771118164,0
2025-09-08T18:25:00Z,15.239999771118164,15.270000457763672,15.199999809265137,15.199999809265137,0
2025-09-08T18:30:00Z,15.199999809265137,15.220000267028809,15.1899995803833,15.210000038146973,0
2025-09-08T18:35:00Z,15.210000038146973,15.260000228881836,15.210000038146973,15.25,0
2025-09-08T18:40:00Z,15.260000228881836,15.3100004196167,15.239999771118164,15.239999771118164,0
2025-09-08T18:45:00Z,15.239999771118164,15.239999771118164,15.170000076293945,15.199999809265137,0
2025-09-08T18:50:00Z,15.210000038146973,15.270000457763672,15.1899995803833,15.25,0
2025-09-08T18:55:00Z,15.25,15.270000457763672,15.229999542236328,15.25,0
2025-09-08T19:00:00Z,15.229999542236328,15.279999732971191,15.229999542236328,15.260000228881836,0
2025-09-08T19:05:00Z,15.260000228881836,15.270000457763672,15.239999771118164,15.270000457763672,0
2025-09-08T19:10:00Z,15.300000190734863,15.449999809265137,15.289999961853027,15.40999984741211,0
2025-09-08T19:15:00Z,15.40999984741211,15.420000076293945,15.34000015258789,15.369999885559082,0
2025-09-08T19:20:00Z,15.369999885559082,15.430000305175781,15.369999885559082,15.399999618530273,0
2025-09-08T19:25:00Z,15.399999618530273,15.430000305175781,15.399999618530273,15.399999618530273,0
2025-09-08T19:30:00Z,15.399999618530273,15.40999984741211,15.329999923706055,15.40999984741211,0
2025-09-08T19:35:00Z,15.420000076293945,15.420000076293945,15.329999923706055,15.329999923706055,0
2025-09-08T19:40:00Z,15.34000015258789,15.350000381469727,15.289999961853027,15.300000190734863,0
2025-09-08T19:45:00Z,15.3100004196167,15.3100004196167,15.229999542236328,15.260000228881836,0
2025-09-08T19:50:00Z,15.239999771118164,15.319999694824219,15.239999771118164,15.279999732971191,0
2025-09-08T19:55:00Z,15.260000228881836,15.300000190734863,15.210000038146973,15.210000038146973,0
2025-09-08T20:00:00Z,15.180000305175781,15.25,15.180000305175781,15.229999542236328,0
2025-09-08T20:05:00Z,15.220000267028809,15.220000267028809,15.140000343322754,15.149999618530273,0
2025-09-08T20:10:00Z,15.149999618530273,15.170000076293945,15.130000114440918,15.130000114440918,0
2025-09-09T07:15:00Z,15.020000457763672,15.0600004196167,15.010000228881836,15.0600004196167,0
2025-09-09T07:20:00Z,15.0600004196167,15.069999694824219,15.029999732971191,15.029999732971191,0
2025-09-09T07:25:00Z,15.029999732971191,15.029999732971191,14.989999771118164,15.0,0
2025-09-09T07:30:00Z,15.010000228881836,15.020000457763672,14.989999771118164,14.989999771118164,0
2025-09-09T07:35:00Z,14.979999542236328,15.029999732971191,14.970000267028809,15.029999732971191,0
2025-09-09T07:40:00Z,15.039999961853027,15.100000381469727,15.029999732971191,15.100000381469727,0
2025-09-09T07:45:00Z,15.100000381469727,15.140000343322754,15.100000381469727,15.140000343322754,0
2025-09-09T07:50:00Z,15.140000343322754,15.15999984741211,15.140000343322754,15.149999618530273,0
2025-09-09T07:55:00Z,15.149999618530273,15.15999984741211,15.140000343322754,15.140000343322754,0
2025-09-09T08:00:00Z,15.149999618530273,15.149999618530273,15.109999656677246,15.109999656677246,0
2025-09-09T08:05:00Z,15.109999656677246,15.180000305175781,15.109999656677246,15.180000305175781,0
2025-09-09T08:10:00Z,15.1899995803833,15.1899995803833,15.130000114440918,15.149999618530273,0
2025-09-09T08:15:00Z,15.15999984741211,15.1899995803833,15.15999984741211,15.180000305175781,0
2025-09-09T08:20:00Z,15.170000076293945,15.170000076293945,15.130000114440918,15.140000343322754,0
2025-09-09T08:25:00Z,15.130000114440918,15.149999618530273,15.130000114440918,15.149999618530273,0
2025-09-09T08:30:00Z,15.149999618530273,15.15999984741211,15.130000114440918,15.15999984741211,0
2025-09-09T08:35:00Z,15.149999618530273,15.210000038146973,15.149999618530273,15.210000038146973,0
2025-09-09T08:40:00Z,15.210000038146973,15.210000038146973,15.180000305175781,15.1899995803833,0
2025-09-09T08:45:00Z,15.1899995803833,15.229999542236328,15.1899995803833,15.229999542236328,0
2025-09-09T08:50:00Z,15.229999542236328,15.239999771118164,15.220000267028809,15.229999542236328,0
2025-09-09T08:55:00Z,15.220000267028809,15.220000267028809,15.199999809265137,15.199999809265137,0
2025-09-09T09:00:00Z,15.199999809265137,15.220000267028809,15.1899995803833,15.210000038146973,0
2025-09-09T09:05:00Z,15.210000038146973,15.229999542236328,15.1899995803833,15.229999542236328,0
2025-09-09T09:10:00Z,15.239999771118164,15.239999771118164,15.1899995803833,15.1899995803833,0
2025-09-09T09:15:00Z,15.1899995803833,15.199999809265137,15.180000305175781,15.1899995803833,0
2025-09-09T09:20:00Z,15.1899995803833,15.210000038146973,15.180000305175781,15.199999809265137,0
2025-09-09T09:25:00Z,15.199999809265137,15.210000038146973,15.1899995803833,15.199999809265137,0
2025-09-09T09:30:00Z,15.199999809265137,15.199999809265137,15.1899995803833,15.199999809265137,0
2025-09-09T09:35:00Z,15.199999809265137,15.199999809265137,15.1899995803833,15.1899995803833,0
2025-09-09T09:40:00Z,15.1899995803833,15.199999809265137,15.180000305175781,15.1899995803833,0
2025-09-09T09:45:00Z,15.199999809265137,15.199999809265137,15.1899995803833,15.199999809265137,0
2025-09-09T09:50:00Z,15.1899995803833,15.239999771118164,15.1899995803833,15.239999771118164,0
2025-09-09T09:55:00Z,15.239999771118164,15.25,15.229999542236328,15.25,0
2025-09-09T10:00:00Z,15.25,15.25,15.239999771118164,15.25,0
2025-09-09T10:05:00Z,15.25,15.25,15.229999542236328,15.229999542236328,0
2025-09-09T10:10:00Z,15.229999542236328,15.239999771118164,15.220000267028809,15.229999542236328,0
2025-09-09T10:15:00Z,15.220000267028809,15.229999542236328,15.220000267028809,15.229999542236328,0
2025-09-09T10:20:00Z,15.229999542236328,15.229999542236328,15.220000267028809,15.229999542236328,0
2025-09-09T10:25:00Z,15.229999542236328,15.239999771118164,15.220000267028809,15.239999771118164,0
2025-09-09T10:30:00Z,15.239999771118164,15.270000457763672,15.239999771118164,15.25,0
2025-09-09T10:35:00Z,15.25,15.260000228881836,15.239999771118164,15.239999771118164,0
2025-09-09T10:40:00Z,15.239999771118164,15.239999771118164,15.229999542236328,15.229999542236328,0
2025-09-09T10:45:00Z,15.229999542236328,15.279999732971191,15.229999542236328,15.270000457763672,0
2025-09-09T10:50:00Z,15.279999732971191,15.300000190734863,15.279999732971191,15.300000190734863,0
2025-09-09T10:55:00Z,15.3100004196167,15.3100004196167,15.289999961853027,15.289999961853027,0
2025-09-09T11:00:00Z,15.289999961853027,15.3100004196167,15.279999732971191,15.300000190734863,0
2025-09-09T11:05:00Z,15.300000190734863,15.3100004196167,15.279999732971191,15.289999961853027,0
2025-09-09T11:10:00Z,15.279999732971191,15.3100004196167,15.279999732971191,15.300000190734863,0
2025-09-09T11:15:00Z,15.300000190734863,15.359999656677246,15.300000190734863,15.350000381469727,0
2025-09-09T11:20:00Z,15.350000381469727,15.359999656677246,15.300000190734863,15.3100004196167,0
2025-09-09T11:25:00Z,15.300000190734863,15.3100004196167,15.300000190734863,15.300000190734863,0
2025-09-09T11:30:00Z,15.3100004196167,15.3100004196167,15.25,15.25,0
2025-09-09T11:35:00Z,15.25,15.25,15.1899995803833,15.199999809265137,0
2025-09-09T11:40:00Z,15.199999809265137,15.199999809265137,15.180000305175781,15.180000305175781,0
2025-09-09T11:45:00Z,15.170000076293945,15.1899995803833,15.140000343322754,15.180000305175781,0
2025-09-09T11:50:00Z,15.180000305175781,15.180000305175781,15.170000076293945,15.180000305175781,0
2025-09-09T11:55:00Z,15.170000076293945,15.1899995803833,15.170000076293945,15.1899995803833,0
2025-09-09T12:00:00Z,15.1899995803833,15.229999542236328,15.1899995803833,15.1899995803833,0
2025-09-09T12:05:00Z,15.1899995803833,15.199999809265137,15.180000305175781,15.199999809265137,0
2025-09-09T12:10:00Z,15.199999809265137,15.210000038146973,15.170000076293945,15.180000305175781,0
2025-09-09T12:15:00Z,15.180000305175781,15.199999809265137,15.170000076293945,15.199999809265137,0
2025-09-09T12:20:00Z,15.1899995803833,15.210000038146973,15.170000076293945,15.210000038146973,0
2025-09-09T12:25:00Z,15.210000038146973,15.229999542236328,15.210000038146973,15.210000038146973,0
2025-09-09T12:30:00Z,15.210000038146973,15.260000228881836,15.210000038146973,15.229999542236328,0
2025-09-09T12:35:00Z,15.239999771118164,15.239999771118164,15.180000305175781,15.1899995803833,0
2025-09-09T12:40:00Z,15.1899995803833,15.210000038146973,15.180000305175781,15.210000038146973,0
2025-09-09T12:45:00Z,15.199999809265137,15.220000267028809,15.170000076293945,15.180000305175781,0
2025-09-09T12:50:00Z,15.180000305175781,15.1899995803833,15.15999984741211,15.15999984741211,0
2025-09-09T12:55:00Z,15.15999984741211,15.15999984741211,15.140000343322754,15.149999618530273,0
2025-09-09T13:00:00Z,15.149999618530273,15.369999885559082,15.149999618530273,15.369999885559082,0
2025-09-09T13:05:00Z,15.420000076293945,15.470000267028809,15.270000457763672,15.270000457763672,0
2025-09-09T13:10:00Z,15.25,15.34000015258789,15.25,15.329999923706055,0
2025-09-09T13:15:00Z,15.329999923706055,15.380000114440918,15.329999923706055,15.380000114440918,0
2025-09-09T13:20:00Z,15.369999885559082,15.420000076293945,15.350000381469727,15.399999618530273,0
2025-09-09T13:25:00Z,15.399999618530273,15.399999618530273,15.399999618530273,15.399999618530273,0
2025-09-09T13:30:00Z,15.4399995803833,15.4399995803833,15.289999961853027,15.300000190734863,0
2025-09-09T13:35:00Z,15.319999694824219,15.34000015258789,15.260000228881836,15.34000015258789,0
2025-09-09T13:40:00Z,15.369999885559082,15.420000076293945,15.350000381469727,15.390000343322754,0
2025-09-09T13:45:00Z,15.369999885559082,15.449999809265137,15.369999885559082,15.40999984741211,0
2025-09-09T13:50:00Z,15.420000076293945,15.529999732971191,15.420000076293945,15.529999732971191,0
2025-09-09T13:55:00Z,15.550000190734863,15.569999694824219,15.4399995803833,15.520000457763672,0
2025-09-09T14:00:00Z,15.460000038146973,15.569999694824219,15.359999656677246,15.529999732971191,0
2025-09-09T14:05:00Z,15.520000457763672,15.529999732971191,15.369999885559082,15.369999885559082,0
2025-09-09T14:10:00Z,15.350000381469727,15.350000381469727,15.25,15.3100004196167,0
2025-09-09T14:15:00Z,15.3100004196167,15.430000305175781,15.300000190734863,15.399999618530273,0
2025-09-09T14:20:00Z,15.399999618530273,15.40999984741211,15.359999656677246,15.369999885559082,0
2025-09-09T14:25:00Z,15.380000114440918,15.4399995803833,15.359999656677246,15.420000076293945,0
2025-09-09T14:30:00Z,15.430000305175781,15.649999618530273,15.40999984741211,15.649999618530273,0
2025-09-09T14:35:00Z,15.699999809265137,15.800000190734863,15.680000305175781,15.699999809265137,0
2025-09-09T14:40:00Z,15.710000038146973,15.819999694824219,15.699999809265137,15.800000190734863,0
2025-09-09T14:45:00Z,15.729999542236328,15.739999771118164,15.600000381469727,15.630000114440918,0
2025-09-09T14:50:00Z,15.630000114440918,15.6899995803833,15.479999542236328,15.489999771118164,0
2025-09-09T14:55:00Z,15.479999542236328,15.529999732971191,15.449999809265137,15.510000228881836,0
2025-09-09T15:00:00Z,15.510000228881836,15.550000190734863,15.479999542236328,15.529999732971191,0
2025-09-09T15:05:00Z,15.539999961853027,15.630000114440918,15.510000228881836,15.510000228881836,0
2025-09-09T15:10:00Z,15.520000457763672,15.550000190734863,15.449999809265137,15.449999809265137,0
2025-09-09T15:15:00Z,15.460000038146973,15.460000038146973,15.380000114440918,15.399999618530273,0
2025-09-09T15:20:00Z,15.399999618530273,15.399999618530273,15.369999885559082,15.390000343322754,0
2025-09-09T15:25:00Z,15.380000114440918,15.380000114440918,15.3100004196167,15.3100004196167,0
2025-09-09T15:30:00Z,15.319999694824219,15.350000381469727,15.300000190734863,15.350000381469727,0
2025-09-09T15:35:00Z,15.350000381469727,15.369999885559082,15.319999694824219,15.359999656677246,0
2025-09-09T15:40:00Z,15.359999656677246,15.460000038146973,15.359999656677246,15.449999809265137,0
2025-09-09T15:45:00Z,15.449999809265137,15.449999809265137,15.420000076293945,15.449999809265137,0
2025-09-09T15:50:00Z,15.460000038146973,15.460000038146973,15.319999694824219,15.319999694824219,0
2025-09-09T15:55:00Z,15.3100004196167,15.420000076293945,15.3100004196167,15.40999984741211,0
2025-09-09T16:00:00Z,15.420000076293945,15.449999809265137,15.390000343322754,15.390000343322754,0
2025-09-09T16:05:00Z,15.390000343322754,15.430000305175781,15.350000381469727,15.350000381469727,0
2025-09-09T16:10:00Z,15.350000381469727,15.350000381469727,15.300000190734863,15.319999694824219,0
2025-09-09T16:15:00Z,15.319999694824219,15.329999923706055,15.270000457763672,15.329999923706055,0
2025-09-09T16:20:00Z,15.319999694824219,15.40999984741211,15.319999694824219,15.359999656677246,0
2025-09-09T16:25:00Z,15.34000015258789,15.34000015258789,15.270000457763672,15.270000457763672,0
2025-09-09T16:30:00Z,15.270000457763672,15.279999732971191,15.25,15.25,0
2025-09-09T16:35:00Z,15.25,15.270000457763672,15.229999542236328,15.239999771118164,0
2025-09-09T16:40:00Z,15.239999771118164,15.25,15.210000038146973,15.229999542236328,0
2025-09-09T16:45:00Z,15.229999542236328,15.25,15.199999809265137,15.220000267028809,0
2025-09-09T16:50:00Z,15.220000267028809,15.25,15.210000038146973,15.25,0
2025-09-09T16:55:00Z,15.229999542236328,15.229999542236328,15.1899995803833,15.210000038146973,0
2025-09-09T17:00:00Z,15.239999771118164,15.239999771118164,15.140000343322754,15.140000343322754,0
2025-09-09T17:05:00Z,15.140000343322754,15.15999984741211,15.140000343322754,15.140000343322754,0
2025-09-09T17:10:00Z,15.140000343322754,15.15999984741211,15.079999923706055,15.15999984741211,0
2025-09-09T17:15:00Z,15.15999984741211,15.180000305175781,15.119999885559082,15.180000305175781,0
2025-09-09T17:20:00Z,15.180000305175781,15.1899995803833,15.119999885559082,15.119999885559082,0
2025-09-09T17:25:00Z,15.119999885559082,15.130000114440918,15.100000381469727,15.130000114440918,0
2025-09-09T17:30:00Z,15.140000343322754,15.140000343322754,15.109999656677246,15.140000343322754,0
2025-09-09T17:35:00Z,15.130000114440918,15.149999618530273,15.100000381469727,15.100000381469727,0
2025-09-09T17:40:00Z,15.100000381469727,15.140000343322754,15.100000381469727,15.109999656677246,0
2025-09-09T17:45:00Z,15.109999656677246,15.109999656677246,15.079999923706055,15.109999656677246,0
2025-09-09T17:50:00Z,15.100000381469727,15.119999885559082,15.100000381469727,15.100000381469727,0
2025-09-09T17:55:00Z,15.100000381469727,15.119999885559082,15.079999923706055,15.119999885559082,0
2025-09-09T18:00:00Z,15.119999885559082,15.119999885559082,15.09000015258789,15.09000015258789,0
2025-09-09T18:05:00Z,15.100000381469727,15.100000381469727,15.079999923706055,15.09000015258789,0
2025-09-09T18:10:00Z,15.09000015258789,15.15999984741211,15.09000015258789,15.130000114440918,0
2025-09-09T18:15:00Z,15.119999885559082,15.140000343322754,15.109999656677246,15.140000343322754,0
2025-09-09T18:20:00Z,15.130000114440918,15.140000343322754,15.130000114440918,15.140000343322754,0
2025-09-09T18:25:00Z,15.140000343322754,15.170000076293945,15.140000343322754,15.170000076293945,0
2025-09-09T18:30:00Z,15.170000076293945,15.1899995803833,15.149999618530273,15.180000305175781,0
2025-09-09T18:35:00Z,15.180000305175781,15.210000038146973,15.170000076293945,15.180000305175781,0
2025-09-09T18:40:00Z,15.1899995803833,15.199999809265137,15.15999984741211,15.180000305175781,0
2025-09-09T18:45:00Z,15.180000305175781,15.180000305175781,15.100000381469727,15.100000381469727,0
2025-09-09T18:50:00Z,15.100000381469727,15.119999885559082,15.100000381469727,15.109999656677246,0
2025-09-09T18:55:00Z,15.109999656677246,15.130000114440918,15.100000381469727,15.119999885559082,0
2025-09-09T19:00:00Z,15.109999656677246,15.130000114440918,15.100000381469727,15.109999656677246,0
2025-09-09T19:05:00Z,15.109999656677246,15.15999984741211,15.109999656677246,15.149999618530273,0
2025-09-09T19:10:00Z,15.15999984741211,15.1899995803833,15.15999984741211,15.180000305175781,0
2025-09-09T19:15:00Z,15.1899995803833,15.1899995803833,15.140000343322754,15.140000343322754,0
2025-09-09T19:20:00Z,15.149999618530273,15.149999618530273,15.130000114440918,15.140000343322754,0
2025-09-09T19:25:00Z,15.140000343322754,15.140000343322754,15.109999656677246,15.119999885559082,0
2025-09-09T19:30:00Z,15.130000114440918,15.15999984741211,15.130000114440918,15.149999618530273,0
2025-09-09T19:35:00Z,15.149999618530273,15.180000305175781,15.149999618530273,15.180000305175781,0
2025-09-09T19:40:00Z,15.180000305175781,15.220000267028809,15.180000305175781,15.180000305175781,0
2025-09-09T19:45:00Z,15.170000076293945,15.180000305175781,15.149999618530273,15.180000305175781,0
2025-09-09T19:50:00Z,15.15999984741211,15.15999984741211,15.09000015258789,15.119999885559082,0
2025-09-09T19:55:00Z,15.109999656677246,15.109999656677246,15.050000190734863,15.079999923706055,0
2025-09-09T20:00:00Z,15.130000114440918,15.199999809265137,15.130000114440918,15.170000076293945,0
2025-09-09T20:05:00Z,15.1899995803833,15.210000038146973,15.079999923706055,15.100000381469727,0
2025-09-09T20:10:00Z,15.109999656677246,15.109999656677246,15.029999732971191,15.050000190734863,0
2025-09-10T07:15:00Z,14.979999542236328,14.989999771118164,14.960000038146973,14.979999542236328,0
2025-09-10T07:20:00Z,14.979999542236328,14.979999542236328,14.970000267028809,14.970000267028809,0
2025-09-10T07:25:00Z,14.960000038146973,14.960000038146973,14.960000038146973,14.960000038146973,0
2025-09-10T07:30:00Z,14.960000038146973,15.0,14.960000038146973,15.0,0
2025-09-10T07:35:00Z,14.989999771118164,15.010000228881836,14.979999542236328,15.010000228881836,0
2025-09-10T07:40:00Z,15.010000228881836,15.010000228881836,14.989999771118164,14.989999771118164,0
2025-09-10T07:45:00Z,14.989999771118164,15.0,14.960000038146973,14.970000267028809,0
2025-09-10T07:50:00Z,14.979999542236328,15.0,14.979999542236328,14.989999771118164,0
2025-09-10T07:55:00Z,14.979999542236328,15.0,14.979999542236328,15.0,0
2025-09-10T08:00:00Z,15.0,15.010000228881836,14.989999771118164,15.010000228881836,0
2025-09-10T08:05:00Z,15.010000228881836,15.039999961853027,15.010000228881836,15.039999961853027,0
2025-09-10T08:10:00Z,15.039999961853027,15.039999961853027,15.0,15.0,0
2025-09-10T08:15:00Z,15.0,15.029999732971191,14.989999771118164,15.020000457763672,0
2025-09-10T08:20:00Z,15.029999732971191,15.069999694824219,15.029999732971191,15.0600004196167,0
2025-09-10T08:25:00Z,15.0600004196167,15.069999694824219,15.050000190734863,15.069999694824219,0
2025-09-10T08:30:00Z,15.079999923706055,15.149999618530273,15.079999923706055,15.140000343322754,0
2025-09-10T08:35:00Z,15.140000343322754,15.170000076293945,15.130000114440918,15.140000343322754,0
2025-09-10T08:40:00Z,15.130000114440918,15.15999984741211,15.130000114440918,15.15999984741211,0
2025-09-10T08:45:00Z,15.15999984741211,15.1899995803833,15.15999984741211,15.15999984741211,0
2025-09-10T08:50:00Z,15.170000076293945,15.180000305175781,15.170000076293945,15.180000305175781,0
2025-09-10T08:55:00Z,15.180000305175781,15.180000305175781,15.149999618530273,15.149999618530273,0
2025-09-10T09:00:00Z,15.149999618530273,15.210000038146973,15.119999885559082,15.210000038146973,0
2025-09-10T09:05:00Z,15.220000267028809,15.220000267028809,15.1899995803833,15.199999809265137,0
2025-09-10T09:10:00Z,15.199999809265137,15.210000038146973,15.180000305175781,15.180000305175781,0
2025-09-10T09:15:00Z,15.1899995803833,15.220000267028809,15.1899995803833,15.220000267028809,0
2025-09-10T09:20:00Z,15.220000267028809,15.220000267028809,15.199999809265137,15.199999809265137,0
2025-09-10T09:25:00Z,15.199999809265137,15.199999809265137,15.180000305175781,15.199999809265137,0
2025-09-10T09:30:00Z,15.199999809265137,15.210000038146973,15.1899995803833,15.199999809265137,0
2025-09-10T09:35:00Z,15.199999809265137,15.199999809265137,15.170000076293945,15.180000305175781,0
2025-09-10T09:40:00Z,15.180000305175781,15.180000305175781,15.149999618530273,15.149999618530273,0
2025-09-10T09:45:00Z,15.149999618530273,15.149999618530273,15.109999656677246,15.109999656677246,0
2025-09-10T09:50:00Z,15.109999656677246,15.109999656677246,15.100000381469727,15.100000381469727,0
2025-09-10T09:55:00Z,15.100000381469727,15.109999656677246,15.100000381469727,15.100000381469727,0
2025-09-10T10:00:00Z,15.100000381469727,15.109999656677246,15.09000015258789,15.09000015258789,0
2025-09-10T10:05:00Z,15.09000015258789,15.09000015258789,15.079999923706055,15.079999923706055,0
2025-09-10T10:10:00Z,15.069999694824219,15.079999923706055,15.039999961853027,15.039999961853027,0
2025-09-10T10:15:00Z,15.050000190734863,15.0600004196167,15.050000190734863,15.050000190734863,0
2025-09-10T10:20:00Z,15.050000190734863,15.0600004196167,15.0,15.0,0
2025-09-10T10:25:00Z,14.989999771118164,14.989999771118164,14.970000267028809,14.970000267028809,0
2025-09-10T10:30:00Z,14.970000267028809,14.979999542236328,14.949999809265137,14.979999542236328,0
2025-09-10T10:35:00Z,14.979999542236328,14.979999542236328,14.949999809265137,14.960000038146973,0
2025-09-10T10:40:00Z,14.960000038146973,14.970000267028809,14.949999809265137,14.949999809265137,0
2025-09-10T10:45:00Z,14.949999809265137,14.970000267028809,14.949999809265137,14.970000267028809,0
2025-09-10T10:50:00Z,14.970000267028809,14.970000267028809,14.949999809265137,14.960000038146973,0
2025-09-10T10:55:00Z,14.949999809265137,14.960000038146973,14.949999809265137,14.949999809265137,0
2025-09-10T11:00:00Z,14.949999809265137,14.949999809265137,14.930000305175781,14.930000305175781,0
2025-09-10T11:05:00Z,14.930000305175781,14.9399995803833,14.930000305175781,14.930000305175781,0
2025-09-10T11:10:00Z,14.930000305175781,14.9399995803833,14.90999984741211,14.90999984741211,0
2025-09-10T11:15:00Z,14.90999984741211,14.930000305175781,14.90999984741211,14.920000076293945,0
2025-09-10T11:20:00Z,14.90999984741211,14.949999809265137,14.880000114440918,14.9399995803833,0
2025-09-10T11:25:00Z,14.9399995803833,14.960000038146973,14.9399995803833,14.9399995803833,0
2025-09-10T11:30:00Z,14.9399995803833,14.960000038146973,14.930000305175781,14.9399995803833,0
2025-09-10T11:35:00Z,14.9399995803833,14.9399995803833,14.90999984741211,14.90999984741211,0
2025-09-10T11:40:00Z,14.920000076293945,14.920000076293945,14.880000114440918,14.890000343322754,0
2025-09-10T11:45:00Z,14.890000343322754,14.930000305175781,14.890000343322754,14.920000076293945,0
2025-09-10T11:50:00Z,14.90999984741211,14.90999984741211,14.899999618530273,14.90999984741211,0
2025-09-10T11:55:00Z,14.90999984741211,14.90999984741211,14.899999618530273,14.899999618530273,0
2025-09-10T12:00:00Z,14.899999618530273,14.930000305175781,14.869999885559082,14.869999885559082,0
2025-09-10T12:05:00Z,14.859999656677246,14.920000076293945,14.850000381469727,14.890000343322754,0
2025-09-10T12:10:00Z,14.899999618530273,14.930000305175781,14.899999618530273,14.930000305175781,0
2025-09-10T12:15:00Z,14.930000305175781,14.949999809265137,14.930000305175781,14.9399995803833,0
2025-09-10T12:20:00Z,14.9399995803833,14.960000038146973,14.9399995803833,14.960000038146973,0
2025-09-10T12:25:00Z,14.960000038146973,14.970000267028809,14.9399995803833,14.949999809265137,0
2025-09-10T12:30:00Z,15.069999694824219,15.069999694824219,14.670000076293945,14.670000076293945,0
2025-09-10T12:35:00Z,14.65999984741211,14.789999961853027,14.65999984741211,14.779999732971191,0
2025-09-10T12:40:00Z,14.770000457763672,14.789999961853027,14.739999771118164,14.739999771118164,0
2025-09-10T12:45:00Z,14.729999542236328,14.779999732971191,14.729999542236328,14.760000228881836,0
2025-09-10T12:50:00Z,14.760000228881836,14.819999694824219,14.75,14.8100004196167,0
2025-09-10T12:55:00Z,14.8100004196167,14.8100004196167,14.729999542236328,14.729999542236328,0
2025-09-10T13:00:00Z,14.739999771118164,14.800000190734863,14.739999771118164,14.739999771118164,0
2025-09-10T13:05:00Z,14.75,14.760000228881836,14.729999542236328,14.729999542236328,0
2025-09-10T13:10:00Z,14.729999542236328,14.739999771118164,14.680000305175781,14.680000305175781,0
2025-09-10T13:15:00Z,14.6899995803833,14.6899995803833,14.640000343322754,14.640000343322754,0
2025-09-10T13:20:00Z,14.649999618530273,14.65999984741211,14.630000114440918,14.65999984741211,0
2025-09-10T13:25:00Z,14.65999984741211,14.65999984741211,14.65999984741211,14.65999984741211,0
2025-09-10T13:30:00Z,14.819999694824219,14.84000015258789,14.720000267028809,14.739999771118164,0
2025-09-10T13:35:00Z,14.710000038146973,14.789999961853027,14.699999809265137,14.779999732971191,0
2025-09-10T13:40:00Z,14.779999732971191,14.779999732971191,14.6899995803833,14.699999809265137,0
2025-09-10T13:45:00Z,14.729999542236328,14.789999961853027,14.680000305175781,14.699999809265137,0
2025-09-10T13:50:00Z,14.6899995803833,14.8100004196167,14.6899995803833,14.739999771118164,0
2025-09-10T13:55:00Z,14.779999732971191,14.800000190734863,14.739999771118164,14.770000457763672,0
2025-09-10T14:00:00Z,14.75,14.760000228881836,14.670000076293945,14.670000076293945,0
2025-09-10T14:05:00Z,14.680000305175781,14.720000267028809,14.65999984741211,14.720000267028809,0
2025-09-10T14:10:00Z,14.720000267028809,14.729999542236328,14.6899995803833,14.720000267028809,0
2025-09-10T14:15:00Z,14.710000038146973,14.760000228881836,14.699999809265137,14.720000267028809,0
2025-09-10T14:20:00Z,14.710000038146973,14.729999542236328,14.699999809265137,14.720000267028809,0
2025-09-10T14:25:00Z,14.729999542236328,14.789999961853027,14.729999542236328,14.779999732971191,0
2025-09-10T14:30:00Z,14.789999961853027,14.800000190734863,14.75,14.789999961853027,0
2025-09-10T14:35:00Z,14.789999961853027,14.8100004196167,14.75,14.779999732971191,0
2025-09-10T14:40:00Z,14.779999732971191,14.800000190734863,14.75,14.770000457763672,0
2025-09-10T14:45:00Z,14.770000457763672,14.800000190734863,14.75,14.779999732971191,0
2025-09-10T14:50:00Z,14.779999732971191,14.829999923706055,14.760000228881836,14.829999923706055,0
2025-09-10T14:55:00Z,14.819999694824219,14.819999694824219,14.779999732971191,14.8100004196167,0
2025-09-10T15:00:00Z,14.819999694824219,14.859999656677246,14.800000190734863,14.850000381469727,0
2025-09-10T15:05:00Z,14.829999923706055,14.880000114440918,14.819999694824219,14.859999656677246,0
2025-09-10T15:10:00Z,14.869999885559082,14.880000114440918,14.850000381469727,14.880000114440918,0
2025-09-10T15:15:00Z,14.869999885559082,14.989999771118164,14.869999885559082,14.989999771118164,0
2025-09-10T15:20:00Z,14.979999542236328,15.0,14.949999809265137,14.960000038146973,0
2025-09-10T15:25:00Z,14.949999809265137,14.979999542236328,14.920000076293945,14.930000305175781,0
2025-09-10T15:30:00Z,14.9399995803833,15.050000190734863,14.930000305175781,15.039999961853027,0
2025-09-10T15:35:00Z,15.010000228881836,15.020000457763672,14.880000114440918,14.880000114440918,0
2025-09-10T15:40:00Z,14.890000343322754,14.899999618530273,14.819999694824219,14.819999694824219,0
2025-09-10T15:45:00Z,14.8100004196167,14.850000381469727,14.8100004196167,14.819999694824219,0
2025-09-10T15:50:00Z,14.8100004196167,14.8100004196167,14.760000228881836,14.760000228881836,0
2025-09-10T15:55:00Z,14.760000228881836,14.8100004196167,14.760000228881836,14.8100004196167,0
2025-09-10T16:00:00Z,14.819999694824219,14.859999656677246,14.8100004196167,14.84000015258789,0
2025-09-10T16:05:00Z,14.850000381469727,14.859999656677246,14.829999923706055,14.850000381469727,0
2025-09-10T16:10:00Z,14.84000015258789,14.84000015258789,14.819999694824219,14.829999923706055,0
2025-09-10T16:15:00Z,14.829999923706055,14.859999656677246,14.800000190734863,14.859999656677246,0
2025-09-10T16:20:00Z,14.880000114440918,14.949999809265137,14.869999885559082,14.920000076293945,0
2025-09-10T16:25:00Z,14.90999984741211,14.960000038146973,14.899999618530273,14.960000038146973,0
2025-09-10T16:30:00Z,14.960000038146973,15.010000228881836,14.9399995803833,14.989999771118164,0
2025-09-10T16:35:00Z,14.989999771118164,15.050000190734863,14.989999771118164,15.050000190734863,0
2025-09-10T16:40:00Z,15.050000190734863,15.109999656677246,15.050000190734863,15.109999656677246,0
2025-09-10T16:45:00Z,15.109999656677246,15.130000114440918,15.039999961853027,15.09000015258789,0
2025-09-10T16:50:00Z,15.0600004196167,15.0600004196167,14.979999542236328,14.979999542236328,0
2025-09-10T16:55:00Z,14.979999542236328,14.979999542236328,14.920000076293945,14.9399995803833,0
2025-09-10T17:00:00Z,14.930000305175781,14.979999542236328,14.829999923706055,14.829999923706055,0
2025-09-10T17:05:00Z,14.829999923706055,14.869999885559082,14.829999923706055,14.859999656677246,0
2025-09-10T17:10:00Z,14.850000381469727,14.899999618530273,14.850000381469727,14.899999618530273,0
2025-09-10T17:15:00Z,14.899999618530273,14.960000038146973,14.899999618530273,14.960000038146973,0
2025-09-10T17:20:00Z,14.960000038146973,15.029999732971191,14.9399995803833,15.010000228881836,0
2025-09-10T17:25:00Z,15.010000228881836,15.100000381469727,15.010000228881836,15.079999923706055,0
2025-09-10T17:30:00Z,15.069999694824219,15.079999923706055,15.0,15.0,0
2025-09-10T17:35:00Z,15.010000228881836,15.029999732971191,14.970000267028809,15.0,0
2025-09-10T17:40:00Z,15.010000228881836,15.020000457763672,14.960000038146973,14.979999542236328,0
2025-09-10T17:45:00Z,14.989999771118164,15.029999732971191,14.989999771118164,15.010000228881836,0
2025-09-10T17:50:00Z,15.010000228881836,15.079999923706055,14.979999542236328,15.010000228881836,0
2025-09-10T17:55:00Z,15.010000228881836,15.050000190734863,14.979999542236328,14.979999542236328,0
2025-09-10T18:00:00Z,14.979999542236328,15.0,14.960000038146973,14.970000267028809,0
2025-09-10T18:05:00Z,14.970000267028809,15.020000457763672,14.970000267028809,15.020000457763672,0
2025-09-10T18:10:00Z,15.029999732971191,15.0600004196167,15.0,15.0,0
2025-09-10T18:15:00Z,15.0,15.119999885559082,15.0,15.119999885559082,0
2025-09-10T18:20:00Z,15.119999885559082,15.149999618530273,15.09000015258789,15.130000114440918,0
2025-09-10T18:25:00Z,15.119999885559082,15.1899995803833,15.109999656677246,15.140000343322754,0
2025-09-10T18:30:00Z,15.130000114440918,15.130000114440918,15.0,15.0,0
2025-09-10T18:35:00Z,15.0,15.09000015258789,15.0,15.069999694824219,0
2025-09-10T18:40:00Z,15.069999694824219,15.09000015258789,15.029999732971191,15.09000015258789,0
2025-09-10T18:45:00Z,15.100000381469727,15.180000305175781,15.079999923706055,15.170000076293945,0
2025-09-10T18:50:00Z,15.170000076293945,15.1899995803833,15.15999984741211,15.1899995803833,0
2025-09-10T18:55:00Z,15.1899995803833,15.1899995803833,15.050000190734863,15.069999694824219,0
2025-09-10T19:00:00Z,15.069999694824219,15.210000038146973,15.0600004196167,15.210000038146973,0
2025-09-10T19:05:00Z,15.210000038146973,15.300000190734863,15.199999809265137,15.289999961853027,0
2025-09-10T19:10:00Z,15.279999732971191,15.390000343322754,15.270000457763672,15.390000343322754,0
2025-09-10T19:15:00Z,15.390000343322754,15.390000343322754,15.289999961853027,15.300000190734863,0
2025-09-10T19:20:00Z,15.289999961853027,15.5,15.289999961853027,15.479999542236328,0
2025-09-10T19:25:00Z,15.479999542236328,15.550000190734863,15.470000267028809,15.529999732971191,0
2025-09-10T19:30:00Z,15.539999961853027,15.539999961853027,15.430000305175781,15.489999771118164,0
2025-09-10T19:35:00Z,15.489999771118164,15.619999885559082,15.460000038146973,15.619999885559082,0
2025-09-10T19:40:00Z,15.619999885559082,15.630000114440918,15.449999809265137,15.449999809265137,0
2025-09-10T19:45:00Z,15.420000076293945,15.449999809265137,15.390000343322754,15.40999984741211,0
2025-09-10T19:50:00Z,15.4399995803833,15.4399995803833,15.350000381469727,15.369999885559082,0
2025-09-10T19:55:00Z,15.380000114440918,15.380000114440918,15.279999732971191,15.359999656677246,0
2025-09-10T20:00:00Z,15.329999923706055,15.369999885559082,15.3100004196167,15.359999656677246,0
2025-09-10T20:05:00Z,15.359999656677246,15.399999618530273,15.359999656677246,15.369999885559082,0
2025-09-10T20:10:00Z,15.380000114440918,15.399999618530273,15.369999885559082,15.369999885559082,0
2025-09-11T07:15:00Z,15.1899995803833,15.220000267028809,15.170000076293945,15.220000267028809,0
2025-09-11T07:20:00Z,15.210000038146973,15.210000038146973,15.15999984741211,15.15999984741211,0
2025-09-11T07:25:00Z,15.170000076293945,15.239999771118164,15.170000076293945,15.239999771118164,0
2025-09-11T07:30:00Z,15.239999771118164,15.239999771118164,15.220000267028809,15.239999771118164,0
2025-09-11T07:35:00Z,15.239999771118164,15.239999771118164,15.1899995803833,15.220000267028809,0
2025-09-11T07:40:00Z,15.210000038146973,15.220000267028809,15.199999809265137,15.220000267028809,0
2025-09-11T07:45:00Z,15.220000267028809,15.229999542236328,15.1899995803833,15.199999809265137,0
2025-09-11T07:50:00Z,15.199999809265137,15.199999809265137,15.1899995803833,15.1899995803833,0
2025-09-11T07:55:00Z,15.1899995803833,15.1899995803833,15.180000305175781,15.180000305175781,0
2025-09-11T08:00:00Z,15.180000305175781,15.199999809265137,15.15999984741211,15.170000076293945,0
2025-09-11T08:05:00Z,15.170000076293945,15.180000305175781,15.170000076293945,15.180000305175781,0
2025-09-11T08:10:00Z,15.180000305175781,15.180000305175781,15.140000343322754,15.140000343322754,0
2025-09-11T08:15:00Z,15.140000343322754,15.149999618530273,15.130000114440918,15.149999618530273,0
2025-09-11T08:20:00Z,15.149999618530273,15.15999984741211,15.130000114440918,15.15999984741211,0
2025-09-11T08:25:00Z,15.149999618530273,15.170000076293945,15.140000343322754,15.15999984741211,0
2025-09-11T08:30:00Z,15.15999984741211,15.180000305175781,15.15999984741211,15.180000305175781,0
2025-09-11T08:35:00Z,15.180000305175781,15.199999809265137,15.180000305175781,15.199999809265137,0
2025-09-11T08:40:00Z,15.1899995803833,15.220000267028809,15.1899995803833,15.199999809265137,0
2025-09-11T08:45:00Z,15.199999809265137,15.210000038146973,15.199999809265137,15.210000038146973,0
2025-09-11T08:50:00Z,15.210000038146973,15.220000267028809,15.210000038146973,15.210000038146973,0
2025-09-11T08:55:00Z,15.210000038146973,15.220000267028809,15.210000038146973,15.220000267028809,0
2025-09-11T09:00:00Z,15.220000267028809,15.220000267028809,15.210000038146973,15.220000267028809,0
2025-09-11T09:05:00Z,15.220000267028809,15.220000267028809,15.199999809265137,15.210000038146973,0
2025-09-11T09:10:00Z,15.210000038146973,15.220000267028809,15.199999809265137,15.210000038146973,0
2025-09-11T09:15:00Z,15.210000038146973,15.210000038146973,15.1899995803833,15.199999809265137,0
2025-09-11T09:20:00Z,15.1899995803833,15.199999809265137,15.180000305175781,15.180000305175781,0
2025-09-11T09:25:00Z,15.180000305175781,15.1899995803833,15.180000305175781,15.1899995803833,0
2025-09-11T09:30:00Z,15.1899995803833,15.199999809265137,15.1899995803833,15.199999809265137,0
2025-09-11T09:35:00Z,15.199999809265137,15.220000267028809,15.199999809265137,15.220000267028809,0
2025-09-11T09:40:00Z,15.220000267028809,15.220000267028809,15.210000038146973,15.210000038146973,0
2025-09-11T09:45:00Z,15.210000038146973,15.229999542236328,15.210000038146973,15.220000267028809,0
2025-09-11T09:50:00Z,15.229999542236328,15.229999542236328,15.220000267028809,15.220000267028809,0
2025-09-11T09:55:00Z,15.220000267028809,15.220000267028809,15.210000038146973,15.210000038146973,0
2025-09-11T10:00:00Z,15.210000038146973,15.220000267028809,15.1899995803833,15.1899995803833,0
2025-09-11T10:05:00Z,15.1899995803833,15.1899995803833,15.15999984741211,15.170000076293945,0
2025-09-11T10:10:00Z,15.170000076293945,15.170000076293945,15.130000114440918,15.130000114440918,0
2025-09-11T10:15:00Z,15.119999885559082,15.140000343322754,15.119999885559082,15.130000114440918,0
2025-09-11T10:20:00Z,15.130000114440918,15.130000114440918,15.119999885559082,15.130000114440918,0
2025-09-11T10:25:00Z,15.130000114440918,15.140000343322754,15.130000114440918,15.140000343322754,0
2025-09-11T10:30:00Z,15.140000343322754,15.140000343322754,15.130000114440918,15.140000343322754,0
2025-09-11T10:35:00Z,15.140000343322754,15.149999618530273,15.140000343322754,15.140000343322754,0
2025-09-11T10:40:00Z,15.130000114440918,15.140000343322754,15.109999656677246,15.140000343322754,0
2025-09-11T10:45:00Z,15.140000343322754,15.149999618530273,15.140000343322754,15.140000343322754,0
2025-09-11T10:50:00Z,15.140000343322754,15.140000343322754,15.119999885559082,15.119999885559082,0
2025-09-11T10:55:00Z,15.119999885559082,15.119999885559082,15.109999656677246,15.119999885559082,0
2025-09-11T11:00:00Z,15.119999885559082,15.130000114440918,15.100000381469727,15.119999885559082,0
2025-09-11T11:05:00Z,15.119999885559082,15.119999885559082,15.109999656677246,15.109999656677246,0
2025-09-11T11:10:00Z,15.109999656677246,15.119999885559082,15.109999656677246,15.119999885559082,0
2025-09-11T11:15:00Z,15.119999885559082,15.119999885559082,15.109999656677246,15.109999656677246,0
2025-09-11T11:20:00Z,15.109999656677246,15.119999885559082,15.109999656677246,15.119999885559082,0
2025-09-11T11:25:00Z,15.119999885559082,15.119999885559082,15.100000381469727,15.109999656677246,0
2025-09-11T11:30:00Z,15.109999656677246,15.109999656677246,15.109999656677246,15.109999656677246,0
2025-09-11T11:35:00Z,15.109999656677246,15.119999885559082,15.109999656677246,15.109999656677246,0
2025-09-11T11:40:00Z,15.109999656677246,15.109999656677246,15.069999694824219,15.069999694824219,0
2025-09-11T11:45:00Z,15.069999694824219,15.069999694824219,15.039999961853027,15.039999961853027,0
2025-09-11T11:50:00Z,15.029999732971191,15.0600004196167,15.029999732971191,15.0600004196167,0
2025-09-11T11:55:00Z,15.0600004196167,15.0600004196167,15.050000190734863,15.050000190734863,0
2025-09-11T12:00:00Z,15.050000190734863,15.050000190734863,15.029999732971191,15.039999961853027,0
2025-09-11T12:05:00Z,15.039999961853027,15.039999961853027,15.020000457763672,15.029999732971191,0
2025-09-11T12:10:00Z,15.029999732971191,15.050000190734863,15.020000457763672,15.029999732971191,0
2025-09-11T12:15:00Z,15.029999732971191,15.050000190734863,15.020000457763672,15.039999961853027,0
2025-09-11T12:20:00Z,15.039999961853027,15.050000190734863,14.970000267028809,15.010000228881836,0
2025-09-11T12:25:00Z,15.010000228881836,15.0600004196167,14.989999771118164,14.989999771118164,0
2025-09-11T12:30:00Z,14.869999885559082,15.119999885559082,14.65999984741211,15.100000381469727,0
2025-09-11T12:35:00Z,15.15999984741211,15.15999984741211,15.0600004196167,15.130000114440918,0
2025-09-11T12:40:00Z,15.130000114440918,15.130000114440918,15.039999961853027,15.039999961853027,0
2025-09-11T12:45:00Z,15.020000457763672,15.020000457763672,14.880000114440918,14.9399995803833,0
2025-09-11T12:50:00Z,14.930000305175781,14.930000305175781,14.779999732971191,14.789999961853027,0
2025-09-11T12:55:00Z,14.789999961853027,14.829999923706055,14.760000228881836,14.770000457763672,0
2025-09-11T13:00:00Z,14.739999771118164,14.75,14.720000267028809,14.75,0
2025-09-11T13:05:00Z,14.760000228881836,14.800000190734863,14.760000228881836,14.779999732971191,0
2025-09-11T13:10:00Z,14.789999961853027,14.819999694824219,14.789999961853027,14.800000190734863,0
2025-09-11T13:15:00Z,14.800000190734863,14.829999923706055,14.779999732971191,14.779999732971191,0
2025-09-11T13:20:00Z,14.779999732971191,14.779999732971191,14.75,14.760000228881836,0
2025-09-11T13:25:00Z,14.760000228881836,14.760000228881836,14.760000228881836,14.760000228881836,0
2025-09-11T13:30:00Z,14.779999732971191,14.829999923706055,14.760000228881836,14.8100004196167,0
2025-09-11T13:35:00Z,14.819999694824219,14.949999809265137,14.8100004196167,14.9399995803833,0
2025-09-11T13:40:00Z,14.9399995803833,15.020000457763672,14.890000343322754,15.020000457763672,0
2025-09-11T13:45:00Z,15.010000228881836,15.050000190734863,14.920000076293945,14.930000305175781,0
2025-09-11T13:50:00Z,14.949999809265137,14.979999542236328,14.890000343322754,14.90999984741211,0
2025-09-11T13:55:00Z,14.930000305175781,14.949999809265137,14.859999656677246,14.859999656677246,0
2025-09-11T14:00:00Z,14.869999885559082,14.949999809265137,14.869999885559082,14.9399995803833,0
2025-09-11T14:05:00Z,14.949999809265137,15.0600004196167,14.949999809265137,15.0600004196167,0
2025-09-11T14:10:00Z,15.0600004196167,15.100000381469727,15.039999961853027,15.079999923706055,0
2025-09-11T14:15:00Z,15.079999923706055,15.079999923706055,15.0,15.0600004196167,0
2025-09-11T14:20:00Z,15.079999923706055,15.100000381469727,15.020000457763672,15.020000457763672,0
2025-09-11T14:25:00Z,15.010000228881836,15.010000228881836,14.989999771118164,15.0,0
2025-09-11T14:30:00Z,14.989999771118164,15.0,14.970000267028809,14.970000267028809,0
2025-09-11T14:35:00Z,14.970000267028809,15.010000228881836,14.970000267028809,14.989999771118164,0
2025-09-11T14:40:00Z,14.989999771118164,15.020000457763672,14.989999771118164,15.010000228881836,0
2025-09-11T14:45:00Z,15.010000228881836,15.039999961853027,15.0,15.020000457763672,0
2025-09-11T14:50:00Z,15.029999732971191,15.039999961853027,14.970000267028809,14.979999542236328,0
2025-09-11T14:55:00Z,14.979999542236328,15.020000457763672,14.899999618530273,14.899999618530273,0
2025-09-11T15:00:00Z,14.899999618530273,14.920000076293945,14.890000343322754,14.920000076293945,0
2025-09-11T15:05:00Z,14.920000076293945,14.930000305175781,14.90999984741211,14.920000076293945,0
2025-09-11T15:10:00Z,14.920000076293945,14.920000076293945,14.880000114440918,14.880000114440918,0
2025-09-11T15:15:00Z,14.880000114440918,14.890000343322754,14.850000381469727,14.890000343322754,0
2025-09-11T15:20:00Z,14.90999984741211,14.960000038146973,14.90999984741211,14.949999809265137,0
2025-09-11T15:25:00Z,14.960000038146973,14.989999771118164,14.960000038146973,14.970000267028809,0
2025-09-11T15:30:00Z,14.970000267028809,14.970000267028809,14.90999984741211,14.9399995803833,0
2025-09-11T15:35:00Z,14.9399995803833,14.960000038146973,14.930000305175781,14.9399995803833,0
2025-09-11T15:40:00Z,14.9399995803833,14.979999542236328,14.9399995803833,14.979999542236328,0
2025-09-11T15:45:00Z,14.989999771118164,15.010000228881836,14.979999542236328,15.0,0
2025-09-11T15:50:00Z,15.0,15.0,14.9399995803833,14.9399995803833,0
2025-09-11T15:55:00Z,14.9399995803833,14.949999809265137,14.930000305175781,14.9399995803833,0
2025-09-11T16:00:00Z,14.9399995803833,14.949999809265137,14.899999618530273,14.899999618530273,0
2025-09-11T16:05:00Z,14.899999618530273,14.899999618530273,14.890000343322754,14.899999618530273,0
2025-09-11T16:10:00Z,14.899999618530273,14.899999618530273,14.880000114440918,14.880000114440918,0
2025-09-11T16:15:00Z,14.880000114440918,14.880000114440918,14.859999656677246,14.859999656677246,0
2025-09-11T16:20:00Z,14.859999656677246,14.859999656677246,14.829999923706055,14.859999656677246,0
2025-09-11T16:25:00Z,14.850000381469727,14.850000381469727,14.84000015258789,14.850000381469727,0
2025-09-11T16:30:00Z,14.859999656677246,14.890000343322754,14.850000381469727,14.890000343322754,0
2025-09-11T16:35:00Z,14.890000343322754,14.890000343322754,14.880000114440918,14.880000114440918,0
2025-09-11T16:40:00Z,14.880000114440918,14.9399995803833,14.880000114440918,14.930000305175781,0
2025-09-11T16:45:00Z,14.930000305175781,14.949999809265137,14.920000076293945,14.9399995803833,0
2025-09-11T16:50:00Z,14.9399995803833,14.979999542236328,14.9399995803833,14.960000038146973,0
2025-09-11T16:55:00Z,14.949999809265137,14.960000038146973,14.930000305175781,14.9399995803833,0
2025-09-11T17:00:00Z,14.9399995803833,14.960000038146973,14.9399995803833,14.9399995803833,0
2025-09-11T17:05:00Z,14.9399995803833,14.960000038146973,14.9399995803833,14.949999809265137,0
2025-09-11T17:10:00Z,14.949999809265137,14.949999809265137,14.890000343322754,14.90999984741211,0
2025-09-11T17:15:00Z,14.899999618530273,14.920000076293945,14.880000114440918,14.90999984741211,0
2025-09-11T17:20:00Z,14.90999984741211,14.90999984741211,14.890000343322754,14.890000343322754,0
2025-09-11T17:25:00Z,14.890000343322754,14.930000305175781,14.869999885559082,14.930000305175781,0
2025-09-11T17:30:00Z,14.920000076293945,14.920000076293945,14.850000381469727,14.850000381469727,0
2025-09-11T17:35:00Z,14.850000381469727,14.859999656677246,14.84000015258789,14.859999656677246,0
2025-09-11T17:40:00Z,14.859999656677246,14.869999885559082,14.850000381469727,14.869999885559082,0
2025-09-11T17:45:00Z,14.869999885559082,14.920000076293945,14.869999885559082,14.90999984741211,0
2025-09-11T17:50:00Z,14.90999984741211,14.9399995803833,14.890000343322754,14.890000343322754,0
2025-09-11T17:55:00Z,14.890000343322754,14.890000343322754,14.859999656677246,14.859999656677246,0
2025-09-11T18:00:00Z,14.859999656677246,14.899999618530273,14.850000381469727,14.899999618530273,0
2025-09-11T18:05:00Z,14.890000343322754,14.9399995803833,14.890000343322754,14.930000305175781,0
2025-09-11T18:10:00Z,14.930000305175781,14.9399995803833,14.90999984741211,14.930000305175781,0
2025-09-11T18:15:00Z,14.920000076293945,14.920000076293945,14.890000343322754,14.899999618530273,0
2025-09-11T18:20:00Z,14.890000343322754,14.899999618530273,14.850000381469727,14.850000381469727,0
2025-09-11T18:25:00Z,14.84000015258789,14.880000114440918,14.8100004196167,14.869999885559082,0
2025-09-11T18:30:00Z,14.869999885559082,14.869999885559082,14.829999923706055,14.829999923706055,0
2025-09-11T18:35:00Z,14.829999923706055,14.829999923706055,14.800000190734863,14.8100004196167,0
2025-09-11T18:40:00Z,14.8100004196167,14.819999694824219,14.789999961853027,14.789999961853027,0
2025-09-11T18:45:00Z,14.789999961853027,14.789999961853027,14.760000228881836,14.760000228881836,0
2025-09-11T18:50:00Z,14.760000228881836,14.779999732971191,14.739999771118164,14.770000457763672,0
2025-09-11T18:55:00Z,14.770000457763672,14.770000457763672,14.729999542236328,14.729999542236328,0
2025-09-11T19:00:00Z,14.720000267028809,14.739999771118164,14.720000267028809,14.729999542236328,0
2025-09-11T19:05:00Z,14.729999542236328,14.739999771118164,14.710000038146973,14.710000038146973,0
2025-09-11T19:10:00Z,14.710000038146973,14.729999542236328,14.6899995803833,14.729999542236328,0
2025-09-11T19:15:00Z,14.729999542236328,14.739999771118164,14.720000267028809,14.720000267028809,0
2025-09-11T19:20:00Z,14.720000267028809,14.739999771118164,14.720000267028809,14.739999771118164,0
2025-09-11T19:25:00Z,14.75,14.770000457763672,14.739999771118164,14.760000228881836,0
2025-09-11T19:30:00Z,14.760000228881836,14.760000228881836,14.729999542236328,14.739999771118164,0
2025-09-11T19:35:00Z,14.729999542236328,14.75,14.720000267028809,14.739999771118164,0
2025-09-11T19:40:00Z,14.75,14.760000228881836,14.739999771118164,14.75,0
2025-09-11T19:45:00Z,14.75,14.75,14.720000267028809,14.729999542236328,0
2025-09-11T19:50:00Z,14.720000267028809,14.739999771118164,14.6899995803833,14.729999542236328,0
2025-09-11T19:55:00Z,14.720000267028809,14.739999771118164,14.649999618530273,14.670000076293945,0
2025-09-11T20:00:00Z,14.699999809265137,14.720000267028809,14.680000305175781,14.710000038146973,0
2025-09-11T20:05:00Z,14.699999809265137,14.699999809265137,14.680000305175781,14.699999809265137,0
2025-09-11T20:10:00Z,14.6899995803833,14.710000038146973,14.6899995803833,14.710000038146973,0
2025-09-12T07:15:00Z,14.619999885559082,14.630000114440918,14.609999656677246,14.609999656677246,0
2025-09-12T07:20:00Z,14.609999656677246,14.619999885559082,14.600000381469727,14.609999656677246,0
2025-09-12T07:25:00Z,14.609999656677246,14.630000114440918,14.609999656677246,14.619999885559082,0
2025-09-12T07:30:00Z,14.619999885559082,14.649999618530273,14.619999885559082,14.640000343322754,0
2025-09-12T07:35:00Z,14.640000343322754,14.640000343322754,14.630000114440918,14.640000343322754,0
2025-09-12T07:40:00Z,14.640000343322754,14.680000305175781,14.640000343322754,14.670000076293945,0
2025-09-12T07:45:00Z,14.670000076293945,14.680000305175781,14.65999984741211,14.680000305175781,0
2025-09-12T07:50:00Z,14.680000305175781,14.680000305175781,14.65999984741211,14.670000076293945,0
2025-09-12T07:55:00Z,14.670000076293945,14.680000305175781,14.670000076293945,14.680000305175781,0
2025-09-12T08:00:00Z,14.680000305175781,14.680000305175781,14.630000114440918,14.630000114440918,0
2025-09-12T08:05:00Z,14.640000343322754,14.649999618530273,14.630000114440918,14.649999618530273,0
2025-09-12T08:10:00Z,14.649999618530273,14.729999542236328,14.649999618530273,14.729999542236328,0
2025-09-12T08:15:00Z,14.739999771118164,14.8100004196167,14.739999771118164,14.800000190734863,0
2025-09-12T08:20:00Z,14.789999961853027,14.789999961853027,14.760000228881836,14.760000228881836,0
2025-09-12T08:25:00Z,14.75,14.75,14.729999542236328,14.729999542236328,0
2025-09-12T08:30:00Z,14.729999542236328,14.739999771118164,14.729999542236328,14.729999542236328,0
2025-09-12T08:35:00Z,14.729999542236328,14.739999771118164,14.720000267028809,14.729999542236328,0
2025-09-12T08:40:00Z,14.729999542236328,14.739999771118164,14.729999542236328,14.729999542236328,0
2025-09-12T08:45:00Z,14.729999542236328,14.75,14.729999542236328,14.75,0
2025-09-12T08:50:00Z,14.75,14.760000228881836,14.739999771118164,14.739999771118164,0
2025-09-12T08:55:00Z,14.739999771118164,14.739999771118164,14.720000267028809,14.720000267028809,0
2025-09-12T09:00:00Z,14.720000267028809,14.729999542236328,14.710000038146973,14.710000038146973,0
2025-09-12T09:05:00Z,14.710000038146973,14.710000038146973,14.680000305175781,14.680000305175781,0
2025-09-12T09:10:00Z,14.680000305175781,14.6899995803833,14.680000305175781,14.680000305175781,0
2025-09-12T09:15:00Z,14.680000305175781,14.6899995803833,14.680000305175781,14.680000305175781,0
2025-09-12T09:20:00Z,14.680000305175781,14.6899995803833,14.680000305175781,14.680000305175781,0
2025-09-12T09:25:00Z,14.680000305175781,14.680000305175781,14.670000076293945,14.680000305175781,0
2025-09-12T09:30:00Z,14.680000305175781,14.680000305175781,14.670000076293945,14.670000076293945,0
2025-09-12T09:35:00Z,14.670000076293945,14.6899995803833,14.670000076293945,14.680000305175781,0
2025-09-12T09:40:00Z,14.680000305175781,14.680000305175781,14.670000076293945,14.670000076293945,0
2025-09-12T09:45:00Z,14.670000076293945,14.670000076293945,14.65999984741211,14.65999984741211,0
2025-09-12T09:50:00Z,14.65999984741211,14.65999984741211,14.649999618530273,14.65999984741211,0
2025-09-12T09:55:00Z,14.65999984741211,14.670000076293945,14.65999984741211,14.670000076293945,0
2025-09-12T10:00:00Z,14.670000076293945,14.680000305175781,14.670000076293945,14.680000305175781,0
2025-09-12T10:05:00Z,14.680000305175781,14.680000305175781,14.65999984741211,14.670000076293945,0
2025-09-12T10:10:00Z,14.670000076293945,14.670000076293945,14.65999984741211,14.65999984741211,0
2025-09-12T10:15:00Z,14.65999984741211,14.670000076293945,14.65999984741211,14.65999984741211,0
2025-09-12T10:20:00Z,14.65999984741211,14.670000076293945,14.65999984741211,14.670000076293945,0
2025-09-12T10:25:00Z,14.670000076293945,14.670000076293945,14.65999984741211,14.670000076293945,0
2025-09-12T10:30:00Z,14.670000076293945,14.670000076293945,14.649999618530273,14.65999984741211,0
2025-09-12T10:35:00Z,14.65999984741211,14.65999984741211,14.649999618530273,14.65999984741211,0
2025-09-12T10:40:00Z,14.65999984741211,14.65999984741211,14.649999618530273,14.649999618530273,0
2025-09-12T10:45:00Z,14.649999618530273,14.649999618530273,14.649999618530273,14.649999618530273,0
2025-09-12T10:50:00Z,14.649999618530273,14.65999984741211,14.649999618530273,14.65999984741211,0
2025-09-12T10:55:00Z,14.65999984741211,14.670000076293945,14.649999618530273,14.65999984741211,0
2025-09-12T11:00:00Z,14.65999984741211,14.680000305175781,14.65999984741211,14.670000076293945,0
2025-09-12T11:05:00Z,14.670000076293945,14.710000038146973,14.670000076293945,14.699999809265137,0
2025-09-12T11:10:00Z,14.699999809265137,14.699999809265137,14.6899995803833,14.6899995803833,0
2025-09-12T11:15:00Z,14.6899995803833,14.6899995803833,14.680000305175781,14.6899995803833,0
2025-09-12T11:20:00Z,14.6899995803833,14.6899995803833,14.630000114440918,14.630000114440918,0
2025-09-12T11:25:00Z,14.630000114440918,14.640000343322754,14.630000114440918,14.640000343322754,0
2025-09-12T11:30:00Z,14.640000343322754,14.65999984741211,14.640000343322754,14.65999984741211,0
2025-09-12T11:35:00Z,14.65999984741211,14.65999984741211,14.640000343322754,14.640000343322754,0
2025-09-12T11:40:00Z,14.640000343322754,14.65999984741211,14.640000343322754,14.649999618530273,0
2025-09-12T11:45:00Z,14.649999618530273,14.649999618530273,14.640000343322754,14.649999618530273,0
2025-09-12T11:50:00Z,14.649999618530273,14.65999984741211,14.649999618530273,14.65999984741211,0
2025-09-12T11:55:00Z,14.65999984741211,14.65999984741211,14.640000343322754,14.649999618530273,0
2025-09-12T12:00:00Z,14.649999618530273,14.6899995803833,14.649999618530273,14.6899995803833,0
2025-09-12T12:05:00Z,14.699999809265137,14.699999809265137,14.680000305175781,14.699999809265137,0
2025-09-12T12:10:00Z,14.699999809265137,14.699999809265137,14.6899995803833,14.699999809265137,0
2025-09-12T12:15:00Z,14.699999809265137,14.699999809265137,14.670000076293945,14.670000076293945,0
2025-09-12T12:20:00Z,14.670000076293945,14.680000305175781,14.670000076293945,14.680000305175781,0
2025-09-12T12:25:00Z,14.670000076293945,14.710000038146973,14.670000076293945,14.670000076293945,0
2025-09-12T12:30:00Z,14.670000076293945,14.8100004196167,14.670000076293945,14.8100004196167,0
2025-09-12T12:35:00Z,14.800000190734863,14.819999694824219,14.789999961853027,14.789999961853027,0
2025-09-12T12:40:00Z,14.789999961853027,14.800000190734863,14.770000457763672,14.779999732971191,0
2025-09-12T12:45:00Z,14.779999732971191,14.779999732971191,14.760000228881836,14.760000228881836,0
2025-09-12T12:50:00Z,14.760000228881836,14.760000228881836,14.729999542236328,14.729999542236328,0
2025-09-12T12:55:00Z,14.729999542236328,14.729999542236328,14.710000038146973,14.720000267028809,0
2025-09-12T13:00:00Z,14.710000038146973,14.710000038146973,14.699999809265137,14.699999809265137,0
2025-09-12T13:05:00Z,14.699999809265137,14.720000267028809,14.699999809265137,14.699999809265137,0
2025-09-12T13:10:00Z,14.710000038146973,14.720000267028809,14.710000038146973,14.710000038146973,0
2025-09-12T13:15:00Z,14.710000038146973,14.729999542236328,14.710000038146973,14.729999542236328,0
2025-09-12T13:20:00Z,14.720000267028809,14.720000267028809,14.710000038146973,14.710000038146973,0
2025-09-12T13:25:00Z,14.710000038146973,14.710000038146973,14.710000038146973,14.710000038146973,0
2025-09-12T13:30:00Z,14.789999961853027,14.8100004196167,14.670000076293945,14.670000076293945,0
2025-09-12T13:35:00Z,14.65999984741211,14.729999542236328,14.640000343322754,14.699999809265137,0
2025-09-12T13:40:00Z,14.699999809265137,14.699999809265137,14.65999984741211,14.680000305175781,0
2025-09-12T13:45:00Z,14.6899995803833,14.710000038146973,14.680000305175781,14.680000305175781,0
2025-09-12T13:50:00Z,14.6899995803833,14.710000038146973,14.6899995803833,14.699999809265137,0
2025-09-12T13:55:00Z,14.699999809265137,14.699999809265137,14.630000114440918,14.649999618530273,0
2025-09-12T14:00:00Z,14.40999984741211,14.6899995803833,14.40999984741211,14.649999618530273,0
2025-09-12T14:05:00Z,14.649999618530273,14.65999984741211,14.619999885559082,14.619999885559082,0
2025-09-12T14:10:00Z,14.609999656677246,14.710000038146973,14.609999656677246,14.699999809265137,0
2025-09-12T14:15:00Z,14.699999809265137,14.739999771118164,14.680000305175781,14.699999809265137,0
2025-09-12T14:20:00Z,14.6899995803833,14.6899995803833,14.640000343322754,14.640000343322754,0
2025-09-12T14:25:00Z,14.640000343322754,14.670000076293945,14.640000343322754,14.65999984741211,0
2025-09-12T14:30:00Z,14.65999984741211,14.6899995803833,14.649999618530273,14.670000076293945,0
2025-09-12T14:35:00Z,14.680000305175781,14.6899995803833,14.670000076293945,14.670000076293945,0
2025-09-12T14:40:00Z,14.670000076293945,14.680000305175781,14.65999984741211,14.65999984741211,0
2025-09-12T14:45:00Z,14.670000076293945,14.670000076293945,14.619999885559082,14.619999885559082,0
2025-09-12T14:50:00Z,14.619999885559082,14.640000343322754,14.579999923706055,14.579999923706055,0
2025-09-12T14:55:00Z,14.569999694824219,14.609999656677246,14.550000190734863,14.600000381469727,0
2025-09-12T15:00:00Z,14.600000381469727,14.609999656677246,14.59000015258789,14.609999656677246,0
2025-09-12T15:05:00Z,14.619999885559082,14.630000114440918,14.609999656677246,14.609999656677246,0
2025-09-12T15:10:00Z,14.609999656677246,14.630000114440918,14.59000015258789,14.600000381469727,0
2025-09-12T15:15:00Z,14.59000015258789,14.619999885559082,14.579999923706055,14.619999885559082,0
2025-09-12T15:20:00Z,14.630000114440918,14.670000076293945,14.630000114440918,14.649999618530273,0
2025-09-12T15:25:00Z,14.649999618530273,14.649999618530273,14.609999656677246,14.630000114440918,0
2025-09-12T15:30:00Z,14.630000114440918,14.670000076293945,14.630000114440918,14.640000343322754,0
2025-09-12T15:35:00Z,14.640000343322754,14.680000305175781,14.640000343322754,14.680000305175781,0
2025-09-12T15:40:00Z,14.680000305175781,14.6899995803833,14.640000343322754,14.649999618530273,0
2025-09-12T15:45:00Z,14.649999618530273,14.680000305175781,14.630000114440918,14.65999984741211,0
2025-09-12T15:50:00Z,14.65999984741211,14.65999984741211,14.630000114440918,14.630000114440918,0
2025-09-12T15:55:00Z,14.630000114440918,14.630000114440918,14.529999732971191,14.539999961853027,0
2025-09-12T16:00:00Z,14.529999732971191,14.5600004196167,14.529999732971191,14.539999961853027,0
2025-09-12T16:05:00Z,14.550000190734863,14.569999694824219,14.529999732971191,14.529999732971191,0
2025-09-12T16:10:00Z,14.529999732971191,14.550000190734863,14.520000457763672,14.550000190734863,0
2025-09-12T16:15:00Z,14.539999961853027,14.539999961853027,14.510000228881836,14.529999732971191,0
2025-09-12T16:20:00Z,14.529999732971191,14.5600004196167,14.510000228881836,14.510000228881836,0
2025-09-12T16:25:00Z,14.510000228881836,14.510000228881836,14.489999771118164,14.489999771118164,0
2025-09-12T16:30:00Z,14.479999542236328,14.479999542236328,14.460000038146973,14.470000267028809,0
2025-09-12T16:35:00Z,14.470000267028809,14.510000228881836,14.470000267028809,14.510000228881836,0
2025-09-12T16:40:00Z,14.520000457763672,14.539999961853027,14.510000228881836,14.520000457763672,0
2025-09-12T16:45:00Z,14.510000228881836,14.520000457763672,14.489999771118164,14.489999771118164,0
2025-09-12T16:50:00Z,14.489999771118164,14.510000228881836,14.489999771118164,14.489999771118164,0
2025-09-12T16:55:00Z,14.489999771118164,14.5,14.470000267028809,14.479999542236328,0
2025-09-12T17:00:00Z,14.489999771118164,14.520000457763672,14.479999542236328,14.520000457763672,0
2025-09-12T17:05:00Z,14.520000457763672,14.529999732971191,14.510000228881836,14.520000457763672,0
2025-09-12T17:10:00Z,14.520000457763672,14.520000457763672,14.489999771118164,14.489999771118164,0
2025-09-12T17:15:00Z,14.479999542236328,14.5,14.460000038146973,14.489999771118164,0
2025-09-12T17:20:00Z,14.489999771118164,14.489999771118164,14.479999542236328,14.479999542236328,0
2025-09-12T17:25:00Z,14.479999542236328,14.489999771118164,14.479999542236328,14.489999771118164,0
2025-09-12T17:30:00Z,14.489999771118164,14.510000228881836,14.489999771118164,14.510000228881836,0
2025-09-12T17:35:00Z,14.510000228881836,14.520000457763672,14.5,14.510000228881836,0
2025-09-12T17:40:00Z,14.510000228881836,14.510000228881836,14.489999771118164,14.5,0
2025-09-12T17:45:00Z,14.5,14.510000228881836,14.489999771118164,14.5,0
2025-09-12T17:50:00Z,14.5,14.520000457763672,14.5,14.520000457763672,0
2025-09-12T17:55:00Z,14.539999961853027,14.569999694824219,14.529999732971191,14.550000190734863,0
2025-09-12T18:00:00Z,14.550000190734863,14.579999923706055,14.529999732971191,14.569999694824219,0
2025-09-12T18:05:00Z,14.569999694824219,14.600000381469727,14.5600004196167,14.600000381469727,0
2025-09-12T18:10:00Z,14.59000015258789,14.609999656677246,14.569999694824219,14.569999694824219,0
2025-09-12T18:15:00Z,14.569999694824219,14.579999923706055,14.569999694824219,14.569999694824219,0
2025-09-12T18:20:00Z,14.569999694824219,14.579999923706055,14.5600004196167,14.569999694824219,0
2025-09-12T18:25:00Z,14.569999694824219,14.569999694824219,14.550000190734863,14.569999694824219,0
2025-09-12T18:30:00Z,14.569999694824219,14.569999694824219,14.539999961853027,14.550000190734863,0
2025-09-12T18:35:00Z,14.550000190734863,14.579999923706055,14.539999961853027,14.579999923706055,0
2025-09-12T18:40:00Z,14.579999923706055,14.59000015258789,14.550000190734863,14.550000190734863,0
2025-09-12T18:45:00Z,14.550000190734863,14.550000190734863,14.510000228881836,14.529999732971191,0
2025-09-12T18:50:00Z,14.539999961853027,14.539999961853027,14.449999809265137,14.479999542236328,0
2025-09-12T18:55:00Z,14.520000457763672,14.569999694824219,14.520000457763672,14.569999694824219,0
2025-09-12T19:00:00Z,14.550000190734863,14.5600004196167,14.529999732971191,14.5600004196167,0
2025-09-12T19:05:00Z,14.5600004196167,14.600000381469727,14.5600004196167,14.59000015258789,0
2025-09-12T19:10:00Z,14.600000381469727,14.630000114440918,14.600000381469727,14.619999885559082,0
2025-09-12T19:15:00Z,14.619999885559082,14.65999984741211,14.609999656677246,14.640000343322754,0
2025-09-12T19:20:00Z,14.640000343322754,14.670000076293945,14.640000343322754,14.640000343322754,0
2025-09-12T19:25:00Z,14.640000343322754,14.710000038146973,14.630000114440918,14.710000038146973,0
2025-09-12T19:30:00Z,14.720000267028809,14.890000343322754,14.710000038146973,14.829999923706055,0
2025-09-12T19:35:00Z,14.84000015258789,14.9399995803833,14.829999923706055,14.9399995803833,0
2025-09-12T19:40:00Z,14.930000305175781,14.970000267028809,14.800000190734863,14.800000190734863,0
2025-09-12T19:45:00Z,14.800000190734863,14.829999923706055,14.770000457763672,14.800000190734863,0
2025-09-12T19:50:00Z,14.800000190734863,14.800000190734863,14.720000267028809,14.720000267028809,0
2025-09-12T19:55:00Z,14.699999809265137,14.779999732971191,14.699999809265137,14.720000267028809,0
2025-09-12T20:00:00Z,14.760000228881836,14.779999732971191,14.720000267028809,14.720000267028809,0
2025-09-12T20:05:00Z,14.720000267028809,14.729999542236328,14.710000038146973,14.729999542236328,0
2025-09-12T20:10:00Z,14.739999771118164,14.760000228881836,14.739999771118164,14.75,0
2025-09-15T07:15:00Z,15.140000343322754,15.15999984741211,15.140000343322754,15.140000343322754,0
2025-09-15T07:20:00Z,15.140000343322754,15.140000343322754,15.100000381469727,15.100000381469727,0
2025-09-15T07:25:00Z,15.100000381469727,15.109999656677246,15.100000381469727,15.109999656677246,0
2025-09-15T07:30:00Z,15.109999656677246,15.109999656677246,15.079999923706055,15.079999923706055,0
2025-09-15T07:35:00Z,15.079999923706055,15.079999923706055,15.069999694824219,15.079999923706055,0
2025-09-15T07:40:00Z,15.079999923706055,15.100000381469727,15.069999694824219,15.100000381469727,0
2025-09-15T07:45:00Z,15.100000381469727,15.109999656677246,15.100000381469727,15.100000381469727,0
2025-09-15T07:50:00Z,15.09000015258789,15.100000381469727,15.09000015258789,15.09000015258789,0
2025-09-15T07:55:00Z,15.09000015258789,15.09000015258789,15.079999923706055,15.09000015258789,0
2025-09-15T08:00:00Z,15.09000015258789,15.289999961853027,15.09000015258789,15.289999961853027,0
2025-09-15T08:05:00Z,15.289999961853027,15.3100004196167,15.199999809265137,15.199999809265137,0
2025-09-15T08:10:00Z,15.1899995803833,15.220000267028809,15.1899995803833,15.199999809265137,0
2025-09-15T08:15:00Z,15.199999809265137,15.239999771118164,15.180000305175781,15.180000305175781,0
2025-09-15T08:20:00Z,15.15999984741211,15.210000038146973,15.15999984741211,15.199999809265137,0
2025-09-15T08:25:00Z,15.1899995803833,15.210000038146973,15.1899995803833,15.210000038146973,0
2025-09-15T08:30:00Z,15.210000038146973,15.260000228881836,15.199999809265137,15.25,0
2025-09-15T08:35:00Z,15.270000457763672,15.270000457763672,15.220000267028809,15.220000267028809,0
2025-09-15T08:40:00Z,15.220000267028809,15.220000267028809,15.199999809265137,15.199999809265137,0
2025-09-15T08:45:00Z,15.199999809265137,15.199999809265137,15.15999984741211,15.15999984741211,0
2025-09-15T08:50:00Z,15.140000343322754,15.170000076293945,15.140000343322754,15.170000076293945,0
2025-09-15T08:55:00Z,15.15999984741211,15.1899995803833,15.15999984741211,15.180000305175781,0
2025-09-15T09:00:00Z,15.180000305175781,15.210000038146973,15.180000305175781,15.210000038146973,0
2025-09-15T09:05:00Z,15.210000038146973,15.210000038146973,15.1899995803833,15.1899995803833,0
2025-09-15T09:10:00Z,15.1899995803833,15.210000038146973,15.1899995803833,15.199999809265137,0
2025-09-15T09:15:00Z,15.199999809265137,15.210000038146973,15.199999809265137,15.199999809265137,0
2025-09-15T09:20:00Z,15.199999809265137,15.220000267028809,15.199999809265137,15.199999809265137,0
2025-09-15T09:25:00Z,15.199999809265137,15.199999809265137,15.15999984741211,15.15999984741211,0
2025-09-15T09:30:00Z,15.15999984741211,15.15999984741211,15.140000343322754,15.149999618530273,0
2025-09-15T09:35:00Z,15.149999618530273,15.15999984741211,15.140000343322754,15.140000343322754,0
2025-09-15T09:40:00Z,15.130000114440918,15.149999618530273,15.130000114440918,15.149999618530273,0
2025-09-15T09:45:00Z,15.149999618530273,15.149999618530273,15.130000114440918,15.130000114440918,0
2025-09-15T09:50:00Z,15.130000114440918,15.130000114440918,15.130000114440918,15.130000114440918,0
2025-09-15T09:55:00Z,15.119999885559082,15.130000114440918,15.119999885559082,15.119999885559082,0
2025-09-15T10:00:00Z,15.119999885559082,15.119999885559082,15.109999656677246,15.109999656677246,0
2025-09-15T10:05:00Z,15.109999656677246,15.109999656677246,15.09000015258789,15.09000015258789,0
2025-09-15T10:10:00Z,15.09000015258789,15.109999656677246,15.09000015258789,15.100000381469727,0
2025-09-15T10:15:00Z,15.100000381469727,15.100000381469727,15.09000015258789,15.09000015258789,0
2025-09-15T10:20:00Z,15.09000015258789,15.09000015258789,15.09000015258789,15.09000015258789,0
2025-09-15T10:25:00Z,15.09000015258789,15.09000015258789,15.069999694824219,15.069999694824219,0
2025-09-15T10:30:00Z,15.069999694824219,15.069999694824219,15.0600004196167,15.0600004196167,0
2025-09-15T10:35:00Z,15.0600004196167,15.079999923706055,15.0600004196167,15.079999923706055,0
2025-09-15T10:40:00Z,15.09000015258789,15.100000381469727,15.09000015258789,15.100000381469727,0
2025-09-15T10:45:00Z,15.100000381469727,15.100000381469727,15.09000015258789,15.09000015258789,0
2025-09-15T10:50:00Z,15.09000015258789,15.100000381469727,15.09000015258789,15.09000015258789,0
2025-09-15T10:55:00Z,15.09000015258789,15.09000015258789,15.09000015258789,15.09000015258789,0
2025-09-15T11:00:00Z,15.09000015258789,15.100000381469727,15.069999694824219,15.069999694824219,0
2025-09-15T11:05:00Z,15.069999694824219,15.069999694824219,15.039999961853027,15.039999961853027,0
2025-09-15T11:10:00Z,15.039999961853027,15.039999961853027,15.039999961853027,15.039999961853027,0
2025-09-15T11:15:00Z,15.039999961853027,15.039999961853027,15.039999961853027,15.039999961853027,0
2025-09-15T11:20:00Z,15.039999961853027,15.039999961853027,15.029999732971191,15.029999732971191,0
2025-09-15T11:25:00Z,15.039999961853027,15.039999961853027,15.029999732971191,15.039999961853027,0
2025-09-15T11:30:00Z,15.039999961853027,15.039999961853027,15.029999732971191,15.029999732971191,0
2025-09-15T11:35:00Z,15.029999732971191,15.029999732971191,15.010000228881836,15.010000228881836,0
2025-09-15T11:40:00Z,15.010000228881836,15.020000457763672,15.010000228881836,15.010000228881836,0
2025-09-15T11:45:00Z,15.010000228881836,15.010000228881836,15.0,15.0,0
2025-09-15T11:50:00Z,15.0,15.010000228881836,15.0,15.010000228881836,0
2025-09-15T11:55:00Z,15.010000228881836,15.020000457763672,14.989999771118164,14.989999771118164,0
2025-09-15T12:00:00Z,14.989999771118164,14.989999771118164,14.970000267028809,14.970000267028809,0
2025-09-15T12:05:00Z,14.970000267028809,14.979999542236328,14.960000038146973,14.979999542236328,0
2025-09-15T12:10:00Z,14.979999542236328,14.989999771118164,14.979999542236328,14.989999771118164,0
2025-09-15T12:15:00Z,14.989999771118164,15.020000457763672,14.960000038146973,15.0,0
2025-09-15T12:20:00Z,15.0,15.010000228881836,14.949999809265137,14.960000038146973,0
2025-09-15T12:25:00Z,14.949999809265137,15.010000228881836,14.949999809265137,15.010000228881836,0
2025-09-15T12:30:00Z,14.989999771118164,15.029999732971191,14.979999542236328,14.979999542236328,0
2025-09-15T12:35:00Z,14.989999771118164,15.0,14.979999542236328,14.979999542236328,0
2025-09-15T12:40:00Z,14.979999542236328,14.989999771118164,14.949999809265137,14.949999809265137,0
2025-09-15T12:45:00Z,14.949999809265137,14.960000038146973,14.949999809265137,14.960000038146973,0
2025-09-15T12:50:00Z,14.960000038146973,14.960000038146973,14.920000076293945,14.920000076293945,0
2025-09-15T12:55:00Z,14.920000076293945,14.9399995803833,14.920000076293945,14.930000305175781,0
2025-09-15T13:00:00Z,14.930000305175781,14.9399995803833,14.930000305175781,14.9399995803833,0
2025-09-15T13:05:00Z,14.9399995803833,14.9399995803833,14.930000305175781,14.9399995803833,0
2025-09-15T13:10:00Z,14.9399995803833,14.9399995803833,14.920000076293945,14.920000076293945,0
2025-09-15T13:15:00Z,14.930000305175781,14.949999809265137,14.930000305175781,14.9399995803833,0
2025-09-15T13:20:00Z,14.9399995803833,14.9399995803833,14.930000305175781,14.930000305175781,0
2025-09-15T13:25:00Z,14.9399995803833,14.9399995803833,14.9399995803833,14.9399995803833,0
2025-09-15T13:30:00Z,14.960000038146973,15.0600004196167,14.960000038146973,15.0600004196167,0
2025-09-15T13:35:00Z,15.0600004196167,15.079999923706055,15.050000190734863,15.050000190734863,0
2025-09-15T13:40:00Z,15.069999694824219,15.109999656677246,15.0600004196167,15.100000381469727,0
2025-09-15T13:45:00Z,15.079999923706055,15.109999656677246,15.029999732971191,15.109999656677246,0
2025-09-15T13:50:00Z,15.109999656677246,15.119999885559082,15.109999656677246,15.119999885559082,0
2025-09-15T13:55:00Z,15.119999885559082,15.140000343322754,15.109999656677246,15.130000114440918,0
2025-09-15T14:00:00Z,15.130000114440918,15.1899995803833,15.130000114440918,15.1899995803833,0
2025-09-15T14:05:00Z,15.1899995803833,15.199999809265137,15.180000305175781,15.199999809265137,0
2025-09-15T14:10:00Z,15.199999809265137,15.210000038146973,15.1899995803833,15.1899995803833,0
2025-09-15T14:15:00Z,15.1899995803833,15.1899995803833,15.180000305175781,15.180000305175781,0
2025-09-15T14:20:00Z,15.180000305175781,15.180000305175781,15.149999618530273,15.170000076293945,0
2025-09-15T14:25:00Z,15.170000076293945,15.170000076293945,15.149999618530273,15.15999984741211,0
2025-09-15T14:30:00Z,15.15999984741211,15.1899995803833,15.15999984741211,15.180000305175781,0
2025-09-15T14:35:00Z,15.199999809265137,15.220000267028809,15.199999809265137,15.220000267028809,0
2025-09-15T14:40:00Z,15.210000038146973,15.210000038146973,15.170000076293945,15.1899995803833,0
2025-09-15T14:45:00Z,15.1899995803833,15.220000267028809,15.180000305175781,15.220000267028809,0
2025-09-15T14:50:00Z,15.229999542236328,15.239999771118164,15.220000267028809,15.229999542236328,0
2025-09-15T14:55:00Z,15.229999542236328,15.260000228881836,15.229999542236328,15.25,0
2025-09-15T15:00:00Z,15.25,15.270000457763672,15.25,15.260000228881836,0
2025-09-15T15:05:00Z,15.260000228881836,15.279999732971191,15.260000228881836,15.279999732971191,0
2025-09-15T15:10:00Z,15.270000457763672,15.300000190734863,15.260000228881836,15.289999961853027,0
2025-09-15T15:15:00Z,15.300000190734863,15.329999923706055,15.289999961853027,15.329999923706055,0
2025-09-15T15:20:00Z,15.329999923706055,15.390000343322754,15.329999923706055,15.390000343322754,0
2025-09-15T15:25:00Z,15.380000114440918,15.380000114440918,15.329999923706055,15.369999885559082,0
2025-09-15T15:30:00Z,15.369999885559082,15.380000114440918,15.359999656677246,15.359999656677246,0
2025-09-15T15:35:00Z,15.369999885559082,15.369999885559082,15.350000381469727,15.350000381469727,0
2025-09-15T15:40:00Z,15.350000381469727,15.390000343322754,15.350000381469727,15.390000343322754,0
2025-09-15T15:45:00Z,15.390000343322754,15.40999984741211,15.390000343322754,15.40999984741211,0
2025-09-15T15:50:00Z,15.40999984741211,15.430000305175781,15.40999984741211,15.420000076293945,0
2025-09-15T15:55:00Z,15.420000076293945,15.4399995803833,15.420000076293945,15.4399995803833,0
2025-09-15T16:00:00Z,15.449999809265137,15.470000267028809,15.4399995803833,15.470000267028809,0
2025-09-15T16:05:00Z,15.470000267028809,15.470000267028809,15.420000076293945,15.420000076293945,0
2025-09-15T16:10:00Z,15.420000076293945,15.430000305175781,15.40999984741211,15.40999984741211,0
2025-09-15T16:15:00Z,15.40999984741211,15.430000305175781,15.40999984741211,15.430000305175781,0
2025-09-15T16:20:00Z,15.4399995803833,15.4399995803833,15.420000076293945,15.420000076293945,0
2025-09-15T16:25:00Z,15.420000076293945,15.449999809265137,15.420000076293945,15.449999809265137,0
2025-09-15T16:30:00Z,15.449999809265137,15.449999809265137,15.430000305175781,15.430000305175781,0
2025-09-15T16:35:00Z,15.4399995803833,15.460000038146973,15.4399995803833,15.449999809265137,0
2025-09-15T16:40:00Z,15.460000038146973,15.489999771118164,15.460000038146973,15.489999771118164,0
2025-09-15T16:45:00Z,15.5,15.539999961853027,15.5,15.529999732971191,0
2025-09-15T16:50:00Z,15.539999961853027,15.579999923706055,15.539999961853027,15.579999923706055,0
2025-09-15T16:55:00Z,15.579999923706055,15.6899995803833,15.579999923706055,15.670000076293945,0
2025-09-15T17:00:00Z,15.6899995803833,15.710000038146973,15.6899995803833,15.6899995803833,0
2025-09-15T17:05:00Z,15.699999809265137,15.699999809265137,15.619999885559082,15.630000114440918,0
2025-09-15T17:10:00Z,15.640000343322754,15.6899995803833,15.640000343322754,15.6899995803833,0
2025-09-15T17:15:00Z,15.680000305175781,15.720000267028809,15.670000076293945,15.720000267028809,0
2025-09-15T17:20:00Z,15.720000267028809,15.75,15.6899995803833,15.6899995803833,0
2025-09-15T17:25:00Z,15.6899995803833,15.710000038146973,15.6899995803833,15.6899995803833,0
2025-09-15T17:30:00Z,15.699999809265137,15.699999809265137,15.640000343322754,15.640000343322754,0
2025-09-15T17:35:00Z,15.640000343322754,15.65999984741211,15.569999694824219,15.579999923706055,0
2025-09-15T17:40:00Z,15.569999694824219,15.569999694824219,15.520000457763672,15.529999732971191,0
2025-09-15T17:45:00Z,15.529999732971191,15.550000190734863,15.529999732971191,15.529999732971191,0
2025-09-15T17:50:00Z,15.529999732971191,15.5600004196167,15.520000457763672,15.5600004196167,0
2025-09-15T17:55:00Z,15.5600004196167,15.569999694824219,15.539999961853027,15.550000190734863,0
2025-09-15T18:00:00Z,15.550000190734863,15.600000381469727,15.550000190734863,15.59000015258789,0
2025-09-15T18:05:00Z,15.59000015258789,15.640000343322754,15.59000015258789,15.640000343322754,0
2025-09-15T18:10:00Z,15.649999618530273,15.680000305175781,15.640000343322754,15.670000076293945,0
2025-09-15T18:15:00Z,15.65999984741211,15.680000305175781,15.65999984741211,15.65999984741211,0
2025-09-15T18:20:00Z,15.65999984741211,15.680000305175781,15.649999618530273,15.649999618530273,0
2025-09-15T18:25:00Z,15.65999984741211,15.680000305175781,15.649999618530273,15.680000305175781,0
2025-09-15T18:30:00Z,15.6899995803833,15.6899995803833,15.670000076293945,15.680000305175781,0
2025-09-15T18:35:00Z,15.680000305175781,15.699999809265137,15.670000076293945,15.699999809265137,0
2025-09-15T18:40:00Z,15.699999809265137,15.84000015258789,15.699999809265137,15.819999694824219,0
2025-09-15T18:45:00Z,15.819999694824219,15.84000015258789,15.800000190734863,15.800000190734863,0
2025-09-15T18:50:00Z,15.800000190734863,15.800000190734863,15.729999542236328,15.729999542236328,0
2025-09-15T18:55:00Z,15.720000267028809,15.729999542236328,15.710000038146973,15.729999542236328,0
2025-09-15T19:00:00Z,15.720000267028809,15.75,15.710000038146973,15.75,0
2025-09-15T19:05:00Z,15.75,15.779999732971191,15.75,15.760000228881836,0
2025-09-15T19:10:00Z,15.760000228881836,15.770000457763672,15.739999771118164,15.760000228881836,0
2025-09-15T19:15:00Z,15.760000228881836,15.789999961853027,15.75,15.770000457763672,0
2025-09-15T19:20:00Z,15.770000457763672,15.789999961853027,15.760000228881836,15.779999732971191,0
2025-09-15T19:25:00Z,15.779999732971191,15.779999732971191,15.760000228881836,15.770000457763672,0
2025-09-15T19:30:00Z,15.770000457763672,15.819999694824219,15.770000457763672,15.8100004196167,0
2025-09-15T19:35:00Z,15.800000190734863,15.819999694824219,15.789999961853027,15.8100004196167,0
2025-09-15T19:40:00Z,15.800000190734863,15.800000190734863,15.75,15.760000228881836,0
2025-09-15T19:45:00Z,15.760000228881836,15.760000228881836,15.680000305175781,15.680000305175781,0
2025-09-15T19:50:00Z,15.680000305175781,15.779999732971191,15.680000305175781,15.6899995803833,0
2025-09-15T19:55:00Z,15.6899995803833,15.699999809265137,15.579999923706055,15.579999923706055,0
2025-09-15T20:00:00Z,15.59000015258789,15.680000305175781,15.59000015258789,15.680000305175781,0
2025-09-15T20:05:00Z,15.680000305175781,15.6899995803833,15.670000076293945,15.680000305175781,0
2025-09-15T20:10:00Z,15.6899995803833,15.699999809265137,15.680000305175781,15.6899995803833,0
2025-09-16T07:15:00Z,15.600000381469727,15.600000381469727,15.59000015258789,15.59000015258789,0
2025-09-16T07:20:00Z,15.59000015258789,15.59000015258789,15.579999923706055,15.579999923706055,0
2025-09-16T07:25:00Z,15.579999923706055,15.59000015258789,15.579999923706055,15.59000015258789,0
2025-09-16T07:30:00Z,15.59000015258789,15.59000015258789,15.59000015258789,15.59000015258789,0
2025-09-16T07:35:00Z,15.59000015258789,15.59000015258789,15.579999923706055,15.579999923706055,0
2025-09-16T07:40:00Z,15.579999923706055,15.59000015258789,15.579999923706055,15.59000015258789,0
2025-09-16T07:45:00Z,15.579999923706055,15.579999923706055,15.569999694824219,15.569999694824219,0
2025-09-16T07:50:00Z,15.569999694824219,15.59000015258789,15.569999694824219,15.579999923706055,0
2025-09-16T07:55:00Z,15.579999923706055,15.579999923706055,15.569999694824219,15.569999694824219,0
2025-09-16T08:00:00Z,15.569999694824219,15.579999923706055,15.550000190734863,15.550000190734863,0
2025-09-16T08:05:00Z,15.550000190734863,15.550000190734863,15.520000457763672,15.529999732971191,0
2025-09-16T08:10:00Z,15.529999732971191,15.529999732971191,15.529999732971191,15.529999732971191,0
2025-09-16T08:15:00Z,15.529999732971191,15.529999732971191,15.529999732971191,15.529999732971191,0
2025-09-16T08:20:00Z,15.529999732971191,15.539999961853027,15.529999732971191,15.539999961853027,0
2025-09-16T08:25:00Z,15.520000457763672,15.529999732971191,15.520000457763672,15.520000457763672,0
2025-09-16T08:30:00Z,15.520000457763672,15.520000457763672,15.520000457763672,15.520000457763672,0
2025-09-16T08:35:00Z,15.520000457763672,15.529999732971191,15.520000457763672,15.520000457763672,0
2025-09-16T08:40:00Z,15.5,15.5,15.489999771118164,15.489999771118164,0
2025-09-16T08:45:00Z,15.489999771118164,15.510000228881836,15.489999771118164,15.5,0
2025-09-16T08:50:00Z,15.510000228881836,15.510000228881836,15.5,15.510000228881836,0
2025-09-16T08:55:00Z,15.510000228881836,15.529999732971191,15.460000038146973,15.460000038146973,0
2025-09-16T09:00:00Z,15.449999809265137,15.449999809265137,15.4399995803833,15.449999809265137,0
2025-09-16T09:05:00Z,15.449999809265137,15.449999809265137,15.4399995803833,15.449999809265137,0
2025-09-16T09:10:00Z,15.449999809265137,15.470000267028809,15.449999809265137,15.470000267028809,0
2025-09-16T09:15:00Z,15.470000267028809,15.489999771118164,15.470000267028809,15.479999542236328,0
2025-09-16T09:20:00Z,15.479999542236328,15.479999542236328,15.479999542236328,15.479999542236328,0
2025-09-16T09:25:00Z,15.479999542236328,15.479999542236328,15.470000267028809,15.479999542236328,0
2025-09-16T09:30:00Z,15.479999542236328,15.5,15.479999542236328,15.489999771118164,0
2025-09-16T09:35:00Z,15.489999771118164,15.489999771118164,15.479999542236328,15.479999542236328,0
2025-09-16T09:40:00Z,15.479999542236328,15.479999542236328,15.479999542236328,15.479999542236328,0
2025-09-16T09:45:00Z,15.479999542236328,15.479999542236328,15.479999542236328,15.479999542236328,0
2025-09-16T09:50:00Z,15.479999542236328,15.479999542236328,15.479999542236328,15.479999542236328,0
2025-09-16T09:55:00Z,15.479999542236328,15.489999771118164,15.479999542236328,15.479999542236328,0
2025-09-16T10:00:00Z,15.479999542236328,15.489999771118164,15.479999542236328,15.489999771118164,0
2025-09-16T10:05:00Z,15.479999542236328,15.489999771118164,15.479999542236328,15.489999771118164,0
2025-09-16T10:10:00Z,15.489999771118164,15.5,15.479999542236328,15.489999771118164,0
2025-09-16T10:15:00Z,15.489999771118164,15.489999771118164,15.489999771118164,15.489999771118164,0
2025-09-16T10:20:00Z,15.489999771118164,15.5,15.489999771118164,15.5,0
2025-09-16T10:25:00Z,15.5,15.510000228881836,15.5,15.510000228881836,0
2025-09-16T10:30:00Z,15.510000228881836,15.529999732971191,15.510000228881836,15.529999732971191,0
2025-09-16T10:35:00Z,15.529999732971191,15.539999961853027,15.520000457763672,15.520000457763672,0
2025-09-16T10:40:00Z,15.520000457763672,15.520000457763672,15.520000457763672,15.520000457763672,0
2025-09-16T10:45:00Z,15.520000457763672,15.520000457763672,15.510000228881836,15.520000457763672,0
2025-09-16T10:50:00Z,15.520000457763672,15.520000457763672,15.5,15.5,0
2025-09-16T10:55:00Z,15.5,15.510000228881836,15.5,15.510000228881836,0
2025-09-16T11:00:00Z,15.510000228881836,15.529999732971191,15.510000228881836,15.529999732971191,0
2025-09-16T11:05:00Z,15.529999732971191,15.550000190734863,15.529999732971191,15.529999732971191,0
2025-09-16T11:10:00Z,15.529999732971191,15.529999732971191,15.520000457763672,15.520000457763672,0
2025-09-16T11:15:00Z,15.520000457763672,15.550000190734863,15.520000457763672,15.539999961853027,0
2025-09-16T11:20:00Z,15.539999961853027,15.550000190734863,15.539999961853027,15.539999961853027,0
2025-09-16T11:25:00Z,15.539999961853027,15.539999961853027,15.529999732971191,15.529999732971191,0
2025-09-16T11:30:00Z,15.529999732971191,15.529999732971191,15.520000457763672,15.520000457763672,0
2025-09-16T11:35:00Z,15.520000457763672,15.529999732971191,15.520000457763672,15.520000457763672,0
2025-09-16T11:40:00Z,15.520000457763672,15.539999961853027,15.520000457763672,15.529999732971191,0
2025-09-16T11:45:00Z,15.529999732971191,15.529999732971191,15.520000457763672,15.520000457763672,0
2025-09-16T11:50:00Z,15.520000457763672,15.520000457763672,15.520000457763672,15.520000457763672,0
2025-09-16T11:55:00Z,15.520000457763672,15.520000457763672,15.5,15.510000228881836,0
2025-09-16T12:00:00Z,15.510000228881836,15.550000190734863,15.510000228881836,15.550000190734863,0
2025-09-16T12:05:00Z,15.550000190734863,15.5600004196167,15.550000190734863,15.550000190734863,0
2025-09-16T12:10:00Z,15.539999961853027,15.539999961853027,15.529999732971191,15.529999732971191,0
2025-09-16T12:15:00Z,15.529999732971191,15.529999732971191,15.529999732971191,15.529999732971191,0
2025-09-16T12:20:00Z,15.529999732971191,15.529999732971191,15.520000457763672,15.520000457763672,0
2025-09-16T12:25:00Z,15.520000457763672,15.539999961853027,15.520000457763672,15.539999961853027,0
2025-09-16T12:30:00Z,15.539999961853027,15.5600004196167,15.529999732971191,15.529999732971191,0
2025-09-16T12:35:00Z,15.529999732971191,15.529999732971191,15.510000228881836,15.510000228881836,0
2025-09-16T12:40:00Z,15.510000228881836,15.579999923706055,15.510000228881836,15.579999923706055,0
2025-09-16T12:45:00Z,15.579999923706055,15.600000381469727,15.569999694824219,15.600000381469727,0
2025-09-16T12:50:00Z,15.600000381469727,15.649999618530273,15.600000381469727,15.649999618530273,0
2025-09-16T12:55:00Z,15.65999984741211,15.680000305175781,15.649999618530273,15.680000305175781,0
2025-09-16T13:00:00Z,15.699999809265137,15.710000038146973,15.699999809265137,15.699999809265137,0
2025-09-16T13:05:00Z,15.699999809265137,15.720000267028809,15.699999809265137,15.720000267028809,0
2025-09-16T13:10:00Z,15.720000267028809,15.720000267028809,15.710000038146973,15.720000267028809,0
2025-09-16T13:15:00Z,15.649999618530273,15.710000038146973,15.649999618530273,15.699999809265137,0
2025-09-16T13:20:00Z,15.699999809265137,15.699999809265137,15.680000305175781,15.680000305175781,0
2025-09-16T13:25:00Z,15.680000305175781,15.680000305175781,15.680000305175781,15.680000305175781,0
2025-09-16T13:30:00Z,15.670000076293945,15.75,15.670000076293945,15.729999542236328,0
2025-09-16T13:35:00Z,15.729999542236328,15.819999694824219,15.729999542236328,15.819999694824219,0
2025-09-16T13:40:00Z,15.84000015258789,15.890000343322754,15.819999694824219,15.859999656677246,0
2025-09-16T13:45:00Z,15.850000381469727,15.880000114440918,15.850000381469727,15.859999656677246,0
2025-09-16T13:50:00Z,15.869999885559082,16.049999237060547,15.869999885559082,16.020000457763672,0
2025-09-16T13:55:00Z,16.020000457763672,16.049999237060547,16.0,16.020000457763672,0
2025-09-16T14:00:00Z,16.030000686645508,16.110000610351562,16.030000686645508,16.06999969482422,0
2025-09-16T14:05:00Z,16.079999923706055,16.1299991607666,16.079999923706055,16.1299991607666,0
2025-09-16T14:10:00Z,16.149999618530273,16.190000534057617,16.139999389648438,16.149999618530273,0
2025-09-16T14:15:00Z,16.139999389648438,16.139999389648438,16.020000457763672,16.049999237060547,0
2025-09-16T14:20:00Z,16.059999465942383,16.09000015258789,16.030000686645508,16.040000915527344,0
2025-09-16T14:25:00Z,16.049999237060547,16.139999389648438,16.049999237060547,16.1299991607666,0
2025-09-16T14:30:00Z,16.1299991607666,16.15999984741211,16.1299991607666,16.149999618530273,0
2025-09-16T14:35:00Z,16.149999618530273,16.15999984741211,16.079999923706055,16.149999618530273,0
2025-09-16T14:40:00Z,16.149999618530273,16.15999984741211,16.1299991607666,16.139999389648438,0
2025-09-16T14:45:00Z,16.149999618530273,16.170000076293945,16.139999389648438,16.15999984741211,0
2025-09-16T14:50:00Z,16.149999618530273,16.170000076293945,16.1200008392334,16.1200008392334,0
2025-09-16T14:55:00Z,16.1299991607666,16.149999618530273,16.110000610351562,16.1299991607666,0
2025-09-16T15:00:00Z,16.1299991607666,16.209999084472656,16.1299991607666,16.209999084472656,0
2025-09-16T15:05:00Z,16.209999084472656,16.209999084472656,16.1200008392334,16.1200008392334,0
2025-09-16T15:10:00Z,16.1200008392334,16.15999984741211,16.100000381469727,16.149999618530273,0
2025-09-16T15:15:00Z,16.149999618530273,16.219999313354492,16.149999618530273,16.200000762939453,0
2025-09-16T15:20:00Z,16.200000762939453,16.200000762939453,16.100000381469727,16.1200008392334,0
2025-09-16T15:25:00Z,16.1299991607666,16.15999984741211,16.100000381469727,16.15999984741211,0
2025-09-16T15:30:00Z,16.15999984741211,16.18000030517578,16.149999618530273,16.18000030517578,0
2025-09-16T15:35:00Z,16.190000534057617,16.209999084472656,16.190000534057617,16.200000762939453,0
2025-09-16T15:40:00Z,16.200000762939453,16.270000457763672,16.190000534057617,16.25,0
2025-09-16T15:45:00Z,16.25,16.25,16.200000762939453,16.229999542236328,0
2025-09-16T15:50:00Z,16.229999542236328,16.239999771118164,16.18000030517578,16.18000030517578,0
2025-09-16T15:55:00Z,16.190000534057617,16.209999084472656,16.18000030517578,16.200000762939453,0
2025-09-16T16:00:00Z,16.200000762939453,16.209999084472656,16.190000534057617,16.209999084472656,0
2025-09-16T16:05:00Z,16.209999084472656,16.209999084472656,16.190000534057617,16.190000534057617,0
2025-09-16T16:10:00Z,16.18000030517578,16.190000534057617,16.170000076293945,16.190000534057617,0
2025-09-16T16:15:00Z,16.190000534057617,16.190000534057617,16.15999984741211,16.170000076293945,0
2025-09-16T16:20:00Z,16.170000076293945,16.170000076293945,16.1200008392334,16.1200008392334,0
2025-09-16T16:25:00Z,16.139999389648438,16.15999984741211,16.139999389648438,16.139999389648438,0
2025-09-16T16:30:00Z,16.139999389648438,16.15999984741211,16.1299991607666,16.139999389648438,0
2025-09-16T16:35:00Z,16.149999618530273,16.200000762939453,16.1200008392334,16.1200008392334,0
2025-09-16T16:40:00Z,16.1299991607666,16.15999984741211,16.1299991607666,16.139999389648438,0
2025-09-16T16:45:00Z,16.139999389648438,16.149999618530273,16.1299991607666,16.149999618530273,0
2025-09-16T16:50:00Z,16.139999389648438,16.149999618530273,16.110000610351562,16.110000610351562,0
2025-09-16T16:55:00Z,16.100000381469727,16.1200008392334,16.100000381469727,16.1200008392334,0
2025-09-16T17:00:00Z,16.110000610351562,16.110000610351562,16.06999969482422,16.100000381469727,0
2025-09-16T17:05:00Z,16.09000015258789,16.100000381469727,16.059999465942383,16.06999969482422,0
2025-09-16T17:10:00Z,16.06999969482422,16.06999969482422,16.030000686645508,16.030000686645508,0
2025-09-16T17:15:00Z,16.030000686645508,16.049999237060547,16.020000457763672,16.049999237060547,0
2025-09-16T17:20:00Z,16.049999237060547,16.049999237060547,16.020000457763672,16.030000686645508,0
2025-09-16T17:25:00Z,16.030000686645508,16.040000915527344,16.030000686645508,16.040000915527344,0
2025-09-16T17:30:00Z,16.040000915527344,16.049999237060547,16.010000228881836,16.020000457763672,0
2025-09-16T17:35:00Z,16.020000457763672,16.030000686645508,16.0,16.0,0
2025-09-16T17:40:00Z,16.0,16.049999237060547,16.0,16.040000915527344,0
2025-09-16T17:45:00Z,16.040000915527344,16.040000915527344,16.010000228881836,16.010000228881836,0
2025-09-16T17:50:00Z,16.020000457763672,16.040000915527344,15.989999771118164,16.0,0
2025-09-16T17:55:00Z,16.0,16.0,15.970000267028809,15.989999771118164,0
2025-09-16T18:00:00Z,15.979999542236328,16.0,15.979999542236328,15.989999771118164,0
2025-09-16T18:05:00Z,15.989999771118164,16.010000228881836,15.970000267028809,15.989999771118164,0
2025-09-16T18:10:00Z,16.0,16.030000686645508,16.0,16.020000457763672,0
2025-09-16T18:15:00Z,16.030000686645508,16.040000915527344,16.010000228881836,16.030000686645508,0
2025-09-16T18:20:00Z,16.030000686645508,16.049999237060547,16.030000686645508,16.049999237060547,0
2025-09-16T18:25:00Z,16.049999237060547,16.049999237060547,16.030000686645508,16.040000915527344,0
2025-09-16T18:30:00Z,16.040000915527344,16.040000915527344,16.020000457763672,16.020000457763672,0
2025-09-16T18:35:00Z,16.030000686645508,16.030000686645508,16.010000228881836,16.030000686645508,0
2025-09-16T18:40:00Z,16.040000915527344,16.040000915527344,16.0,16.020000457763672,0
2025-09-16T18:45:00Z,16.020000457763672,16.020000457763672,16.0,16.0,0
2025-09-16T18:50:00Z,16.0,16.0,15.970000267028809,15.979999542236328,0
2025-09-16T18:55:00Z,15.979999542236328,16.0,15.979999542236328,16.0,0
2025-09-16T19:00:00Z,16.0,16.020000457763672,16.0,16.020000457763672,0
2025-09-16T19:05:00Z,16.020000457763672,16.030000686645508,16.0,16.030000686645508,0
2025-09-16T19:10:00Z,16.030000686645508,16.049999237060547,16.030000686645508,16.049999237060547,0
2025-09-16T19:15:00Z,16.040000915527344,16.079999923706055,16.040000915527344,16.079999923706055,0
2025-09-16T19:20:00Z,16.079999923706055,16.1200008392334,16.079999923706055,16.1200008392334,0
2025-09-16T19:25:00Z,16.1299991607666,16.25,16.1299991607666,16.25,0
2025-09-16T19:30:00Z,16.260000228881836,16.329999923706055,16.260000228881836,16.329999923706055,0
2025-09-16T19:35:00Z,16.309999465942383,16.3700008392334,16.270000457763672,16.290000915527344,0
2025-09-16T19:40:00Z,16.290000915527344,16.290000915527344,16.229999542236328,16.25,0
2025-09-16T19:45:00Z,16.239999771118164,16.239999771118164,16.200000762939453,16.200000762939453,0
2025-09-16T19:50:00Z,16.209999084472656,16.299999237060547,16.170000076293945,16.299999237060547,0
2025-09-16T19:55:00Z,16.290000915527344,16.3799991607666,16.25,16.3799991607666,0
2025-09-16T20:00:00Z,16.350000381469727,16.350000381469727,16.309999465942383,16.309999465942383,0
2025-09-16T20:05:00Z,16.309999465942383,16.360000610351562,16.309999465942383,16.360000610351562,0
2025-09-16T20:10:00Z,16.350000381469727,16.360000610351562,16.350000381469727,16.360000610351562,0
2025-09-17T07:15:00Z,16.420000076293945,16.43000030517578,16.420000076293945,16.420000076293945,0
2025-09-17T07:20:00Z,16.420000076293945,16.420000076293945,16.399999618530273,16.399999618530273,0
2025-09-17T07:25:00Z,16.399999618530273,16.399999618530273,16.3700008392334,16.3700008392334,0
2025-09-17T07:30:00Z,16.3700008392334,16.3700008392334,16.360000610351562,16.360000610351562,0
2025-09-17T07:35:00Z,16.360000610351562,16.3700008392334,16.360000610351562,16.3700008392334,0
2025-09-17T07:40:00Z,16.3700008392334,16.3700008392334,16.3700008392334,16.3700008392334,0
2025-09-17T07:45:00Z,16.3700008392334,16.3700008392334,16.3700008392334,16.3700008392334,0
2025-09-17T07:50:00Z,16.3799991607666,16.3799991607666,16.3700008392334,16.3700008392334,0
2025-09-17T07:55:00Z,16.3700008392334,16.3700008392334,16.3700008392334,16.3700008392334,0
2025-09-17T08:00:00Z,16.3700008392334,16.3799991607666,16.3700008392334,16.3799991607666,0
2025-09-17T08:05:00Z,16.3799991607666,16.40999984741211,16.3799991607666,16.399999618530273,0
2025-09-17T08:10:00Z,16.399999618530273,16.40999984741211,16.399999618530273,16.40999984741211,0
2025-09-17T08:15:00Z,16.40999984741211,16.440000534057617,16.40999984741211,16.420000076293945,0
2025-09-17T08:20:00Z,16.420000076293945,16.420000076293945,16.420000076293945,16.420000076293945,0
2025-09-17T08:25:00Z,16.420000076293945,16.420000076293945,16.40999984741211,16.420000076293945,0
2025-09-17T08:30:00Z,16.420000076293945,16.5,16.40999984741211,16.5,0
2025-09-17T08:35:00Z,16.5,16.639999389648438,16.5,16.59000015258789,0
2025-09-17T08:40:00Z,16.59000015258789,16.75,16.59000015258789,16.700000762939453,0
2025-09-17T08:45:00Z,16.670000076293945,16.68000030517578,16.579999923706055,16.6299991607666,0
2025-09-17T08:50:00Z,16.6299991607666,16.6299991607666,16.59000015258789,16.6200008392334,0
2025-09-17T08:55:00Z,16.6200008392334,16.6200008392334,16.610000610351562,16.6200008392334,0
2025-09-17T09:00:00Z,16.610000610351562,16.610000610351562,16.59000015258789,16.59000015258789,0
2025-09-17T09:05:00Z,16.59000015258789,16.59000015258789,16.549999237060547,16.559999465942383,0
2025-09-17T09:10:00Z,16.559999465942383,16.559999465942383,16.540000915527344,16.549999237060547,0
2025-09-17T09:15:00Z,16.549999237060547,16.56999969482422,16.549999237060547,16.56999969482422,0
2025-09-17T09:20:00Z,16.56999969482422,16.56999969482422,16.559999465942383,16.559999465942383,0
2025-09-17T09:25:00Z,16.559999465942383,16.559999465942383,16.549999237060547,16.549999237060547,0
2025-09-17T09:30:00Z,16.549999237060547,16.549999237060547,16.540000915527344,16.540000915527344,0
2025-09-17T09:35:00Z,16.540000915527344,16.540000915527344,16.520000457763672,16.520000457763672,0
2025-09-17T09:40:00Z,16.520000457763672,16.520000457763672,16.510000228881836,16.520000457763672,0
2025-09-17T09:45:00Z,16.520000457763672,16.540000915527344,16.520000457763672,16.530000686645508,0
2025-09-17T09:50:00Z,16.530000686645508,16.549999237060547,16.530000686645508,16.540000915527344,0
2025-09-17T09:55:00Z,16.540000915527344,16.540000915527344,16.530000686645508,16.540000915527344,0
2025-09-17T10:00:00Z,16.540000915527344,16.540000915527344,16.520000457763672,16.520000457763672,0
2025-09-17T10:05:00Z,16.530000686645508,16.530000686645508,16.530000686645508,16.530000686645508,0
2025-09-17T10:10:00Z,16.530000686645508,16.540000915527344,16.530000686645508,16.540000915527344,0
2025-09-17T10:15:00Z,16.540000915527344,16.540000915527344,16.520000457763672,16.520000457763672,0
2025-09-17T10:20:00Z,16.520000457763672,16.520000457763672,16.5,16.510000228881836,0
2025-09-17T10:25:00Z,16.510000228881836,16.520000457763672,16.510000228881836,16.520000457763672,0
2025-09-17T10:30:00Z,16.530000686645508,16.59000015258789,16.530000686645508,16.579999923706055,0
2025-09-17T10:35:00Z,16.59000015258789,16.610000610351562,16.579999923706055,16.59000015258789,0
2025-09-17T10:40:00Z,16.579999923706055,16.600000381469727,16.579999923706055,16.600000381469727,0
2025-09-17T10:45:00Z,16.600000381469727,16.600000381469727,16.579999923706055,16.600000381469727,0
2025-09-17T10:50:00Z,16.600000381469727,16.6299991607666,16.600000381469727,16.6299991607666,0
2025-09-17T10:55:00Z,16.6299991607666,16.670000076293945,16.6299991607666,16.670000076293945,0
2025-09-17T11:00:00Z,16.670000076293945,16.700000762939453,16.65999984741211,16.700000762939453,0
2025-09-17T11:05:00Z,16.700000762939453,16.709999084472656,16.670000076293945,16.670000076293945,0
2025-09-17T11:10:00Z,16.670000076293945,16.670000076293945,16.639999389648438,16.639999389648438,0
2025-09-17T11:15:00Z,16.639999389648438,16.65999984741211,16.6299991607666,16.65999984741211,0
2025-09-17T11:20:00Z,16.65999984741211,16.65999984741211,16.649999618530273,16.649999618530273,0
2025-09-17T11:25:00Z,16.649999618530273,16.670000076293945,16.649999618530273,16.65999984741211,0
2025-09-17T11:30:00Z,16.670000076293945,16.670000076293945,16.639999389648438,16.649999618530273,0
2025-09-17T11:35:00Z,16.649999618530273,16.68000030517578,16.649999618530273,16.65999984741211,0
2025-09-17T11:40:00Z,16.65999984741211,16.670000076293945,16.649999618530273,16.670000076293945,0
2025-09-17T11:45:00Z,16.670000076293945,16.670000076293945,16.56999969482422,16.56999969482422,0
2025-09-17T11:50:00Z,16.559999465942383,16.559999465942383,16.520000457763672,16.520000457763672,0
2025-09-17T11:55:00Z,16.520000457763672,16.549999237060547,16.520000457763672,16.549999237060547,0
2025-09-17T12:00:00Z,16.549999237060547,16.559999465942383,16.540000915527344,16.549999237060547,0
2025-09-17T12:05:00Z,16.540000915527344,16.549999237060547,16.540000915527344,16.549999237060547,0
2025-09-17T12:10:00Z,16.549999237060547,16.559999465942383,16.540000915527344,16.540000915527344,0
2025-09-17T12:15:00Z,16.540000915527344,16.549999237060547,16.540000915527344,16.540000915527344,0
2025-09-17T12:20:00Z,16.530000686645508,16.530000686645508,16.520000457763672,16.530000686645508,0
2025-09-17T12:25:00Z,16.530000686645508,16.530000686645508,16.510000228881836,16.510000228881836,0
2025-09-17T12:30:00Z,16.5,16.5,16.459999084472656,16.459999084472656,0
2025-09-17T12:35:00Z,16.459999084472656,16.459999084472656,16.43000030517578,16.43000030517578,0
2025-09-17T12:40:00Z,16.43000030517578,16.43000030517578,16.399999618530273,16.40999984741211,0
2025-09-17T12:45:00Z,16.40999984741211,16.43000030517578,16.40999984741211,16.40999984741211,0
2025-09-17T12:50:00Z,16.399999618530273,16.420000076293945,16.399999618530273,16.420000076293945,0
2025-09-17T12:55:00Z,16.40999984741211,16.40999984741211,16.389999389648438,16.389999389648438,0
2025-09-17T13:00:00Z,16.389999389648438,16.389999389648438,16.290000915527344,16.290000915527344,0
2025-09-17T13:05:00Z,16.290000915527344,16.299999237060547,16.260000228881836,16.270000457763672,0
2025-09-17T13:10:00Z,16.270000457763672,16.270000457763672,16.260000228881836,16.260000228881836,0
2025-09-17T13:15:00Z,16.260000228881836,16.260000228881836,16.09000015258789,16.09000015258789,0
2025-09-17T13:20:00Z,16.09000015258789,16.110000610351562,16.040000915527344,16.040000915527344,0
2025-09-17T13:25:00Z,16.040000915527344,16.040000915527344,16.040000915527344,16.040000915527344,0
2025-09-17T13:30:00Z,15.979999542236328,16.020000457763672,15.970000267028809,16.020000457763672,0
2025-09-17T13:35:00Z,16.0,16.059999465942383,15.979999542236328,16.059999465942383,0
2025-09-17T13:40:00Z,16.059999465942383,16.139999389648438,16.049999237060547,16.139999389648438,0
2025-09-17T13:45:00Z,16.139999389648438,16.190000534057617,16.1200008392334,16.139999389648438,0
2025-09-17T13:50:00Z,16.139999389648438,16.139999389648438,16.09000015258789,16.1200008392334,0
2025-09-17T13:55:00Z,16.18000030517578,16.25,16.15999984741211,16.25,0
2025-09-17T14:00:00Z,16.25,16.329999923706055,16.239999771118164,16.309999465942383,0
2025-09-17T14:05:00Z,16.31999969482422,16.360000610351562,16.31999969482422,16.350000381469727,0
2025-09-17T14:10:00Z,16.360000610351562,16.389999389648438,16.350000381469727,16.389999389648438,0
2025-09-17T14:15:00Z,16.3799991607666,16.43000030517578,16.3700008392334,16.399999618530273,0
2025-09-17T14:20:00Z,16.399999618530273,16.420000076293945,16.3799991607666,16.40999984741211,0
2025-09-17T14:25:00Z,16.389999389648438,16.399999618530273,16.3700008392334,16.389999389648438,0
2025-09-17T14:30:00Z,16.399999618530273,16.420000076293945,16.350000381469727,16.3799991607666,0
2025-09-17T14:35:00Z,16.3799991607666,16.40999984741211,16.3799991607666,16.389999389648438,0
2025-09-17T14:40:00Z,16.389999389648438,16.389999389648438,16.34000015258789,16.3700008392334,0
2025-09-17T14:45:00Z,16.3700008392334,16.3799991607666,16.350000381469727,16.3700008392334,0
2025-09-17T14:50:00Z,16.360000610351562,16.399999618530273,16.360000610351562,16.360000610351562,0
2025-09-17T14:55:00Z,16.360000610351562,16.389999389648438,16.329999923706055,16.3799991607666,0
2025-09-17T15:00:00Z,16.3799991607666,16.43000030517578,16.3799991607666,16.43000030517578,0
2025-09-17T15:05:00Z,16.440000534057617,16.469999313354492,16.440000534057617,16.450000762939453,0
2025-09-17T15:10:00Z,16.440000534057617,16.469999313354492,16.43000030517578,16.469999313354492,0
2025-09-17T15:15:00Z,16.459999084472656,16.469999313354492,16.40999984741211,16.43000030517578,0
2025-09-17T15:20:00Z,16.43000030517578,16.479999542236328,16.43000030517578,16.479999542236328,0
2025-09-17T15:25:00Z,16.479999542236328,16.549999237060547,16.479999542236328,16.549999237060547,0
2025-09-17T15:30:00Z,16.549999237060547,16.56999969482422,16.530000686645508,16.530000686645508,0
2025-09-17T15:35:00Z,16.530000686645508,16.559999465942383,16.510000228881836,16.549999237060547,0
2025-09-17T15:40:00Z,16.549999237060547,16.559999465942383,16.520000457763672,16.520000457763672,0
2025-09-17T15:45:00Z,16.520000457763672,16.520000457763672,16.489999771118164,16.5,0
2025-09-17T15:50:00Z,16.489999771118164,16.520000457763672,16.489999771118164,16.520000457763672,0
2025-09-17T15:55:00Z,16.520000457763672,16.520000457763672,16.459999084472656,16.469999313354492,0
2025-09-17T16:00:00Z,16.469999313354492,16.510000228881836,16.469999313354492,16.510000228881836,0
2025-09-17T16:05:00Z,16.510000228881836,16.530000686645508,16.5,16.530000686645508,0
2025-09-17T16:10:00Z,16.530000686645508,16.559999465942383,16.530000686645508,16.559999465942383,0
2025-09-17T16:15:00Z,16.56999969482422,16.59000015258789,16.559999465942383,16.579999923706055,0
2025-09-17T16:20:00Z,16.579999923706055,16.6200008392334,16.579999923706055,16.600000381469727,0
2025-09-17T16:25:00Z,16.600000381469727,16.610000610351562,16.59000015258789,16.600000381469727,0
2025-09-17T16:30:00Z,16.579999923706055,16.6299991607666,16.579999923706055,16.6299991607666,0
2025-09-17T16:35:00Z,16.639999389648438,16.68000030517578,16.639999389648438,16.68000030517578,0
2025-09-17T16:40:00Z,16.690000534057617,16.719999313354492,16.649999618530273,16.649999618530273,0
2025-09-17T16:45:00Z,16.649999618530273,16.75,16.649999618530273,16.719999313354492,0
2025-09-17T16:50:00Z,16.719999313354492,16.719999313354492,16.670000076293945,16.690000534057617,0
2025-09-17T16:55:00Z,16.690000534057617,16.709999084472656,16.68000030517578,16.700000762939453,0
2025-09-17T17:00:00Z,16.690000534057617,16.690000534057617,16.639999389648438,16.639999389648438,0
2025-09-17T17:05:00Z,16.6299991607666,16.6299991607666,16.559999465942383,16.579999923706055,0
2025-09-17T17:10:00Z,16.59000015258789,16.6299991607666,16.59000015258789,16.600000381469727,0
2025-09-17T17:15:00Z,16.59000015258789,16.600000381469727,16.579999923706055,16.579999923706055,0
2025-09-17T17:20:00Z,16.579999923706055,16.6200008392334,16.549999237060547,16.549999237060547,0
2025-09-17T17:25:00Z,16.549999237060547,16.56999969482422,16.489999771118164,16.5,0
2025-09-17T17:30:00Z,16.5,16.5,16.459999084472656,16.459999084472656,0
2025-09-17T17:35:00Z,16.469999313354492,16.479999542236328,16.43000030517578,16.43000030517578,0
2025-09-17T17:40:00Z,16.43000030517578,16.469999313354492,16.420000076293945,16.469999313354492,0
2025-09-17T17:45:00Z,16.479999542236328,16.540000915527344,16.479999542236328,16.530000686645508,0
2025-09-17T17:50:00Z,16.540000915527344,16.559999465942383,16.530000686645508,16.530000686645508,0
2025-09-17T17:55:00Z,16.530000686645508,16.540000915527344,16.5,16.5,0
2025-09-17T18:00:00Z,16.219999313354492,16.329999923706055,15.819999694824219,15.90999984741211,0
2025-09-17T18:05:00Z,15.859999656677246,15.930000305175781,15.829999923706055,15.869999885559082,0
2025-09-17T18:10:00Z,15.949999809265137,16.399999618530273,15.9399995803833,16.34000015258789,0
2025-09-17T18:15:00Z,16.440000534057617,16.6200008392334,16.219999313354492,16.229999542236328,0
2025-09-17T18:20:00Z,16.229999542236328,16.3799991607666,15.989999771118164,16.0,0
2025-09-17T18:25:00Z,16.020000457763672,16.079999923706055,15.850000381469727,15.859999656677246,0
2025-09-17T18:30:00Z,15.84000015258789,16.299999237060547,15.84000015258789,16.139999389648438,0
2025-09-17T18:35:00Z,16.209999084472656,16.3700008392334,16.06999969482422,16.3700008392334,0
2025-09-17T18:40:00Z,16.459999084472656,16.649999618530273,16.290000915527344,16.5,0
2025-09-17T18:45:00Z,16.450000762939453,16.709999084472656,16.219999313354492,16.3700008392334,0
2025-09-17T18:50:00Z,16.31999969482422,16.739999771118164,16.299999237060547,16.65999984741211,0
2025-09-17T18:55:00Z,16.639999389648438,16.639999389648438,15.949999809265137,15.949999809265137,0
2025-09-17T19:00:00Z,15.850000381469727,15.850000381469727,15.619999885559082,15.680000305175781,0
2025-09-17T19:05:00Z,15.649999618530273,15.680000305175781,15.350000381469727,15.489999771118164,0
2025-09-17T19:10:00Z,15.449999809265137,15.640000343322754,15.3100004196167,15.609999656677246,0
2025-09-17T19:15:00Z,15.609999656677246,15.609999656677246,15.34000015258789,15.479999542236328,0
2025-09-17T19:20:00Z,15.449999809265137,15.489999771118164,15.260000228881836,15.260000228881836,0
2025-09-17T19:25:00Z,15.289999961853027,15.430000305175781,15.260000228881836,15.430000305175781,0
2025-09-17T19:30:00Z,15.470000267028809,15.729999542236328,15.420000076293945,15.729999542236328,0
2025-09-17T19:35:00Z,15.699999809265137,15.75,15.609999656677246,15.710000038146973,0
2025-09-17T19:40:00Z,15.75,15.789999961853027,15.729999542236328,15.779999732971191,0
2025-09-17T19:45:00Z,15.800000190734863,15.930000305175781,15.800000190734863,15.880000114440918,0
2025-09-17T19:50:00Z,15.880000114440918,15.930000305175781,15.800000190734863,15.850000381469727,0
2025-09-17T19:55:00Z,15.829999923706055,15.920000076293945,15.739999771118164,15.800000190734863,0
2025-09-17T20:00:00Z,15.699999809265137,15.710000038146973,15.59000015258789,15.649999618530273,0
2025-09-17T20:05:00Z,15.649999618530273,15.65999984741211,15.619999885559082,15.640000343322754,0
2025-09-17T20:10:00Z,15.649999618530273,15.729999542236328,15.649999618530273,15.720000267028809,0
2025-09-18T07:15:00Z,14.930000305175781,14.930000305175781,14.869999885559082,14.869999885559082,0
2025-09-18T07:20:00Z,14.869999885559082,14.970000267028809,14.869999885559082,14.970000267028809,0
2025-09-18T07:25:00Z,14.970000267028809,15.0,14.970000267028809,14.979999542236328,0
2025-09-18T07:30:00Z,14.979999542236328,14.979999542236328,14.949999809265137,14.960000038146973,0
2025-09-18T07:35:00Z,14.960000038146973,14.970000267028809,14.960000038146973,14.970000267028809,0
2025-09-18T07:40:00Z,14.970000267028809,14.970000267028809,14.9399995803833,14.9399995803833,0
2025-09-18T07:45:00Z,14.9399995803833,14.9399995803833,14.869999885559082,14.880000114440918,0
2025-09-18T07:50:00Z,14.880000114440918,14.880000114440918,14.850000381469727,14.850000381469727,0
2025-09-18T07:55:00Z,14.850000381469727,14.850000381469727,14.829999923706055,14.850000381469727,0
2025-09-18T08:00:00Z,14.850000381469727,14.859999656677246,14.789999961853027,14.800000190734863,0
2025-09-18T08:05:00Z,14.779999732971191,14.84000015258789,14.779999732971191,14.84000015258789,0
2025-09-18T08:10:00Z,14.84000015258789,14.84000015258789,14.779999732971191,14.779999732971191,0
2025-09-18T08:15:00Z,14.779999732971191,14.829999923706055,14.779999732971191,14.829999923706055,0
2025-09-18T08:20:00Z,14.829999923706055,14.859999656677246,14.829999923706055,14.84000015258789,0
2025-09-18T08:25:00Z,14.829999923706055,14.84000015258789,14.819999694824219,14.819999694824219,0
2025-09-18T08:30:00Z,14.819999694824219,14.84000015258789,14.819999694824219,14.829999923706055,0
2025-09-18T08:35:00Z,14.829999923706055,14.829999923706055,14.800000190734863,14.8100004196167,0
2025-09-18T08:40:00Z,14.8100004196167,14.829999923706055,14.8100004196167,14.819999694824219,0
2025-09-18T08:45:00Z,14.829999923706055,14.84000015258789,14.800000190734863,14.819999694824219,0
2025-09-18T08:50:00Z,14.800000190734863,14.829999923706055,14.779999732971191,14.829999923706055,0
2025-09-18T08:55:00Z,14.829999923706055,14.850000381469727,14.819999694824219,14.829999923706055,0
2025-09-18T09:00:00Z,14.84000015258789,14.850000381469727,14.829999923706055,14.84000015258789,0
2025-09-18T09:05:00Z,14.850000381469727,14.850000381469727,14.819999694824219,14.819999694824219,0
2025-09-18T09:10:00Z,14.819999694824219,14.880000114440918,14.819999694824219,14.880000114440918,0
2025-09-18T09:15:00Z,14.890000343322754,14.890000343322754,14.859999656677246,14.859999656677246,0
2025-09-18T09:20:00Z,14.869999885559082,14.880000114440918,14.859999656677246,14.869999885559082,0
2025-09-18T09:25:00Z,14.880000114440918,14.880000114440918,14.850000381469727,14.850000381469727,0
2025-09-18T09:30:00Z,14.850000381469727,14.850000381469727,14.84000015258789,14.84000015258789,0
2025-09-18T09:35:00Z,14.84000015258789,14.84000015258789,14.819999694824219,14.819999694824219,0
2025-09-18T09:40:00Z,14.829999923706055,14.850000381469727,14.829999923706055,14.850000381469727,0
2025-09-18T09:45:00Z,14.850000381469727,14.869999885559082,14.850000381469727,14.869999885559082,0
2025-09-18T09:50:00Z,14.869999885559082,14.869999885559082,14.829999923706055,14.859999656677246,0
2025-09-18T09:55:00Z,14.859999656677246,14.880000114440918,14.859999656677246,14.880000114440918,0
2025-09-18T10:00:00Z,14.880000114440918,14.880000114440918,14.850000381469727,14.850000381469727,0
2025-09-18T10:05:00Z,14.850000381469727,14.850000381469727,14.819999694824219,14.819999694824219,0
2025-09-18T10:10:00Z,14.819999694824219,14.829999923706055,14.819999694824219,14.819999694824219,0
2025-09-18T10:15:00Z,14.819999694824219,14.819999694824219,14.8100004196167,14.819999694824219,0
2025-09-18T10:20:00Z,14.819999694824219,14.819999694824219,14.8100004196167,14.819999694824219,0
2025-09-18T10:25:00Z,14.819999694824219,14.850000381469727,14.819999694824219,14.84000015258789,0
2025-09-18T10:30:00Z,14.84000015258789,14.859999656677246,14.84000015258789,14.850000381469727,0
2025-09-18T10:35:00Z,14.850000381469727,14.859999656677246,14.850000381469727,14.859999656677246,0
2025-09-18T10:40:00Z,14.859999656677246,14.859999656677246,14.789999961853027,14.789999961853027,0
2025-09-18T10:45:00Z,14.789999961853027,14.8100004196167,14.779999732971191,14.8100004196167,0
2025-09-18T10:50:00Z,14.8100004196167,14.8100004196167,14.770000457763672,14.779999732971191,0
2025-09-18T10:55:00Z,14.779999732971191,14.779999732971191,14.739999771118164,14.75,0
2025-09-18T11:00:00Z,14.329999923706055,14.760000228881836,14.329999923706055,14.760000228881836,0
2025-09-18T11:05:00Z,14.760000228881836,14.789999961853027,14.760000228881836,14.779999732971191,0
2025-09-18T11:10:00Z,14.779999732971191,14.800000190734863,14.760000228881836,14.800000190734863,0
2025-09-18T11:15:00Z,14.800000190734863,14.8100004196167,14.779999732971191,14.800000190734863,0
2025-09-18T11:20:00Z,14.800000190734863,14.800000190734863,14.779999732971191,14.789999961853027,0
2025-09-18T11:25:00Z,14.800000190734863,14.850000381469727,14.800000190734863,14.850000381469727,0
2025-09-18T11:30:00Z,14.84000015258789,14.859999656677246,14.84000015258789,14.859999656677246,0
2025-09-18T11:35:00Z,14.859999656677246,14.880000114440918,14.859999656677246,14.869999885559082,0
2025-09-18T11:40:00Z,14.869999885559082,14.90999984741211,14.869999885559082,14.899999618530273,0
2025-09-18T11:45:00Z,14.899999618530273,14.899999618530273,14.890000343322754,14.899999618530273,0
2025-09-18T11:50:00Z,14.899999618530273,14.90999984741211,14.899999618530273,14.90999984741211,0
2025-09-18T11:55:00Z,14.90999984741211,14.90999984741211,14.869999885559082,14.869999885559082,0
2025-09-18T12:00:00Z,14.859999656677246,14.859999656677246,14.859999656677246,14.859999656677246,0
2025-09-18T12:05:00Z,14.859999656677246,14.890000343322754,14.859999656677246,14.890000343322754,0
2025-09-18T12:10:00Z,14.899999618530273,14.920000076293945,14.899999618530273,14.899999618530273,0
2025-09-18T12:15:00Z,14.899999618530273,14.920000076293945,14.890000343322754,14.899999618530273,0
2025-09-18T12:20:00Z,14.880000114440918,14.890000343322754,14.819999694824219,14.819999694824219,0
2025-09-18T12:25:00Z,14.819999694824219,14.819999694824219,14.779999732971191,14.800000190734863,0
2025-09-18T12:30:00Z,14.800000190734863,14.880000114440918,14.430000305175781,14.869999885559082,0
2025-09-18T12:35:00Z,14.859999656677246,14.890000343322754,14.850000381469727,14.880000114440918,0
2025-09-18T12:40:00Z,14.880000114440918,14.899999618530273,14.880000114440918,14.890000343322754,0
2025-09-18T12:45:00Z,14.890000343322754,14.899999618530273,14.890000343322754,14.890000343322754,0
2025-09-18T12:50:00Z,14.890000343322754,14.949999809265137,14.890000343322754,14.949999809265137,0
2025-09-18T12:55:00Z,14.949999809265137,14.989999771118164,14.930000305175781,14.989999771118164,0
2025-09-18T13:00:00Z,15.010000228881836,15.100000381469727,15.010000228881836,15.100000381469727,0
2025-09-18T13:05:00Z,15.100000381469727,15.170000076293945,15.079999923706055,15.079999923706055,0
2025-09-18T13:10:00Z,15.079999923706055,15.109999656677246,15.079999923706055,15.100000381469727,0
2025-09-18T13:15:00Z,15.100000381469727,15.100000381469727,15.039999961853027,15.100000381469727,0
2025-09-18T13:20:00Z,15.100000381469727,15.100000381469727,15.079999923706055,15.100000381469727,0
2025-09-18T13:25:00Z,15.100000381469727,15.100000381469727,15.100000381469727,15.100000381469727,0
2025-09-18T13:30:00Z,15.3100004196167,15.3100004196167,15.15999984741211,15.260000228881836,0
2025-09-18T13:35:00Z,15.229999542236328,15.34000015258789,15.1899995803833,15.34000015258789,0
2025-09-18T13:40:00Z,15.350000381469727,15.510000228881836,15.34000015258789,15.470000267028809,0
2025-09-18T13:45:00Z,15.479999542236328,15.619999885559082,15.470000267028809,15.470000267028809,0
2025-09-18T13:50:00Z,15.470000267028809,15.470000267028809,15.34000015258789,15.430000305175781,0
2025-09-18T13:55:00Z,15.449999809265137,15.470000267028809,15.279999732971191,15.279999732971191,0
2025-09-18T14:00:00Z,15.3100004196167,15.3100004196167,15.1899995803833,15.1899995803833,0
2025-09-18T14:05:00Z,15.1899995803833,15.229999542236328,15.180000305175781,15.210000038146973,0
2025-09-18T14:10:00Z,15.210000038146973,15.220000267028809,15.1899995803833,15.210000038146973,0
2025-09-18T14:15:00Z,15.210000038146973,15.380000114440918,15.1899995803833,15.380000114440918,0
2025-09-18T14:20:00Z,15.369999885559082,15.430000305175781,15.369999885559082,15.399999618530273,0
2025-09-18T14:25:00Z,15.399999618530273,15.479999542236328,15.380000114440918,15.470000267028809,0
2025-09-18T14:30:00Z,15.479999542236328,15.609999656677246,15.479999542236328,15.609999656677246,0
2025-09-18T14:35:00Z,15.630000114440918,15.670000076293945,15.630000114440918,15.670000076293945,0
2025-09-18T14:40:00Z,15.670000076293945,15.720000267028809,15.649999618530273,15.720000267028809,0
2025-09-18T14:45:00Z,15.729999542236328,15.739999771118164,15.649999618530273,15.670000076293945,0
2025-09-18T14:50:00Z,15.670000076293945,15.710000038146973,15.670000076293945,15.699999809265137,0
2025-09-18T14:55:00Z,15.710000038146973,15.710000038146973,15.649999618530273,15.680000305175781,0
2025-09-18T15:00:00Z,15.670000076293945,15.6899995803833,15.579999923706055,15.619999885559082,0
2025-09-18T15:05:00Z,15.619999885559082,15.649999618530273,15.59000015258789,15.640000343322754,0
2025-09-18T15:10:00Z,15.640000343322754,15.710000038146973,15.640000343322754,15.710000038146973,0
2025-09-18T15:15:00Z,15.670000076293945,15.680000305175781,15.609999656677246,15.609999656677246,0
2025-09-18T15:20:00Z,15.630000114440918,15.720000267028809,15.630000114440918,15.6899995803833,0
2025-09-18T15:25:00Z,15.6899995803833,15.720000267028809,15.670000076293945,15.720000267028809,0
2025-09-18T15:30:00Z,15.710000038146973,15.710000038146973,15.670000076293945,15.699999809265137,0
2025-09-18T15:35:00Z,15.710000038146973,15.710000038146973,15.699999809265137,15.699999809265137,0
2025-09-18T15:40:00Z,15.699999809265137,15.710000038146973,15.680000305175781,15.699999809265137,0
2025-09-18T15:45:00Z,15.699999809265137,15.720000267028809,15.6899995803833,15.699999809265137,0
2025-09-18T15:50:00Z,15.710000038146973,15.800000190734863,15.699999809265137,15.75,0
2025-09-18T15:55:00Z,15.75,15.800000190734863,15.6899995803833,15.699999809265137,0
2025-09-18T16:00:00Z,15.699999809265137,15.710000038146973,15.630000114440918,15.630000114440918,0
2025-09-18T16:05:00Z,15.630000114440918,15.680000305175781,15.630000114440918,15.640000343322754,0
2025-09-18T16:10:00Z,15.640000343322754,15.65999984741211,15.5600004196167,15.5600004196167,0
2025-09-18T16:15:00Z,15.5600004196167,15.5600004196167,15.470000267028809,15.479999542236328,0
2025-09-18T16:20:00Z,15.489999771118164,15.489999771118164,15.4399995803833,15.449999809265137,0
2025-09-18T16:25:00Z,15.449999809265137,15.449999809265137,15.430000305175781,15.430000305175781,0
2025-09-18T16:30:00Z,15.430000305175781,15.4399995803833,15.430000305175781,15.4399995803833,0
2025-09-18T16:35:00Z,15.4399995803833,15.4399995803833,15.430000305175781,15.430000305175781,0
2025-09-18T16:40:00Z,15.430000305175781,15.4399995803833,15.40999984741211,15.430000305175781,0
2025-09-18T16:45:00Z,15.430000305175781,15.4399995803833,15.40999984741211,15.420000076293945,0
2025-09-18T16:50:00Z,15.420000076293945,15.449999809265137,15.420000076293945,15.4399995803833,0
2025-09-18T16:55:00Z,15.4399995803833,15.449999809265137,15.420000076293945,15.420000076293945,0
2025-09-18T17:00:00Z,15.420000076293945,15.449999809265137,15.399999618530273,15.430000305175781,0
2025-09-18T17:05:00Z,15.4399995803833,15.449999809265137,15.430000305175781,15.430000305175781,0
2025-09-18T17:10:00Z,15.430000305175781,15.4399995803833,15.430000305175781,15.4399995803833,0
2025-09-18T17:15:00Z,15.4399995803833,15.4399995803833,15.420000076293945,15.430000305175781,0
2025-09-18T17:20:00Z,15.430000305175781,15.4399995803833,15.420000076293945,15.420000076293945,0
2025-09-18T17:25:00Z,15.430000305175781,15.489999771118164,15.430000305175781,15.479999542236328,0
2025-09-18T17:30:00Z,15.489999771118164,15.529999732971191,15.489999771118164,15.529999732971191,0
2025-09-18T17:35:00Z,15.550000190734863,15.619999885559082,15.550000190734863,15.579999923706055,0
2025-09-18T17:40:00Z,15.569999694824219,15.630000114440918,15.569999694824219,15.600000381469727,0
2025-09-18T17:45:00Z,15.600000381469727,15.619999885559082,15.579999923706055,15.609999656677246,0
2025-09-18T17:50:00Z,15.609999656677246,15.619999885559082,15.529999732971191,15.529999732971191,0
2025-09-18T17:55:00Z,15.529999732971191,15.630000114440918,15.529999732971191,15.59000015258789,0
2025-09-18T18:00:00Z,15.600000381469727,15.609999656677246,15.539999961853027,15.539999961853027,0
2025-09-18T18:05:00Z,15.539999961853027,15.539999961853027,15.510000228881836,15.520000457763672,0
2025-09-18T18:10:00Z,15.520000457763672,15.600000381469727,15.520000457763672,15.569999694824219,0
2025-09-18T18:15:00Z,15.5600004196167,15.59000015258789,15.529999732971191,15.569999694824219,0
2025-09-18T18:20:00Z,15.579999923706055,15.59000015258789,15.550000190734863,15.550000190734863,0
2025-09-18T18:25:00Z,15.550000190734863,15.550000190734863,15.510000228881836,15.529999732971191,0
2025-09-18T18:30:00Z,15.539999961853027,15.539999961853027,15.460000038146973,15.460000038146973,0
2025-09-18T18:35:00Z,15.460000038146973,15.479999542236328,15.460000038146973,15.479999542236328,0
2025-09-18T18:40:00Z,15.479999542236328,15.539999961853027,15.470000267028809,15.539999961853027,0
2025-09-18T18:45:00Z,15.529999732971191,15.529999732971191,15.460000038146973,15.470000267028809,0
2025-09-18T18:50:00Z,15.489999771118164,15.489999771118164,15.4399995803833,15.4399995803833,0
2025-09-18T18:55:00Z,15.430000305175781,15.430000305175781,15.40999984741211,15.430000305175781,0
2025-09-18T19:00:00Z,15.430000305175781,15.449999809265137,15.420000076293945,15.449999809265137,0
2025-09-18T19:05:00Z,15.460000038146973,15.460000038146973,15.4399995803833,15.4399995803833,0
2025-09-18T19:10:00Z,15.4399995803833,15.539999961853027,15.4399995803833,15.529999732971191,0
2025-09-18T19:15:00Z,15.539999961853027,15.550000190734863,15.529999732971191,15.529999732971191,0
2025-09-18T19:20:00Z,15.539999961853027,15.619999885559082,15.539999961853027,15.609999656677246,0
2025-09-18T19:25:00Z,15.619999885559082,15.680000305175781,15.619999885559082,15.680000305175781,0
2025-09-18T19:30:00Z,15.6899995803833,15.729999542236328,15.670000076293945,15.720000267028809,0
2025-09-18T19:35:00Z,15.710000038146973,15.760000228881836,15.680000305175781,15.739999771118164,0
2025-09-18T19:40:00Z,15.729999542236328,15.770000457763672,15.699999809265137,15.729999542236328,0
2025-09-18T19:45:00Z,15.720000267028809,15.789999961853027,15.720000267028809,15.779999732971191,0
2025-09-18T19:50:00Z,15.760000228881836,15.760000228881836,15.640000343322754,15.640000343322754,0
2025-09-18T19:55:00Z,15.640000343322754,15.770000457763672,15.640000343322754,15.75,0
2025-09-18T20:00:00Z,15.770000457763672,15.770000457763672,15.699999809265137,15.699999809265137,0
2025-09-18T20:05:00Z,15.710000038146973,15.710000038146973,15.6899995803833,15.6899995803833,0
2025-09-18T20:10:00Z,15.680000305175781,15.699999809265137,15.680000305175781,15.699999809265137,0
2025-09-19T07:15:00Z,15.760000228881836,15.760000228881836,15.720000267028809,15.720000267028809,0
2025-09-19T07:20:00Z,15.710000038146973,15.710000038146973,15.6899995803833,15.6899995803833,0
2025-09-19T07:25:00Z,15.680000305175781,15.6899995803833,15.65999984741211,15.65999984741211,0
2025-09-19T07:30:00Z,15.65999984741211,15.670000076293945,15.649999618530273,15.65999984741211,0
2025-09-19T07:35:00Z,15.670000076293945,15.6899995803833,15.670000076293945,15.670000076293945,0
2025-09-19T07:40:00Z,15.65999984741211,15.670000076293945,15.65999984741211,15.65999984741211,0
2025-09-19T07:45:00Z,15.65999984741211,15.670000076293945,15.65999984741211,15.670000076293945,0
2025-09-19T07:50:00Z,15.65999984741211,15.65999984741211,15.609999656677246,15.609999656677246,0
2025-09-19T07:55:00Z,15.609999656677246,15.619999885559082,15.579999923706055,15.579999923706055,0
2025-09-19T08:00:00Z,15.579999923706055,15.579999923706055,15.5600004196167,15.5600004196167,0
2025-09-19T08:05:00Z,15.550000190734863,15.5600004196167,15.520000457763672,15.520000457763672,0
2025-09-19T08:10:00Z,15.520000457763672,15.520000457763672,15.5,15.5,0
2025-09-19T08:15:00Z,15.5,15.5,15.470000267028809,15.489999771118164,0
2025-09-19T08:20:00Z,15.479999542236328,15.489999771118164,15.470000267028809,15.479999542236328,0
2025-09-19T08:25:00Z,15.489999771118164,15.510000228881836,15.489999771118164,15.489999771118164,0
2025-09-19T08:30:00Z,15.489999771118164,15.489999771118164,15.479999542236328,15.479999542236328,0
2025-09-19T08:35:00Z,15.479999542236328,15.479999542236328,15.470000267028809,15.479999542236328,0
2025-09-19T08:40:00Z,15.479999542236328,15.510000228881836,15.479999542236328,15.5,0
2025-09-19T08:45:00Z,15.5,15.510000228881836,15.5,15.510000228881836,0
2025-09-19T08:50:00Z,15.510000228881836,15.510000228881836,15.489999771118164,15.5,0
2025-09-19T08:55:00Z,15.5,15.510000228881836,15.5,15.510000228881836,0
2025-09-19T09:00:00Z,15.510000228881836,15.520000457763672,15.5,15.520000457763672,0
2025-09-19T09:05:00Z,15.520000457763672,15.5600004196167,15.520000457763672,15.539999961853027,0
2025-09-19T09:10:00Z,15.539999961853027,15.5600004196167,15.529999732971191,15.5600004196167,0
2025-09-19T09:15:00Z,15.5600004196167,15.5600004196167,15.529999732971191,15.539999961853027,0
2025-09-19T09:20:00Z,15.539999961853027,15.539999961853027,15.529999732971191,15.529999732971191,0
2025-09-19T09:25:00Z,15.520000457763672,15.529999732971191,15.520000457763672,15.529999732971191,0
2025-09-19T09:30:00Z,15.529999732971191,15.529999732971191,15.5,15.510000228881836,0
2025-09-19T09:35:00Z,15.510000228881836,15.520000457763672,15.510000228881836,15.510000228881836,0
2025-09-19T09:40:00Z,15.510000228881836,15.520000457763672,15.510000228881836,15.520000457763672,0
2025-09-19T09:45:00Z,15.520000457763672,15.529999732971191,15.510000228881836,15.520000457763672,0
2025-09-19T09:50:00Z,15.529999732971191,15.5600004196167,15.520000457763672,15.539999961853027,0
2025-09-19T09:55:00Z,15.539999961853027,15.539999961853027,15.529999732971191,15.539999961853027,0
2025-09-19T10:00:00Z,15.550000190734863,15.569999694824219,15.550000190734863,15.5600004196167,0
2025-09-19T10:05:00Z,15.5600004196167,15.5600004196167,15.550000190734863,15.550000190734863,0
2025-09-19T10:10:00Z,15.5600004196167,15.579999923706055,15.550000190734863,15.5600004196167,0
2025-09-19T10:15:00Z,15.5600004196167,15.5600004196167,15.529999732971191,15.550000190734863,0
2025-09-19T10:20:00Z,15.550000190734863,15.5600004196167,15.550000190734863,15.5600004196167,0
2025-09-19T10:25:00Z,15.5600004196167,15.5600004196167,15.539999961853027,15.539999961853027,0
2025-09-19T10:30:00Z,15.539999961853027,15.550000190734863,15.539999961853027,15.550000190734863,0
2025-09-19T10:35:00Z,15.550000190734863,15.550000190734863,15.529999732971191,15.529999732971191,0
2025-09-19T10:40:00Z,15.529999732971191,15.529999732971191,15.520000457763672,15.529999732971191,0
2025-09-19T10:45:00Z,15.529999732971191,15.550000190734863,15.529999732971191,15.550000190734863,0
2025-09-19T10:50:00Z,15.550000190734863,15.5600004196167,15.550000190734863,15.5600004196167,0
2025-09-19T10:55:00Z,15.569999694824219,15.609999656677246,15.550000190734863,15.5600004196167,0
2025-09-19T11:00:00Z,15.5600004196167,15.5600004196167,15.520000457763672,15.550000190734863,0
2025-09-19T11:05:00Z,15.539999961853027,15.5600004196167,15.529999732971191,15.550000190734863,0
2025-09-19T11:10:00Z,15.550000190734863,15.59000015258789,15.550000190734863,15.579999923706055,0
2025-09-19T11:15:00Z,15.579999923706055,15.59000015258789,15.569999694824219,15.569999694824219,0
2025-09-19T11:20:00Z,15.569999694824219,15.579999923706055,15.5600004196167,15.5600004196167,0
2025-09-19T11:25:00Z,15.5600004196167,15.569999694824219,15.550000190734863,15.550000190734863,0
2025-09-19T11:30:00Z,15.539999961853027,15.5600004196167,15.539999961853027,15.539999961853027,0
2025-09-19T11:35:00Z,15.539999961853027,15.539999961853027,15.510000228881836,15.520000457763672,0
2025-09-19T11:40:00Z,15.520000457763672,15.539999961853027,15.510000228881836,15.539999961853027,0
2025-09-19T11:45:00Z,15.550000190734863,15.550000190734863,15.529999732971191,15.539999961853027,0
2025-09-19T11:50:00Z,15.539999961853027,15.539999961853027,15.520000457763672,15.520000457763672,0
2025-09-19T11:55:00Z,15.510000228881836,15.510000228881836,15.5,15.510000228881836,0
2025-09-19T12:00:00Z,15.510000228881836,15.510000228881836,15.460000038146973,15.460000038146973,0
2025-09-19T12:05:00Z,15.460000038146973,15.479999542236328,15.460000038146973,15.479999542236328,0
2025-09-19T12:10:00Z,15.479999542236328,15.479999542236328,15.449999809265137,15.460000038146973,0
2025-09-19T12:15:00Z,15.460000038146973,15.470000267028809,15.449999809265137,15.449999809265137,0
2025-09-19T12:20:00Z,15.449999809265137,15.460000038146973,15.430000305175781,15.430000305175781,0
2025-09-19T12:25:00Z,15.430000305175781,15.430000305175781,15.390000343322754,15.390000343322754,0
2025-09-19T12:30:00Z,15.390000343322754,15.420000076293945,15.390000343322754,15.420000076293945,0
2025-09-19T12:35:00Z,15.40999984741211,15.430000305175781,15.40999984741211,15.420000076293945,0
2025-09-19T12:40:00Z,15.40999984741211,15.430000305175781,15.399999618530273,15.430000305175781,0
2025-09-19T12:45:00Z,15.420000076293945,15.420000076293945,15.390000343322754,15.390000343322754,0
2025-09-19T12:50:00Z,15.390000343322754,15.40999984741211,15.380000114440918,15.40999984741211,0
2025-09-19T12:55:00Z,15.40999984741211,15.430000305175781,15.40999984741211,15.420000076293945,0
2025-09-19T13:00:00Z,15.420000076293945,15.430000305175781,15.380000114440918,15.380000114440918,0
2025-09-19T13:05:00Z,15.369999885559082,15.380000114440918,15.359999656677246,15.359999656677246,0
2025-09-19T13:10:00Z,15.359999656677246,15.359999656677246,15.34000015258789,15.34000015258789,0
2025-09-19T13:15:00Z,15.34000015258789,15.34000015258789,15.3100004196167,15.319999694824219,0
2025-09-19T13:20:00Z,15.319999694824219,15.319999694824219,15.289999961853027,15.3100004196167,0
2025-09-19T13:25:00Z,15.3100004196167,15.3100004196167,15.3100004196167,15.3100004196167,0
2025-09-19T13:30:00Z,15.449999809265137,15.460000038146973,15.350000381469727,15.460000038146973,0
2025-09-19T13:35:00Z,15.460000038146973,15.5,15.4399995803833,15.5,0
2025-09-19T13:40:00Z,15.470000267028809,15.609999656677246,15.420000076293945,15.600000381469727,0
2025-09-19T13:45:00Z,15.609999656677246,15.640000343322754,15.529999732971191,15.529999732971191,0
2025-09-19T13:50:00Z,15.5600004196167,15.59000015258789,15.520000457763672,15.579999923706055,0
2025-09-19T13:55:00Z,15.579999923706055,15.680000305175781,15.5600004196167,15.680000305175781,0
2025-09-19T14:00:00Z,15.670000076293945,15.6899995803833,15.649999618530273,15.670000076293945,0
2025-09-19T14:05:00Z,15.680000305175781,15.75,15.670000076293945,15.75,0
2025-09-19T14:10:00Z,15.75,15.760000228881836,15.710000038146973,15.75,0
2025-09-19T14:15:00Z,15.75,15.770000457763672,15.729999542236328,15.770000457763672,0
2025-09-19T14:20:00Z,15.739999771118164,15.779999732971191,15.680000305175781,15.6899995803833,0
2025-09-19T14:25:00Z,15.699999809265137,15.770000457763672,15.6899995803833,15.770000457763672,0
2025-09-19T14:30:00Z,15.770000457763672,15.779999732971191,15.729999542236328,15.739999771118164,0
2025-09-19T14:35:00Z,15.739999771118164,15.779999732971191,15.729999542236328,15.779999732971191,0
2025-09-19T14:40:00Z,15.779999732971191,15.880000114440918,15.779999732971191,15.880000114440918,0
2025-09-19T14:45:00Z,15.890000343322754,15.979999542236328,15.890000343322754,15.90999984741211,0
2025-09-19T14:50:00Z,15.90999984741211,15.930000305175781,15.779999732971191,15.800000190734863,0
2025-09-19T14:55:00Z,15.800000190734863,15.869999885559082,15.800000190734863,15.84000015258789,0
2025-09-19T15:00:00Z,15.84000015258789,15.899999618530273,15.8100004196167,15.899999618530273,0
2025-09-19T15:05:00Z,15.920000076293945,15.970000267028809,15.90999984741211,15.970000267028809,0
2025-09-19T15:10:00Z,15.979999542236328,16.020000457763672,15.970000267028809,15.989999771118164,0
2025-09-19T15:15:00Z,15.989999771118164,16.020000457763672,15.989999771118164,16.010000228881836,0
2025-09-19T15:20:00Z,16.010000228881836,16.059999465942383,15.979999542236328,15.989999771118164,0
2025-09-19T15:25:00Z,15.989999771118164,16.09000015258789,15.989999771118164,16.079999923706055,0
2025-09-19T15:30:00Z,16.049999237060547,16.1299991607666,16.049999237060547,16.110000610351562,0
2025-09-19T15:35:00Z,16.09000015258789,16.110000610351562,16.030000686645508,16.049999237060547,0
2025-09-19T15:40:00Z,16.06999969482422,16.06999969482422,15.979999542236328,15.989999771118164,0
2025-09-19T15:45:00Z,16.010000228881836,16.040000915527344,15.970000267028809,15.970000267028809,0
2025-09-19T15:50:00Z,15.960000038146973,15.960000038146973,15.890000343322754,15.890000343322754,0
2025-09-19T15:55:00Z,15.880000114440918,15.90999984741211,15.859999656677246,15.869999885559082,0
2025-09-19T16:00:00Z,15.869999885559082,15.869999885559082,15.8100004196167,15.819999694824219,0
2025-09-19T16:05:00Z,15.8100004196167,15.819999694824219,15.800000190734863,15.8100004196167,0
2025-09-19T16:10:00Z,15.819999694824219,15.84000015258789,15.789999961853027,15.8100004196167,0
2025-09-19T16:15:00Z,15.8100004196167,15.8100004196167,15.779999732971191,15.789999961853027,0
2025-09-19T16:20:00Z,15.789999961853027,15.8100004196167,15.710000038146973,15.770000457763672,0
2025-09-19T16:25:00Z,15.770000457763672,15.789999961853027,15.760000228881836,15.789999961853027,0
2025-09-19T16:30:00Z,15.789999961853027,15.8100004196167,15.789999961853027,15.800000190734863,0
2025-09-19T16:35:00Z,15.800000190734863,15.800000190734863,15.75,15.779999732971191,0
2025-09-19T16:40:00Z,15.770000457763672,15.770000457763672,15.75,15.75,0
2025-09-19T16:45:00Z,15.739999771118164,15.760000228881836,15.699999809265137,15.739999771118164,0
2025-09-19T16:50:00Z,15.75,15.789999961853027,15.75,15.789999961853027,0
2025-09-19T16:55:00Z,15.789999961853027,15.8100004196167,15.789999961853027,15.800000190734863,0
2025-09-19T17:00:00Z,15.800000190734863,15.8100004196167,15.779999732971191,15.8100004196167,0
2025-09-19T17:05:00Z,15.819999694824219,15.869999885559082,15.819999694824219,15.869999885559082,0
2025-09-19T17:10:00Z,15.869999885559082,15.869999885559082,15.829999923706055,15.829999923706055,0
2025-09-19T17:15:00Z,15.819999694824219,15.819999694824219,15.770000457763672,15.789999961853027,0
2025-09-19T17:20:00Z,15.789999961853027,15.789999961853027,15.760000228881836,15.770000457763672,0
2025-09-19T17:25:00Z,15.770000457763672,15.789999961853027,15.760000228881836,15.760000228881836,0
2025-09-19T17:30:00Z,15.760000228881836,15.770000457763672,15.729999542236328,15.75,0
2025-09-19T17:35:00Z,15.739999771118164,15.75,15.720000267028809,15.729999542236328,0
2025-09-19T17:40:00Z,15.729999542236328,15.739999771118164,15.710000038146973,15.720000267028809,0
2025-09-19T17:45:00Z,15.710000038146973,15.760000228881836,15.710000038146973,15.739999771118164,0
2025-09-19T17:50:00Z,15.739999771118164,15.739999771118164,15.710000038146973,15.720000267028809,0
2025-09-19T17:55:00Z,15.720000267028809,15.739999771118164,15.710000038146973,15.720000267028809,0
2025-09-19T18:00:00Z,15.729999542236328,15.739999771118164,15.710000038146973,15.710000038146973,0
2025-09-19T18:05:00Z,15.710000038146973,15.720000267028809,15.710000038146973,15.710000038146973,0
2025-09-19T18:10:00Z,15.710000038146973,15.710000038146973,15.699999809265137,15.699999809265137,0
2025-09-19T18:15:00Z,15.699999809265137,15.739999771118164,15.6899995803833,15.739999771118164,0
2025-09-19T18:20:00Z,15.739999771118164,15.75,15.710000038146973,15.75,0
2025-09-19T18:25:00Z,15.75,15.770000457763672,15.739999771118164,15.739999771118164,0
2025-09-19T18:30:00Z,15.739999771118164,15.75,15.680000305175781,15.6899995803833,0
2025-09-19T18:35:00Z,15.6899995803833,15.6899995803833,15.65999984741211,15.65999984741211,0
2025-09-19T18:40:00Z,15.65999984741211,15.65999984741211,15.630000114440918,15.640000343322754,0
2025-09-19T18:45:00Z,15.640000343322754,15.649999618530273,15.640000343322754,15.640000343322754,0
2025-09-19T18:50:00Z,15.619999885559082,15.649999618530273,15.619999885559082,15.630000114440918,0
2025-09-19T18:55:00Z,15.619999885559082,15.630000114440918,15.600000381469727,15.600000381469727,0
2025-09-19T19:00:00Z,15.59000015258789,15.59000015258789,15.550000190734863,15.59000015258789,0
2025-09-19T19:05:00Z,15.600000381469727,15.649999618530273,15.600000381469727,15.649999618530273,0
2025-09-19T19:10:00Z,15.649999618530273,15.65999984741211,15.640000343322754,15.65999984741211,0
2025-09-19T19:15:00Z,15.649999618530273,15.649999618530273,15.609999656677246,15.619999885559082,0
2025-09-19T19:20:00Z,15.619999885559082,15.630000114440918,15.609999656677246,15.630000114440918,0
2025-09-19T19:25:00Z,15.630000114440918,15.65999984741211,15.600000381469727,15.65999984741211,0
2025-09-19T19:30:00Z,15.65999984741211,15.670000076293945,15.630000114440918,15.649999618530273,0
2025-09-19T19:35:00Z,15.649999618530273,15.65999984741211,15.630000114440918,15.630000114440918,0
2025-09-19T19:40:00Z,15.619999885559082,15.630000114440918,15.600000381469727,15.630000114440918,0
2025-09-19T19:45:00Z,15.630000114440918,15.630000114440918,15.579999923706055,15.579999923706055,0
2025-09-19T19:50:00Z,15.569999694824219,15.59000015258789,15.550000190734863,15.550000190734863,0
2025-09-19T19:55:00Z,15.539999961853027,15.59000015258789,15.479999542236328,15.489999771118164,0
2025-09-19T20:00:00Z,15.489999771118164,15.489999771118164,15.470000267028809,15.470000267028809,0
2025-09-19T20:05:00Z,15.470000267028809,15.470000267028809,15.449999809265137,15.460000038146973,0
2025-09-19T20:10:00Z,15.449999809265137,15.460000038146973,15.430000305175781,15.449999809265137,0
2025-09-22T07:15:00Z,16.139999389648438,16.200000762939453,16.139999389648438,16.200000762939453,0
2025-09-22T07:20:00Z,16.200000762939453,16.309999465942383,16.18000030517578,16.309999465942383,0
2025-09-22T07:25:00Z,16.31999969482422,16.350000381469727,16.309999465942383,16.34000015258789,0
2025-09-22T07:30:00Z,16.34000015258789,16.34000015258789,16.290000915527344,16.309999465942383,0
2025-09-22T07:35:00Z,16.329999923706055,16.329999923706055,16.280000686645508,16.280000686645508,0
2025-09-22T07:40:00Z,16.270000457763672,16.280000686645508,16.260000228881836,16.260000228881836,0
2025-09-22T07:45:00Z,16.260000228881836,16.260000228881836,16.25,16.260000228881836,0
2025-09-22T07:50:00Z,16.260000228881836,16.260000228881836,16.239999771118164,16.25,0
2025-09-22T07:55:00Z,16.25,16.260000228881836,16.25,16.25,0
2025-09-22T08:00:00Z,16.25,16.25,16.219999313354492,16.229999542236328,0
2025-09-22T08:05:00Z,16.229999542236328,16.229999542236328,16.219999313354492,16.219999313354492,0
2025-09-22T08:10:00Z,16.209999084472656,16.209999084472656,16.15999984741211,16.15999984741211,0
2025-09-22T08:15:00Z,16.15999984741211,16.15999984741211,16.1200008392334,16.1200008392334,0
2025-09-22T08:20:00Z,16.1200008392334,16.1299991607666,16.110000610351562,16.1299991607666,0
2025-09-22T08:25:00Z,16.1299991607666,16.139999389648438,16.1200008392334,16.139999389648438,0
2025-09-22T08:30:00Z,16.139999389648438,16.139999389648438,16.1299991607666,16.1299991607666,0
2025-09-22T08:35:00Z,16.1299991607666,16.1299991607666,16.110000610351562,16.110000610351562,0
2025-09-22T08:40:00Z,16.110000610351562,16.1200008392334,16.110000610351562,16.1200008392334,0
2025-09-22T08:45:00Z,16.1200008392334,16.139999389648438,16.1200008392334,16.139999389648438,0
2025-09-22T08:50:00Z,16.139999389648438,16.15999984741211,16.139999389648438,16.15999984741211,0
2025-09-22T08:55:00Z,16.170000076293945,16.209999084472656,16.170000076293945,16.209999084472656,0
2025-09-22T09:00:00Z,16.209999084472656,16.209999084472656,16.200000762939453,16.209999084472656,0
2025-09-22T09:05:00Z,16.229999542236328,16.290000915527344,16.229999542236328,16.280000686645508,0
2025-09-22T09:10:00Z,16.280000686645508,16.290000915527344,16.270000457763672,16.290000915527344,0
2025-09-22T09:15:00Z,16.299999237060547,16.299999237060547,16.25,16.25,0
2025-09-22T09:20:00Z,16.25,16.260000228881836,16.25,16.260000228881836,0
2025-09-22T09:25:00Z,16.260000228881836,16.260000228881836,16.229999542236328,16.229999542236328,0
2025-09-22T09:30:00Z,16.229999542236328,16.25,16.229999542236328,16.239999771118164,0
2025-09-22T09:35:00Z,16.239999771118164,16.25,16.229999542236328,16.239999771118164,0
2025-09-22T09:40:00Z,16.25,16.25,16.229999542236328,16.229999542236328,0
2025-09-22T09:45:00Z,16.229999542236328,16.229999542236328,16.219999313354492,16.219999313354492,0
2025-09-22T09:50:00Z,16.229999542236328,16.229999542236328,16.209999084472656,16.209999084472656,0
2025-09-22T09:55:00Z,16.209999084472656,16.219999313354492,16.209999084472656,16.209999084472656,0
2025-09-22T10:00:00Z,16.209999084472656,16.219999313354492,16.200000762939453,16.200000762939453,0
2025-09-22T10:05:00Z,16.200000762939453,16.200000762939453,16.170000076293945,16.170000076293945,0
2025-09-22T10:10:00Z,16.170000076293945,16.170000076293945,16.15999984741211,16.15999984741211,0
2025-09-22T10:15:00Z,16.15999984741211,16.15999984741211,16.1299991607666,16.1299991607666,0
2025-09-22T10:20:00Z,16.1299991607666,16.1299991607666,16.100000381469727,16.100000381469727,0
2025-09-22T10:25:00Z,16.100000381469727,16.100000381469727,16.09000015258789,16.100000381469727,0
2025-09-22T10:30:00Z,16.100000381469727,16.100000381469727,16.09000015258789,16.100000381469727,0
2025-09-22T10:35:00Z,16.100000381469727,16.110000610351562,16.100000381469727,16.100000381469727,0
2025-09-22T10:40:00Z,16.100000381469727,16.110000610351562,16.100000381469727,16.110000610351562,0
2025-09-22T10:45:00Z,16.110000610351562,16.110000610351562,16.100000381469727,16.100000381469727,0
2025-09-22T10:50:00Z,16.09000015258789,16.1299991607666,16.09000015258789,16.1200008392334,0
2025-09-22T10:55:00Z,16.1200008392334,16.149999618530273,16.1200008392334,16.149999618530273,0
2025-09-22T11:00:00Z,16.149999618530273,16.15999984741211,16.1200008392334,16.1200008392334,0
2025-09-22T11:05:00Z,16.1200008392334,16.1200008392334,16.09000015258789,16.09000015258789,0
2025-09-22T11:10:00Z,16.09000015258789,16.110000610351562,16.09000015258789,16.110000610351562,0
2025-09-22T11:15:00Z,16.110000610351562,16.1200008392334,16.110000610351562,16.1200008392334,0
2025-09-22T11:20:00Z,16.1200008392334,16.1299991607666,16.110000610351562,16.1299991607666,0
2025-09-22T11:25:00Z,16.1299991607666,16.139999389648438,16.1299991607666,16.1299991607666,0
2025-09-22T11:30:00Z,16.1299991607666,16.139999389648438,16.1200008392334,16.1200008392334,0
2025-09-22T11:35:00Z,16.1200008392334,16.139999389648438,16.110000610351562,16.139999389648438,0
2025-09-22T11:40:00Z,16.139999389648438,16.15999984741211,16.1299991607666,16.139999389648438,0
2025-09-22T11:45:00Z,16.139999389648438,16.149999618530273,16.139999389648438,16.139999389648438,0
2025-09-22T11:50:00Z,16.139999389648438,16.15999984741211,16.139999389648438,16.149999618530273,0
2025-09-22T11:55:00Z,16.149999618530273,16.149999618530273,16.110000610351562,16.110000610351562,0
2025-09-22T12:00:00Z,16.1200008392334,16.139999389648438,16.1200008392334,16.139999389648438,0
2025-09-22T12:05:00Z,16.139999389648438,16.149999618530273,16.1299991607666,16.139999389648438,0
2025-09-22T12:10:00Z,16.139999389648438,16.15999984741211,16.139999389648438,16.15999984741211,0
2025-09-22T12:15:00Z,16.15999984741211,16.18000030517578,16.15999984741211,16.170000076293945,0
2025-09-22T12:20:00Z,16.170000076293945,16.170000076293945,16.149999618530273,16.149999618530273,0
2025-09-22T12:25:00Z,16.149999618530273,16.15999984741211,16.149999618530273,16.15999984741211,0
2025-09-22T12:30:00Z,16.15999984741211,16.170000076293945,16.149999618530273,16.15999984741211,0
2025-09-22T12:35:00Z,16.15999984741211,16.15999984741211,16.139999389648438,16.139999389648438,0
2025-09-22T12:40:00Z,16.139999389648438,16.139999389648438,16.100000381469727,16.1200008392334,0
2025-09-22T12:45:00Z,16.1200008392334,16.1299991607666,16.100000381469727,16.110000610351562,0
2025-09-22T12:50:00Z,16.110000610351562,16.1200008392334,16.100000381469727,16.1200008392334,0
2025-09-22T12:55:00Z,16.1299991607666,16.1299991607666,16.110000610351562,16.110000610351562,0
2025-09-22T13:00:00Z,16.110000610351562,16.149999618530273,16.110000610351562,16.110000610351562,0
2025-09-22T13:05:00Z,16.110000610351562,16.110000610351562,16.100000381469727,16.110000610351562,0
2025-09-22T13:10:00Z,16.110000610351562,16.110000610351562,16.09000015258789,16.100000381469727,0
2025-09-22T13:15:00Z,16.100000381469727,16.110000610351562,16.049999237060547,16.049999237060547,0
2025-09-22T13:20:00Z,16.049999237060547,16.049999237060547,16.040000915527344,16.040000915527344,0
2025-09-22T13:25:00Z,16.040000915527344,16.040000915527344,16.040000915527344,16.040000915527344,0
2025-09-22T13:30:00Z,16.020000457763672,16.020000457763672,15.989999771118164,15.989999771118164,0
2025-09-22T13:35:00Z,15.989999771118164,16.040000915527344,15.970000267028809,16.040000915527344,0
2025-09-22T13:40:00Z,16.040000915527344,16.06999969482422,16.030000686645508,16.049999237060547,0
2025-09-22T13:45:00Z,16.059999465942383,16.059999465942383,15.9399995803833,15.949999809265137,0
2025-09-22T13:50:00Z,15.949999809265137,15.949999809265137,15.890000343322754,15.890000343322754,0
2025-09-22T13:55:00Z,15.880000114440918,15.920000076293945,15.880000114440918,15.90999984741211,0
2025-09-22T14:00:00Z,15.930000305175781,15.949999809265137,15.890000343322754,15.899999618530273,0
2025-09-22T14:05:00Z,15.90999984741211,15.920000076293945,15.890000343322754,15.920000076293945,0
2025-09-22T14:10:00Z,15.90999984741211,15.960000038146973,15.90999984741211,15.90999984741211,0
2025-09-22T14:15:00Z,15.920000076293945,15.9399995803833,15.90999984741211,15.9399995803833,0
2025-09-22T14:20:00Z,15.9399995803833,15.9399995803833,15.890000343322754,15.90999984741211,0
2025-09-22T14:25:00Z,15.90999984741211,15.920000076293945,15.899999618530273,15.90999984741211,0
2025-09-22T14:30:00Z,15.899999618530273,15.90999984741211,15.899999618530273,15.899999618530273,0
2025-09-22T14:35:00Z,15.899999618530273,15.899999618530273,15.869999885559082,15.869999885559082,0
2025-09-22T14:40:00Z,15.869999885559082,15.869999885559082,15.850000381469727,15.869999885559082,0
2025-09-22T14:45:00Z,15.869999885559082,15.869999885559082,15.829999923706055,15.84000015258789,0
2025-09-22T14:50:00Z,15.84000015258789,15.84000015258789,15.8100004196167,15.829999923706055,0
2025-09-22T14:55:00Z,15.829999923706055,15.84000015258789,15.800000190734863,15.8100004196167,0
2025-09-22T15:00:00Z,15.819999694824219,15.90999984741211,15.819999694824219,15.90999984741211,0
2025-09-22T15:05:00Z,15.90999984741211,15.930000305175781,15.869999885559082,15.880000114440918,0
2025-09-22T15:10:00Z,15.880000114440918,15.90999984741211,15.880000114440918,15.890000343322754,0
2025-09-22T15:15:00Z,15.899999618530273,15.899999618530273,15.880000114440918,15.880000114440918,0
2025-09-22T15:20:00Z,15.880000114440918,15.890000343322754,15.859999656677246,15.880000114440918,0
2025-09-22T15:25:00Z,15.869999885559082,15.880000114440918,15.850000381469727,15.859999656677246,0
2025-09-22T15:30:00Z,15.859999656677246,15.869999885559082,15.859999656677246,15.869999885559082,0
2025-09-22T15:35:00Z,15.869999885559082,15.869999885559082,15.829999923706055,15.84000015258789,0
2025-09-22T15:40:00Z,15.84000015258789,15.850000381469727,15.829999923706055,15.84000015258789,0
2025-09-22T15:45:00Z,15.84000015258789,15.859999656677246,15.829999923706055,15.850000381469727,0
2025-09-22T15:50:00Z,15.859999656677246,15.869999885559082,15.84000015258789,15.869999885559082,0
2025-09-22T15:55:00Z,15.880000114440918,15.899999618530273,15.869999885559082,15.880000114440918,0
2025-09-22T16:00:00Z,15.890000343322754,15.890000343322754,15.84000015258789,15.859999656677246,0
2025-09-22T16:05:00Z,15.859999656677246,15.880000114440918,15.84000015258789,15.84000015258789,0
2025-09-22T16:10:00Z,15.829999923706055,15.829999923706055,15.8100004196167,15.819999694824219,0
2025-09-22T16:15:00Z,15.819999694824219,15.819999694824219,15.789999961853027,15.800000190734863,0
2025-09-22T16:20:00Z,15.8100004196167,15.8100004196167,15.779999732971191,15.800000190734863,0
2025-09-22T16:25:00Z,15.789999961853027,15.800000190734863,15.779999732971191,15.779999732971191,0
2025-09-22T16:30:00Z,15.789999961853027,15.819999694824219,15.779999732971191,15.8100004196167,0
2025-09-22T16:35:00Z,15.8100004196167,15.819999694824219,15.8100004196167,15.819999694824219,0
2025-09-22T16:40:00Z,15.8100004196167,15.819999694824219,15.8100004196167,15.819999694824219,0
2025-09-22T16:45:00Z,15.819999694824219,15.850000381469727,15.819999694824219,15.850000381469727,0
2025-09-22T16:50:00Z,15.850000381469727,15.850000381469727,15.84000015258789,15.84000015258789,0
2025-09-22T16:55:00Z,15.84000015258789,15.850000381469727,15.829999923706055,15.850000381469727,0
2025-09-22T17:00:00Z,15.850000381469727,15.850000381469727,15.829999923706055,15.850000381469727,0
2025-09-22T17:05:00Z,15.850000381469727,15.869999885559082,15.850000381469727,15.869999885559082,0
2025-09-22T17:10:00Z,15.869999885559082,15.930000305175781,15.869999885559082,15.930000305175781,0
2025-09-22T17:15:00Z,15.920000076293945,15.949999809265137,15.920000076293945,15.949999809265137,0
2025-09-22T17:20:00Z,15.949999809265137,15.960000038146973,15.930000305175781,15.9399995803833,0
2025-09-22T17:25:00Z,15.9399995803833,15.9399995803833,15.920000076293945,15.920000076293945,0
2025-09-22T17:30:00Z,15.920000076293945,15.9399995803833,15.920000076293945,15.9399995803833,0
2025-09-22T17:35:00Z,15.9399995803833,15.970000267028809,15.9399995803833,15.9399995803833,0
2025-09-22T17:40:00Z,15.949999809265137,15.960000038146973,15.920000076293945,15.930000305175781,0
2025-09-22T17:45:00Z,15.920000076293945,15.9399995803833,15.920000076293945,15.9399995803833,0
2025-09-22T17:50:00Z,15.9399995803833,15.949999809265137,15.930000305175781,15.9399995803833,0
2025-09-22T17:55:00Z,15.9399995803833,15.949999809265137,15.920000076293945,15.9399995803833,0
2025-09-22T18:00:00Z,15.9399995803833,15.949999809265137,15.930000305175781,15.949999809265137,0
2025-09-22T18:05:00Z,15.9399995803833,15.960000038146973,15.9399995803833,15.949999809265137,0
2025-09-22T18:10:00Z,15.949999809265137,15.949999809265137,15.880000114440918,15.880000114440918,0
2025-09-22T18:15:00Z,15.880000114440918,15.880000114440918,15.850000381469727,15.859999656677246,0
2025-09-22T18:20:00Z,15.859999656677246,15.869999885559082,15.850000381469727,15.850000381469727,0
2025-09-22T18:25:00Z,15.850000381469727,15.859999656677246,15.84000015258789,15.859999656677246,0
2025-09-22T18:30:00Z,15.859999656677246,15.890000343322754,15.859999656677246,15.890000343322754,0
2025-09-22T18:35:00Z,15.880000114440918,15.880000114440918,15.869999885559082,15.869999885559082,0
2025-09-22T18:40:00Z,15.869999885559082,15.890000343322754,15.869999885559082,15.890000343322754,0
2025-09-22T18:45:00Z,15.890000343322754,15.890000343322754,15.880000114440918,15.890000343322754,0
2025-09-22T18:50:00Z,15.890000343322754,15.890000343322754,15.880000114440918,15.890000343322754,0
2025-09-22T18:55:00Z,15.890000343322754,15.890000343322754,15.880000114440918,15.880000114440918,0
2025-09-22T19:00:00Z,15.880000114440918,15.890000343322754,15.869999885559082,15.890000343322754,0
2025-09-22T19:05:00Z,15.880000114440918,15.920000076293945,15.880000114440918,15.920000076293945,0
2025-09-22T19:10:00Z,15.920000076293945,15.949999809265137,15.90999984741211,15.949999809265137,0
2025-09-22T19:15:00Z,15.949999809265137,15.989999771118164,15.949999809265137,15.979999542236328,0
2025-09-22T19:20:00Z,15.979999542236328,16.0,15.979999542236328,16.0,0
2025-09-22T19:25:00Z,16.0,16.010000228881836,15.989999771118164,16.010000228881836,0
2025-09-22T19:30:00Z,16.010000228881836,16.030000686645508,16.010000228881836,16.030000686645508,0
2025-09-22T19:35:00Z,16.040000915527344,16.059999465942383,16.040000915527344,16.040000915527344,0
2025-09-22T19:40:00Z,16.040000915527344,16.059999465942383,16.040000915527344,16.059999465942383,0
2025-09-22T19:45:00Z,16.049999237060547,16.049999237060547,16.010000228881836,16.010000228881836,0
2025-09-22T19:50:00Z,16.010000228881836,16.020000457763672,15.979999542236328,15.979999542236328,0
2025-09-22T19:55:00Z,15.979999542236328,16.030000686645508,15.970000267028809,16.030000686645508,0
2025-09-22T20:00:00Z,16.040000915527344,16.09000015258789,16.040000915527344,16.079999923706055,0
2025-09-22T20:05:00Z,16.079999923706055,16.110000610351562,16.079999923706055,16.110000610351562,0
2025-09-22T20:10:00Z,16.110000610351562,16.1200008392334,16.100000381469727,16.110000610351562,0
2025-09-23T07:15:00Z,16.100000381469727,16.110000610351562,16.049999237060547,16.049999237060547,0
2025-09-23T07:20:00Z,16.059999465942383,16.06999969482422,16.059999465942383,16.06999969482422,0
2025-09-23T07:25:00Z,16.06999969482422,16.079999923706055,16.06999969482422,16.06999969482422,0
2025-09-23T07:30:00Z,16.06999969482422,16.06999969482422,16.059999465942383,16.059999465942383,0
2025-09-23T07:35:00Z,16.059999465942383,16.059999465942383,16.040000915527344,16.049999237060547,0
2025-09-23T07:40:00Z,16.049999237060547,16.049999237060547,16.030000686645508,16.040000915527344,0
2025-09-23T07:45:00Z,16.040000915527344,16.049999237060547,16.040000915527344,16.040000915527344,0
2025-09-23T07:50:00Z,16.049999237060547,16.09000015258789,16.049999237060547,16.09000015258789,0
2025-09-23T07:55:00Z,16.09000015258789,16.149999618530273,16.09000015258789,16.149999618530273,0
2025-09-23T08:00:00Z,16.170000076293945,16.170000076293945,16.139999389648438,16.139999389648438,0
2025-09-23T08:05:00Z,16.149999618530273,16.149999618530273,16.100000381469727,16.100000381469727,0
2025-09-23T08:10:00Z,16.100000381469727,16.110000610351562,16.09000015258789,16.09000015258789,0
2025-09-23T08:15:00Z,16.09000015258789,16.09000015258789,16.059999465942383,16.059999465942383,0
2025-09-23T08:20:00Z,16.059999465942383,16.06999969482422,16.049999237060547,16.049999237060547,0
2025-09-23T08:25:00Z,16.049999237060547,16.049999237060547,16.049999237060547,16.049999237060547,0
2025-09-23T08:30:00Z,16.049999237060547,16.06999969482422,16.040000915527344,16.06999969482422,0
2025-09-23T08:35:00Z,16.079999923706055,16.079999923706055,16.059999465942383,16.059999465942383,0
2025-09-23T08:40:00Z,16.059999465942383,16.06999969482422,16.059999465942383,16.06999969482422,0
2025-09-23T08:45:00Z,16.06999969482422,16.079999923706055,16.06999969482422,16.079999923706055,0
2025-09-23T08:50:00Z,16.079999923706055,16.079999923706055,16.06999969482422,16.06999969482422,0
2025-09-23T08:55:00Z,16.06999969482422,16.079999923706055,16.06999969482422,16.079999923706055,0
2025-09-23T09:00:00Z,16.079999923706055,16.09000015258789,16.079999923706055,16.09000015258789,0
2025-09-23T09:05:00Z,16.079999923706055,16.09000015258789,16.079999923706055,16.09000015258789,0
2025-09-23T09:10:00Z,16.09000015258789,16.09000015258789,16.079999923706055,16.079999923706055,0
2025-09-23T09:15:00Z,16.079999923706055,16.079999923706055,16.06999969482422,16.06999969482422,0
2025-09-23T09:20:00Z,16.06999969482422,16.06999969482422,16.06999969482422,16.06999969482422,0
2025-09-23T09:25:00Z,16.06999969482422,16.06999969482422,16.06999969482422,16.06999969482422,0
2025-09-23T09:30:00Z,16.06999969482422,16.06999969482422,16.059999465942383,16.059999465942383,0
2025-09-23T09:35:00Z,16.059999465942383,16.059999465942383,16.049999237060547,16.049999237060547,0
2025-09-23T09:40:00Z,16.049999237060547,16.049999237060547,16.049999237060547,16.049999237060547,0
2025-09-23T09:45:00Z,16.059999465942383,16.059999465942383,16.049999237060547,16.049999237060547,0
2025-09-23T09:50:00Z,16.049999237060547,16.049999237060547,16.030000686645508,16.030000686645508,0
2025-09-23T09:55:00Z,16.030000686645508,16.040000915527344,16.030000686645508,16.040000915527344,0
2025-09-23T10:00:00Z,16.030000686645508,16.030000686645508,16.020000457763672,16.020000457763672,0
2025-09-23T10:05:00Z,16.020000457763672,16.020000457763672,16.0,16.0,0
2025-09-23T10:10:00Z,16.0,16.010000228881836,16.0,16.010000228881836,0
2025-09-23T10:15:00Z,16.010000228881836,16.020000457763672,16.010000228881836,16.020000457763672,0
2025-09-23T10:20:00Z,16.020000457763672,16.030000686645508,16.020000457763672,16.030000686645508,0
2025-09-23T10:25:00Z,16.030000686645508,16.040000915527344,16.030000686645508,16.040000915527344,0
2025-09-23T10:30:00Z,16.040000915527344,16.049999237060547,16.040000915527344,16.040000915527344,0
2025-09-23T10:35:00Z,16.040000915527344,16.049999237060547,16.040000915527344,16.040000915527344,0
2025-09-23T10:40:00Z,16.040000915527344,16.059999465942383,16.040000915527344,16.040000915527344,0
2025-09-23T10:45:00Z,16.040000915527344,16.049999237060547,16.040000915527344,16.040000915527344,0
2025-09-23T10:50:00Z,16.040000915527344,16.040000915527344,16.030000686645508,16.030000686645508,0
2025-09-23T10:55:00Z,16.030000686645508,16.040000915527344,16.030000686645508,16.030000686645508,0
2025-09-23T11:00:00Z,16.030000686645508,16.09000015258789,16.030000686645508,16.09000015258789,0
2025-09-23T11:05:00Z,16.09000015258789,16.1200008392334,16.079999923706055,16.110000610351562,0
2025-09-23T11:10:00Z,16.110000610351562,16.1299991607666,16.110000610351562,16.1299991607666,0
2025-09-23T11:15:00Z,16.1299991607666,16.139999389648438,16.1200008392334,16.1299991607666,0
2025-09-23T11:20:00Z,16.1299991607666,16.1299991607666,16.110000610351562,16.110000610351562,0
2025-09-23T11:25:00Z,16.1200008392334,16.1200008392334,16.06999969482422,16.06999969482422,0
2025-09-23T11:30:00Z,16.06999969482422,16.06999969482422,16.059999465942383,16.059999465942383,0
2025-09-23T11:35:00Z,16.059999465942383,16.06999969482422,16.059999465942383,16.059999465942383,0
2025-09-23T11:40:00Z,16.059999465942383,16.059999465942383,16.040000915527344,16.040000915527344,0
2025-09-23T11:45:00Z,16.040000915527344,16.049999237060547,16.020000457763672,16.020000457763672,0
2025-09-23T11:50:00Z,16.020000457763672,16.020000457763672,16.010000228881836,16.010000228881836,0
2025-09-23T11:55:00Z,16.010000228881836,16.020000457763672,16.010000228881836,16.010000228881836,0
2025-09-23T12:00:00Z,16.010000228881836,16.030000686645508,16.010000228881836,16.020000457763672,0
2025-09-23T12:05:00Z,16.020000457763672,16.020000457763672,16.010000228881836,16.020000457763672,0
2025-09-23T12:10:00Z,16.020000457763672,16.020000457763672,16.0,16.0,0
2025-09-23T12:15:00Z,16.0,16.020000457763672,16.0,16.020000457763672,0
2025-09-23T12:20:00Z,16.010000228881836,16.030000686645508,16.010000228881836,16.030000686645508,0
2025-09-23T12:25:00Z,16.020000457763672,16.020000457763672,16.0,16.0,0
2025-09-23T12:30:00Z,16.0,16.010000228881836,15.989999771118164,15.989999771118164,0
2025-09-23T12:35:00Z,15.989999771118164,15.989999771118164,15.970000267028809,15.970000267028809,0
2025-09-23T12:40:00Z,15.979999542236328,15.979999542236328,15.960000038146973,15.960000038146973,0
2025-09-23T12:45:00Z,15.970000267028809,15.970000267028809,15.960000038146973,15.960000038146973,0
2025-09-23T12:50:00Z,15.960000038146973,15.970000267028809,15.960000038146973,15.960000038146973,0
2025-09-23T12:55:00Z,15.960000038146973,15.970000267028809,15.949999809265137,15.960000038146973,0
2025-09-23T13:00:00Z,15.960000038146973,15.989999771118164,15.949999809265137,15.989999771118164,0
2025-09-23T13:05:00Z,16.0,16.0,15.989999771118164,16.0,0
2025-09-23T13:10:00Z,16.0,16.0,15.989999771118164,15.989999771118164,0
2025-09-23T13:15:00Z,16.0,16.0,15.989999771118164,15.989999771118164,0
2025-09-23T13:20:00Z,15.989999771118164,15.989999771118164,15.979999542236328,15.989999771118164,0
2025-09-23T13:25:00Z,15.979999542236328,15.979999542236328,15.979999542236328,15.979999542236328,0
2025-09-23T13:30:00Z,16.0,16.020000457763672,15.989999771118164,15.989999771118164,0
2025-09-23T13:35:00Z,16.0,16.030000686645508,15.989999771118164,16.030000686645508,0
2025-09-23T13:40:00Z,16.040000915527344,16.15999984741211,16.040000915527344,16.149999618530273,0
2025-09-23T13:45:00Z,16.139999389648438,16.170000076293945,16.1299991607666,16.139999389648438,0
2025-09-23T13:50:00Z,16.149999618530273,16.15999984741211,16.110000610351562,16.139999389648438,0
2025-09-23T13:55:00Z,16.139999389648438,16.18000030517578,16.1299991607666,16.15999984741211,0
2025-09-23T14:00:00Z,16.149999618530273,16.229999542236328,16.149999618530273,16.209999084472656,0
2025-09-23T14:05:00Z,16.209999084472656,16.209999084472656,16.15999984741211,16.170000076293945,0
2025-09-23T14:10:00Z,16.15999984741211,16.18000030517578,16.149999618530273,16.15999984741211,0
2025-09-23T14:15:00Z,16.15999984741211,16.190000534057617,16.15999984741211,16.18000030517578,0
2025-09-23T14:20:00Z,16.18000030517578,16.239999771118164,16.18000030517578,16.239999771118164,0
2025-09-23T14:25:00Z,16.25,16.270000457763672,16.25,16.260000228881836,0
2025-09-23T14:30:00Z,16.260000228881836,16.280000686645508,16.239999771118164,16.280000686645508,0
2025-09-23T14:35:00Z,16.280000686645508,16.280000686645508,16.239999771118164,16.25,0
2025-09-23T14:40:00Z,16.25,16.25,16.209999084472656,16.229999542236328,0
2025-09-23T14:45:00Z,16.239999771118164,16.239999771118164,16.200000762939453,16.200000762939453,0
2025-09-23T14:50:00Z,16.209999084472656,16.219999313354492,16.170000076293945,16.170000076293945,0
2025-09-23T14:55:00Z,16.170000076293945,16.18000030517578,16.1200008392334,16.1200008392334,0
2025-09-23T15:00:00Z,16.1200008392334,16.139999389648438,16.1200008392334,16.1200008392334,0
2025-09-23T15:05:00Z,16.1200008392334,16.149999618530273,16.110000610351562,16.1299991607666,0
2025-09-23T15:10:00Z,16.1299991607666,16.1299991607666,16.079999923706055,16.100000381469727,0
2025-09-23T15:15:00Z,16.100000381469727,16.1200008392334,16.09000015258789,16.09000015258789,0
2025-09-23T15:20:00Z,16.09000015258789,16.1200008392334,16.09000015258789,16.09000015258789,0
2025-09-23T15:25:00Z,16.09000015258789,16.1299991607666,16.09000015258789,16.1200008392334,0
2025-09-23T15:30:00Z,16.1200008392334,16.149999618530273,16.110000610351562,16.139999389648438,0
2025-09-23T15:35:00Z,16.149999618530273,16.18000030517578,16.149999618530273,16.18000030517578,0
2025-09-23T15:40:00Z,16.190000534057617,16.260000228881836,16.190000534057617,16.229999542236328,0
2025-09-23T15:45:00Z,16.229999542236328,16.229999542236328,16.200000762939453,16.229999542236328,0
2025-09-23T15:50:00Z,16.229999542236328,16.270000457763672,16.219999313354492,16.270000457763672,0
2025-09-23T15:55:00Z,16.270000457763672,16.309999465942383,16.270000457763672,16.309999465942383,0
2025-09-23T16:00:00Z,16.309999465942383,16.309999465942383,16.280000686645508,16.290000915527344,0
2025-09-23T16:05:00Z,16.290000915527344,16.350000381469727,16.270000457763672,16.329999923706055,0
2025-09-23T16:10:00Z,16.34000015258789,16.3799991607666,16.31999969482422,16.31999969482422,0
2025-09-23T16:15:00Z,16.309999465942383,16.3700008392334,16.299999237060547,16.31999969482422,0
2025-09-23T16:20:00Z,16.309999465942383,16.31999969482422,16.270000457763672,16.309999465942383,0
2025-09-23T16:25:00Z,16.31999969482422,16.3700008392334,16.31999969482422,16.360000610351562,0
2025-09-23T16:30:00Z,16.360000610351562,16.389999389648438,16.34000015258789,16.34000015258789,0
2025-09-23T16:35:00Z,16.329999923706055,16.399999618530273,16.309999465942383,16.31999969482422,0
2025-09-23T16:40:00Z,16.31999969482422,16.350000381469727,16.31999969482422,16.34000015258789,0
2025-09-23T16:45:00Z,16.329999923706055,16.329999923706055,16.229999542236328,16.239999771118164,0
2025-09-23T16:50:00Z,16.239999771118164,16.260000228881836,16.229999542236328,16.260000228881836,0
2025-09-23T16:55:00Z,16.270000457763672,16.360000610351562,16.270000457763672,16.329999923706055,0
2025-09-23T17:00:00Z,16.329999923706055,16.40999984741211,16.31999969482422,16.40999984741211,0
2025-09-23T17:05:00Z,16.420000076293945,16.420000076293945,16.360000610351562,16.360000610351562,0
2025-09-23T17:10:00Z,16.360000610351562,16.40999984741211,16.360000610351562,16.40999984741211,0
2025-09-23T17:15:00Z,16.399999618530273,16.479999542236328,16.399999618530273,16.469999313354492,0
2025-09-23T17:20:00Z,16.479999542236328,16.549999237060547,16.479999542236328,16.5,0
2025-09-23T17:25:00Z,16.510000228881836,16.649999618530273,16.5,16.6200008392334,0
2025-09-23T17:30:00Z,16.639999389648438,16.709999084472656,16.639999389648438,16.709999084472656,0
2025-09-23T17:35:00Z,16.719999313354492,16.889999389648438,16.719999313354492,16.889999389648438,0
2025-09-23T17:40:00Z,16.889999389648438,17.06999969482422,16.81999969482422,16.90999984741211,0
2025-09-23T17:45:00Z,16.90999984741211,16.950000762939453,16.729999542236328,16.729999542236328,0
2025-09-23T17:50:00Z,16.739999771118164,16.8799991607666,16.739999771118164,16.8799991607666,0
2025-09-23T17:55:00Z,16.889999389648438,16.90999984741211,16.790000915527344,16.790000915527344,0
2025-09-23T18:00:00Z,16.799999237060547,16.920000076293945,16.799999237060547,16.889999389648438,0
2025-09-23T18:05:00Z,16.899999618530273,16.93000030517578,16.850000381469727,16.850000381469727,0
2025-09-23T18:10:00Z,16.8700008392334,16.93000030517578,16.8700008392334,16.93000030517578,0
2025-09-23T18:15:00Z,16.93000030517578,17.0,16.920000076293945,17.0,0
2025-09-23T18:20:00Z,17.0,17.049999237060547,16.969999313354492,17.049999237060547,0
2025-09-23T18:25:00Z,17.059999465942383,17.059999465942383,16.90999984741211,16.959999084472656,0
2025-09-23T18:30:00Z,16.959999084472656,16.969999313354492,16.850000381469727,16.860000610351562,0
2025-09-23T18:35:00Z,16.860000610351562,16.959999084472656,16.829999923706055,16.959999084472656,0
2025-09-23T18:40:00Z,16.959999084472656,16.979999542236328,16.940000534057617,16.979999542236328,0
2025-09-23T18:45:00Z,16.979999542236328,16.979999542236328,16.90999984741211,16.969999313354492,0
2025-09-23T18:50:00Z,16.979999542236328,17.020000457763672,16.969999313354492,16.989999771118164,0
2025-09-23T18:55:00Z,16.989999771118164,17.059999465942383,16.969999313354492,17.049999237060547,0
2025-09-23T19:00:00Z,17.040000915527344,17.040000915527344,16.920000076293945,17.0,0
2025-09-23T19:05:00Z,17.0,17.059999465942383,17.0,17.049999237060547,0
2025-09-23T19:10:00Z,17.040000915527344,17.049999237060547,17.020000457763672,17.040000915527344,0
2025-09-23T19:15:00Z,17.040000915527344,17.040000915527344,16.90999984741211,16.90999984741211,0
2025-09-23T19:20:00Z,16.90999984741211,17.020000457763672,16.90999984741211,16.979999542236328,0
2025-09-23T19:25:00Z,16.989999771118164,17.030000686645508,16.989999771118164,17.010000228881836,0
2025-09-23T19:30:00Z,17.0,17.040000915527344,17.0,17.040000915527344,0
2025-09-23T19:35:00Z,17.020000457763672,17.049999237060547,17.010000228881836,17.020000457763672,0
2025-09-23T19:40:00Z,17.020000457763672,17.020000457763672,16.950000762939453,16.950000762939453,0
2025-09-23T19:45:00Z,16.940000534057617,16.940000534057617,16.8799991607666,16.899999618530273,0
2025-09-23T19:50:00Z,16.90999984741211,16.90999984741211,16.780000686645508,16.790000915527344,0
2025-09-23T19:55:00Z,16.780000686645508,16.799999237060547,16.719999313354492,16.719999313354492,0
2025-09-23T20:00:00Z,16.709999084472656,16.760000228881836,16.65999984741211,16.670000076293945,0
2025-09-23T20:05:00Z,16.68000030517578,16.700000762939453,16.670000076293945,16.670000076293945,0
2025-09-23T20:10:00Z,16.65999984741211,16.670000076293945,16.6299991607666,16.649999618530273,0
2025-09-24T07:15:00Z,16.56999969482422,16.56999969482422,16.530000686645508,16.530000686645508,0
2025-09-24T07:20:00Z,16.530000686645508,16.56999969482422,16.530000686645508,16.549999237060547,0
2025-09-24T07:25:00Z,16.549999237060547,16.59000015258789,16.549999237060547,16.59000015258789,0
2025-09-24T07:30:00Z,16.59000015258789,16.59000015258789,16.56999969482422,16.579999923706055,0
2025-09-24T07:35:00Z,16.579999923706055,16.579999923706055,16.559999465942383,16.559999465942383,0
2025-09-24T07:40:00Z,16.559999465942383,16.559999465942383,16.5,16.5,0
2025-09-24T07:45:00Z,16.5,16.5,16.459999084472656,16.459999084472656,0
2025-09-24T07:50:00Z,16.459999084472656,16.459999084472656,16.450000762939453,16.459999084472656,0
2025-09-24T07:55:00Z,16.459999084472656,16.459999084472656,16.43000030517578,16.440000534057617,0
2025-09-24T08:00:00Z,16.420000076293945,16.43000030517578,16.40999984741211,16.40999984741211,0
2025-09-24T08:05:00Z,16.420000076293945,16.420000076293945,16.40999984741211,16.420000076293945,0
2025-09-24T08:10:00Z,16.420000076293945,16.43000030517578,16.40999984741211,16.420000076293945,0
2025-09-24T08:15:00Z,16.40999984741211,16.459999084472656,16.40999984741211,16.459999084472656,0
2025-09-24T08:20:00Z,16.459999084472656,16.5,16.459999084472656,16.5,0
2025-09-24T08:25:00Z,16.5,16.510000228881836,16.489999771118164,16.510000228881836,0
2025-09-24T08:30:00Z,16.510000228881836,16.510000228881836,16.5,16.510000228881836,0
2025-09-24T08:35:00Z,16.510000228881836,16.510000228881836,16.5,16.5,0
2025-09-24T08:40:00Z,16.5,16.510000228881836,16.489999771118164,16.5,0
2025-09-24T08:45:00Z,16.5,16.510000228881836,16.5,16.510000228881836,0
2025-09-24T08:50:00Z,16.5,16.520000457763672,16.5,16.520000457763672,0
2025-09-24T08:55:00Z,16.520000457763672,16.520000457763672,16.489999771118164,16.5,0
2025-09-24T09:00:00Z,16.489999771118164,16.5,16.479999542236328,16.479999542236328,0
2025-09-24T09:05:00Z,16.479999542236328,16.479999542236328,16.459999084472656,16.479999542236328,0
2025-09-24T09:10:00Z,16.479999542236328,16.489999771118164,16.469999313354492,16.469999313354492,0
2025-09-24T09:15:00Z,16.469999313354492,16.479999542236328,16.450000762939453,16.450000762939453,0
2025-09-24T09:20:00Z,16.450000762939453,16.459999084472656,16.440000534057617,16.440000534057617,0
2025-09-24T09:25:00Z,16.440000534057617,16.440000534057617,16.420000076293945,16.43000030517578,0
2025-09-24T09:30:00Z,16.43000030517578,16.43000030517578,16.40999984741211,16.43000030517578,0
2025-09-24T09:35:00Z,16.43000030517578,16.440000534057617,16.420000076293945,16.440000534057617,0
2025-09-24T09:40:00Z,16.440000534057617,16.440000534057617,16.43000030517578,16.440000534057617,0
2025-09-24T09:45:00Z,16.440000534057617,16.440000534057617,16.43000030517578,16.43000030517578,0
2025-09-24T09:50:00Z,16.43000030517578,16.43000030517578,16.40999984741211,16.420000076293945,0
2025-09-24T09:55:00Z,16.420000076293945,16.420000076293945,16.40999984741211,16.40999984741211,0
2025-09-24T10:00:00Z,16.40999984741211,16.420000076293945,16.399999618530273,16.40999984741211,0
2025-09-24T10:05:00Z,16.40999984741211,16.40999984741211,16.399999618530273,16.399999618530273,0
2025-09-24T10:10:00Z,16.40999984741211,16.40999984741211,16.389999389648438,16.389999389648438,0
2025-09-24T10:15:00Z,16.389999389648438,16.389999389648438,16.3799991607666,16.3799991607666,0
2025-09-24T10:20:00Z,16.3799991607666,16.3799991607666,16.360000610351562,16.3700008392334,0
2025-09-24T10:25:00Z,16.3700008392334,16.399999618530273,16.3700008392334,16.389999389648438,0
2025-09-24T10:30:00Z,16.399999618530273,16.399999618530273,16.3700008392334,16.3799991607666,0
2025-09-24T10:35:00Z,16.3799991607666,16.389999389648438,16.3799991607666,16.3799991607666,0
2025-09-24T10:40:00Z,16.3799991607666,16.399999618530273,16.3799991607666,16.389999389648438,0
2025-09-24T10:45:00Z,16.389999389648438,16.389999389648438,16.3700008392334,16.3700008392334,0
2025-09-24T10:50:00Z,16.3700008392334,16.3700008392334,16.34000015258789,16.350000381469727,0
2025-09-24T10:55:00Z,16.350000381469727,16.350000381469727,16.350000381469727,16.350000381469727,0
2025-09-24T11:00:00Z,16.350000381469727,16.350000381469727,16.309999465942383,16.309999465942383,0
2025-09-24T11:05:00Z,16.309999465942383,16.309999465942383,16.299999237060547,16.299999237060547,0
2025-09-24T11:10:00Z,16.299999237060547,16.299999237060547,16.290000915527344,16.290000915527344,0
2025-09-24T11:15:00Z,16.290000915527344,16.299999237060547,16.290000915527344,16.299999237060547,0
2025-09-24T11:20:00Z,16.299999237060547,16.31999969482422,16.299999237060547,16.309999465942383,0
2025-09-24T11:25:00Z,16.309999465942383,16.31999969482422,16.309999465942383,16.31999969482422,0
2025-09-24T11:30:00Z,16.31999969482422,16.31999969482422,16.299999237060547,16.299999237060547,0
2025-09-24T11:35:00Z,16.299999237060547,16.329999923706055,16.299999237060547,16.329999923706055,0
2025-09-24T11:40:00Z,16.329999923706055,16.360000610351562,16.329999923706055,16.360000610351562,0
2025-09-24T11:45:00Z,16.360000610351562,16.3700008392334,16.350000381469727,16.350000381469727,0
2025-09-24T11:50:00Z,16.350000381469727,16.360000610351562,16.34000015258789,16.350000381469727,0
2025-09-24T11:55:00Z,16.350000381469727,16.350000381469727,16.309999465942383,16.309999465942383,0
2025-09-24T12:00:00Z,16.309999465942383,16.309999465942383,16.299999237060547,16.309999465942383,0
2025-09-24T12:05:00Z,16.299999237060547,16.299999237060547,16.280000686645508,16.280000686645508,0
2025-09-24T12:10:00Z,16.280000686645508,16.280000686645508,16.270000457763672,16.280000686645508,0
2025-09-24T12:15:00Z,16.270000457763672,16.329999923706055,16.270000457763672,16.329999923706055,0
2025-09-24T12:20:00Z,16.329999923706055,16.329999923706055,16.31999969482422,16.31999969482422,0
2025-09-24T12:25:00Z,16.31999969482422,16.34000015258789,16.31999969482422,16.329999923706055,0
2025-09-24T12:30:00Z,16.34000015258789,16.350000381469727,16.329999923706055,16.34000015258789,0
2025-09-24T12:35:00Z,16.34000015258789,16.350000381469727,16.329999923706055,16.350000381469727,0
2025-09-24T12:40:00Z,16.34000015258789,16.350000381469727,16.329999923706055,16.34000015258789,0
2025-09-24T12:45:00Z,16.34000015258789,16.350000381469727,16.34000015258789,16.350000381469727,0
2025-09-24T12:50:00Z,16.350000381469727,16.360000610351562,16.350000381469727,16.350000381469727,0
2025-09-24T12:55:00Z,16.350000381469727,16.350000381469727,16.31999969482422,16.31999969482422,0
2025-09-24T13:00:00Z,16.309999465942383,16.309999465942383,16.290000915527344,16.290000915527344,0
2025-09-24T13:05:00Z,16.290000915527344,16.350000381469727,16.290000915527344,16.329999923706055,0
2025-09-24T13:10:00Z,16.34000015258789,16.3700008392334,16.34000015258789,16.3700008392334,0
2025-09-24T13:15:00Z,16.3700008392334,16.3799991607666,16.34000015258789,16.34000015258789,0
2025-09-24T13:20:00Z,16.34000015258789,16.350000381469727,16.34000015258789,16.34000015258789,0
2025-09-24T13:25:00Z,16.34000015258789,16.34000015258789,16.34000015258789,16.34000015258789,0
2025-09-24T13:30:00Z,16.389999389648438,16.459999084472656,16.360000610351562,16.43000030517578,0
2025-09-24T13:35:00Z,16.40999984741211,16.56999969482422,16.40999984741211,16.540000915527344,0
2025-09-24T13:40:00Z,16.559999465942383,16.579999923706055,16.520000457763672,16.56999969482422,0
2025-09-24T13:45:00Z,16.56999969482422,16.690000534057617,16.56999969482422,16.68000030517578,0
2025-09-24T13:50:00Z,16.719999313354492,16.8700008392334,16.700000762939453,16.809999465942383,0
2025-09-24T13:55:00Z,16.81999969482422,16.81999969482422,16.760000228881836,16.760000228881836,0
2025-09-24T14:00:00Z,16.790000915527344,16.81999969482422,16.690000534057617,16.690000534057617,0
2025-09-24T14:05:00Z,16.670000076293945,16.780000686645508,16.670000076293945,16.75,0
2025-09-24T14:10:00Z,16.739999771118164,16.75,16.649999618530273,16.649999618530273,0
2025-09-24T14:15:00Z,16.65999984741211,16.690000534057617,16.59000015258789,16.59000015258789,0
2025-09-24T14:20:00Z,16.600000381469727,16.68000030517578,16.59000015258789,16.68000030517578,0
2025-09-24T14:25:00Z,16.670000076293945,16.68000030517578,16.610000610351562,16.6200008392334,0
2025-09-24T14:30:00Z,16.6299991607666,16.709999084472656,16.6200008392334,16.690000534057617,0
2025-09-24T14:35:00Z,16.690000534057617,16.690000534057617,16.610000610351562,16.610000610351562,0
2025-09-24T14:40:00Z,16.610000610351562,16.649999618530273,16.600000381469727,16.600000381469727,0
2025-09-24T14:45:00Z,16.600000381469727,16.610000610351562,16.540000915527344,16.540000915527344,0
2025-09-24T14:50:00Z,16.549999237060547,16.579999923706055,16.5,16.579999923706055,0
2025-09-24T14:55:00Z,16.56999969482422,16.6299991607666,16.559999465942383,16.600000381469727,0
2025-09-24T15:00:00Z,16.59000015258789,16.6299991607666,16.559999465942383,16.6299991607666,0
2025-09-24T15:05:00Z,16.6299991607666,16.6299991607666,16.59000015258789,16.6299991607666,0
2025-09-24T15:10:00Z,16.6299991607666,16.700000762939453,16.6299991607666,16.700000762939453,0
2025-09-24T15:15:00Z,16.709999084472656,16.709999084472656,16.649999618530273,16.670000076293945,0
2025-09-24T15:20:00Z,16.65999984741211,16.65999984741211,16.59000015258789,16.59000015258789,0
2025-09-24T15:25:00Z,16.600000381469727,16.68000030517578,16.59000015258789,16.65999984741211,0
2025-09-24T15:30:00Z,16.649999618530273,16.729999542236328,16.649999618530273,16.729999542236328,0
2025-09-24T15:35:00Z,16.729999542236328,16.729999542236328,16.649999618530273,16.700000762939453,0
2025-09-24T15:40:00Z,16.700000762939453,16.739999771118164,16.700000762939453,16.729999542236328,0
2025-09-24T15:45:00Z,16.729999542236328,16.90999984741211,16.729999542236328,16.90999984741211,0
2025-09-24T15:50:00Z,16.920000076293945,17.040000915527344,16.90999984741211,16.969999313354492,0
2025-09-24T15:55:00Z,16.989999771118164,17.18000030517578,16.989999771118164,17.18000030517578,0
2025-09-24T16:00:00Z,17.15999984741211,17.209999084472656,17.110000610351562,17.1200008392334,0
2025-09-24T16:05:00Z,17.110000610351562,17.190000534057617,17.100000381469727,17.170000076293945,0
2025-09-24T16:10:00Z,17.15999984741211,17.209999084472656,17.139999389648438,17.170000076293945,0
2025-09-24T16:15:00Z,17.170000076293945,17.209999084472656,17.06999969482422,17.06999969482422,0
2025-09-24T16:20:00Z,17.06999969482422,17.06999969482422,16.920000076293945,16.920000076293945,0
2025-09-24T16:25:00Z,16.90999984741211,17.020000457763672,16.90999984741211,16.950000762939453,0
2025-09-24T16:30:00Z,16.959999084472656,17.0,16.950000762939453,17.0,0
2025-09-24T16:35:00Z,16.989999771118164,17.0,16.950000762939453,16.950000762939453,0
2025-09-24T16:40:00Z,16.940000534057617,16.969999313354492,16.920000076293945,16.950000762939453,0
2025-09-24T16:45:00Z,16.950000762939453,17.020000457763672,16.950000762939453,16.979999542236328,0
2025-09-24T16:50:00Z,16.989999771118164,17.030000686645508,16.989999771118164,17.0,0
2025-09-24T16:55:00Z,16.989999771118164,17.030000686645508,16.979999542236328,17.020000457763672,0
2025-09-24T17:00:00Z,17.010000228881836,17.010000228881836,16.959999084472656,16.969999313354492,0
2025-09-24T17:05:00Z,16.969999313354492,16.979999542236328,16.8700008392334,16.8700008392334,0
2025-09-24T17:10:00Z,16.84000015258789,16.84000015258789,16.670000076293945,16.700000762939453,0
2025-09-24T17:15:00Z,16.709999084472656,16.719999313354492,16.670000076293945,16.700000762939453,0
2025-09-24T17:20:00Z,16.719999313354492,16.739999771118164,16.709999084472656,16.709999084472656,0
2025-09-24T17:25:00Z,16.700000762939453,16.729999542236328,16.670000076293945,16.670000076293945,0
2025-09-24T17:30:00Z,16.670000076293945,16.670000076293945,16.56999969482422,16.56999969482422,0
2025-09-24T17:35:00Z,16.579999923706055,16.690000534057617,16.56999969482422,16.690000534057617,0
2025-09-24T17:40:00Z,16.690000534057617,16.770000457763672,16.690000534057617,16.770000457763672,0
2025-09-24T17:45:00Z,16.790000915527344,16.899999618530273,16.790000915527344,16.860000610351562,0
2025-09-24T17:50:00Z,16.8799991607666,16.899999618530273,16.84000015258789,16.84000015258789,0
2025-09-24T17:55:00Z,16.829999923706055,16.8700008392334,16.809999465942383,16.860000610351562,0
2025-09-24T18:00:00Z,16.860000610351562,16.889999389648438,16.850000381469727,16.8799991607666,0
2025-09-24T18:05:00Z,16.8799991607666,16.899999618530273,16.850000381469727,16.899999618530273,0
2025-09-24T18:10:00Z,16.889999389648438,16.959999084472656,16.860000610351562,16.8700008392334,0
2025-09-24T18:15:00Z,16.860000610351562,16.860000610351562,16.809999465942383,16.809999465942383,0
2025-09-24T18:20:00Z,16.809999465942383,16.889999389648438,16.809999465942383,16.84000015258789,0
2025-09-24T18:25:00Z,16.850000381469727,16.899999618530273,16.850000381469727,16.850000381469727,0
2025-09-24T18:30:00Z,16.860000610351562,16.8700008392334,16.790000915527344,16.809999465942383,0
2025-09-24T18:35:00Z,16.799999237060547,16.799999237060547,16.68000030517578,16.68000030517578,0
2025-09-24T18:40:00Z,16.700000762939453,16.700000762939453,16.610000610351562,16.6200008392334,0
2025-09-24T18:45:00Z,16.6200008392334,16.639999389648438,16.579999923706055,16.6200008392334,0
2025-09-24T18:50:00Z,16.610000610351562,16.6200008392334,16.5,16.5,0
2025-09-24T18:55:00Z,16.5,16.5,16.459999084472656,16.459999084472656,0
2025-09-24T19:00:00Z,16.459999084472656,16.540000915527344,16.459999084472656,16.530000686645508,0
2025-09-24T19:05:00Z,16.530000686645508,16.549999237060547,16.520000457763672,16.540000915527344,0
2025-09-24T19:10:00Z,16.540000915527344,16.540000915527344,16.489999771118164,16.520000457763672,0
2025-09-24T19:15:00Z,16.530000686645508,16.549999237060547,16.510000228881836,16.510000228881836,0
2025-09-24T19:20:00Z,16.510000228881836,16.520000457763672,16.489999771118164,16.510000228881836,0
2025-09-24T19:25:00Z,16.510000228881836,16.520000457763672,16.5,16.5,0
2025-09-24T19:30:00Z,16.5,16.5,16.469999313354492,16.469999313354492,0
2025-09-24T19:35:00Z,16.459999084472656,16.5,16.459999084472656,16.469999313354492,0
2025-09-24T19:40:00Z,16.459999084472656,16.520000457763672,16.43000030517578,16.520000457763672,0
2025-09-24T19:45:00Z,16.530000686645508,16.56999969482422,16.469999313354492,16.479999542236328,0
2025-09-24T19:50:00Z,16.469999313354492,16.469999313354492,16.389999389648438,16.389999389648438,0
2025-09-24T19:55:00Z,16.389999389648438,16.43000030517578,16.309999465942383,16.329999923706055,0
2025-09-24T20:00:00Z,16.360000610351562,16.360000610351562,16.239999771118164,16.239999771118164,0
2025-09-24T20:05:00Z,16.239999771118164,16.25,16.209999084472656,16.209999084472656,0
2025-09-24T20:10:00Z,16.239999771118164,16.239999771118164,16.18000030517578,16.18000030517578,0
2025-09-25T07:15:00Z,16.549999237060547,16.549999237060547,16.489999771118164,16.5,0
2025-09-25T07:20:00Z,16.5,16.510000228881836,16.450000762939453,16.450000762939453,0
2025-09-25T07:25:00Z,16.459999084472656,16.459999084472656,16.40999984741211,16.40999984741211,0
2025-09-25T07:30:00Z,16.40999984741211,16.420000076293945,16.3799991607666,16.389999389648438,0
2025-09-25T07:35:00Z,16.399999618530273,16.399999618530273,16.360000610351562,16.3799991607666,0
2025-09-25T07:40:00Z,16.3799991607666,16.3799991607666,16.3799991607666,16.3799991607666,0
2025-09-25T07:45:00Z,16.3799991607666,16.440000534057617,16.3799991607666,16.440000534057617,0
2025-09-25T07:50:00Z,16.440000534057617,16.459999084472656,16.420000076293945,16.43000030517578,0
2025-09-25T07:55:00Z,16.43000030517578,16.440000534057617,16.420000076293945,16.420000076293945,0
2025-09-25T08:00:00Z,16.420000076293945,16.420000076293945,16.3799991607666,16.389999389648438,0
2025-09-25T08:05:00Z,16.389999389648438,16.389999389648438,16.3700008392334,16.3799991607666,0
2025-09-25T08:10:00Z,16.360000610351562,16.360000610351562,16.329999923706055,16.329999923706055,0
2025-09-25T08:15:00Z,16.34000015258789,16.350000381469727,16.31999969482422,16.329999923706055,0
2025-09-25T08:20:00Z,16.34000015258789,16.34000015258789,16.31999969482422,16.329999923706055,0
2025-09-25T08:25:00Z,16.329999923706055,16.34000015258789,16.31999969482422,16.31999969482422,0
2025-09-25T08:30:00Z,16.31999969482422,16.329999923706055,16.31999969482422,16.31999969482422,0
2025-09-25T08:35:00Z,16.31999969482422,16.34000015258789,16.31999969482422,16.34000015258789,0
2025-09-25T08:40:00Z,16.329999923706055,16.360000610351562,16.329999923706055,16.360000610351562,0
2025-09-25T08:45:00Z,16.360000610351562,16.399999618530273,16.360000610351562,16.399999618530273,0
2025-09-25T08:50:00Z,16.40999984741211,16.459999084472656,16.40999984741211,16.450000762939453,0
2025-09-25T08:55:00Z,16.450000762939453,16.450000762939453,16.43000030517578,16.43000030517578,0
2025-09-25T09:00:00Z,16.440000534057617,16.450000762939453,16.43000030517578,16.450000762939453,0
2025-09-25T09:05:00Z,16.459999084472656,16.469999313354492,16.450000762939453,16.459999084472656,0
2025-09-25T09:10:00Z,16.459999084472656,16.459999084472656,16.459999084472656,16.459999084472656,0
2025-09-25T09:15:00Z,16.459999084472656,16.459999084472656,16.43000030517578,16.43000030517578,0
2025-09-25T09:20:00Z,16.43000030517578,16.440000534057617,16.420000076293945,16.440000534057617,0
2025-09-25T09:25:00Z,16.43000030517578,16.450000762939453,16.420000076293945,16.450000762939453,0
2025-09-25T09:30:00Z,16.450000762939453,16.469999313354492,16.440000534057617,16.450000762939453,0
2025-09-25T09:35:00Z,16.450000762939453,16.469999313354492,16.440000534057617,16.469999313354492,0
2025-09-25T09:40:00Z,16.469999313354492,16.510000228881836,16.469999313354492,16.510000228881836,0
2025-09-25T09:45:00Z,16.520000457763672,16.540000915527344,16.510000228881836,16.510000228881836,0
2025-09-25T09:50:00Z,16.510000228881836,16.510000228881836,16.5,16.5,0
2025-09-25T09:55:00Z,16.5,16.530000686645508,16.489999771118164,16.510000228881836,0
2025-09-25T10:00:00Z,16.510000228881836,16.530000686645508,16.5,16.510000228881836,0
2025-09-25T10:05:00Z,16.510000228881836,16.520000457763672,16.5,16.5,0
2025-09-25T10:10:00Z,16.5,16.520000457763672,16.5,16.520000457763672,0
2025-09-25T10:15:00Z,16.520000457763672,16.530000686645508,16.510000228881836,16.510000228881836,0
2025-09-25T10:20:00Z,16.510000228881836,16.559999465942383,16.510000228881836,16.540000915527344,0
2025-09-25T10:25:00Z,16.540000915527344,16.600000381469727,16.540000915527344,16.59000015258789,0
2025-09-25T10:30:00Z,16.59000015258789,16.59000015258789,16.540000915527344,16.540000915527344,0
2025-09-25T10:35:00Z,16.540000915527344,16.540000915527344,16.520000457763672,16.540000915527344,0
2025-09-25T10:40:00Z,16.549999237060547,16.639999389648438,16.549999237060547,16.639999389648438,0
2025-09-25T10:45:00Z,16.639999389648438,16.690000534057617,16.639999389648438,16.670000076293945,0
2025-09-25T10:50:00Z,16.670000076293945,16.709999084472656,16.670000076293945,16.670000076293945,0
2025-09-25T10:55:00Z,16.670000076293945,16.68000030517578,16.6299991607666,16.649999618530273,0
2025-09-25T11:00:00Z,16.649999618530273,16.729999542236328,16.639999389648438,16.690000534057617,0
2025-09-25T11:05:00Z,16.690000534057617,16.739999771118164,16.68000030517578,16.739999771118164,0
2025-09-25T11:10:00Z,16.739999771118164,16.8799991607666,16.739999771118164,16.8799991607666,0
2025-09-25T11:15:00Z,16.8799991607666,16.8799991607666,16.829999923706055,16.860000610351562,0
2025-09-25T11:20:00Z,16.8700008392334,16.90999984741211,16.84000015258789,16.850000381469727,0
2025-09-25T11:25:00Z,16.850000381469727,16.850000381469727,16.809999465942383,16.84000015258789,0
2025-09-25T11:30:00Z,16.84000015258789,16.90999984741211,16.81999969482422,16.899999618530273,0
2025-09-25T11:35:00Z,16.889999389648438,16.93000030517578,16.889999389648438,16.93000030517578,0
2025-09-25T11:40:00Z,16.93000030517578,17.030000686645508,16.93000030517578,17.020000457763672,0
2025-09-25T11:45:00Z,17.059999465942383,17.110000610351562,17.049999237060547,17.049999237060547,0
2025-09-25T11:50:00Z,17.040000915527344,17.059999465942383,16.93000030517578,16.950000762939453,0
2025-09-25T11:55:00Z,16.950000762939453,17.149999618530273,16.940000534057617,17.1299991607666,0
2025-09-25T12:00:00Z,17.149999618530273,17.149999618530273,17.049999237060547,17.059999465942383,0
2025-09-25T12:05:00Z,17.059999465942383,17.059999465942383,16.969999313354492,16.979999542236328,0
2025-09-25T12:10:00Z,16.979999542236328,17.0,16.940000534057617,16.979999542236328,0
2025-09-25T12:15:00Z,16.969999313354492,17.0,16.969999313354492,16.989999771118164,0
2025-09-25T12:20:00Z,17.0,17.0,16.93000030517578,16.959999084472656,0
2025-09-25T12:25:00Z,16.950000762939453,17.020000457763672,16.940000534057617,17.0,0
2025-09-25T12:30:00Z,17.020000457763672,17.100000381469727,17.010000228881836,17.100000381469727,0
2025-09-25T12:35:00Z,17.100000381469727,17.15999984741211,17.100000381469727,17.139999389648438,0
2025-09-25T12:40:00Z,17.139999389648438,17.219999313354492,17.139999389648438,17.200000762939453,0
2025-09-25T12:45:00Z,17.209999084472656,17.329999923706055,17.200000762939453,17.329999923706055,0
2025-09-25T12:50:00Z,17.329999923706055,17.43000030517578,17.329999923706055,17.420000076293945,0
2025-09-25T12:55:00Z,17.43000030517578,17.440000534057617,17.309999465942383,17.309999465942383,0
2025-09-25T13:00:00Z,17.31999969482422,17.3799991607666,17.290000915527344,17.31999969482422,0
2025-09-25T13:05:00Z,17.31999969482422,17.360000610351562,17.270000457763672,17.360000610351562,0
2025-09-25T13:10:00Z,17.360000610351562,17.3799991607666,17.31999969482422,17.34000015258789,0
2025-09-25T13:15:00Z,17.31999969482422,17.329999923706055,17.200000762939453,17.200000762939453,0
2025-09-25T13:20:00Z,17.190000534057617,17.200000762939453,17.15999984741211,17.15999984741211,0
2025-09-25T13:25:00Z,17.15999984741211,17.15999984741211,17.15999984741211,17.15999984741211,0
2025-09-25T13:30:00Z,17.260000228881836,17.329999923706055,17.1299991607666,17.209999084472656,0
2025-09-25T13:35:00Z,17.239999771118164,17.5,17.239999771118164,17.5,0
2025-09-25T13:40:00Z,17.520000457763672,17.739999771118164,17.520000457763672,17.739999771118164,0
2025-09-25T13:45:00Z,17.719999313354492,17.719999313354492,17.389999389648438,17.40999984741211,0
2025-09-25T13:50:00Z,17.389999389648438,17.520000457763672,17.229999542236328,17.520000457763672,0
2025-09-25T13:55:00Z,17.5,17.510000228881836,17.40999984741211,17.450000762939453,0
2025-09-25T14:00:00Z,17.440000534057617,17.440000534057617,17.139999389648438,17.139999389648438,0
2025-09-25T14:05:00Z,17.139999389648438,17.139999389648438,16.959999084472656,16.959999084472656,0
2025-09-25T14:10:00Z,16.950000762939453,16.979999542236328,16.90999984741211,16.93000030517578,0
2025-09-25T14:15:00Z,16.93000030517578,16.93000030517578,16.780000686645508,16.84000015258789,0
2025-09-25T14:20:00Z,16.84000015258789,16.850000381469727,16.68000030517578,16.68000030517578,0
2025-09-25T14:25:00Z,16.670000076293945,16.760000228881836,16.649999618530273,16.719999313354492,0
2025-09-25T14:30:00Z,16.729999542236328,16.790000915527344,16.700000762939453,16.709999084472656,0
2025-09-25T14:35:00Z,16.709999084472656,16.760000228881836,16.709999084472656,16.709999084472656,0
2025-09-25T14:40:00Z,16.719999313354492,16.770000457763672,16.719999313354492,16.739999771118164,0
2025-09-25T14:45:00Z,16.739999771118164,16.799999237060547,16.690000534057617,16.690000534057617,0
2025-09-25T14:50:00Z,16.68000030517578,16.790000915527344,16.68000030517578,16.75,0
2025-09-25T14:55:00Z,16.739999771118164,16.739999771118164,16.670000076293945,16.690000534057617,0
2025-09-25T15:00:00Z,16.700000762939453,16.809999465942383,16.700000762939453,16.809999465942383,0
2025-09-25T15:05:00Z,16.809999465942383,16.90999984741211,16.780000686645508,16.8799991607666,0
2025-09-25T15:10:00Z,16.860000610351562,16.8799991607666,16.670000076293945,16.670000076293945,0
2025-09-25T15:15:00Z,16.65999984741211,16.690000534057617,16.639999389648438,16.639999389648438,0
2025-09-25T15:20:00Z,16.639999389648438,16.719999313354492,16.639999389648438,16.719999313354492,0
2025-09-25T15:25:00Z,16.729999542236328,16.90999984741211,16.729999542236328,16.8799991607666,0
2025-09-25T15:30:00Z,16.8799991607666,16.8799991607666,16.690000534057617,16.690000534057617,0
2025-09-25T15:35:00Z,16.68000030517578,16.690000534057617,16.600000381469727,16.600000381469727,0
2025-09-25T15:40:00Z,16.579999923706055,16.579999923706055,16.5,16.530000686645508,0
2025-09-25T15:45:00Z,16.510000228881836,16.530000686645508,16.5,16.5,0
2025-09-25T15:50:00Z,16.489999771118164,16.549999237060547,16.489999771118164,16.489999771118164,0
2025-09-25T15:55:00Z,16.489999771118164,16.549999237060547,16.489999771118164,16.549999237060547,0
2025-09-25T16:00:00Z,16.530000686645508,16.530000686645508,16.479999542236328,16.520000457763672,0
2025-09-25T16:05:00Z,16.530000686645508,16.540000915527344,16.489999771118164,16.520000457763672,0
2025-09-25T16:10:00Z,16.520000457763672,16.559999465942383,16.520000457763672,16.559999465942383,0
2025-09-25T16:15:00Z,16.56999969482422,16.56999969482422,16.5,16.549999237060547,0
2025-09-25T16:20:00Z,16.559999465942383,16.649999618530273,16.520000457763672,16.639999389648438,0
2025-09-25T16:25:00Z,16.610000610351562,16.670000076293945,16.600000381469727,16.639999389648438,0
2025-09-25T16:30:00Z,16.649999618530273,16.649999618530273,16.489999771118164,16.5,0
2025-09-25T16:35:00Z,16.489999771118164,16.559999465942383,16.489999771118164,16.559999465942383,0
2025-09-25T16:40:00Z,16.559999465942383,16.670000076293945,16.559999465942383,16.6200008392334,0
2025-09-25T16:45:00Z,16.6299991607666,16.700000762939453,16.579999923706055,16.700000762939453,0
2025-09-25T16:50:00Z,16.690000534057617,16.729999542236328,16.65999984741211,16.719999313354492,0
2025-09-25T16:55:00Z,16.700000762939453,16.700000762939453,16.639999389648438,16.670000076293945,0
2025-09-25T17:00:00Z,16.670000076293945,16.709999084472656,16.649999618530273,16.709999084472656,0
2025-09-25T17:05:00Z,16.709999084472656,16.709999084472656,16.56999969482422,16.610000610351562,0
2025-09-25T17:10:00Z,16.610000610351562,16.6299991607666,16.559999465942383,16.56999969482422,0
2025-09-25T17:15:00Z,16.600000381469727,16.690000534057617,16.600000381469727,16.690000534057617,0
2025-09-25T17:20:00Z,16.700000762939453,16.969999313354492,16.700000762939453,16.950000762939453,0
2025-09-25T17:25:00Z,16.979999542236328,16.979999542236328,16.81999969482422,16.829999923706055,0
2025-09-25T17:30:00Z,16.84000015258789,16.920000076293945,16.809999465942383,16.90999984741211,0
2025-09-25T17:35:00Z,16.920000076293945,17.010000228881836,16.920000076293945,16.989999771118164,0
2025-09-25T17:40:00Z,16.989999771118164,17.059999465942383,16.989999771118164,16.989999771118164,0
2025-09-25T17:45:00Z,16.989999771118164,17.110000610351562,16.989999771118164,17.110000610351562,0
2025-09-25T17:50:00Z,17.139999389648438,17.139999389648438,17.079999923706055,17.110000610351562,0
2025-09-25T17:55:00Z,17.1299991607666,17.299999237060547,17.1200008392334,17.299999237060547,0
2025-09-25T18:00:00Z,17.299999237060547,17.6200008392334,17.299999237060547,17.6200008392334,0
2025-09-25T18:05:00Z,17.6200008392334,17.6200008392334,17.34000015258789,17.389999389648438,0
2025-09-25T18:10:00Z,17.3799991607666,17.3799991607666,17.170000076293945,17.170000076293945,0
2025-09-25T18:15:00Z,17.170000076293945,17.170000076293945,17.010000228881836,17.010000228881836,0
2025-09-25T18:20:00Z,17.010000228881836,17.040000915527344,16.959999084472656,16.979999542236328,0
2025-09-25T18:25:00Z,16.979999542236328,17.0,16.93000030517578,16.969999313354492,0
2025-09-25T18:30:00Z,16.969999313354492,17.020000457763672,16.93000030517578,16.989999771118164,0
2025-09-25T18:35:00Z,16.989999771118164,17.010000228881836,16.889999389648438,16.889999389648438,0
2025-09-25T18:40:00Z,16.889999389648438,16.93000030517578,16.760000228881836,16.899999618530273,0
2025-09-25T18:45:00Z,16.90999984741211,16.979999542236328,16.889999389648438,16.920000076293945,0
2025-09-25T18:50:00Z,16.920000076293945,16.940000534057617,16.889999389648438,16.889999389648438,0
2025-09-25T18:55:00Z,16.8799991607666,16.93000030517578,16.860000610351562,16.8700008392334,0
2025-09-25T19:00:00Z,16.8799991607666,16.93000030517578,16.8700008392334,16.889999389648438,0
2025-09-25T19:05:00Z,16.889999389648438,16.959999084472656,16.8700008392334,16.940000534057617,0
2025-09-25T19:10:00Z,16.950000762939453,16.969999313354492,16.889999389648438,16.959999084472656,0
2025-09-25T19:15:00Z,16.959999084472656,16.989999771118164,16.93000030517578,16.989999771118164,0
2025-09-25T19:20:00Z,17.0,17.049999237060547,16.959999084472656,17.049999237060547,0
2025-09-25T19:25:00Z,17.040000915527344,17.040000915527344,16.959999084472656,16.979999542236328,0
2025-09-25T19:30:00Z,16.979999542236328,16.979999542236328,16.8799991607666,16.950000762939453,0
2025-09-25T19:35:00Z,16.93000030517578,16.959999084472656,16.920000076293945,16.940000534057617,0
2025-09-25T19:40:00Z,16.940000534057617,16.959999084472656,16.90999984741211,16.920000076293945,0
2025-09-25T19:45:00Z,16.90999984741211,16.979999542236328,16.90999984741211,16.969999313354492,0
2025-09-25T19:50:00Z,16.950000762939453,16.950000762939453,16.760000228881836,16.760000228881836,0
2025-09-25T19:55:00Z,16.799999237060547,16.829999923706055,16.690000534057617,16.739999771118164,0
2025-09-25T20:00:00Z,16.719999313354492,16.739999771118164,16.700000762939453,16.709999084472656,0
2025-09-25T20:05:00Z,16.709999084472656,16.760000228881836,16.709999084472656,16.760000228881836,0
2025-09-25T20:10:00Z,16.760000228881836,16.760000228881836,16.719999313354492,16.739999771118164,0
2025-09-26T07:15:00Z,16.889999389648438,16.969999313354492,16.889999389648438,16.959999084472656,0
2025-09-26T07:20:00Z,16.969999313354492,16.979999542236328,16.93000030517578,16.93000030517578,0
2025-09-26T07:25:00Z,16.920000076293945,16.920000076293945,16.84000015258789,16.850000381469727,0
2025-09-26T07:30:00Z,16.84000015258789,16.8799991607666,16.84000015258789,16.860000610351562,0
2025-09-26T07:35:00Z,16.860000610351562,16.8799991607666,16.860000610351562,16.8700008392334,0
2025-09-26T07:40:00Z,16.8700008392334,16.8799991607666,16.829999923706055,16.829999923706055,0
2025-09-26T07:45:00Z,16.829999923706055,16.829999923706055,16.809999465942383,16.829999923706055,0
2025-09-26T07:50:00Z,16.829999923706055,16.850000381469727,16.829999923706055,16.84000015258789,0
2025-09-26T07:55:00Z,16.850000381469727,16.8799991607666,16.81999969482422,16.81999969482422,0
2025-09-26T08:00:00Z,16.81999969482422,16.84000015258789,16.719999313354492,16.719999313354492,0
2025-09-26T08:05:00Z,16.719999313354492,16.719999313354492,16.700000762939453,16.709999084472656,0
2025-09-26T08:10:00Z,16.709999084472656,16.719999313354492,16.700000762939453,16.719999313354492,0
2025-09-26T08:15:00Z,16.709999084472656,16.719999313354492,16.700000762939453,16.700000762939453,0
2025-09-26T08:20:00Z,16.709999084472656,16.719999313354492,16.670000076293945,16.719999313354492,0
2025-09-26T08:25:00Z,16.719999313354492,16.760000228881836,16.709999084472656,16.719999313354492,0
2025-09-26T08:30:00Z,16.719999313354492,16.729999542236328,16.690000534057617,16.690000534057617,0
2025-09-26T08:35:00Z,16.690000534057617,16.709999084472656,16.690000534057617,16.709999084472656,0
2025-09-26T08:40:00Z,16.709999084472656,16.760000228881836,16.700000762939453,16.760000228881836,0
2025-09-26T08:45:00Z,16.760000228881836,16.860000610351562,16.760000228881836,16.860000610351562,0
2025-09-26T08:50:00Z,16.8700008392334,16.8799991607666,16.860000610351562,16.860000610351562,0
2025-09-26T08:55:00Z,16.860000610351562,16.950000762939453,16.860000610351562,16.950000762939453,0
2025-09-26T09:00:00Z,16.959999084472656,17.049999237060547,16.959999084472656,17.049999237060547,0
2025-09-26T09:05:00Z,17.049999237060547,17.049999237060547,16.93000030517578,16.950000762939453,0
2025-09-26T09:10:00Z,16.940000534057617,16.940000534057617,16.8700008392334,16.8700008392334,0
2025-09-26T09:15:00Z,16.8700008392334,16.899999618530273,16.860000610351562,16.8799991607666,0
2025-09-26T09:20:00Z,16.8799991607666,16.940000534057617,16.8799991607666,16.940000534057617,0
2025-09-26T09:25:00Z,16.940000534057617,16.969999313354492,16.940000534057617,16.959999084472656,0
2025-09-26T09:30:00Z,16.959999084472656,16.969999313354492,16.93000030517578,16.940000534057617,0
2025-09-26T09:35:00Z,16.940000534057617,16.950000762939453,16.940000534057617,16.940000534057617,0
2025-09-26T09:40:00Z,16.940000534057617,16.959999084472656,16.93000030517578,16.93000030517578,0
2025-09-26T09:45:00Z,16.93000030517578,16.940000534057617,16.90999984741211,16.920000076293945,0
2025-09-26T09:50:00Z,16.920000076293945,16.920000076293945,16.899999618530273,16.920000076293945,0
2025-09-26T09:55:00Z,16.90999984741211,16.920000076293945,16.899999618530273,16.899999618530273,0
2025-09-26T10:00:00Z,16.90999984741211,16.93000030517578,16.8799991607666,16.93000030517578,0
2025-09-26T10:05:00Z,16.93000030517578,16.989999771118164,16.920000076293945,16.989999771118164,0
2025-09-26T10:10:00Z,16.989999771118164,16.989999771118164,16.940000534057617,16.959999084472656,0
2025-09-26T10:15:00Z,16.959999084472656,16.959999084472656,16.90999984741211,16.920000076293945,0
2025-09-26T10:20:00Z,16.920000076293945,16.940000534057617,16.920000076293945,16.93000030517578,0
2025-09-26T10:25:00Z,16.93000030517578,16.940000534057617,16.90999984741211,16.940000534057617,0
2025-09-26T10:30:00Z,16.950000762939453,16.969999313354492,16.950000762939453,16.959999084472656,0
2025-09-26T10:35:00Z,16.959999084472656,16.969999313354492,16.950000762939453,16.959999084472656,0
2025-09-26T10:40:00Z,16.959999084472656,16.979999542236328,16.959999084472656,16.979999542236328,0
2025-09-26T10:45:00Z,16.979999542236328,16.989999771118164,16.959999084472656,16.979999542236328,0
2025-09-26T10:50:00Z,16.989999771118164,17.0,16.969999313354492,16.969999313354492,0
2025-09-26T10:55:00Z,16.979999542236328,16.979999542236328,16.969999313354492,16.969999313354492,0
2025-09-26T11:00:00Z,16.979999542236328,16.979999542236328,16.940000534057617,16.969999313354492,0
2025-09-26T11:05:00Z,16.969999313354492,16.969999313354492,16.950000762939453,16.950000762939453,0
2025-09-26T11:10:00Z,16.940000534057617,16.940000534057617,16.8799991607666,16.899999618530273,0
2025-09-26T11:15:00Z,16.90999984741211,16.969999313354492,16.90999984741211,16.959999084472656,0
2025-09-26T11:20:00Z,16.969999313354492,16.989999771118164,16.959999084472656,16.989999771118164,0
2025-09-26T11:25:00Z,17.0,17.010000228881836,16.969999313354492,16.969999313354492,0
2025-09-26T11:30:00Z,16.969999313354492,16.989999771118164,16.959999084472656,16.969999313354492,0
2025-09-26T11:35:00Z,16.959999084472656,16.959999084472656,16.940000534057617,16.940000534057617,0
2025-09-26T11:40:00Z,16.940000534057617,16.940000534057617,16.90999984741211,16.920000076293945,0
2025-09-26T11:45:00Z,16.920000076293945,16.93000030517578,16.8799991607666,16.8799991607666,0
2025-09-26T11:50:00Z,16.8799991607666,16.8799991607666,16.84000015258789,16.850000381469727,0
2025-09-26T11:55:00Z,16.860000610351562,16.90999984741211,16.860000610351562,16.90999984741211,0
2025-09-26T12:00:00Z,16.90999984741211,16.93000030517578,16.90999984741211,16.93000030517578,0
2025-09-26T12:05:00Z,16.93000030517578,16.93000030517578,16.8700008392334,16.8700008392334,0
2025-09-26T12:10:00Z,16.8700008392334,16.889999389648438,16.850000381469727,16.850000381469727,0
2025-09-26T12:15:00Z,16.84000015258789,16.84000015258789,16.809999465942383,16.809999465942383,0
2025-09-26T12:20:00Z,16.809999465942383,16.829999923706055,16.809999465942383,16.809999465942383,0
2025-09-26T12:25:00Z,16.799999237060547,16.81999969482422,16.770000457763672,16.770000457763672,0
2025-09-26T12:30:00Z,16.829999923706055,16.829999923706055,16.540000915527344,16.549999237060547,0
2025-09-26T12:35:00Z,16.530000686645508,16.530000686645508,16.389999389648438,16.43000030517578,0
2025-09-26T12:40:00Z,16.420000076293945,16.43000030517578,16.3799991607666,16.399999618530273,0
2025-09-26T12:45:00Z,16.389999389648438,16.450000762939453,16.389999389648438,16.450000762939453,0
2025-09-26T12:50:00Z,16.43000030517578,16.489999771118164,16.420000076293945,16.489999771118164,0
2025-09-26T12:55:00Z,16.479999542236328,16.479999542236328,16.43000030517578,16.450000762939453,0
2025-09-26T13:00:00Z,16.469999313354492,16.520000457763672,16.450000762939453,16.520000457763672,0
2025-09-26T13:05:00Z,16.520000457763672,16.540000915527344,16.510000228881836,16.530000686645508,0
2025-09-26T13:10:00Z,16.530000686645508,16.540000915527344,16.510000228881836,16.510000228881836,0
2025-09-26T13:15:00Z,16.510000228881836,16.530000686645508,16.489999771118164,16.510000228881836,0
2025-09-26T13:20:00Z,16.5,16.5,16.459999084472656,16.5,0
2025-09-26T13:25:00Z,16.5,16.5,16.5,16.5,0
2025-09-26T13:30:00Z,16.639999389648438,16.65999984741211,16.299999237060547,16.299999237060547,0
2025-09-26T13:35:00Z,16.290000915527344,16.290000915527344,16.209999084472656,16.219999313354492,0
2025-09-26T13:40:00Z,16.239999771118164,16.270000457763672,16.1200008392334,16.219999313354492,0
2025-09-26T13:45:00Z,16.209999084472656,16.290000915527344,16.15999984741211,16.18000030517578,0
2025-09-26T13:50:00Z,16.190000534057617,16.270000457763672,16.149999618530273,16.239999771118164,0
2025-09-26T13:55:00Z,16.25,16.280000686645508,16.15999984741211,16.170000076293945,0
2025-09-26T14:00:00Z,16.260000228881836,16.260000228881836,16.079999923706055,16.25,0
2025-09-26T14:05:00Z,16.25,16.540000915527344,16.25,16.479999542236328,0
2025-09-26T14:10:00Z,16.489999771118164,16.670000076293945,16.450000762939453,16.6200008392334,0
2025-09-26T14:15:00Z,16.6299991607666,16.739999771118164,16.59000015258789,16.6200008392334,0
2025-09-26T14:20:00Z,16.610000610351562,16.770000457763672,16.610000610351562,16.75,0
2025-09-26T14:25:00Z,16.75,16.950000762939453,16.709999084472656,16.709999084472656,0
2025-09-26T14:30:00Z,16.700000762939453,16.780000686645508,16.700000762939453,16.729999542236328,0
2025-09-26T14:35:00Z,16.760000228881836,16.790000915527344,16.43000030517578,16.43000030517578,0
2025-09-26T14:40:00Z,16.43000030517578,16.450000762939453,16.360000610351562,16.3799991607666,0
2025-09-26T14:45:00Z,16.43000030517578,16.6200008392334,16.389999389648438,16.6200008392334,0
2025-09-26T14:50:00Z,16.670000076293945,16.709999084472656,16.559999465942383,16.579999923706055,0
2025-09-26T14:55:00Z,16.579999923706055,16.600000381469727,16.5,16.600000381469727,0
2025-09-26T15:00:00Z,16.610000610351562,16.639999389648438,16.5,16.540000915527344,0
2025-09-26T15:05:00Z,16.549999237060547,16.59000015258789,16.5,16.540000915527344,0
2025-09-26T15:10:00Z,16.530000686645508,16.6299991607666,16.510000228881836,16.6200008392334,0
2025-09-26T15:15:00Z,16.649999618530273,16.690000534057617,16.43000030517578,16.43000030517578,0
2025-09-26T15:20:00Z,16.420000076293945,16.510000228881836,16.40999984741211,16.5,0
2025-09-26T15:25:00Z,16.479999542236328,16.479999542236328,16.280000686645508,16.280000686645508,0
2025-09-26T15:30:00Z,16.270000457763672,16.34000015258789,16.260000228881836,16.309999465942383,0
2025-09-26T15:35:00Z,16.299999237060547,16.40999984741211,16.260000228881836,16.389999389648438,0
2025-09-26T15:40:00Z,16.3799991607666,16.389999389648438,16.260000228881836,16.270000457763672,0
2025-09-26T15:45:00Z,16.290000915527344,16.31999969482422,16.270000457763672,16.270000457763672,0
2025-09-26T15:50:00Z,16.260000228881836,16.3799991607666,16.260000228881836,16.329999923706055,0
2025-09-26T15:55:00Z,16.34000015258789,16.43000030517578,16.31999969482422,16.40999984741211,0
2025-09-26T16:00:00Z,16.43000030517578,16.450000762939453,16.389999389648438,16.43000030517578,0
2025-09-26T16:05:00Z,16.420000076293945,16.420000076293945,16.350000381469727,16.350000381469727,0
2025-09-26T16:10:00Z,16.350000381469727,16.360000610351562,16.309999465942383,16.31999969482422,0
2025-09-26T16:15:00Z,16.31999969482422,16.31999969482422,16.219999313354492,16.219999313354492,0
2025-09-26T16:20:00Z,16.209999084472656,16.209999084472656,16.030000686645508,16.030000686645508,0
2025-09-26T16:25:00Z,16.020000457763672,16.020000457763672,15.920000076293945,15.920000076293945,0
2025-09-26T16:30:00Z,15.920000076293945,16.010000228881836,15.920000076293945,15.970000267028809,0
2025-09-26T16:35:00Z,15.960000038146973,15.979999542236328,15.90999984741211,15.930000305175781,0
2025-09-26T16:40:00Z,15.920000076293945,15.930000305175781,15.829999923706055,15.829999923706055,0
2025-09-26T16:45:00Z,15.84000015258789,15.880000114440918,15.829999923706055,15.84000015258789,0
2025-09-26T16:50:00Z,15.84000015258789,15.84000015258789,15.779999732971191,15.779999732971191,0
2025-09-26T16:55:00Z,15.779999732971191,15.789999961853027,15.670000076293945,15.670000076293945,0
2025-09-26T17:00:00Z,15.6899995803833,15.6899995803833,15.649999618530273,15.65999984741211,0
2025-09-26T17:05:00Z,15.649999618530273,15.65999984741211,15.619999885559082,15.640000343322754,0
2025-09-26T17:10:00Z,15.640000343322754,15.640000343322754,15.600000381469727,15.600000381469727,0
2025-09-26T17:15:00Z,15.600000381469727,15.630000114440918,15.59000015258789,15.630000114440918,0
2025-09-26T17:20:00Z,15.619999885559082,15.65999984741211,15.619999885559082,15.630000114440918,0
2025-09-26T17:25:00Z,15.619999885559082,15.630000114440918,15.600000381469727,15.609999656677246,0
2025-09-26T17:30:00Z,15.619999885559082,15.640000343322754,15.600000381469727,15.619999885559082,0
2025-09-26T17:35:00Z,15.619999885559082,15.649999618530273,15.600000381469727,15.649999618530273,0
2025-09-26T17:40:00Z,15.649999618530273,15.680000305175781,15.619999885559082,15.65999984741211,0
2025-09-26T17:45:00Z,15.670000076293945,15.710000038146973,15.670000076293945,15.710000038146973,0
2025-09-26T17:50:00Z,15.710000038146973,15.770000457763672,15.6899995803833,15.770000457763672,0
2025-09-26T17:55:00Z,15.760000228881836,15.789999961853027,15.680000305175781,15.680000305175781,0
2025-09-26T18:00:00Z,15.6899995803833,15.6899995803833,15.640000343322754,15.65999984741211,0
2025-09-26T18:05:00Z,15.670000076293945,15.770000457763672,15.670000076293945,15.770000457763672,0
2025-09-26T18:10:00Z,15.770000457763672,15.779999732971191,15.720000267028809,15.720000267028809,0
2025-09-26T18:15:00Z,15.720000267028809,15.720000267028809,15.649999618530273,15.65999984741211,0
2025-09-26T18:20:00Z,15.670000076293945,15.6899995803833,15.630000114440918,15.630000114440918,0
2025-09-26T18:25:00Z,15.619999885559082,15.649999618530273,15.600000381469727,15.640000343322754,0
2025-09-26T18:30:00Z,15.640000343322754,15.640000343322754,15.619999885559082,15.640000343322754,0
2025-09-26T18:35:00Z,15.630000114440918,15.630000114440918,15.59000015258789,15.59000015258789,0
2025-09-26T18:40:00Z,15.59000015258789,15.59000015258789,15.5600004196167,15.569999694824219,0
2025-09-26T18:45:00Z,15.569999694824219,15.619999885559082,15.529999732971191,15.529999732971191,0
2025-09-26T18:50:00Z,15.539999961853027,15.579999923706055,15.539999961853027,15.579999923706055,0
2025-09-26T18:55:00Z,15.579999923706055,15.579999923706055,15.550000190734863,15.5600004196167,0
2025-09-26T19:00:00Z,15.550000190734863,15.59000015258789,15.550000190734863,15.5600004196167,0
2025-09-26T19:05:00Z,15.569999694824219,15.600000381469727,15.5600004196167,15.600000381469727,0
2025-09-26T19:10:00Z,15.600000381469727,15.609999656677246,15.579999923706055,15.600000381469727,0
2025-09-26T19:15:00Z,15.619999885559082,15.649999618530273,15.579999923706055,15.59000015258789,0
2025-09-26T19:20:00Z,15.59000015258789,15.609999656677246,15.550000190734863,15.5600004196167,0
2025-09-26T19:25:00Z,15.569999694824219,15.59000015258789,15.5600004196167,15.59000015258789,0
2025-09-26T19:30:00Z,15.59000015258789,15.630000114440918,15.59000015258789,15.59000015258789,0
2025-09-26T19:35:00Z,15.600000381469727,15.609999656677246,15.5600004196167,15.5600004196167,0
2025-09-26T19:40:00Z,15.5600004196167,15.579999923706055,15.539999961853027,15.550000190734863,0
2025-09-26T19:45:00Z,15.5600004196167,15.5600004196167,15.489999771118164,15.489999771118164,0
2025-09-26T19:50:00Z,15.470000267028809,15.529999732971191,15.380000114440918,15.380000114440918,0
2025-09-26T19:55:00Z,15.390000343322754,15.430000305175781,15.319999694824219,15.319999694824219,0
2025-09-26T20:00:00Z,15.359999656677246,15.359999656677246,15.300000190734863,15.300000190734863,0
2025-09-26T20:05:00Z,15.289999961853027,15.319999694824219,15.289999961853027,15.3100004196167,0
2025-09-26T20:10:00Z,15.3100004196167,15.319999694824219,15.289999961853027,15.289999961853027,0
2025-09-29T07:15:00Z,15.84000015258789,15.859999656677246,15.84000015258789,15.850000381469727,0
2025-09-29T07:20:00Z,15.850000381469727,15.850000381469727,15.800000190734863,15.8100004196167,0
2025-09-29T07:25:00Z,15.800000190734863,15.8100004196167,15.779999732971191,15.779999732971191,0
2025-09-29T07:30:00Z,15.789999961853027,15.800000190734863,15.770000457763672,15.789999961853027,0
2025-09-29T07:35:00Z,15.789999961853027,15.789999961853027,15.739999771118164,15.75,0
2025-09-29T07:40:00Z,15.75,15.760000228881836,15.75,15.760000228881836,0
2025-09-29T07:45:00Z,15.770000457763672,15.789999961853027,15.760000228881836,15.770000457763672,0
2025-09-29T07:50:00Z,15.770000457763672,15.770000457763672,15.75,15.770000457763672,0
2025-09-29T07:55:00Z,15.760000228881836,15.800000190734863,15.760000228881836,15.789999961853027,0
2025-09-29T08:00:00Z,15.789999961853027,15.789999961853027,15.760000228881836,15.779999732971191,0
2025-09-29T08:05:00Z,15.779999732971191,15.789999961853027,15.770000457763672,15.770000457763672,0
2025-09-29T08:10:00Z,15.770000457763672,15.779999732971191,15.770000457763672,15.770000457763672,0
2025-09-29T08:15:00Z,15.789999961853027,15.8100004196167,15.789999961853027,15.800000190734863,0
2025-09-29T08:20:00Z,15.8100004196167,15.8100004196167,15.800000190734863,15.800000190734863,0
2025-09-29T08:25:00Z,15.800000190734863,15.819999694824219,15.789999961853027,15.819999694824219,0
2025-09-29T08:30:00Z,15.8100004196167,15.8100004196167,15.800000190734863,15.800000190734863,0
2025-09-29T08:35:00Z,15.800000190734863,15.800000190734863,15.779999732971191,15.779999732971191,0
2025-09-29T08:40:00Z,15.779999732971191,15.779999732971191,15.770000457763672,15.770000457763672,0
2025-09-29T08:45:00Z,15.770000457763672,15.779999732971191,15.75,15.779999732971191,0
2025-09-29T08:50:00Z,15.779999732971191,15.779999732971191,15.770000457763672,15.779999732971191,0
2025-09-29T08:55:00Z,15.779999732971191,15.779999732971191,15.760000228881836,15.760000228881836,0
2025-09-29T09:00:00Z,15.770000457763672,15.8100004196167,15.75,15.8100004196167,0
2025-09-29T09:05:00Z,15.8100004196167,15.8100004196167,15.789999961853027,15.800000190734863,0
2025-09-29T09:10:00Z,15.800000190734863,15.819999694824219,15.800000190734863,15.819999694824219,0
2025-09-29T09:15:00Z,15.819999694824219,15.829999923706055,15.819999694824219,15.819999694824219,0
2025-09-29T09:20:00Z,15.829999923706055,15.84000015258789,15.829999923706055,15.84000015258789,0
2025-09-29T09:25:00Z,15.84000015258789,15.84000015258789,15.8100004196167,15.829999923706055,0
2025-09-29T09:30:00Z,15.829999923706055,15.869999885559082,15.829999923706055,15.859999656677246,0
2025-09-29T09:35:00Z,15.859999656677246,15.859999656677246,15.829999923706055,15.84000015258789,0
2025-09-29T09:40:00Z,15.84000015258789,15.84000015258789,15.829999923706055,15.829999923706055,0
2025-09-29T09:45:00Z,15.829999923706055,15.859999656677246,15.819999694824219,15.850000381469727,0
2025-09-29T09:50:00Z,15.850000381469727,15.859999656677246,15.850000381469727,15.859999656677246,0
2025-09-29T09:55:00Z,15.859999656677246,15.890000343322754,15.859999656677246,15.890000343322754,0
2025-09-29T10:00:00Z,15.899999618530273,15.920000076293945,15.890000343322754,15.890000343322754,0
2025-09-29T10:05:00Z,15.90999984741211,15.90999984741211,15.84000015258789,15.850000381469727,0
2025-09-29T10:10:00Z,15.850000381469727,15.850000381469727,15.819999694824219,15.819999694824219,0
2025-09-29T10:15:00Z,15.8100004196167,15.8100004196167,15.789999961853027,15.789999961853027,0
2025-09-29T10:20:00Z,15.789999961853027,15.789999961853027,15.760000228881836,15.760000228881836,0
2025-09-29T10:25:00Z,15.760000228881836,15.789999961853027,15.760000228881836,15.779999732971191,0
2025-09-29T10:30:00Z,15.779999732971191,15.800000190734863,15.779999732971191,15.800000190734863,0
2025-09-29T10:35:00Z,15.800000190734863,15.8100004196167,15.800000190734863,15.8100004196167,0
2025-09-29T10:40:00Z,15.8100004196167,15.819999694824219,15.8100004196167,15.819999694824219,0
2025-09-29T10:45:00Z,15.819999694824219,15.829999923706055,15.819999694824219,15.829999923706055,0
2025-09-29T10:50:00Z,15.829999923706055,15.850000381469727,15.819999694824219,15.84000015258789,0
2025-09-29T10:55:00Z,15.84000015258789,15.850000381469727,15.84000015258789,15.850000381469727,0
2025-09-29T11:00:00Z,15.850000381469727,15.859999656677246,15.8100004196167,15.859999656677246,0
2025-09-29T11:05:00Z,15.859999656677246,15.90999984741211,15.859999656677246,15.90999984741211,0
2025-09-29T11:10:00Z,15.920000076293945,15.970000267028809,15.920000076293945,15.970000267028809,0
2025-09-29T11:15:00Z,15.970000267028809,15.979999542236328,15.930000305175781,15.930000305175781,0
2025-09-29T11:20:00Z,15.930000305175781,15.9399995803833,15.920000076293945,15.9399995803833,0
2025-09-29T11:25:00Z,15.9399995803833,15.960000038146973,15.9399995803833,15.960000038146973,0
2025-09-29T11:30:00Z,15.960000038146973,15.979999542236328,15.949999809265137,15.979999542236328,0
2025-09-29T11:35:00Z,15.979999542236328,15.979999542236328,15.949999809265137,15.979999542236328,0
2025-09-29T11:40:00Z,15.979999542236328,15.979999542236328,15.970000267028809,15.979999542236328,0
2025-09-29T11:45:00Z,15.979999542236328,16.0,15.979999542236328,15.979999542236328,0
2025-09-29T11:50:00Z,15.979999542236328,15.979999542236328,15.949999809265137,15.949999809265137,0
2025-09-29T11:55:00Z,15.949999809265137,15.949999809265137,15.9399995803833,15.9399995803833,0
2025-09-29T12:00:00Z,15.949999809265137,15.979999542236328,15.930000305175781,15.979999542236328,0
2025-09-29T12:05:00Z,15.979999542236328,16.0,15.930000305175781,15.930000305175781,0
2025-09-29T12:10:00Z,15.930000305175781,15.930000305175781,15.920000076293945,15.920000076293945,0
2025-09-29T12:15:00Z,15.90999984741211,15.920000076293945,15.90999984741211,15.90999984741211,0
2025-09-29T12:20:00Z,15.90999984741211,15.90999984741211,15.899999618530273,15.899999618530273,0
2025-09-29T12:25:00Z,15.899999618530273,15.930000305175781,15.899999618530273,15.920000076293945,0
2025-09-29T12:30:00Z,15.920000076293945,15.930000305175781,15.899999618530273,15.899999618530273,0
2025-09-29T12:35:00Z,15.899999618530273,15.920000076293945,15.890000343322754,15.890000343322754,0
2025-09-29T12:40:00Z,15.890000343322754,15.899999618530273,15.880000114440918,15.880000114440918,0
2025-09-29T12:45:00Z,15.880000114440918,15.880000114440918,15.84000015258789,15.859999656677246,0
2025-09-29T12:50:00Z,15.850000381469727,15.859999656677246,15.850000381469727,15.850000381469727,0
2025-09-29T12:55:00Z,15.850000381469727,15.859999656677246,15.829999923706055,15.850000381469727,0
2025-09-29T13:00:00Z,15.850000381469727,15.869999885559082,15.8100004196167,15.869999885559082,0
2025-09-29T13:05:00Z,15.869999885559082,15.880000114440918,15.84000015258789,15.850000381469727,0
2025-09-29T13:10:00Z,15.850000381469727,15.859999656677246,15.84000015258789,15.850000381469727,0
2025-09-29T13:15:00Z,15.850000381469727,15.850000381469727,15.829999923706055,15.84000015258789,0
2025-09-29T13:20:00Z,15.829999923706055,15.859999656677246,15.829999923706055,15.84000015258789,0
2025-09-29T13:25:00Z,15.84000015258789,15.84000015258789,15.84000015258789,15.84000015258789,0
2025-09-29T13:30:00Z,15.970000267028809,15.970000267028809,15.859999656677246,15.920000076293945,0
2025-09-29T13:35:00Z,15.920000076293945,15.979999542236328,15.890000343322754,15.979999542236328,0
2025-09-29T13:40:00Z,16.0,16.010000228881836,15.920000076293945,15.920000076293945,0
2025-09-29T13:45:00Z,15.920000076293945,15.949999809265137,15.90999984741211,15.930000305175781,0
2025-09-29T13:50:00Z,15.920000076293945,15.970000267028809,15.90999984741211,15.9399995803833,0
2025-09-29T13:55:00Z,15.9399995803833,15.989999771118164,15.920000076293945,15.949999809265137,0
2025-09-29T14:00:00Z,15.970000267028809,16.040000915527344,15.9399995803833,16.030000686645508,0
2025-09-29T14:05:00Z,16.040000915527344,16.049999237060547,15.90999984741211,15.90999984741211,0
2025-09-29T14:10:00Z,15.90999984741211,15.979999542236328,15.90999984741211,15.949999809265137,0
2025-09-29T14:15:00Z,15.949999809265137,16.0,15.930000305175781,16.0,0
2025-09-29T14:20:00Z,16.010000228881836,16.030000686645508,15.899999618530273,15.899999618530273,0
2025-09-29T14:25:00Z,15.90999984741211,15.9399995803833,15.899999618530273,15.930000305175781,0
2025-09-29T14:30:00Z,15.930000305175781,15.960000038146973,15.920000076293945,15.920000076293945,0
2025-09-29T14:35:00Z,15.90999984741211,15.9399995803833,15.899999618530273,15.90999984741211,0
2025-09-29T14:40:00Z,15.90999984741211,15.90999984741211,15.859999656677246,15.869999885559082,0
2025-09-29T14:45:00Z,15.869999885559082,15.869999885559082,15.8100004196167,15.819999694824219,0
2025-09-29T14:50:00Z,15.829999923706055,15.859999656677246,15.819999694824219,15.859999656677246,0
2025-09-29T14:55:00Z,15.850000381469727,15.899999618530273,15.850000381469727,15.859999656677246,0
2025-09-29T15:00:00Z,15.859999656677246,15.880000114440918,15.84000015258789,15.84000015258789,0
2025-09-29T15:05:00Z,15.850000381469727,15.899999618530273,15.850000381469727,15.899999618530273,0
2025-09-29T15:10:00Z,15.899999618530273,16.010000228881836,15.899999618530273,15.989999771118164,0
2025-09-29T15:15:00Z,15.989999771118164,16.1200008392334,15.960000038146973,15.960000038146973,0
2025-09-29T15:20:00Z,15.960000038146973,15.979999542236328,15.869999885559082,15.90999984741211,0
2025-09-29T15:25:00Z,15.930000305175781,15.9399995803833,15.899999618530273,15.930000305175781,0
2025-09-29T15:30:00Z,15.930000305175781,16.020000457763672,15.920000076293945,16.010000228881836,0
2025-09-29T15:35:00Z,16.0,16.049999237060547,15.979999542236328,15.989999771118164,0
2025-09-29T15:40:00Z,15.979999542236328,16.0,15.930000305175781,15.930000305175781,0
2025-09-29T15:45:00Z,15.9399995803833,16.0,15.9399995803833,15.989999771118164,0
2025-09-29T15:50:00Z,15.989999771118164,16.040000915527344,15.989999771118164,15.989999771118164,0
2025-09-29T15:55:00Z,15.989999771118164,16.049999237060547,15.970000267028809,16.0,0
2025-09-29T16:00:00Z,15.989999771118164,16.020000457763672,15.949999809265137,16.020000457763672,0
2025-09-29T16:05:00Z,16.020000457763672,16.030000686645508,15.979999542236328,15.979999542236328,0
2025-09-29T16:10:00Z,15.970000267028809,15.970000267028809,15.880000114440918,15.880000114440918,0
2025-09-29T16:15:00Z,15.890000343322754,16.030000686645508,15.880000114440918,15.960000038146973,0
2025-09-29T16:20:00Z,15.949999809265137,15.979999542236328,15.920000076293945,15.930000305175781,0
2025-09-29T16:25:00Z,15.930000305175781,15.960000038146973,15.930000305175781,15.960000038146973,0
2025-09-29T16:30:00Z,15.949999809265137,15.949999809265137,15.90999984741211,15.930000305175781,0
2025-09-29T16:35:00Z,15.930000305175781,15.979999542236328,15.930000305175781,15.970000267028809,0
2025-09-29T16:40:00Z,15.970000267028809,16.020000457763672,15.9399995803833,16.020000457763672,0
2025-09-29T16:45:00Z,16.020000457763672,16.030000686645508,15.989999771118164,16.0,0
2025-09-29T16:50:00Z,16.0,16.049999237060547,16.0,16.049999237060547,0
2025-09-29T16:55:00Z,16.049999237060547,16.059999465942383,16.030000686645508,16.030000686645508,0
2025-09-29T17:00:00Z,16.040000915527344,16.15999984741211,16.040000915527344,16.15999984741211,0
2025-09-29T17:05:00Z,16.149999618530273,16.149999618530273,16.110000610351562,16.1299991607666,0
2025-09-29T17:10:00Z,16.1299991607666,16.15999984741211,16.100000381469727,16.15999984741211,0
2025-09-29T17:15:00Z,16.15999984741211,16.170000076293945,16.110000610351562,16.1200008392334,0
2025-09-29T17:20:00Z,16.1299991607666,16.170000076293945,16.1299991607666,16.149999618530273,0
2025-09-29T17:25:00Z,16.149999618530273,16.170000076293945,16.1299991607666,16.15999984741211,0
2025-09-29T17:30:00Z,16.15999984741211,16.229999542236328,16.15999984741211,16.170000076293945,0
2025-09-29T17:35:00Z,16.18000030517578,16.200000762939453,16.170000076293945,16.170000076293945,0
2025-09-29T17:40:00Z,16.170000076293945,16.170000076293945,16.1299991607666,16.15999984741211,0
2025-09-29T17:45:00Z,16.15999984741211,16.15999984741211,16.1299991607666,16.149999618530273,0
2025-09-29T17:50:00Z,16.149999618530273,16.149999618530273,16.079999923706055,16.079999923706055,0
2025-09-29T17:55:00Z,16.06999969482422,16.1200008392334,16.06999969482422,16.1200008392334,0
2025-09-29T18:00:00Z,16.110000610351562,16.110000610351562,16.049999237060547,16.049999237060547,0
2025-09-29T18:05:00Z,16.049999237060547,16.06999969482422,16.030000686645508,16.06999969482422,0
2025-09-29T18:10:00Z,16.06999969482422,16.06999969482422,16.0,16.0,0
2025-09-29T18:15:00Z,16.0,16.0,15.960000038146973,15.960000038146973,0
2025-09-29T18:20:00Z,15.960000038146973,15.960000038146973,15.920000076293945,15.930000305175781,0
2025-09-29T18:25:00Z,15.920000076293945,15.920000076293945,15.890000343322754,15.899999618530273,0
2025-09-29T18:30:00Z,15.899999618530273,15.90999984741211,15.899999618530273,15.90999984741211,0
2025-09-29T18:35:00Z,15.920000076293945,15.960000038146973,15.920000076293945,15.960000038146973,0
2025-09-29T18:40:00Z,15.960000038146973,15.989999771118164,15.9399995803833,15.979999542236328,0
2025-09-29T18:45:00Z,15.979999542236328,15.979999542236328,15.949999809265137,15.970000267028809,0
2025-09-29T18:50:00Z,15.970000267028809,15.989999771118164,15.960000038146973,15.979999542236328,0
2025-09-29T18:55:00Z,15.989999771118164,16.0,15.970000267028809,15.979999542236328,0
2025-09-29T19:00:00Z,15.979999542236328,16.049999237060547,15.979999542236328,16.030000686645508,0
2025-09-29T19:05:00Z,16.030000686645508,16.139999389648438,16.030000686645508,16.1299991607666,0
2025-09-29T19:10:00Z,16.1299991607666,16.15999984741211,16.09000015258789,16.149999618530273,0
2025-09-29T19:15:00Z,16.149999618530273,16.290000915527344,16.149999618530273,16.209999084472656,0
2025-09-29T19:20:00Z,16.219999313354492,16.219999313354492,16.15999984741211,16.170000076293945,0
2025-09-29T19:25:00Z,16.170000076293945,16.170000076293945,16.1299991607666,16.15999984741211,0
2025-09-29T19:30:00Z,16.15999984741211,16.18000030517578,16.1299991607666,16.139999389648438,0
2025-09-29T19:35:00Z,16.1299991607666,16.1299991607666,16.100000381469727,16.100000381469727,0
2025-09-29T19:40:00Z,16.1200008392334,16.1299991607666,16.06999969482422,16.110000610351562,0
2025-09-29T19:45:00Z,16.100000381469727,16.1200008392334,16.059999465942383,16.09000015258789,0
2025-09-29T19:50:00Z,16.09000015258789,16.139999389648438,16.06999969482422,16.100000381469727,0
2025-09-29T19:55:00Z,16.1299991607666,16.1299991607666,16.059999465942383,16.059999465942383,0
2025-09-29T20:00:00Z,16.030000686645508,16.110000610351562,16.030000686645508,16.110000610351562,0
2025-09-29T20:05:00Z,16.110000610351562,16.139999389648438,16.110000610351562,16.1200008392334,0
2025-09-29T20:10:00Z,16.1200008392334,16.139999389648438,16.1200008392334,16.1299991607666,0
2025-09-30T07:15:00Z,16.489999771118164,16.540000915527344,16.489999771118164,16.489999771118164,0
2025-09-30T07:20:00Z,16.5,16.510000228881836,16.489999771118164,16.489999771118164,0
2025-09-30T07:25:00Z,16.489999771118164,16.489999771118164,16.43000030517578,16.440000534057617,0
2025-09-30T07:30:00Z,16.440000534057617,16.530000686645508,16.43000030517578,16.530000686645508,0
2025-09-30T07:35:00Z,16.530000686645508,16.540000915527344,16.5,16.510000228881836,0
2025-09-30T07:40:00Z,16.510000228881836,16.700000762939453,16.510000228881836,16.670000076293945,0
2025-09-30T07:45:00Z,16.670000076293945,16.690000534057617,16.649999618530273,16.68000030517578,0
2025-09-30T07:50:00Z,16.68000030517578,16.690000534057617,16.56999969482422,16.579999923706055,0
2025-09-30T07:55:00Z,16.579999923706055,16.579999923706055,16.549999237060547,16.559999465942383,0
2025-09-30T08:00:00Z,16.559999465942383,16.6200008392334,16.510000228881836,16.6200008392334,0
2025-09-30T08:05:00Z,16.6200008392334,16.68000030517578,16.610000610351562,16.68000030517578,0
2025-09-30T08:10:00Z,16.670000076293945,16.670000076293945,16.610000610351562,16.639999389648438,0
2025-09-30T08:15:00Z,16.639999389648438,16.639999389648438,16.600000381469727,16.610000610351562,0
2025-09-30T08:20:00Z,16.610000610351562,16.610000610351562,16.579999923706055,16.610000610351562,0
2025-09-30T08:25:00Z,16.6200008392334,16.6200008392334,16.549999237060547,16.579999923706055,0
2025-09-30T08:30:00Z,16.579999923706055,16.59000015258789,16.530000686645508,16.530000686645508,0
2025-09-30T08:35:00Z,16.530000686645508,16.559999465942383,16.530000686645508,16.549999237060547,0
2025-09-30T08:40:00Z,16.549999237060547,16.559999465942383,16.540000915527344,16.540000915527344,0
2025-09-30T08:45:00Z,16.540000915527344,16.540000915527344,16.489999771118164,16.489999771118164,0
2025-09-30T08:50:00Z,16.489999771118164,16.510000228881836,16.489999771118164,16.5,0
2025-09-30T08:55:00Z,16.510000228881836,16.520000457763672,16.5,16.520000457763672,0
2025-09-30T09:00:00Z,16.510000228881836,16.56999969482422,16.510000228881836,16.56999969482422,0
2025-09-30T09:05:00Z,16.549999237060547,16.549999237060547,16.520000457763672,16.540000915527344,0
2025-09-30T09:10:00Z,16.549999237060547,16.559999465942383,16.540000915527344,16.549999237060547,0
2025-09-30T09:15:00Z,16.549999237060547,16.56999969482422,16.530000686645508,16.530000686645508,0
2025-09-30T09:20:00Z,16.530000686645508,16.559999465942383,16.530000686645508,16.540000915527344,0
2025-09-30T09:25:00Z,16.540000915527344,16.549999237060547,16.530000686645508,16.530000686645508,0
2025-09-30T09:30:00Z,16.530000686645508,16.530000686645508,16.479999542236328,16.479999542236328,0
2025-09-30T09:35:00Z,16.479999542236328,16.530000686645508,16.479999542236328,16.520000457763672,0
2025-09-30T09:40:00Z,16.520000457763672,16.59000015258789,16.510000228881836,16.579999923706055,0
2025-09-30T09:45:00Z,16.56999969482422,16.59000015258789,16.56999969482422,16.59000015258789,0
2025-09-30T09:50:00Z,16.59000015258789,16.610000610351562,16.579999923706055,16.59000015258789,0
2025-09-30T09:55:00Z,16.59000015258789,16.59000015258789,16.56999969482422,16.56999969482422,0
2025-09-30T10:00:00Z,16.579999923706055,16.579999923706055,16.549999237060547,16.549999237060547,0
2025-09-30T10:05:00Z,16.549999237060547,16.549999237060547,16.510000228881836,16.510000228881836,0
2025-09-30T10:10:00Z,16.510000228881836,16.59000015258789,16.510000228881836,16.59000015258789,0
2025-09-30T10:15:00Z,16.59000015258789,16.639999389648438,16.59000015258789,16.59000015258789,0
2025-09-30T10:20:00Z,16.579999923706055,16.600000381469727,16.579999923706055,16.59000015258789,0
2025-09-30T10:25:00Z,16.579999923706055,16.59000015258789,16.579999923706055,16.59000015258789,0
2025-09-30T10:30:00Z,16.59000015258789,16.59000015258789,16.56999969482422,16.579999923706055,0
2025-09-30T10:35:00Z,16.579999923706055,16.639999389648438,16.579999923706055,16.6200008392334,0
2025-09-30T10:40:00Z,16.610000610351562,16.6299991607666,16.579999923706055,16.579999923706055,0
2025-09-30T10:45:00Z,16.579999923706055,16.579999923706055,16.530000686645508,16.530000686645508,0
2025-09-30T10:50:00Z,16.540000915527344,16.540000915527344,16.5,16.510000228881836,0
2025-09-30T10:55:00Z,16.510000228881836,16.520000457763672,16.510000228881836,16.520000457763672,0
2025-09-30T11:00:00Z,16.520000457763672,16.540000915527344,16.510000228881836,16.520000457763672,0
2025-09-30T11:05:00Z,16.520000457763672,16.530000686645508,16.510000228881836,16.530000686645508,0
2025-09-30T11:10:00Z,16.530000686645508,16.56999969482422,16.530000686645508,16.540000915527344,0
2025-09-30T11:15:00Z,16.540000915527344,16.579999923706055,16.540000915527344,16.56999969482422,0
2025-09-30T11:20:00Z,16.56999969482422,16.59000015258789,16.559999465942383,16.56999969482422,0
2025-09-30T11:25:00Z,16.56999969482422,16.56999969482422,16.540000915527344,16.549999237060547,0
2025-09-30T11:30:00Z,16.540000915527344,16.549999237060547,16.540000915527344,16.549999237060547,0
2025-09-30T11:35:00Z,16.549999237060547,16.559999465942383,16.540000915527344,16.540000915527344,0
2025-09-30T11:40:00Z,16.540000915527344,16.559999465942383,16.540000915527344,16.549999237060547,0
2025-09-30T11:45:00Z,16.559999465942383,16.56999969482422,16.549999237060547,16.549999237060547,0
2025-09-30T11:50:00Z,16.549999237060547,16.639999389648438,16.549999237060547,16.600000381469727,0
2025-09-30T11:55:00Z,16.600000381469727,16.600000381469727,16.59000015258789,16.59000015258789,0
2025-09-30T12:00:00Z,16.600000381469727,16.639999389648438,16.59000015258789,16.639999389648438,0
2025-09-30T12:05:00Z,16.639999389648438,16.639999389648438,16.6200008392334,16.6299991607666,0
2025-09-30T12:10:00Z,16.6299991607666,16.649999618530273,16.6299991607666,16.6299991607666,0
2025-09-30T12:15:00Z,16.6299991607666,16.639999389648438,16.59000015258789,16.59000015258789,0
2025-09-30T12:20:00Z,16.59000015258789,16.59000015258789,16.530000686645508,16.540000915527344,0
2025-09-30T12:25:00Z,16.540000915527344,16.549999237060547,16.530000686645508,16.530000686645508,0
2025-09-30T12:30:00Z,16.530000686645508,16.540000915527344,16.510000228881836,16.510000228881836,0
2025-09-30T12:35:00Z,16.510000228881836,16.520000457763672,16.450000762939453,16.450000762939453,0
2025-09-30T12:40:00Z,16.440000534057617,16.459999084472656,16.440000534057617,16.440000534057617,0
2025-09-30T12:45:00Z,16.43000030517578,16.440000534057617,16.43000030517578,16.43000030517578,0
2025-09-30T12:50:00Z,16.43000030517578,16.43000030517578,16.420000076293945,16.43000030517578,0
2025-09-30T12:55:00Z,16.420000076293945,16.450000762939453,16.420000076293945,16.440000534057617,0
2025-09-30T13:00:00Z,16.440000534057617,16.5,16.440000534057617,16.5,0
2025-09-30T13:05:00Z,16.5,16.530000686645508,16.489999771118164,16.5,0
2025-09-30T13:10:00Z,16.5,16.5,16.469999313354492,16.489999771118164,0
2025-09-30T13:15:00Z,16.489999771118164,16.489999771118164,16.459999084472656,16.459999084472656,0
2025-09-30T13:20:00Z,16.459999084472656,16.469999313354492,16.450000762939453,16.469999313354492,0
2025-09-30T13:25:00Z,16.469999313354492,16.469999313354492,16.469999313354492,16.469999313354492,0
2025-09-30T13:30:00Z,16.389999389648438,16.540000915527344,16.3700008392334,16.540000915527344,0
2025-09-30T13:35:00Z,16.530000686645508,16.549999237060547,16.43000030517578,16.43000030517578,0
2025-09-30T13:40:00Z,16.420000076293945,16.420000076293945,16.260000228881836,16.270000457763672,0
2025-09-30T13:45:00Z,16.25,16.360000610351562,16.219999313354492,16.360000610351562,0
2025-09-30T13:50:00Z,16.31999969482422,16.389999389648438,16.31999969482422,16.3799991607666,0
2025-09-30T13:55:00Z,16.40999984741211,16.440000534057617,16.270000457763672,16.290000915527344,0
2025-09-30T14:00:00Z,16.25,16.25,16.1299991607666,16.170000076293945,0
2025-09-30T14:05:00Z,16.18000030517578,16.360000610351562,16.18000030517578,16.329999923706055,0
2025-09-30T14:10:00Z,16.350000381469727,16.3700008392334,16.270000457763672,16.270000457763672,0
2025-09-30T14:15:00Z,16.280000686645508,16.280000686645508,16.149999618530273,16.219999313354492,0
2025-09-30T14:20:00Z,16.229999542236328,16.260000228881836,16.170000076293945,16.260000228881836,0
2025-09-30T14:25:00Z,16.25,16.280000686645508,16.229999542236328,16.239999771118164,0
2025-09-30T14:30:00Z,16.239999771118164,16.299999237060547,16.18000030517578,16.290000915527344,0
2025-09-30T14:35:00Z,16.280000686645508,16.450000762939453,16.280000686645508,16.450000762939453,0
2025-09-30T14:40:00Z,16.440000534057617,16.459999084472656,16.3700008392334,16.3799991607666,0
2025-09-30T14:45:00Z,16.3700008392334,16.3700008392334,16.170000076293945,16.190000534057617,0
2025-09-30T14:50:00Z,16.190000534057617,16.25,16.190000534057617,16.25,0
2025-09-30T14:55:00Z,16.239999771118164,16.239999771118164,16.18000030517578,16.190000534057617,0
2025-09-30T15:00:00Z,16.18000030517578,16.200000762939453,16.149999618530273,16.170000076293945,0
2025-09-30T15:05:00Z,16.15999984741211,16.190000534057617,16.15999984741211,16.170000076293945,0
2025-09-30T15:10:00Z,16.15999984741211,16.229999542236328,16.15999984741211,16.229999542236328,0
2025-09-30T15:15:00Z,16.25,16.309999465942383,16.229999542236328,16.309999465942383,0
2025-09-30T15:20:00Z,16.290000915527344,16.3700008392334,16.290000915527344,16.34000015258789,0
2025-09-30T15:25:00Z,16.34000015258789,16.520000457763672,16.34000015258789,16.350000381469727,0
2025-09-30T15:30:00Z,16.360000610351562,16.3799991607666,16.280000686645508,16.350000381469727,0
2025-09-30T15:35:00Z,16.329999923706055,16.459999084472656,16.329999923706055,16.459999084472656,0
2025-09-30T15:40:00Z,16.479999542236328,16.530000686645508,16.440000534057617,16.530000686645508,0
2025-09-30T15:45:00Z,16.510000228881836,16.510000228881836,16.389999389648438,16.389999389648438,0
2025-09-30T15:50:00Z,16.3700008392334,16.40999984741211,16.329999923706055,16.350000381469727,0
2025-09-30T15:55:00Z,16.34000015258789,16.389999389648438,16.280000686645508,16.299999237060547,0
2025-09-30T16:00:00Z,16.290000915527344,16.34000015258789,16.270000457763672,16.34000015258789,0
2025-09-30T16:05:00Z,16.34000015258789,16.389999389648438,16.31999969482422,16.389999389648438,0
2025-09-30T16:10:00Z,16.3700008392334,16.399999618530273,16.3700008392334,16.389999389648438,0
2025-09-30T16:15:00Z,16.3799991607666,16.399999618530273,16.31999969482422,16.31999969482422,0
2025-09-30T16:20:00Z,16.309999465942383,16.309999465942383,16.209999084472656,16.290000915527344,0
2025-09-30T16:25:00Z,16.290000915527344,16.329999923706055,16.280000686645508,16.329999923706055,0
2025-09-30T16:30:00Z,16.31999969482422,16.329999923706055,16.299999237060547,16.31999969482422,0
2025-09-30T16:35:00Z,16.31999969482422,16.31999969482422,16.290000915527344,16.299999237060547,0
2025-09-30T16:40:00Z,16.290000915527344,16.309999465942383,16.260000228881836,16.260000228881836,0
2025-09-30T16:45:00Z,16.25,16.350000381469727,16.25,16.329999923706055,0
2025-09-30T16:50:00Z,16.329999923706055,16.350000381469727,16.299999237060547,16.34000015258789,0
2025-09-30T16:55:00Z,16.34000015258789,16.40999984741211,16.329999923706055,16.3700008392334,0
2025-09-30T17:00:00Z,16.3700008392334,16.399999618530273,16.360000610351562,16.399999618530273,0
2025-09-30T17:05:00Z,16.399999618530273,16.43000030517578,16.3799991607666,16.420000076293945,0
2025-09-30T17:10:00Z,16.420000076293945,16.510000228881836,16.420000076293945,16.459999084472656,0
2025-09-30T17:15:00Z,16.459999084472656,16.479999542236328,16.43000030517578,16.459999084472656,0
2025-09-30T17:20:00Z,16.450000762939453,16.530000686645508,16.450000762939453,16.530000686645508,0
2025-09-30T17:25:00Z,16.530000686645508,16.549999237060547,16.489999771118164,16.489999771118164,0
2025-09-30T17:30:00Z,16.520000457763672,16.549999237060547,16.479999542236328,16.479999542236328,0
2025-09-30T17:35:00Z,16.489999771118164,16.530000686645508,16.469999313354492,16.520000457763672,0
2025-09-30T17:40:00Z,16.520000457763672,16.520000457763672,16.469999313354492,16.510000228881836,0
2025-09-30T17:45:00Z,16.510000228881836,16.510000228881836,16.420000076293945,16.420000076293945,0
2025-09-30T17:50:00Z,16.40999984741211,16.40999984741211,16.329999923706055,16.34000015258789,0
2025-09-30T17:55:00Z,16.34000015258789,16.40999984741211,16.34000015258789,16.389999389648438,0
2025-09-30T18:00:00Z,16.389999389648438,16.389999389648438,16.309999465942383,16.309999465942383,0
2025-09-30T18:05:00Z,16.309999465942383,16.309999465942383,16.209999084472656,16.209999084472656,0
2025-09-30T18:10:00Z,16.200000762939453,16.200000762939453,16.1200008392334,16.1200008392334,0
2025-09-30T18:15:00Z,16.1299991607666,16.170000076293945,16.110000610351562,16.110000610351562,0
2025-09-30T18:20:00Z,16.1299991607666,16.18000030517578,16.110000610351562,16.15999984741211,0
2025-09-30T18:25:00Z,16.170000076293945,16.200000762939453,16.149999618530273,16.18000030517578,0
2025-09-30T18:30:00Z,16.18000030517578,16.229999542236328,16.18000030517578,16.219999313354492,0
2025-09-30T18:35:00Z,16.209999084472656,16.209999084472656,16.18000030517578,16.18000030517578,0
2025-09-30T18:40:00Z,16.18000030517578,16.18000030517578,16.149999618530273,16.15999984741211,0
2025-09-30T18:45:00Z,16.15999984741211,16.170000076293945,16.1200008392334,16.1200008392334,0
2025-09-30T18:50:00Z,16.1200008392334,16.139999389648438,16.110000610351562,16.139999389648438,0
2025-09-30T18:55:00Z,16.1299991607666,16.139999389648438,16.09000015258789,16.110000610351562,0
2025-09-30T19:00:00Z,16.100000381469727,16.149999618530273,16.100000381469727,16.139999389648438,0
2025-09-30T19:05:00Z,16.149999618530273,16.170000076293945,16.1299991607666,16.1299991607666,0
2025-09-30T19:10:00Z,16.139999389648438,16.139999389648438,16.1200008392334,16.1200008392334,0
2025-09-30T19:15:00Z,16.1299991607666,16.15999984741211,16.1299991607666,16.1299991607666,0
2025-09-30T19:20:00Z,16.1299991607666,16.149999618530273,16.100000381469727,16.1299991607666,0
2025-09-30T19:25:00Z,16.1299991607666,16.170000076293945,16.110000610351562,16.15999984741211,0
2025-09-30T19:30:00Z,16.149999618530273,16.15999984741211,16.1299991607666,16.1299991607666,0
2025-09-30T19:35:00Z,16.1200008392334,16.149999618530273,16.1200008392334,16.139999389648438,0
2025-09-30T19:40:00Z,16.139999389648438,16.18000030517578,16.139999389648438,16.170000076293945,0
2025-09-30T19:45:00Z,16.15999984741211,16.170000076293945,16.110000610351562,16.110000610351562,0
2025-09-30T19:50:00Z,16.06999969482422,16.1299991607666,16.049999237060547,16.079999923706055,0
2025-09-30T19:55:00Z,16.06999969482422,16.079999923706055,16.020000457763672,16.079999923706055,0
2025-09-30T20:00:00Z,16.110000610351562,16.200000762939453,16.110000610351562,16.18000030517578,0
2025-09-30T20:05:00Z,16.190000534057617,16.219999313354492,16.170000076293945,16.219999313354492,0
2025-09-30T20:10:00Z,16.229999542236328,16.280000686645508,16.219999313354492,16.280000686645508,0
2025-10-01T07:15:00Z,17.280000686645508,17.280000686645508,17.139999389648438,17.170000076293945,0
2025-10-01T07:20:00Z,17.18000030517578,17.25,17.170000076293945,17.219999313354492,0
2025-10-01T07:25:00Z,17.209999084472656,17.219999313354492,17.190000534057617,17.200000762939453,0
2025-10-01T07:30:00Z,17.190000534057617,17.190000534057617,17.079999923706055,17.170000076293945,0
2025-10-01T07:35:00Z,17.170000076293945,17.190000534057617,17.149999618530273,17.18000030517578,0
2025-10-01T07:40:00Z,17.18000030517578,17.209999084472656,17.18000030517578,17.190000534057617,0
2025-10-01T07:45:00Z,17.200000762939453,17.25,17.200000762939453,17.209999084472656,0
2025-10-01T07:50:00Z,17.209999084472656,17.219999313354492,17.170000076293945,17.18000030517578,0
2025-10-01T07:55:00Z,17.170000076293945,17.170000076293945,17.1299991607666,17.149999618530273,0
2025-10-01T08:00:00Z,17.15999984741211,17.209999084472656,17.15999984741211,17.15999984741211,0
2025-10-01T08:05:00Z,17.139999389648438,17.15999984741211,17.1299991607666,17.15999984741211,0
2025-10-01T08:10:00Z,17.15999984741211,17.190000534057617,17.15999984741211,17.170000076293945,0
2025-10-01T08:15:00Z,17.170000076293945,17.18000030517578,17.139999389648438,17.18000030517578,0
2025-10-01T08:20:00Z,17.190000534057617,17.200000762939453,17.15999984741211,17.200000762939453,0
2025-10-01T08:25:00Z,17.200000762939453,17.209999084472656,17.170000076293945,17.190000534057617,0
2025-10-01T08:30:00Z,17.170000076293945,17.170000076293945,17.010000228881836,17.010000228881836,0
2025-10-01T08:35:00Z,17.010000228881836,17.040000915527344,17.010000228881836,17.020000457763672,0
2025-10-01T08:40:00Z,17.030000686645508,17.040000915527344,16.979999542236328,16.989999771118164,0
2025-10-01T08:45:00Z,16.989999771118164,17.010000228881836,16.989999771118164,17.010000228881836,0
2025-10-01T08:50:00Z,17.0,17.010000228881836,16.950000762939453,16.969999313354492,0
2025-10-01T08:55:00Z,16.969999313354492,16.979999542236328,16.959999084472656,16.959999084472656,0
2025-10-01T09:00:00Z,16.959999084472656,16.969999313354492,16.940000534057617,16.959999084472656,0
2025-10-01T09:05:00Z,16.959999084472656,16.959999084472656,16.8799991607666,16.8799991607666,0
2025-10-01T09:10:00Z,16.8799991607666,16.8799991607666,16.829999923706055,16.84000015258789,0
2025-10-01T09:15:00Z,16.84000015258789,16.860000610351562,16.84000015258789,16.850000381469727,0
2025-10-01T09:20:00Z,16.850000381469727,16.850000381469727,16.829999923706055,16.829999923706055,0
2025-10-01T09:25:00Z,16.81999969482422,16.829999923706055,16.739999771118164,16.770000457763672,0
2025-10-01T09:30:00Z,16.770000457763672,16.829999923706055,16.760000228881836,16.809999465942383,0
2025-10-01T09:35:00Z,16.809999465942383,16.829999923706055,16.799999237060547,16.81999969482422,0
2025-10-01T09:40:00Z,16.809999465942383,16.84000015258789,16.809999465942383,16.829999923706055,0
2025-10-01T09:45:00Z,16.829999923706055,16.829999923706055,16.809999465942383,16.809999465942383,0
2025-10-01T09:50:00Z,16.809999465942383,16.829999923706055,16.809999465942383,16.809999465942383,0
2025-10-01T09:55:00Z,16.81999969482422,16.84000015258789,16.81999969482422,16.81999969482422,0
2025-10-01T10:00:00Z,16.81999969482422,16.81999969482422,16.799999237060547,16.799999237060547,0
2025-10-01T10:05:00Z,16.799999237060547,16.799999237060547,16.770000457763672,16.770000457763672,0
2025-10-01T10:10:00Z,16.770000457763672,16.780000686645508,16.760000228881836,16.780000686645508,0
2025-10-01T10:15:00Z,16.790000915527344,16.790000915527344,16.770000457763672,16.790000915527344,0
2025-10-01T10:20:00Z,16.799999237060547,16.809999465942383,16.770000457763672,16.809999465942383,0
2025-10-01T10:25:00Z,16.799999237060547,16.850000381469727,16.799999237060547,16.850000381469727,0
2025-10-01T10:30:00Z,16.850000381469727,16.889999389648438,16.850000381469727,16.860000610351562,0
2025-10-01T10:35:00Z,16.8700008392334,16.8700008392334,16.809999465942383,16.860000610351562,0
2025-10-01T10:40:00Z,16.860000610351562,16.899999618530273,16.860000610351562,16.899999618530273,0
2025-10-01T10:45:00Z,16.889999389648438,16.899999618530273,16.850000381469727,16.850000381469727,0
2025-10-01T10:50:00Z,16.860000610351562,16.8700008392334,16.84000015258789,16.850000381469727,0
2025-10-01T10:55:00Z,16.860000610351562,16.860000610351562,16.84000015258789,16.850000381469727,0
2025-10-01T11:00:00Z,16.860000610351562,16.860000610351562,16.81999969482422,16.84000015258789,0
2025-10-01T11:05:00Z,16.84000015258789,16.84000015258789,16.760000228881836,16.790000915527344,0
2025-10-01T11:10:00Z,16.799999237060547,16.829999923706055,16.780000686645508,16.780000686645508,0
2025-10-01T11:15:00Z,16.780000686645508,16.790000915527344,16.760000228881836,16.770000457763672,0
2025-10-01T11:20:00Z,16.780000686645508,16.780000686645508,16.739999771118164,16.770000457763672,0
2025-10-01T11:25:00Z,16.770000457763672,16.770000457763672,16.75,16.75,0
2025-10-01T11:30:00Z,16.739999771118164,16.75,16.709999084472656,16.709999084472656,0
2025-10-01T11:35:00Z,16.709999084472656,16.739999771118164,16.700000762939453,16.739999771118164,0
2025-10-01T11:40:00Z,16.739999771118164,16.739999771118164,16.709999084472656,16.709999084472656,0
2025-10-01T11:45:00Z,16.719999313354492,16.719999313354492,16.68000030517578,16.68000030517578,0
2025-10-01T11:50:00Z,16.68000030517578,16.700000762939453,16.649999618530273,16.65999984741211,0
2025-10-01T11:55:00Z,16.65999984741211,16.65999984741211,16.6299991607666,16.6299991607666,0
2025-10-01T12:00:00Z,16.6299991607666,16.649999618530273,16.6299991607666,16.649999618530273,0
2025-10-01T12:05:00Z,16.649999618530273,16.709999084472656,16.649999618530273,16.690000534057617,0
2025-10-01T12:10:00Z,16.690000534057617,16.690000534057617,16.65999984741211,16.670000076293945,0
2025-10-01T12:15:00Z,16.770000457763672,16.790000915527344,16.690000534057617,16.75,0
2025-10-01T12:20:00Z,16.770000457763672,16.770000457763672,16.6299991607666,16.690000534057617,0
2025-10-01T12:25:00Z,16.690000534057617,16.719999313354492,16.65999984741211,16.709999084472656,0
2025-10-01T12:30:00Z,16.709999084472656,16.75,16.709999084472656,16.709999084472656,0
2025-10-01T12:35:00Z,16.719999313354492,16.770000457763672,16.68000030517578,16.690000534057617,0
2025-10-01T12:40:00Z,16.690000534057617,16.709999084472656,16.670000076293945,16.700000762939453,0
2025-10-01T12:45:00Z,16.709999084472656,16.709999084472656,16.65999984741211,16.65999984741211,0
2025-10-01T12:50:00Z,16.65999984741211,16.719999313354492,16.65999984741211,16.719999313354492,0
2025-10-01T12:55:00Z,16.719999313354492,16.729999542236328,16.690000534057617,16.690000534057617,0
2025-10-01T13:00:00Z,16.690000534057617,16.690000534057617,16.649999618530273,16.670000076293945,0
2025-10-01T13:05:00Z,16.670000076293945,16.700000762939453,16.65999984741211,16.690000534057617,0
2025-10-01T13:10:00Z,16.690000534057617,16.700000762939453,16.690000534057617,16.690000534057617,0
2025-10-01T13:15:00Z,16.690000534057617,16.700000762939453,16.65999984741211,16.68000030517578,0
2025-10-01T13:20:00Z,16.68000030517578,16.690000534057617,16.65999984741211,16.690000534057617,0
2025-10-01T13:25:00Z,16.690000534057617,16.690000534057617,16.690000534057617,16.690000534057617,0
2025-10-01T13:30:00Z,16.649999618530273,16.649999618530273,16.459999084472656,16.469999313354492,0
2025-10-01T13:35:00Z,16.489999771118164,16.540000915527344,16.399999618530273,16.40999984741211,0
2025-10-01T13:40:00Z,16.420000076293945,16.479999542236328,16.399999618530273,16.459999084472656,0
2025-10-01T13:45:00Z,16.469999313354492,16.760000228881836,16.459999084472656,16.760000228881836,0
2025-10-01T13:50:00Z,16.799999237060547,16.81999969482422,16.739999771118164,16.75,0
2025-10-01T13:55:00Z,16.739999771118164,16.780000686645508,16.639999389648438,16.780000686645508,0
2025-10-01T14:00:00Z,16.75,16.760000228881836,16.610000610351562,16.610000610351562,0
2025-10-01T14:05:00Z,16.6200008392334,16.670000076293945,16.610000610351562,16.6200008392334,0
2025-10-01T14:10:00Z,16.6200008392334,16.6200008392334,16.540000915527344,16.549999237060547,0
2025-10-01T14:15:00Z,16.549999237060547,16.549999237060547,16.459999084472656,16.459999084472656,0
2025-10-01T14:20:00Z,16.459999084472656,16.469999313354492,16.420000076293945,16.450000762939453,0
2025-10-01T14:25:00Z,16.440000534057617,16.440000534057617,16.389999389648438,16.40999984741211,0
2025-10-01T14:30:00Z,16.40999984741211,16.420000076293945,16.389999389648438,16.389999389648438,0
2025-10-01T14:35:00Z,16.3799991607666,16.389999389648438,16.34000015258789,16.3700008392334,0
2025-10-01T14:40:00Z,16.3799991607666,16.43000030517578,16.3700008392334,16.389999389648438,0
2025-10-01T14:45:00Z,16.3799991607666,16.399999618530273,16.360000610351562,16.399999618530273,0
2025-10-01T14:50:00Z,16.389999389648438,16.389999389648438,16.329999923706055,16.329999923706055,0
2025-10-01T14:55:00Z,16.329999923706055,16.389999389648438,16.31999969482422,16.3799991607666,0
2025-10-01T15:00:00Z,16.3700008392334,16.3700008392334,16.31999969482422,16.329999923706055,0
2025-10-01T15:05:00Z,16.34000015258789,16.360000610351562,16.299999237060547,16.329999923706055,0
2025-10-01T15:10:00Z,16.329999923706055,16.3799991607666,16.329999923706055,16.329999923706055,0
2025-10-01T15:15:00Z,16.329999923706055,16.350000381469727,16.299999237060547,16.34000015258789,0
2025-10-01T15:20:00Z,16.34000015258789,16.34000015258789,16.299999237060547,16.309999465942383,0
2025-10-01T15:25:00Z,16.309999465942383,16.309999465942383,16.270000457763672,16.299999237060547,0
2025-10-01T15:30:00Z,16.299999237060547,16.299999237060547,16.239999771118164,16.25,0
2025-10-01T15:35:00Z,16.25,16.260000228881836,16.219999313354492,16.239999771118164,0
2025-10-01T15:40:00Z,16.239999771118164,16.239999771118164,16.219999313354492,16.219999313354492,0
2025-10-01T15:45:00Z,16.219999313354492,16.219999313354492,16.190000534057617,16.209999084472656,0
2025-10-01T15:50:00Z,16.200000762939453,16.200000762939453,16.190000534057617,16.200000762939453,0
2025-10-01T15:55:00Z,16.200000762939453,16.200000762939453,16.170000076293945,16.190000534057617,0
2025-10-01T16:00:00Z,16.190000534057617,16.229999542236328,16.18000030517578,16.229999542236328,0
2025-10-01T16:05:00Z,16.229999542236328,16.229999542236328,16.200000762939453,16.229999542236328,0
2025-10-01T16:10:00Z,16.229999542236328,16.239999771118164,16.219999313354492,16.239999771118164,0
2025-10-01T16:15:00Z,16.25,16.280000686645508,16.229999542236328,16.280000686645508,0
2025-10-01T16:20:00Z,16.260000228881836,16.290000915527344,16.260000228881836,16.280000686645508,0
2025-10-01T16:25:00Z,16.280000686645508,16.280000686645508,16.239999771118164,16.25,0
2025-10-01T16:30:00Z,16.25,16.260000228881836,16.239999771118164,16.25,0
2025-10-01T16:35:00Z,16.25,16.260000228881836,16.239999771118164,16.260000228881836,0
2025-10-01T16:40:00Z,16.260000228881836,16.280000686645508,16.25,16.270000457763672,0
2025-10-01T16:45:00Z,16.270000457763672,16.280000686645508,16.25,16.260000228881836,0
2025-10-01T16:50:00Z,16.270000457763672,16.280000686645508,16.25,16.280000686645508,0
2025-10-01T16:55:00Z,16.270000457763672,16.280000686645508,16.190000534057617,16.190000534057617,0
2025-10-01T17:00:00Z,16.190000534057617,16.200000762939453,16.149999618530273,16.149999618530273,0
2025-10-01T17:05:00Z,16.149999618530273,16.149999618530273,16.110000610351562,16.1299991607666,0
2025-10-01T17:10:00Z,16.1299991607666,16.15999984741211,16.1200008392334,16.1299991607666,0
2025-10-01T17:15:00Z,16.1299991607666,16.1299991607666,16.079999923706055,16.110000610351562,0
2025-10-01T17:20:00Z,16.110000610351562,16.110000610351562,16.09000015258789,16.09000015258789,0
2025-10-01T17:25:00Z,16.09000015258789,16.110000610351562,16.059999465942383,16.110000610351562,0
2025-10-01T17:30:00Z,16.110000610351562,16.139999389648438,16.110000610351562,16.1299991607666,0
2025-10-01T17:35:00Z,16.139999389648438,16.149999618530273,16.1299991607666,16.139999389648438,0
2025-10-01T17:40:00Z,16.139999389648438,16.170000076293945,16.1299991607666,16.149999618530273,0
2025-10-01T17:45:00Z,16.170000076293945,16.200000762939453,16.170000076293945,16.170000076293945,0
2025-10-01T17:50:00Z,16.18000030517578,16.200000762939453,16.170000076293945,16.190000534057617,0
2025-10-01T17:55:00Z,16.190000534057617,16.190000534057617,16.170000076293945,16.170000076293945,0
2025-10-01T18:00:00Z,16.170000076293945,16.170000076293945,16.100000381469727,16.1299991607666,0
2025-10-01T18:05:00Z,16.1200008392334,16.1200008392334,16.100000381469727,16.100000381469727,0
2025-10-01T18:10:00Z,16.09000015258789,16.110000610351562,16.079999923706055,16.079999923706055,0
2025-10-01T18:15:00Z,16.079999923706055,16.079999923706055,16.059999465942383,16.06999969482422,0
2025-10-01T18:20:00Z,16.06999969482422,16.09000015258789,16.06999969482422,16.079999923706055,0
2025-10-01T18:25:00Z,16.06999969482422,16.09000015258789,16.059999465942383,16.079999923706055,0
2025-10-01T18:30:00Z,16.06999969482422,16.079999923706055,16.059999465942383,16.06999969482422,0
2025-10-01T18:35:00Z,16.06999969482422,16.079999923706055,16.059999465942383,16.059999465942383,0
2025-10-01T18:40:00Z,16.059999465942383,16.079999923706055,16.040000915527344,16.059999465942383,0
2025-10-01T18:45:00Z,16.059999465942383,16.059999465942383,16.040000915527344,16.040000915527344,0
2025-10-01T18:50:00Z,16.040000915527344,16.059999465942383,16.040000915527344,16.059999465942383,0
2025-10-01T18:55:00Z,16.059999465942383,16.100000381469727,16.059999465942383,16.079999923706055,0
2025-10-01T19:00:00Z,16.06999969482422,16.06999969482422,16.040000915527344,16.06999969482422,0
2025-10-01T19:05:00Z,16.059999465942383,16.09000015258789,16.059999465942383,16.079999923706055,0
2025-10-01T19:10:00Z,16.06999969482422,16.100000381469727,16.059999465942383,16.059999465942383,0
2025-10-01T19:15:00Z,16.059999465942383,16.06999969482422,16.049999237060547,16.06999969482422,0
2025-10-01T19:20:00Z,16.06999969482422,16.06999969482422,16.030000686645508,16.059999465942383,0
2025-10-01T19:25:00Z,16.059999465942383,16.059999465942383,15.979999542236328,15.979999542236328,0
2025-10-01T19:30:00Z,15.989999771118164,16.0,15.979999542236328,15.989999771118164,0
2025-10-01T19:35:00Z,16.0,16.010000228881836,15.979999542236328,16.0,0
2025-10-01T19:40:00Z,16.0,16.059999465942383,16.0,16.059999465942383,0
2025-10-01T19:45:00Z,16.059999465942383,16.06999969482422,16.030000686645508,16.049999237060547,0
2025-10-01T19:50:00Z,16.040000915527344,16.110000610351562,16.040000915527344,16.110000610351562,0
2025-10-01T19:55:00Z,16.110000610351562,16.149999618530273,16.100000381469727,16.149999618530273,0
2025-10-01T20:00:00Z,16.15999984741211,16.25,16.15999984741211,16.25,0
2025-10-01T20:05:00Z,16.25,16.309999465942383,16.25,16.299999237060547,0
2025-10-01T20:10:00Z,16.299999237060547,16.31999969482422,16.280000686645508,16.280000686645508,0
2025-10-02T07:15:00Z,16.1200008392334,16.139999389648438,16.1200008392334,16.139999389648438,0
2025-10-02T07:20:00Z,16.149999618530273,16.18000030517578,16.139999389648438,16.15999984741211,0
2025-10-02T07:25:00Z,16.15999984741211,16.170000076293945,16.149999618530273,16.15999984741211,0
2025-10-02T07:30:00Z,16.15999984741211,16.18000030517578,16.149999618530273,16.18000030517578,0
2025-10-02T07:35:00Z,16.190000534057617,16.200000762939453,16.139999389648438,16.149999618530273,0
2025-10-02T07:40:00Z,16.15999984741211,16.18000030517578,16.15999984741211,16.18000030517578,0
2025-10-02T07:45:00Z,16.18000030517578,16.190000534057617,16.15999984741211,16.18000030517578,0
2025-10-02T07:50:00Z,16.18000030517578,16.200000762939453,16.170000076293945,16.190000534057617,0
2025-10-02T07:55:00Z,16.18000030517578,16.18000030517578,16.139999389648438,16.139999389648438,0
2025-10-02T08:00:00Z,16.139999389648438,16.149999618530273,16.059999465942383,16.059999465942383,0
2025-10-02T08:05:00Z,16.049999237060547,16.049999237060547,16.010000228881836,16.020000457763672,0
2025-10-02T08:10:00Z,16.020000457763672,16.040000915527344,16.010000228881836,16.040000915527344,0
2025-10-02T08:15:00Z,16.049999237060547,16.049999237060547,16.010000228881836,16.010000228881836,0
2025-10-02T08:20:00Z,16.020000457763672,16.020000457763672,15.979999542236328,16.0,0
2025-10-02T08:25:00Z,15.989999771118164,16.0,15.989999771118164,16.0,0
2025-10-02T08:30:00Z,16.0,16.020000457763672,16.0,16.0,0
2025-10-02T08:35:00Z,16.010000228881836,16.030000686645508,16.010000228881836,16.020000457763672,0
2025-10-02T08:40:00Z,16.020000457763672,16.020000457763672,15.989999771118164,16.0,0
2025-10-02T08:45:00Z,16.0,16.010000228881836,16.0,16.010000228881836,0
2025-10-02T08:50:00Z,16.010000228881836,16.010000228881836,15.989999771118164,16.0,0
2025-10-02T08:55:00Z,15.989999771118164,16.0,15.989999771118164,15.989999771118164,0
2025-10-02T09:00:00Z,15.989999771118164,16.040000915527344,15.989999771118164,16.030000686645508,0
2025-10-02T09:05:00Z,16.020000457763672,16.020000457763672,16.020000457763672,16.020000457763672,0
2025-10-02T09:10:00Z,16.020000457763672,16.020000457763672,16.0,16.020000457763672,0
2025-10-02T09:15:00Z,16.020000457763672,16.030000686645508,16.0,16.010000228881836,0
2025-10-02T09:20:00Z,16.010000228881836,16.020000457763672,16.010000228881836,16.010000228881836,0
2025-10-02T09:25:00Z,16.020000457763672,16.059999465942383,16.020000457763672,16.049999237060547,0
2025-10-02T09:30:00Z,16.049999237060547,16.100000381469727,16.049999237060547,16.09000015258789,0
2025-10-02T09:35:00Z,16.09000015258789,16.1299991607666,16.09000015258789,16.1200008392334,0
2025-10-02T09:40:00Z,16.1200008392334,16.1299991607666,16.100000381469727,16.100000381469727,0
2025-10-02T09:45:00Z,16.100000381469727,16.1299991607666,16.079999923706055,16.1299991607666,0
2025-10-02T09:50:00Z,16.1200008392334,16.1200008392334,16.100000381469727,16.100000381469727,0
2025-10-02T09:55:00Z,16.100000381469727,16.100000381469727,16.09000015258789,16.100000381469727,0
2025-10-02T10:00:00Z,16.100000381469727,16.139999389648438,16.079999923706055,16.139999389648438,0
2025-10-02T10:05:00Z,16.149999618530273,16.149999618530273,16.110000610351562,16.1200008392334,0
2025-10-02T10:10:00Z,16.1200008392334,16.1200008392334,16.100000381469727,16.100000381469727,0
2025-10-02T10:15:00Z,16.100000381469727,16.100000381469727,16.09000015258789,16.09000015258789,0
2025-10-02T10:20:00Z,16.09000015258789,16.100000381469727,16.079999923706055,16.09000015258789,0
2025-10-02T10:25:00Z,16.079999923706055,16.09000015258789,16.079999923706055,16.079999923706055,0
2025-10-02T10:30:00Z,16.079999923706055,16.079999923706055,16.06999969482422,16.079999923706055,0
2025-10-02T10:35:00Z,16.06999969482422,16.09000015258789,16.06999969482422,16.06999969482422,0
2025-10-02T10:40:00Z,16.06999969482422,16.079999923706055,16.06999969482422,16.06999969482422,0
2025-10-02T10:45:00Z,16.079999923706055,16.100000381469727,16.079999923706055,16.09000015258789,0
2025-10-02T10:50:00Z,16.09000015258789,16.09000015258789,16.079999923706055,16.09000015258789,0
2025-10-02T10:55:00Z,16.09000015258789,16.09000015258789,16.079999923706055,16.079999923706055,0
2025-10-02T11:00:00Z,16.079999923706055,16.079999923706055,16.059999465942383,16.059999465942383,0
2025-10-02T11:05:00Z,16.049999237060547,16.049999237060547,16.040000915527344,16.049999237060547,0
2025-10-02T11:10:00Z,16.040000915527344,16.040000915527344,16.020000457763672,16.020000457763672,0
2025-10-02T11:15:00Z,16.020000457763672,16.040000915527344,16.020000457763672,16.030000686645508,0
2025-10-02T11:20:00Z,16.030000686645508,16.030000686645508,16.010000228881836,16.010000228881836,0
2025-10-02T11:25:00Z,16.010000228881836,16.020000457763672,16.0,16.0,0
2025-10-02T11:30:00Z,16.010000228881836,16.020000457763672,16.0,16.010000228881836,0
2025-10-02T11:35:00Z,16.010000228881836,16.020000457763672,16.0,16.010000228881836,0
2025-10-02T11:40:00Z,16.020000457763672,16.020000457763672,16.0,16.010000228881836,0
2025-10-02T11:45:00Z,16.010000228881836,16.020000457763672,16.0,16.0,0
2025-10-02T11:50:00Z,16.0,16.010000228881836,15.989999771118164,15.989999771118164,0
2025-10-02T11:55:00Z,15.979999542236328,16.0,15.979999542236328,15.989999771118164,0
2025-10-02T12:00:00Z,15.970000267028809,16.0,15.970000267028809,15.979999542236328,0
2025-10-02T12:05:00Z,15.989999771118164,15.989999771118164,15.970000267028809,15.970000267028809,0
2025-10-02T12:10:00Z,15.970000267028809,15.970000267028809,15.960000038146973,15.960000038146973,0
2025-10-02T12:15:00Z,15.960000038146973,15.970000267028809,15.949999809265137,15.960000038146973,0
2025-10-02T12:20:00Z,15.949999809265137,15.960000038146973,15.949999809265137,15.960000038146973,0
2025-10-02T12:25:00Z,15.960000038146973,16.010000228881836,15.960000038146973,16.010000228881836,0
2025-10-02T12:30:00Z,16.010000228881836,16.010000228881836,15.979999542236328,15.989999771118164,0
2025-10-02T12:35:00Z,15.989999771118164,16.0,15.979999542236328,15.979999542236328,0
2025-10-02T12:40:00Z,15.979999542236328,16.020000457763672,15.979999542236328,16.020000457763672,0
2025-10-02T12:45:00Z,16.020000457763672,16.030000686645508,16.020000457763672,16.030000686645508,0
2025-10-02T12:50:00Z,16.030000686645508,16.030000686645508,16.0,16.010000228881836,0
2025-10-02T12:55:00Z,16.010000228881836,16.010000228881836,16.0,16.010000228881836,0
2025-10-02T13:00:00Z,16.010000228881836,16.010000228881836,15.979999542236328,15.989999771118164,0
2025-10-02T13:05:00Z,15.989999771118164,16.0,15.979999542236328,15.989999771118164,0
2025-10-02T13:10:00Z,16.0,16.0,15.979999542236328,15.979999542236328,0
2025-10-02T13:15:00Z,15.979999542236328,15.979999542236328,15.930000305175781,15.930000305175781,0
2025-10-02T13:20:00Z,15.9399995803833,15.949999809265137,15.9399995803833,15.949999809265137,0
2025-10-02T13:25:00Z,15.949999809265137,15.949999809265137,15.949999809265137,15.949999809265137,0
2025-10-02T13:30:00Z,16.040000915527344,16.040000915527344,15.960000038146973,15.979999542236328,0
2025-10-02T13:35:00Z,15.989999771118164,16.100000381469727,15.989999771118164,16.079999923706055,0
2025-10-02T13:40:00Z,16.09000015258789,16.229999542236328,16.09000015258789,16.229999542236328,0
2025-10-02T13:45:00Z,16.209999084472656,16.219999313354492,16.1200008392334,16.219999313354492,0
2025-10-02T13:50:00Z,16.219999313354492,16.280000686645508,16.139999389648438,16.139999389648438,0
2025-10-02T13:55:00Z,16.149999618530273,16.290000915527344,16.149999618530273,16.190000534057617,0
2025-10-02T14:00:00Z,16.190000534057617,16.25,16.190000534057617,16.200000762939453,0
2025-10-02T14:05:00Z,16.209999084472656,16.260000228881836,16.18000030517578,16.229999542236328,0
2025-10-02T14:10:00Z,16.239999771118164,16.360000610351562,16.239999771118164,16.350000381469727,0
2025-10-02T14:15:00Z,16.350000381469727,16.3700008392334,16.329999923706055,16.360000610351562,0
2025-10-02T14:20:00Z,16.389999389648438,16.440000534057617,16.3700008392334,16.40999984741211,0
2025-10-02T14:25:00Z,16.40999984741211,16.420000076293945,16.329999923706055,16.389999389648438,0
2025-10-02T14:30:00Z,16.399999618530273,16.450000762939453,16.34000015258789,16.440000534057617,0
2025-10-02T14:35:00Z,16.450000762939453,16.450000762939453,16.3799991607666,16.3799991607666,0
2025-10-02T14:40:00Z,16.360000610351562,16.479999542236328,16.360000610351562,16.469999313354492,0
2025-10-02T14:45:00Z,16.469999313354492,16.610000610351562,16.469999313354492,16.56999969482422,0
2025-10-02T14:50:00Z,16.559999465942383,16.639999389648438,16.559999465942383,16.639999389648438,0
2025-10-02T14:55:00Z,16.670000076293945,16.68000030517578,16.6299991607666,16.68000030517578,0
2025-10-02T15:00:00Z,16.68000030517578,16.850000381469727,16.68000030517578,16.850000381469727,0
2025-10-02T15:05:00Z,16.850000381469727,16.850000381469727,16.68000030517578,16.700000762939453,0
2025-10-02T15:10:00Z,16.700000762939453,16.809999465942383,16.639999389648438,16.790000915527344,0
2025-10-02T15:15:00Z,16.790000915527344,16.850000381469727,16.790000915527344,16.809999465942383,0
2025-10-02T15:20:00Z,16.809999465942383,16.81999969482422,16.709999084472656,16.709999084472656,0
2025-10-02T15:25:00Z,16.709999084472656,16.729999542236328,16.65999984741211,16.690000534057617,0
2025-10-02T15:30:00Z,16.700000762939453,16.799999237060547,16.700000762939453,16.790000915527344,0
2025-10-02T15:35:00Z,16.790000915527344,16.920000076293945,16.780000686645508,16.8700008392334,0
2025-10-02T15:40:00Z,16.84000015258789,16.84000015258789,16.760000228881836,16.81999969482422,0
2025-10-02T15:45:00Z,16.829999923706055,16.8700008392334,16.809999465942383,16.850000381469727,0
2025-10-02T15:50:00Z,16.850000381469727,16.850000381469727,16.729999542236328,16.729999542236328,0
2025-10-02T15:55:00Z,16.709999084472656,16.709999084472656,16.610000610351562,16.610000610351562,0
2025-10-02T16:00:00Z,16.6200008392334,16.690000534057617,16.6200008392334,16.690000534057617,0
2025-10-02T16:05:00Z,16.690000534057617,16.790000915527344,16.690000534057617,16.719999313354492,0
2025-10-02T16:10:00Z,16.719999313354492,16.739999771118164,16.709999084472656,16.719999313354492,0
2025-10-02T16:15:00Z,16.719999313354492,16.719999313354492,16.65999984741211,16.65999984741211,0
2025-10-02T16:20:00Z,16.65999984741211,16.719999313354492,16.65999984741211,16.700000762939453,0
2025-10-02T16:25:00Z,16.719999313354492,16.729999542236328,16.670000076293945,16.68000030517578,0
2025-10-02T16:30:00Z,16.670000076293945,16.690000534057617,16.649999618530273,16.65999984741211,0
2025-10-02T16:35:00Z,16.65999984741211,16.700000762939453,16.639999389648438,16.670000076293945,0
2025-10-02T16:40:00Z,16.68000030517578,16.780000686645508,16.68000030517578,16.709999084472656,0
2025-10-02T16:45:00Z,16.709999084472656,16.709999084472656,16.6299991607666,16.639999389648438,0
2025-10-02T16:50:00Z,16.639999389648438,16.639999389648438,16.520000457763672,16.520000457763672,0
2025-10-02T16:55:00Z,16.520000457763672,16.59000015258789,16.520000457763672,16.559999465942383,0
2025-10-02T17:00:00Z,16.559999465942383,16.6299991607666,16.559999465942383,16.6200008392334,0
2025-10-02T17:05:00Z,16.6200008392334,16.6200008392334,16.579999923706055,16.600000381469727,0
2025-10-02T17:10:00Z,16.610000610351562,16.6299991607666,16.59000015258789,16.59000015258789,0
2025-10-02T17:15:00Z,16.59000015258789,16.6200008392334,16.579999923706055,16.6200008392334,0
2025-10-02T17:20:00Z,16.6299991607666,16.6299991607666,16.59000015258789,16.59000015258789,0
2025-10-02T17:25:00Z,16.59000015258789,16.610000610351562,16.579999923706055,16.610000610351562,0
2025-10-02T17:30:00Z,16.610000610351562,16.6299991607666,16.56999969482422,16.579999923706055,0
2025-10-02T17:35:00Z,16.56999969482422,16.59000015258789,16.559999465942383,16.559999465942383,0
2025-10-02T17:40:00Z,16.559999465942383,16.559999465942383,16.479999542236328,16.510000228881836,0
2025-10-02T17:45:00Z,16.510000228881836,16.579999923706055,16.510000228881836,16.56999969482422,0
2025-10-02T17:50:00Z,16.579999923706055,16.579999923706055,16.520000457763672,16.520000457763672,0
2025-10-02T17:55:00Z,16.540000915527344,16.549999237060547,16.530000686645508,16.540000915527344,0
2025-10-02T18:00:00Z,16.540000915527344,16.559999465942383,16.530000686645508,16.559999465942383,0
2025-10-02T18:05:00Z,16.559999465942383,16.559999465942383,16.520000457763672,16.520000457763672,0
2025-10-02T18:10:00Z,16.520000457763672,16.520000457763672,16.450000762939453,16.469999313354492,0
2025-10-02T18:15:00Z,16.469999313354492,16.489999771118164,16.469999313354492,16.479999542236328,0
2025-10-02T18:20:00Z,16.489999771118164,16.489999771118164,16.469999313354492,16.469999313354492,0
2025-10-02T18:25:00Z,16.469999313354492,16.489999771118164,16.459999084472656,16.479999542236328,0
2025-10-02T18:30:00Z,16.479999542236328,16.5,16.459999084472656,16.469999313354492,0
2025-10-02T18:35:00Z,16.479999542236328,16.479999542236328,16.459999084472656,16.469999313354492,0
2025-10-02T18:40:00Z,16.469999313354492,16.489999771118164,16.459999084472656,16.469999313354492,0
2025-10-02T18:45:00Z,16.469999313354492,16.469999313354492,16.450000762939453,16.459999084472656,0
2025-10-02T18:50:00Z,16.459999084472656,16.510000228881836,16.459999084472656,16.469999313354492,0
2025-10-02T18:55:00Z,16.469999313354492,16.510000228881836,16.469999313354492,16.489999771118164,0
2025-10-02T19:00:00Z,16.489999771118164,16.489999771118164,16.459999084472656,16.479999542236328,0
2025-10-02T19:05:00Z,16.479999542236328,16.510000228881836,16.479999542236328,16.510000228881836,0
2025-10-02T19:10:00Z,16.510000228881836,16.56999969482422,16.510000228881836,16.559999465942383,0
2025-10-02T19:15:00Z,16.559999465942383,16.6299991607666,16.559999465942383,16.6299991607666,0
2025-10-02T19:20:00Z,16.639999389648438,16.649999618530273,16.6299991607666,16.6299991607666,0
2025-10-02T19:25:00Z,16.6200008392334,16.6200008392334,16.600000381469727,16.610000610351562,0
2025-10-02T19:30:00Z,16.610000610351562,16.65999984741211,16.579999923706055,16.65999984741211,0
2025-10-02T19:35:00Z,16.65999984741211,16.75,16.65999984741211,16.719999313354492,0
2025-10-02T19:40:00Z,16.719999313354492,16.75,16.709999084472656,16.709999084472656,0
2025-10-02T19:45:00Z,16.690000534057617,16.690000534057617,16.579999923706055,16.579999923706055,0
2025-10-02T19:50:00Z,16.579999923706055,16.639999389648438,16.579999923706055,16.6200008392334,0
2025-10-02T19:55:00Z,16.6299991607666,16.639999389648438,16.579999923706055,16.600000381469727,0
2025-10-02T20:00:00Z,16.610000610351562,16.65999984741211,16.600000381469727,16.65999984741211,0
2025-10-02T20:05:00Z,16.65999984741211,16.670000076293945,16.639999389648438,16.65999984741211,0
2025-10-02T20:10:00Z,16.670000076293945,16.68000030517578,16.6299991607666,16.6299991607666,0
2025-10-03T07:15:00Z,16.350000381469727,16.350000381469727,16.329999923706055,16.34000015258789,0
2025-10-03T07:20:00Z,16.34000015258789,16.3700008392334,16.329999923706055,16.350000381469727,0
2025-10-03T07:25:00Z,16.350000381469727,16.3700008392334,16.350000381469727,16.360000610351562,0
2025-10-03T07:30:00Z,16.360000610351562,16.3700008392334,16.350000381469727,16.360000610351562,0
2025-10-03T07:35:00Z,16.360000610351562,16.360000610351562,16.350000381469727,16.350000381469727,0
2025-10-03T07:40:00Z,16.350000381469727,16.350000381469727,16.329999923706055,16.350000381469727,0
2025-10-03T07:45:00Z,16.350000381469727,16.350000381469727,16.34000015258789,16.34000015258789,0
2025-10-03T07:50:00Z,16.329999923706055,16.329999923706055,16.31999969482422,16.31999969482422,0
2025-10-03T07:55:00Z,16.31999969482422,16.329999923706055,16.31999969482422,16.31999969482422,0
2025-10-03T08:00:00Z,16.31999969482422,16.31999969482422,16.299999237060547,16.309999465942383,0
2025-10-03T08:05:00Z,16.309999465942383,16.309999465942383,16.299999237060547,16.309999465942383,0
2025-10-03T08:10:00Z,16.309999465942383,16.329999923706055,16.309999465942383,16.309999465942383,0
2025-10-03T08:15:00Z,16.309999465942383,16.31999969482422,16.299999237060547,16.299999237060547,0
2025-10-03T08:20:00Z,16.290000915527344,16.290000915527344,16.270000457763672,16.270000457763672,0
2025-10-03T08:25:00Z,16.270000457763672,16.270000457763672,16.260000228881836,16.260000228881836,0
2025-10-03T08:30:00Z,16.260000228881836,16.270000457763672,16.260000228881836,16.270000457763672,0
2025-10-03T08:35:00Z,16.270000457763672,16.280000686645508,16.260000228881836,16.260000228881836,0
2025-10-03T08:40:00Z,16.260000228881836,16.270000457763672,16.260000228881836,16.260000228881836,0
2025-10-03T08:45:00Z,16.260000228881836,16.270000457763672,16.260000228881836,16.260000228881836,0
2025-10-03T08:50:00Z,16.260000228881836,16.270000457763672,16.260000228881836,16.260000228881836,0
2025-10-03T08:55:00Z,16.260000228881836,16.260000228881836,16.25,16.25,0
2025-10-03T09:00:00Z,16.25,16.260000228881836,16.239999771118164,16.260000228881836,0
2025-10-03T09:05:00Z,16.260000228881836,16.260000228881836,16.25,16.260000228881836,0
2025-10-03T09:10:00Z,16.260000228881836,16.260000228881836,16.239999771118164,16.25,0
2025-10-03T09:15:00Z,16.25,16.270000457763672,16.25,16.270000457763672,0
2025-10-03T09:20:00Z,16.270000457763672,16.280000686645508,16.260000228881836,16.270000457763672,0
2025-10-03T09:25:00Z,16.270000457763672,16.280000686645508,16.270000457763672,16.280000686645508,0
2025-10-03T09:30:00Z,16.280000686645508,16.290000915527344,16.280000686645508,16.290000915527344,0
2025-10-03T09:35:00Z,16.280000686645508,16.280000686645508,16.25,16.25,0
2025-10-03T09:40:00Z,16.25,16.260000228881836,16.25,16.25,0
2025-10-03T09:45:00Z,16.25,16.25,16.219999313354492,16.219999313354492,0
2025-10-03T09:50:00Z,16.219999313354492,16.219999313354492,16.209999084472656,16.219999313354492,0
2025-10-03T09:55:00Z,16.219999313354492,16.219999313354492,16.200000762939453,16.200000762939453,0
2025-10-03T10:00:00Z,16.200000762939453,16.219999313354492,16.200000762939453,16.219999313354492,0
2025-10-03T10:05:00Z,16.219999313354492,16.219999313354492,16.209999084472656,16.209999084472656,0
2025-10-03T10:10:00Z,16.209999084472656,16.229999542236328,16.209999084472656,16.219999313354492,0
2025-10-03T10:15:00Z,16.219999313354492,16.239999771118164,16.219999313354492,16.229999542236328,0
2025-10-03T10:20:00Z,16.229999542236328,16.239999771118164,16.229999542236328,16.229999542236328,0
2025-10-03T10:25:00Z,16.229999542236328,16.25,16.229999542236328,16.25,0
2025-10-03T10:30:00Z,16.25,16.270000457763672,16.25,16.270000457763672,0
2025-10-03T10:35:00Z,16.280000686645508,16.31999969482422,16.280000686645508,16.31999969482422,0
2025-10-03T10:40:00Z,16.31999969482422,16.31999969482422,16.280000686645508,16.290000915527344,0
2025-10-03T10:45:00Z,16.290000915527344,16.290000915527344,16.270000457763672,16.270000457763672,0
2025-10-03T10:50:00Z,16.280000686645508,16.280000686645508,16.270000457763672,16.280000686645508,0
2025-10-03T10:55:00Z,16.280000686645508,16.309999465942383,16.280000686645508,16.309999465942383,0
2025-10-03T11:00:00Z,16.309999465942383,16.309999465942383,16.260000228881836,16.290000915527344,0
2025-10-03T11:05:00Z,16.290000915527344,16.290000915527344,16.270000457763672,16.280000686645508,0
2025-10-03T11:10:00Z,16.280000686645508,16.309999465942383,16.280000686645508,16.309999465942383,0
2025-10-03T11:15:00Z,16.299999237060547,16.329999923706055,16.290000915527344,16.329999923706055,0
2025-10-03T11:20:00Z,16.329999923706055,16.350000381469727,16.31999969482422,16.350000381469727,0
2025-10-03T11:25:00Z,16.350000381469727,16.389999389648438,16.34000015258789,16.3799991607666,0
2025-10-03T11:30:00Z,16.3700008392334,16.399999618530273,16.3700008392334,16.389999389648438,0
2025-10-03T11:35:00Z,16.399999618530273,16.40999984741211,16.360000610351562,16.360000610351562,0
2025-10-03T11:40:00Z,16.360000610351562,16.360000610351562,16.309999465942383,16.309999465942383,0
2025-10-03T11:45:00Z,16.309999465942383,16.309999465942383,16.299999237060547,16.299999237060547,0
2025-10-03T11:50:00Z,16.299999237060547,16.360000610351562,16.290000915527344,16.360000610351562,0
2025-10-03T11:55:00Z,16.3700008392334,16.43000030517578,16.360000610351562,16.40999984741211,0
2025-10-03T12:00:00Z,16.399999618530273,16.40999984741211,16.3799991607666,16.389999389648438,0
2025-10-03T12:05:00Z,16.389999389648438,16.40999984741211,16.3799991607666,16.40999984741211,0
2025-10-03T12:10:00Z,16.40999984741211,16.420000076293945,16.3799991607666,16.3799991607666,0
2025-10-03T12:15:00Z,16.389999389648438,16.399999618530273,16.3799991607666,16.399999618530273,0
2025-10-03T12:20:00Z,16.399999618530273,16.440000534057617,16.399999618530273,16.43000030517578,0
2025-10-03T12:25:00Z,16.43000030517578,16.43000030517578,16.420000076293945,16.420000076293945,0
2025-10-03T12:30:00Z,16.440000534057617,16.440000534057617,16.389999389648438,16.420000076293945,0
2025-10-03T12:35:00Z,16.43000030517578,16.479999542236328,16.43000030517578,16.469999313354492,0
2025-10-03T12:40:00Z,16.469999313354492,16.5,16.469999313354492,16.5,0
2025-10-03T12:45:00Z,16.510000228881836,16.559999465942383,16.510000228881836,16.540000915527344,0
2025-10-03T12:50:00Z,16.540000915527344,16.56999969482422,16.489999771118164,16.489999771118164,0
2025-10-03T12:55:00Z,16.489999771118164,16.489999771118164,16.459999084472656,16.469999313354492,0
2025-10-03T13:00:00Z,16.469999313354492,16.489999771118164,16.459999084472656,16.479999542236328,0
2025-10-03T13:05:00Z,16.479999542236328,16.489999771118164,16.450000762939453,16.459999084472656,0
2025-10-03T13:10:00Z,16.459999084472656,16.479999542236328,16.459999084472656,16.479999542236328,0
2025-10-03T13:15:00Z,16.479999542236328,16.5,16.469999313354492,16.479999542236328,0
2025-10-03T13:20:00Z,16.479999542236328,16.479999542236328,16.450000762939453,16.459999084472656,0
2025-10-03T13:25:00Z,16.450000762939453,16.450000762939453,16.450000762939453,16.450000762939453,0
2025-10-03T13:30:00Z,16.43000030517578,16.43000030517578,16.31999969482422,16.31999969482422,0
2025-10-03T13:35:00Z,16.34000015258789,16.350000381469727,16.299999237060547,16.299999237060547,0
2025-10-03T13:40:00Z,16.299999237060547,16.399999618530273,16.280000686645508,16.3700008392334,0
2025-10-03T13:45:00Z,16.350000381469727,16.389999389648438,16.350000381469727,16.389999389648438,0
2025-10-03T13:50:00Z,16.3799991607666,16.399999618530273,16.329999923706055,16.389999389648438,0
2025-10-03T13:55:00Z,16.389999389648438,16.5,16.389999389648438,16.489999771118164,0
2025-10-03T14:00:00Z,16.479999542236328,16.610000610351562,16.479999542236328,16.559999465942383,0
2025-10-03T14:05:00Z,16.559999465942383,16.610000610351562,16.530000686645508,16.610000610351562,0
2025-10-03T14:10:00Z,16.56999969482422,16.579999923706055,16.510000228881836,16.549999237060547,0
2025-10-03T14:15:00Z,16.540000915527344,16.540000915527344,16.489999771118164,16.510000228881836,0
2025-10-03T14:20:00Z,16.5,16.5,16.469999313354492,16.469999313354492,0
2025-10-03T14:25:00Z,16.450000762939453,16.450000762939453,16.3799991607666,16.40999984741211,0
2025-10-03T14:30:00Z,16.40999984741211,16.420000076293945,16.3799991607666,16.3799991607666,0
2025-10-03T14:35:00Z,16.3700008392334,16.3700008392334,16.329999923706055,16.34000015258789,0
2025-10-03T14:40:00Z,16.34000015258789,16.3700008392334,16.309999465942383,16.360000610351562,0
2025-10-03T14:45:00Z,16.350000381469727,16.3799991607666,16.329999923706055,16.3799991607666,0
2025-10-03T14:50:00Z,16.3799991607666,16.3799991607666,16.350000381469727,16.3700008392334,0
2025-10-03T14:55:00Z,16.360000610351562,16.389999389648438,16.360000610351562,16.389999389648438,0
2025-10-03T15:00:00Z,16.399999618530273,16.450000762939453,16.399999618530273,16.440000534057617,0
2025-10-03T15:05:00Z,16.43000030517578,16.440000534057617,16.399999618530273,16.440000534057617,0
2025-10-03T15:10:00Z,16.43000030517578,16.450000762939453,16.40999984741211,16.420000076293945,0
2025-10-03T15:15:00Z,16.420000076293945,16.43000030517578,16.40999984741211,16.40999984741211,0
2025-10-03T15:20:00Z,16.399999618530273,16.40999984741211,16.31999969482422,16.31999969482422,0
2025-10-03T15:25:00Z,16.31999969482422,16.350000381469727,16.299999237060547,16.329999923706055,0
2025-10-03T15:30:00Z,16.31999969482422,16.31999969482422,16.299999237060547,16.31999969482422,0
2025-10-03T15:35:00Z,16.309999465942383,16.329999923706055,16.280000686645508,16.31999969482422,0
2025-10-03T15:40:00Z,16.329999923706055,16.360000610351562,16.309999465942383,16.309999465942383,0
2025-10-03T15:45:00Z,16.299999237060547,16.31999969482422,16.239999771118164,16.239999771118164,0
2025-10-03T15:50:00Z,16.239999771118164,16.239999771118164,16.200000762939453,16.229999542236328,0
2025-10-03T15:55:00Z,16.219999313354492,16.25,16.209999084472656,16.239999771118164,0
2025-10-03T16:00:00Z,16.239999771118164,16.260000228881836,16.239999771118164,16.239999771118164,0
2025-10-03T16:05:00Z,16.239999771118164,16.280000686645508,16.239999771118164,16.280000686645508,0
2025-10-03T16:10:00Z,16.270000457763672,16.290000915527344,16.270000457763672,16.270000457763672,0
2025-10-03T16:15:00Z,16.270000457763672,16.299999237060547,16.270000457763672,16.280000686645508,0
2025-10-03T16:20:00Z,16.270000457763672,16.309999465942383,16.270000457763672,16.299999237060547,0
2025-10-03T16:25:00Z,16.299999237060547,16.34000015258789,16.299999237060547,16.309999465942383,0
2025-10-03T16:30:00Z,16.299999237060547,16.31999969482422,16.299999237060547,16.31999969482422,0
2025-10-03T16:35:00Z,16.309999465942383,16.350000381469727,16.309999465942383,16.34000015258789,0
2025-10-03T16:40:00Z,16.350000381469727,16.350000381469727,16.31999969482422,16.329999923706055,0
2025-10-03T16:45:00Z,16.329999923706055,16.329999923706055,16.309999465942383,16.329999923706055,0
2025-10-03T16:50:00Z,16.329999923706055,16.360000610351562,16.329999923706055,16.360000610351562,0
2025-10-03T16:55:00Z,16.350000381469727,16.3700008392334,16.329999923706055,16.34000015258789,0
2025-10-03T17:00:00Z,16.350000381469727,16.639999389648438,16.350000381469727,16.579999923706055,0
2025-10-03T17:05:00Z,16.56999969482422,16.709999084472656,16.56999969482422,16.59000015258789,0
2025-10-03T17:10:00Z,16.559999465942383,16.600000381469727,16.420000076293945,16.469999313354492,0
2025-10-03T17:15:00Z,16.469999313354492,16.559999465942383,16.450000762939453,16.559999465942383,0
2025-10-03T17:20:00Z,16.56999969482422,16.6299991607666,16.520000457763672,16.6299991607666,0
2025-10-03T17:25:00Z,16.6299991607666,16.670000076293945,16.579999923706055,16.649999618530273,0
2025-10-03T17:30:00Z,16.670000076293945,16.709999084472656,16.540000915527344,16.600000381469727,0
2025-10-03T17:35:00Z,16.6200008392334,16.6200008392334,16.540000915527344,16.559999465942383,0
2025-10-03T17:40:00Z,16.530000686645508,16.670000076293945,16.530000686645508,16.65999984741211,0
2025-10-03T17:45:00Z,16.65999984741211,16.770000457763672,16.649999618530273,16.729999542236328,0
2025-10-03T17:50:00Z,16.690000534057617,17.049999237060547,16.68000030517578,17.049999237060547,0
2025-10-03T17:55:00Z,17.059999465942383,17.059999465942383,16.780000686645508,16.81999969482422,0
2025-10-03T18:00:00Z,16.81999969482422,16.93000030517578,16.770000457763672,16.93000030517578,0
2025-10-03T18:05:00Z,16.93000030517578,17.0,16.889999389648438,16.950000762939453,0
2025-10-03T18:10:00Z,16.940000534057617,16.940000534057617,16.729999542236328,16.770000457763672,0
2025-10-03T18:15:00Z,16.770000457763672,16.770000457763672,16.559999465942383,16.559999465942383,0
2025-10-03T18:20:00Z,16.540000915527344,16.559999465942383,16.43000030517578,16.469999313354492,0
2025-10-03T18:25:00Z,16.469999313354492,16.469999313354492,16.389999389648438,16.420000076293945,0
2025-10-03T18:30:00Z,16.440000534057617,16.6200008392334,16.40999984741211,16.559999465942383,0
2025-10-03T18:35:00Z,16.540000915527344,16.59000015258789,16.520000457763672,16.56999969482422,0
2025-10-03T18:40:00Z,16.56999969482422,16.59000015258789,16.530000686645508,16.559999465942383,0
2025-10-03T18:45:00Z,16.559999465942383,16.65999984741211,16.559999465942383,16.65999984741211,0
2025-10-03T18:50:00Z,16.65999984741211,16.65999984741211,16.610000610351562,16.6299991607666,0
2025-10-03T18:55:00Z,16.610000610351562,16.6200008392334,16.520000457763672,16.540000915527344,0
2025-10-03T19:00:00Z,16.530000686645508,16.579999923706055,16.510000228881836,16.520000457763672,0
2025-10-03T19:05:00Z,16.520000457763672,16.549999237060547,16.489999771118164,16.540000915527344,0
2025-10-03T19:10:00Z,16.540000915527344,16.540000915527344,16.450000762939453,16.530000686645508,0
2025-10-03T19:15:00Z,16.530000686645508,16.559999465942383,16.520000457763672,16.549999237060547,0
2025-10-03T19:20:00Z,16.540000915527344,16.610000610351562,16.540000915527344,16.59000015258789,0
2025-10-03T19:25:00Z,16.59000015258789,16.59000015258789,16.540000915527344,16.559999465942383,0
2025-10-03T19:30:00Z,16.56999969482422,16.56999969482422,16.489999771118164,16.489999771118164,0
2025-10-03T19:35:00Z,16.5,16.5,16.3799991607666,16.3799991607666,0
2025-10-03T19:40:00Z,16.3799991607666,16.3799991607666,16.290000915527344,16.34000015258789,0
2025-10-03T19:45:00Z,16.350000381469727,16.360000610351562,16.299999237060547,16.329999923706055,0
2025-10-03T19:50:00Z,16.34000015258789,16.43000030517578,16.34000015258789,16.40999984741211,0
2025-10-03T19:55:00Z,16.40999984741211,16.56999969482422,16.40999984741211,16.56999969482422,0
2025-10-03T20:00:00Z,16.530000686645508,16.649999618530273,16.530000686645508,16.6299991607666,0
2025-10-03T20:05:00Z,16.639999389648438,16.649999618530273,16.610000610351562,16.649999618530273,0
2025-10-03T20:10:00Z,16.649999618530273,16.670000076293945,16.649999618530273,16.65999984741211,0
2025-10-06T07:15:00Z,16.739999771118164,16.760000228881836,16.729999542236328,16.739999771118164,0
2025-10-06T07:20:00Z,16.739999771118164,16.770000457763672,16.739999771118164,16.770000457763672,0
2025-10-06T07:25:00Z,16.780000686645508,16.790000915527344,16.760000228881836,16.760000228881836,0
2025-10-06T07:30:00Z,16.760000228881836,16.780000686645508,16.760000228881836,16.780000686645508,0
2025-10-06T07:35:00Z,16.780000686645508,16.809999465942383,16.780000686645508,16.809999465942383,0
2025-10-06T07:40:00Z,16.809999465942383,17.0,16.799999237060547,16.850000381469727,0
2025-10-06T07:45:00Z,16.850000381469727,16.889999389648438,16.850000381469727,16.889999389648438,0
2025-10-06T07:50:00Z,16.889999389648438,16.889999389648438,16.84000015258789,16.850000381469727,0
2025-10-06T07:55:00Z,16.860000610351562,16.8799991607666,16.829999923706055,16.8799991607666,0
2025-10-06T08:00:00Z,16.8700008392334,16.8700008392334,16.81999969482422,16.850000381469727,0
2025-10-06T08:05:00Z,16.850000381469727,16.850000381469727,16.799999237060547,16.81999969482422,0
2025-10-06T08:10:00Z,16.81999969482422,16.84000015258789,16.809999465942383,16.829999923706055,0
2025-10-06T08:15:00Z,16.829999923706055,16.8799991607666,16.829999923706055,16.8700008392334,0
2025-10-06T08:20:00Z,16.8700008392334,16.8799991607666,16.860000610351562,16.8700008392334,0
2025-10-06T08:25:00Z,16.8700008392334,16.889999389648438,16.8700008392334,16.8799991607666,0
2025-10-06T08:30:00Z,16.8799991607666,16.8799991607666,16.8700008392334,16.8700008392334,0
2025-10-06T08:35:00Z,16.860000610351562,16.8799991607666,16.850000381469727,16.8700008392334,0
2025-10-06T08:40:00Z,16.8700008392334,16.8799991607666,16.860000610351562,16.860000610351562,0
2025-10-06T08:45:00Z,16.860000610351562,16.8799991607666,16.850000381469727,16.8700008392334,0
2025-10-06T08:50:00Z,16.8700008392334,16.889999389648438,16.860000610351562,16.860000610351562,0
2025-10-06T08:55:00Z,16.860000610351562,16.860000610351562,16.84000015258789,16.850000381469727,0
2025-10-06T09:00:00Z,16.850000381469727,16.850000381469727,16.84000015258789,16.84000015258789,0
2025-10-06T09:05:00Z,16.84000015258789,16.850000381469727,16.829999923706055,16.850000381469727,0
2025-10-06T09:10:00Z,16.850000381469727,16.850000381469727,16.84000015258789,16.84000015258789,0
2025-10-06T09:15:00Z,16.84000015258789,16.84000015258789,16.81999969482422,16.829999923706055,0
2025-10-06T09:20:00Z,16.829999923706055,16.829999923706055,16.790000915527344,16.790000915527344,0
2025-10-06T09:25:00Z,16.790000915527344,16.799999237060547,16.780000686645508,16.780000686645508,0
2025-10-06T09:30:00Z,16.780000686645508,16.799999237060547,16.780000686645508,16.790000915527344,0
2025-10-06T09:35:00Z,16.790000915527344,16.790000915527344,16.770000457763672,16.770000457763672,0
2025-10-06T09:40:00Z,16.760000228881836,16.760000228881836,16.719999313354492,16.739999771118164,0
2025-10-06T09:45:00Z,16.739999771118164,16.760000228881836,16.739999771118164,16.760000228881836,0
2025-10-06T09:50:00Z,16.760000228881836,16.760000228881836,16.739999771118164,16.75,0
2025-10-06T09:55:00Z,16.75,16.75,16.729999542236328,16.729999542236328,0
2025-10-06T10:00:00Z,16.719999313354492,16.729999542236328,16.719999313354492,16.729999542236328,0
2025-10-06T10:05:00Z,16.729999542236328,16.739999771118164,16.719999313354492,16.739999771118164,0
2025-10-06T10:10:00Z,16.739999771118164,16.790000915527344,16.739999771118164,16.790000915527344,0
2025-10-06T10:15:00Z,16.780000686645508,16.780000686645508,16.770000457763672,16.780000686645508,0
2025-10-06T10:20:00Z,16.780000686645508,16.790000915527344,16.760000228881836,16.780000686645508,0
2025-10-06T10:25:00Z,16.770000457763672,16.770000457763672,16.75,16.75,0
2025-10-06T10:30:00Z,16.75,16.75,16.739999771118164,16.75,0
2025-10-06T10:35:00Z,16.75,16.75,16.75,16.75,0
2025-10-06T10:40:00Z,16.75,16.760000228881836,16.75,16.760000228881836,0
2025-10-06T10:45:00Z,16.760000228881836,16.760000228881836,16.75,16.75,0
2025-10-06T10:50:00Z,16.75,16.770000457763672,16.729999542236328,16.75,0
2025-10-06T10:55:00Z,16.770000457763672,16.81999969482422,16.760000228881836,16.81999969482422,0
2025-10-06T11:00:00Z,16.81999969482422,16.899999618530273,16.81999969482422,16.899999618530273,0
2025-10-06T11:05:00Z,16.899999618530273,16.959999084472656,16.889999389648438,16.959999084472656,0
2025-10-06T11:10:00Z,16.969999313354492,16.969999313354492,16.8799991607666,16.8799991607666,0
2025-10-06T11:15:00Z,16.899999618530273,16.920000076293945,16.889999389648438,16.90999984741211,0
2025-10-06T11:20:00Z,16.90999984741211,16.950000762939453,16.90999984741211,16.950000762939453,0
2025-10-06T11:25:00Z,16.950000762939453,16.950000762939453,16.899999618530273,16.899999618530273,0
2025-10-06T11:30:00Z,16.899999618530273,16.899999618530273,16.8799991607666,16.889999389648438,0
2025-10-06T11:35:00Z,16.889999389648438,16.920000076293945,16.8799991607666,16.899999618530273,0
2025-10-06T11:40:00Z,16.889999389648438,16.889999389648438,16.860000610351562,16.889999389648438,0
2025-10-06T11:45:00Z,16.889999389648438,16.889999389648438,16.860000610351562,16.8700008392334,0
2025-10-06T11:50:00Z,16.8700008392334,16.8700008392334,16.84000015258789,16.84000015258789,0
2025-10-06T11:55:00Z,16.850000381469727,16.860000610351562,16.84000015258789,16.84000015258789,0
2025-10-06T12:00:00Z,16.84000015258789,16.860000610351562,16.799999237060547,16.799999237060547,0
2025-10-06T12:05:00Z,16.799999237060547,16.809999465942383,16.799999237060547,16.799999237060547,0
2025-10-06T12:10:00Z,16.799999237060547,16.799999237060547,16.760000228881836,16.770000457763672,0
2025-10-06T12:15:00Z,16.780000686645508,16.809999465942383,16.780000686645508,16.809999465942383,0
2025-10-06T12:20:00Z,16.81999969482422,16.84000015258789,16.799999237060547,16.809999465942383,0
2025-10-06T12:25:00Z,16.809999465942383,16.809999465942383,16.799999237060547,16.809999465942383,0
2025-10-06T12:30:00Z,16.809999465942383,16.84000015258789,16.809999465942383,16.829999923706055,0
2025-10-06T12:35:00Z,16.829999923706055,16.850000381469727,16.81999969482422,16.84000015258789,0
2025-10-06T12:40:00Z,16.829999923706055,16.850000381469727,16.829999923706055,16.850000381469727,0
2025-10-06T12:45:00Z,16.850000381469727,16.8799991607666,16.84000015258789,16.8700008392334,0
2025-10-06T12:50:00Z,16.8700008392334,16.8799991607666,16.850000381469727,16.850000381469727,0
2025-10-06T12:55:00Z,16.860000610351562,16.8799991607666,16.860000610351562,16.8799991607666,0
2025-10-06T13:00:00Z,16.8799991607666,16.889999389648438,16.8799991607666,16.8799991607666,0
2025-10-06T13:05:00Z,16.889999389648438,16.889999389648438,16.84000015258789,16.860000610351562,0
2025-10-06T13:10:00Z,16.850000381469727,16.860000610351562,16.84000015258789,16.84000015258789,0
2025-10-06T13:15:00Z,16.829999923706055,16.850000381469727,16.809999465942383,16.829999923706055,0
2025-10-06T13:20:00Z,16.829999923706055,16.829999923706055,16.799999237060547,16.81999969482422,0
2025-10-06T13:25:00Z,16.81999969482422,16.81999969482422,16.81999969482422,16.81999969482422,0
2025-10-06T13:30:00Z,16.75,16.799999237060547,16.719999313354492,16.799999237060547,0
2025-10-06T13:35:00Z,16.809999465942383,16.8700008392334,16.790000915527344,16.8700008392334,0
2025-10-06T13:40:00Z,16.860000610351562,16.920000076293945,16.809999465942383,16.889999389648438,0
2025-10-06T13:45:00Z,16.899999618530273,16.93000030517578,16.850000381469727,16.8799991607666,0
2025-10-06T13:50:00Z,16.8700008392334,16.959999084472656,16.8700008392334,16.950000762939453,0
2025-10-06T13:55:00Z,16.940000534057617,16.989999771118164,16.940000534057617,16.979999542236328,0
2025-10-06T14:00:00Z,16.969999313354492,17.06999969482422,16.969999313354492,17.0,0
2025-10-06T14:05:00Z,16.989999771118164,17.079999923706055,16.989999771118164,17.079999923706055,0
2025-10-06T14:10:00Z,17.079999923706055,17.09000015258789,16.93000030517578,16.93000030517578,0
2025-10-06T14:15:00Z,16.93000030517578,16.950000762939453,16.889999389648438,16.93000030517578,0
2025-10-06T14:20:00Z,16.93000030517578,16.940000534057617,16.860000610351562,16.8700008392334,0
2025-10-06T14:25:00Z,16.860000610351562,16.860000610351562,16.799999237060547,16.829999923706055,0
2025-10-06T14:30:00Z,16.81999969482422,16.829999923706055,16.780000686645508,16.799999237060547,0
2025-10-06T14:35:00Z,16.81999969482422,16.829999923706055,16.770000457763672,16.780000686645508,0
2025-10-06T14:40:00Z,16.780000686645508,16.8700008392334,16.780000686645508,16.799999237060547,0
2025-10-06T14:45:00Z,16.799999237060547,16.81999969482422,16.729999542236328,16.739999771118164,0
2025-10-06T14:50:00Z,16.739999771118164,16.790000915527344,16.739999771118164,16.760000228881836,0
2025-10-06T14:55:00Z,16.760000228881836,16.780000686645508,16.75,16.75,0
2025-10-06T15:00:00Z,16.75,16.770000457763672,16.729999542236328,16.729999542236328,0
2025-10-06T15:05:00Z,16.729999542236328,16.729999542236328,16.700000762939453,16.700000762939453,0
2025-10-06T15:10:00Z,16.700000762939453,16.739999771118164,16.690000534057617,16.739999771118164,0
2025-10-06T15:15:00Z,16.739999771118164,16.739999771118164,16.700000762939453,16.719999313354492,0
2025-10-06T15:20:00Z,16.709999084472656,16.719999313354492,16.700000762939453,16.700000762939453,0
2025-10-06T15:25:00Z,16.700000762939453,16.709999084472656,16.649999618530273,16.65999984741211,0
2025-10-06T15:30:00Z,16.65999984741211,16.65999984741211,16.6200008392334,16.6200008392334,0
2025-10-06T15:35:00Z,16.610000610351562,16.6200008392334,16.610000610351562,16.610000610351562,0
2025-10-06T15:40:00Z,16.610000610351562,16.6299991607666,16.610000610351562,16.6200008392334,0
2025-10-06T15:45:00Z,16.6200008392334,16.6200008392334,16.56999969482422,16.600000381469727,0
2025-10-06T15:50:00Z,16.600000381469727,16.6200008392334,16.59000015258789,16.600000381469727,0
2025-10-06T15:55:00Z,16.600000381469727,16.610000610351562,16.579999923706055,16.59000015258789,0
2025-10-06T16:00:00Z,16.610000610351562,16.6299991607666,16.600000381469727,16.6299991607666,0
2025-10-06T16:05:00Z,16.6299991607666,16.6299991607666,16.600000381469727,16.6299991607666,0
2025-10-06T16:10:00Z,16.6299991607666,16.670000076293945,16.6299991607666,16.65999984741211,0
2025-10-06T16:15:00Z,16.65999984741211,16.68000030517578,16.639999389648438,16.65999984741211,0
2025-10-06T16:20:00Z,16.65999984741211,16.670000076293945,16.6299991607666,16.6299991607666,0
2025-10-06T16:25:00Z,16.6299991607666,16.639999389648438,16.610000610351562,16.610000610351562,0
2025-10-06T16:30:00Z,16.610000610351562,16.639999389648438,16.610000610351562,16.639999389648438,0
2025-10-06T16:35:00Z,16.649999618530273,16.65999984741211,16.639999389648438,16.639999389648438,0
2025-10-06T16:40:00Z,16.649999618530273,16.670000076293945,16.639999389648438,16.649999618530273,0
2025-10-06T16:45:00Z,16.649999618530273,16.649999618530273,16.6200008392334,16.639999389648438,0
2025-10-06T16:50:00Z,16.639999389648438,16.649999618530273,16.6200008392334,16.6299991607666,0
2025-10-06T16:55:00Z,16.6299991607666,16.6299991607666,16.610000610351562,16.610000610351562,0
2025-10-06T17:00:00Z,16.6200008392334,16.65999984741211,16.6200008392334,16.649999618530273,0
2025-10-06T17:05:00Z,16.649999618530273,16.700000762939453,16.649999618530273,16.690000534057617,0
2025-10-06T17:10:00Z,16.690000534057617,16.700000762939453,16.649999618530273,16.65999984741211,0
2025-10-06T17:15:00Z,16.65999984741211,16.68000030517578,16.649999618530273,16.649999618530273,0
2025-10-06T17:20:00Z,16.649999618530273,16.649999618530273,16.559999465942383,16.559999465942383,0
2025-10-06T17:25:00Z,16.559999465942383,16.579999923706055,16.540000915527344,16.56999969482422,0
2025-10-06T17:30:00Z,16.56999969482422,16.56999969482422,16.549999237060547,16.559999465942383,0
2025-10-06T17:35:00Z,16.559999465942383,16.56999969482422,16.540000915527344,16.540000915527344,0
2025-10-06T17:40:00Z,16.540000915527344,16.559999465942383,16.530000686645508,16.549999237060547,0
2025-10-06T17:45:00Z,16.579999923706055,16.579999923706055,16.530000686645508,16.530000686645508,0
2025-10-06T17:50:00Z,16.530000686645508,16.530000686645508,16.520000457763672,16.530000686645508,0
2025-10-06T17:55:00Z,16.520000457763672,16.520000457763672,16.510000228881836,16.520000457763672,0
2025-10-06T18:00:00Z,16.520000457763672,16.540000915527344,16.5,16.510000228881836,0
2025-10-06T18:05:00Z,16.510000228881836,16.540000915527344,16.5,16.540000915527344,0
2025-10-06T18:10:00Z,16.549999237060547,16.549999237060547,16.489999771118164,16.510000228881836,0
2025-10-06T18:15:00Z,16.510000228881836,16.520000457763672,16.469999313354492,16.510000228881836,0
2025-10-06T18:20:00Z,16.510000228881836,16.520000457763672,16.5,16.510000228881836,0
2025-10-06T18:25:00Z,16.5,16.5,16.469999313354492,16.489999771118164,0
2025-10-06T18:30:00Z,16.489999771118164,16.489999771118164,16.450000762939453,16.459999084472656,0
2025-10-06T18:35:00Z,16.459999084472656,16.479999542236328,16.459999084472656,16.479999542236328,0
2025-10-06T18:40:00Z,16.489999771118164,16.510000228881836,16.479999542236328,16.489999771118164,0
2025-10-06T18:45:00Z,16.489999771118164,16.489999771118164,16.469999313354492,16.489999771118164,0
2025-10-06T18:50:00Z,16.489999771118164,16.489999771118164,16.459999084472656,16.469999313354492,0
2025-10-06T18:55:00Z,16.469999313354492,16.5,16.459999084472656,16.479999542236328,0
2025-10-06T19:00:00Z,16.479999542236328,16.510000228881836,16.479999542236328,16.510000228881836,0
2025-10-06T19:05:00Z,16.510000228881836,16.520000457763672,16.489999771118164,16.5,0
2025-10-06T19:10:00Z,16.489999771118164,16.489999771118164,16.450000762939453,16.450000762939453,0
2025-10-06T19:15:00Z,16.450000762939453,16.479999542236328,16.450000762939453,16.479999542236328,0
2025-10-06T19:20:00Z,16.479999542236328,16.489999771118164,16.469999313354492,16.479999542236328,0
2025-10-06T19:25:00Z,16.479999542236328,16.479999542236328,16.43000030517578,16.459999084472656,0
2025-10-06T19:30:00Z,16.459999084472656,16.479999542236328,16.459999084472656,16.479999542236328,0
2025-10-06T19:35:00Z,16.479999542236328,16.489999771118164,16.459999084472656,16.459999084472656,0
2025-10-06T19:40:00Z,16.459999084472656,16.469999313354492,16.450000762939453,16.450000762939453,0
2025-10-06T19:45:00Z,16.450000762939453,16.459999084472656,16.3799991607666,16.3799991607666,0
2025-10-06T19:50:00Z,16.350000381469727,16.350000381469727,16.290000915527344,16.309999465942383,0
2025-10-06T19:55:00Z,16.309999465942383,16.360000610351562,16.299999237060547,16.360000610351562,0
2025-10-06T20:00:00Z,16.360000610351562,16.3799991607666,16.360000610351562,16.3799991607666,0
2025-10-06T20:05:00Z,16.3700008392334,16.389999389648438,16.3700008392334,16.3799991607666,0
2025-10-06T20:10:00Z,16.3799991607666,16.389999389648438,16.3700008392334,16.3700008392334,0
2025-10-07T07:15:00Z,16.579999923706055,16.6200008392334,16.56999969482422,16.6200008392334,0
2025-10-07T07:20:00Z,16.6200008392334,16.639999389648438,16.6200008392334,16.6299991607666,0
2025-10-07T07:25:00Z,16.6299991607666,16.639999389648438,16.600000381469727,16.600000381469727,0
2025-10-07T07:30:00Z,16.600000381469727,16.610000610351562,16.600000381469727,16.610000610351562,0
2025-10-07T07:35:00Z,16.6200008392334,16.639999389648438,16.6200008392334,16.639999389648438,0
2025-10-07T07:40:00Z,16.649999618530273,16.649999618530273,16.6299991607666,16.639999389648438,0
2025-10-07T07:45:00Z,16.6299991607666,16.65999984741211,16.6299991607666,16.649999618530273,0
2025-10-07T07:50:00Z,16.649999618530273,16.649999618530273,16.6200008392334,16.6200008392334,0
2025-10-07T07:55:00Z,16.6200008392334,16.639999389648438,16.6200008392334,16.6299991607666,0
2025-10-07T08:00:00Z,16.639999389648438,16.68000030517578,16.6200008392334,16.670000076293945,0
2025-10-07T08:05:00Z,16.68000030517578,16.68000030517578,16.649999618530273,16.649999618530273,0
2025-10-07T08:10:00Z,16.649999618530273,16.670000076293945,16.649999618530273,16.670000076293945,0
2025-10-07T08:15:00Z,16.65999984741211,16.65999984741211,16.649999618530273,16.649999618530273,0
2025-10-07T08:20:00Z,16.65999984741211,16.68000030517578,16.65999984741211,16.68000030517578,0
2025-10-07T08:25:00Z,16.68000030517578,16.709999084472656,16.68000030517578,16.709999084472656,0
2025-10-07T08:30:00Z,16.700000762939453,16.719999313354492,16.690000534057617,16.700000762939453,0
2025-10-07T08:35:00Z,16.700000762939453,16.709999084472656,16.670000076293945,16.670000076293945,0
2025-10-07T08:40:00Z,16.68000030517578,16.68000030517578,16.649999618530273,16.649999618530273,0
2025-10-07T08:45:00Z,16.649999618530273,16.649999618530273,16.6200008392334,16.6200008392334,0
2025-10-07T08:50:00Z,16.6200008392334,16.639999389648438,16.600000381469727,16.610000610351562,0
2025-10-07T08:55:00Z,16.610000610351562,16.610000610351562,16.579999923706055,16.59000015258789,0
2025-10-07T09:00:00Z,16.59000015258789,16.600000381469727,16.59000015258789,16.59000015258789,0
2025-10-07T09:05:00Z,16.59000015258789,16.59000015258789,16.56999969482422,16.579999923706055,0
2025-10-07T09:10:00Z,16.579999923706055,16.59000015258789,16.549999237060547,16.549999237060547,0
2025-10-07T09:15:00Z,16.549999237060547,16.559999465942383,16.540000915527344,16.540000915527344,0
2025-10-07T09:20:00Z,16.549999237060547,16.559999465942383,16.540000915527344,16.549999237060547,0
2025-10-07T09:25:00Z,16.549999237060547,16.559999465942383,16.549999237060547,16.559999465942383,0
2025-10-07T09:30:00Z,16.549999237060547,16.559999465942383,16.549999237060547,16.549999237060547,0
2025-10-07T09:35:00Z,16.549999237060547,16.559999465942383,16.549999237060547,16.549999237060547,0
2025-10-07T09:40:00Z,16.549999237060547,16.559999465942383,16.549999237060547,16.559999465942383,0
2025-10-07T09:45:00Z,16.559999465942383,16.559999465942383,16.549999237060547,16.559999465942383,0
2025-10-07T09:50:00Z,16.559999465942383,16.559999465942383,16.549999237060547,16.549999237060547,0
2025-10-07T09:55:00Z,16.549999237060547,16.559999465942383,16.540000915527344,16.540000915527344,0
2025-10-07T10:00:00Z,16.540000915527344,16.549999237060547,16.540000915527344,16.540000915527344,0
2025-10-07T10:05:00Z,16.549999237060547,16.559999465942383,16.540000915527344,16.540000915527344,0
2025-10-07T10:10:00Z,16.540000915527344,16.540000915527344,16.510000228881836,16.510000228881836,0
2025-10-07T10:15:00Z,16.510000228881836,16.520000457763672,16.510000228881836,16.510000228881836,0
2025-10-07T10:20:00Z,16.510000228881836,16.520000457763672,16.510000228881836,16.520000457763672,0
2025-10-07T10:25:00Z,16.520000457763672,16.520000457763672,16.5,16.5,0
2025-10-07T10:30:00Z,16.5,16.5,16.469999313354492,16.469999313354492,0
2025-10-07T10:35:00Z,16.469999313354492,16.479999542236328,16.469999313354492,16.479999542236328,0
2025-10-07T10:40:00Z,16.479999542236328,16.5,16.479999542236328,16.5,0
2025-10-07T10:45:00Z,16.5,16.520000457763672,16.5,16.510000228881836,0
2025-10-07T10:50:00Z,16.510000228881836,16.510000228881836,16.489999771118164,16.489999771118164,0
2025-10-07T10:55:00Z,16.489999771118164,16.510000228881836,16.479999542236328,16.510000228881836,0
2025-10-07T11:00:00Z,16.510000228881836,16.520000457763672,16.5,16.510000228881836,0
2025-10-07T11:05:00Z,16.510000228881836,16.520000457763672,16.510000228881836,16.510000228881836,0
2025-10-07T11:10:00Z,16.510000228881836,16.510000228881836,16.510000228881836,16.510000228881836,0
2025-10-07T11:15:00Z,16.510000228881836,16.530000686645508,16.510000228881836,16.510000228881836,0
2025-10-07T11:20:00Z,16.510000228881836,16.530000686645508,16.510000228881836,16.520000457763672,0
2025-10-07T11:25:00Z,16.520000457763672,16.530000686645508,16.5,16.520000457763672,0
2025-10-07T11:30:00Z,16.530000686645508,16.530000686645508,16.510000228881836,16.510000228881836,0
2025-10-07T11:35:00Z,16.520000457763672,16.520000457763672,16.510000228881836,16.520000457763672,0
2025-10-07T11:40:00Z,16.510000228881836,16.520000457763672,16.510000228881836,16.520000457763672,0
2025-10-07T11:45:00Z,16.510000228881836,16.510000228881836,16.479999542236328,16.479999542236328,0
2025-10-07T11:50:00Z,16.479999542236328,16.479999542236328,16.440000534057617,16.440000534057617,0
2025-10-07T11:55:00Z,16.440000534057617,16.440000534057617,16.40999984741211,16.40999984741211,0
2025-10-07T12:00:00Z,16.40999984741211,16.420000076293945,16.40999984741211,16.40999984741211,0
2025-10-07T12:05:00Z,16.420000076293945,16.420000076293945,16.399999618530273,16.420000076293945,0
2025-10-07T12:10:00Z,16.43000030517578,16.43000030517578,16.40999984741211,16.420000076293945,0
2025-10-07T12:15:00Z,16.420000076293945,16.43000030517578,16.399999618530273,16.420000076293945,0
2025-10-07T12:20:00Z,16.420000076293945,16.43000030517578,16.399999618530273,16.420000076293945,0
2025-10-07T12:25:00Z,16.420000076293945,16.43000030517578,16.399999618530273,16.399999618530273,0
2025-10-07T12:30:00Z,16.40999984741211,16.420000076293945,16.3799991607666,16.3799991607666,0
2025-10-07T12:35:00Z,16.3799991607666,16.3799991607666,16.360000610351562,16.360000610351562,0
2025-10-07T12:40:00Z,16.360000610351562,16.360000610351562,16.31999969482422,16.31999969482422,0
2025-10-07T12:45:00Z,16.31999969482422,16.34000015258789,16.309999465942383,16.309999465942383,0
2025-10-07T12:50:00Z,16.309999465942383,16.309999465942383,16.260000228881836,16.280000686645508,0
2025-10-07T12:55:00Z,16.280000686645508,16.280000686645508,16.25,16.260000228881836,0
2025-10-07T13:00:00Z,16.260000228881836,16.260000228881836,16.209999084472656,16.209999084472656,0
2025-10-07T13:05:00Z,16.209999084472656,16.219999313354492,16.190000534057617,16.209999084472656,0
2025-10-07T13:10:00Z,16.209999084472656,16.260000228881836,16.200000762939453,16.260000228881836,0
2025-10-07T13:15:00Z,16.260000228881836,16.270000457763672,16.219999313354492,16.219999313354492,0
2025-10-07T13:20:00Z,16.229999542236328,16.239999771118164,16.229999542236328,16.229999542236328,0
2025-10-07T13:25:00Z,16.219999313354492,16.219999313354492,16.219999313354492,16.219999313354492,0
2025-10-07T13:30:00Z,16.290000915527344,16.31999969482422,16.280000686645508,16.290000915527344,0
2025-10-07T13:35:00Z,16.290000915527344,16.360000610351562,16.290000915527344,16.350000381469727,0
2025-10-07T13:40:00Z,16.350000381469727,16.3700008392334,16.31999969482422,16.329999923706055,0
2025-10-07T13:45:00Z,16.329999923706055,16.34000015258789,16.260000228881836,16.299999237060547,0
2025-10-07T13:50:00Z,16.290000915527344,16.31999969482422,16.270000457763672,16.270000457763672,0
2025-10-07T13:55:00Z,16.270000457763672,16.309999465942383,16.229999542236328,16.309999465942383,0
2025-10-07T14:00:00Z,16.309999465942383,16.399999618530273,16.299999237060547,16.399999618530273,0
2025-10-07T14:05:00Z,16.399999618530273,16.399999618530273,16.350000381469727,16.360000610351562,0
2025-10-07T14:10:00Z,16.350000381469727,16.350000381469727,16.290000915527344,16.309999465942383,0
2025-10-07T14:15:00Z,16.309999465942383,16.309999465942383,16.270000457763672,16.290000915527344,0
2025-10-07T14:20:00Z,16.280000686645508,16.34000015258789,16.280000686645508,16.329999923706055,0
2025-10-07T14:25:00Z,16.329999923706055,16.469999313354492,16.329999923706055,16.459999084472656,0
2025-10-07T14:30:00Z,16.469999313354492,16.469999313354492,16.389999389648438,16.40999984741211,0
2025-10-07T14:35:00Z,16.40999984741211,16.5,16.40999984741211,16.459999084472656,0
2025-10-07T14:40:00Z,16.450000762939453,16.489999771118164,16.399999618530273,16.489999771118164,0
2025-10-07T14:45:00Z,16.479999542236328,16.510000228881836,16.399999618530273,16.40999984741211,0
2025-10-07T14:50:00Z,16.40999984741211,16.440000534057617,16.3799991607666,16.389999389648438,0
2025-10-07T14:55:00Z,16.3799991607666,16.43000030517578,16.34000015258789,16.34000015258789,0
2025-10-07T15:00:00Z,16.360000610351562,16.459999084472656,16.329999923706055,16.459999084472656,0
2025-10-07T15:05:00Z,16.440000534057617,16.959999084472656,16.440000534057617,16.959999084472656,0
2025-10-07T15:10:00Z,16.969999313354492,16.969999313354492,16.790000915527344,16.850000381469727,0
2025-10-07T15:15:00Z,16.809999465942383,16.8700008392334,16.709999084472656,16.780000686645508,0
2025-10-07T15:20:00Z,16.81999969482422,16.81999969482422,16.670000076293945,16.719999313354492,0
2025-10-07T15:25:00Z,16.739999771118164,16.8799991607666,16.729999542236328,16.84000015258789,0
2025-10-07T15:30:00Z,16.829999923706055,16.950000762939453,16.81999969482422,16.950000762939453,0
2025-10-07T15:35:00Z,16.950000762939453,17.219999313354492,16.950000762939453,17.139999389648438,0
2025-10-07T15:40:00Z,17.1200008392334,17.200000762939453,16.989999771118164,17.139999389648438,0
2025-10-07T15:45:00Z,17.139999389648438,17.34000015258789,17.1299991607666,17.260000228881836,0
2025-10-07T15:50:00Z,17.229999542236328,17.31999969482422,17.170000076293945,17.31999969482422,0
2025-10-07T15:55:00Z,17.31999969482422,17.350000381469727,17.260000228881836,17.299999237060547,0
2025-10-07T16:00:00Z,17.299999237060547,17.299999237060547,17.149999618530273,17.190000534057617,0
2025-10-07T16:05:00Z,17.190000534057617,17.3799991607666,17.190000534057617,17.350000381469727,0
2025-10-07T16:10:00Z,17.350000381469727,17.459999084472656,17.34000015258789,17.459999084472656,0
2025-10-07T16:15:00Z,17.450000762939453,17.5,17.389999389648438,17.5,0
2025-10-07T16:20:00Z,17.510000228881836,17.549999237060547,17.450000762939453,17.479999542236328,0
2025-10-07T16:25:00Z,17.469999313354492,17.469999313354492,17.350000381469727,17.389999389648438,0
2025-10-07T16:30:00Z,17.3799991607666,17.3799991607666,17.1299991607666,17.1299991607666,0
2025-10-07T16:35:00Z,17.1200008392334,17.1299991607666,17.010000228881836,17.030000686645508,0
2025-10-07T16:40:00Z,17.040000915527344,17.139999389648438,17.010000228881836,17.1299991607666,0
2025-10-07T16:45:00Z,17.1200008392334,17.239999771118164,17.110000610351562,17.239999771118164,0
2025-10-07T16:50:00Z,17.260000228881836,17.270000457763672,17.209999084472656,17.270000457763672,0
2025-10-07T16:55:00Z,17.260000228881836,17.309999465942383,17.219999313354492,17.280000686645508,0
2025-10-07T17:00:00Z,17.280000686645508,17.290000915527344,17.15999984741211,17.15999984741211,0
2025-10-07T17:05:00Z,17.15999984741211,17.239999771118164,17.139999389648438,17.139999389648438,0
2025-10-07T17:10:00Z,17.110000610351562,17.190000534057617,17.049999237060547,17.110000610351562,0
2025-10-07T17:15:00Z,17.09000015258789,17.149999618530273,17.09000015258789,17.1200008392334,0
2025-10-07T17:20:00Z,17.110000610351562,17.110000610351562,17.079999923706055,17.110000610351562,0
2025-10-07T17:25:00Z,17.100000381469727,17.190000534057617,17.100000381469727,17.149999618530273,0
2025-10-07T17:30:00Z,17.15999984741211,17.239999771118164,17.15999984741211,17.239999771118164,0
2025-10-07T17:35:00Z,17.25,17.290000915527344,17.219999313354492,17.219999313354492,0
2025-10-07T17:40:00Z,17.219999313354492,17.25,17.219999313354492,17.219999313354492,0
2025-10-07T17:45:00Z,17.200000762939453,17.219999313354492,17.170000076293945,17.200000762939453,0
2025-10-07T17:50:00Z,17.209999084472656,17.399999618530273,17.209999084472656,17.399999618530273,0
2025-10-07T17:55:00Z,17.399999618530273,17.450000762939453,17.389999389648438,17.440000534057617,0
2025-10-07T18:00:00Z,17.440000534057617,17.540000915527344,17.440000534057617,17.5,0
2025-10-07T18:05:00Z,17.510000228881836,17.530000686645508,17.469999313354492,17.530000686645508,0
2025-10-07T18:10:00Z,17.540000915527344,17.540000915527344,17.350000381469727,17.40999984741211,0
2025-10-07T18:15:00Z,17.420000076293945,17.450000762939453,17.389999389648438,17.420000076293945,0
2025-10-07T18:20:00Z,17.420000076293945,17.469999313354492,17.399999618530273,17.399999618530273,0
2025-10-07T18:25:00Z,17.420000076293945,17.489999771118164,17.40999984741211,17.489999771118164,0
2025-10-07T18:30:00Z,17.459999084472656,17.459999084472656,17.399999618530273,17.420000076293945,0
2025-10-07T18:35:00Z,17.40999984741211,17.440000534057617,17.389999389648438,17.389999389648438,0
2025-10-07T18:40:00Z,17.389999389648438,17.440000534057617,17.389999389648438,17.43000030517578,0
2025-10-07T18:45:00Z,17.440000534057617,17.450000762939453,17.399999618530273,17.40999984741211,0
2025-10-07T18:50:00Z,17.40999984741211,17.420000076293945,17.329999923706055,17.329999923706055,0
2025-10-07T18:55:00Z,17.31999969482422,17.329999923706055,17.280000686645508,17.280000686645508,0
2025-10-07T19:00:00Z,17.270000457763672,17.270000457763672,17.229999542236328,17.260000228881836,0
2025-10-07T19:05:00Z,17.260000228881836,17.31999969482422,17.260000228881836,17.260000228881836,0
2025-10-07T19:10:00Z,17.25,17.299999237060547,17.25,17.280000686645508,0
2025-10-07T19:15:00Z,17.280000686645508,17.31999969482422,17.25,17.270000457763672,0
2025-10-07T19:20:00Z,17.299999237060547,17.31999969482422,17.280000686645508,17.290000915527344,0
2025-10-07T19:25:00Z,17.290000915527344,17.31999969482422,17.280000686645508,17.309999465942383,0
2025-10-07T19:30:00Z,17.31999969482422,17.329999923706055,17.280000686645508,17.280000686645508,0
2025-10-07T19:35:00Z,17.290000915527344,17.290000915527344,17.219999313354492,17.239999771118164,0
2025-10-07T19:40:00Z,17.239999771118164,17.239999771118164,17.149999618530273,17.149999618530273,0
2025-10-07T19:45:00Z,17.139999389648438,17.190000534057617,17.139999389648438,17.18000030517578,0
2025-10-07T19:50:00Z,17.18000030517578,17.200000762939453,17.170000076293945,17.200000762939453,0
2025-10-07T19:55:00Z,17.200000762939453,17.25,17.170000076293945,17.219999313354492,0
2025-10-07T20:00:00Z,17.190000534057617,17.280000686645508,17.18000030517578,17.280000686645508,0
2025-10-07T20:05:00Z,17.270000457763672,17.280000686645508,17.25,17.270000457763672,0
2025-10-07T20:10:00Z,17.260000228881836,17.290000915527344,17.25,17.25,0
2025-10-08T07:15:00Z,17.170000076293945,17.170000076293945,17.1299991607666,17.139999389648438,0
2025-10-08T07:20:00Z,17.139999389648438,17.139999389648438,17.100000381469727,17.100000381469727,0
2025-10-08T07:25:00Z,17.100000381469727,17.110000610351562,17.079999923706055,17.100000381469727,0
2025-10-08T07:30:00Z,17.100000381469727,17.110000610351562,17.100000381469727,17.100000381469727,0
2025-10-08T07:35:00Z,17.100000381469727,17.100000381469727,17.010000228881836,17.010000228881836,0
2025-10-08T07:40:00Z,17.010000228881836,17.010000228881836,16.920000076293945,16.93000030517578,0
2025-10-08T07:45:00Z,16.93000030517578,16.959999084472656,16.93000030517578,16.959999084472656,0
2025-10-08T07:50:00Z,16.950000762939453,16.950000762939453,16.920000076293945,16.920000076293945,0
2025-10-08T07:55:00Z,16.920000076293945,16.940000534057617,16.920000076293945,16.940000534057617,0
2025-10-08T08:00:00Z,16.950000762939453,16.969999313354492,16.950000762939453,16.950000762939453,0
2025-10-08T08:05:00Z,16.950000762939453,16.959999084472656,16.940000534057617,16.959999084472656,0
2025-10-08T08:10:00Z,16.959999084472656,16.959999084472656,16.93000030517578,16.950000762939453,0
2025-10-08T08:15:00Z,16.950000762939453,16.959999084472656,16.950000762939453,16.950000762939453,0
2025-10-08T08:20:00Z,16.950000762939453,16.959999084472656,16.93000030517578,16.950000762939453,0
2025-10-08T08:25:00Z,16.950000762939453,16.969999313354492,16.950000762939453,16.959999084472656,0
2025-10-08T08:30:00Z,16.959999084472656,16.959999084472656,16.93000030517578,16.940000534057617,0
2025-10-08T08:35:00Z,16.940000534057617,16.940000534057617,16.90999984741211,16.90999984741211,0
2025-10-08T08:40:00Z,16.90999984741211,16.920000076293945,16.899999618530273,16.899999618530273,0
2025-10-08T08:45:00Z,16.899999618530273,16.90999984741211,16.889999389648438,16.90999984741211,0
2025-10-08T08:50:00Z,16.90999984741211,16.93000030517578,16.90999984741211,16.93000030517578,0
2025-10-08T08:55:00Z,16.940000534057617,17.049999237060547,16.940000534057617,16.989999771118164,0
2025-10-08T09:00:00Z,16.989999771118164,16.989999771118164,16.950000762939453,16.969999313354492,0
2025-10-08T09:05:00Z,16.969999313354492,16.969999313354492,16.940000534057617,16.940000534057617,0
2025-10-08T09:10:00Z,16.950000762939453,16.969999313354492,16.950000762939453,16.959999084472656,0
2025-10-08T09:15:00Z,16.959999084472656,16.979999542236328,16.959999084472656,16.969999313354492,0
2025-10-08T09:20:00Z,16.969999313354492,17.010000228881836,16.969999313354492,17.010000228881836,0
2025-10-08T09:25:00Z,17.010000228881836,17.010000228881836,16.979999542236328,16.979999542236328,0
2025-10-08T09:30:00Z,16.979999542236328,16.989999771118164,16.969999313354492,16.969999313354492,0
2025-10-08T09:35:00Z,16.969999313354492,16.969999313354492,16.940000534057617,16.950000762939453,0
2025-10-08T09:40:00Z,16.950000762939453,16.969999313354492,16.950000762939453,16.950000762939453,0
2025-10-08T09:45:00Z,16.950000762939453,16.969999313354492,16.950000762939453,16.969999313354492,0
2025-10-08T09:50:00Z,16.979999542236328,16.979999542236328,16.959999084472656,16.969999313354492,0
2025-10-08T09:55:00Z,16.969999313354492,16.979999542236328,16.969999313354492,16.969999313354492,0
2025-10-08T10:00:00Z,16.979999542236328,16.979999542236328,16.979999542236328,16.979999542236328,0
2025-10-08T10:05:00Z,16.979999542236328,17.030000686645508,16.969999313354492,17.030000686645508,0
2025-10-08T10:10:00Z,17.030000686645508,17.100000381469727,17.030000686645508,17.049999237060547,0
2025-10-08T10:15:00Z,17.049999237060547,17.049999237060547,17.020000457763672,17.020000457763672,0
2025-10-08T10:20:00Z,17.020000457763672,17.049999237060547,17.020000457763672,17.049999237060547,0
2025-10-08T10:25:00Z,17.040000915527344,17.049999237060547,17.020000457763672,17.020000457763672,0
2025-10-08T10:30:00Z,17.020000457763672,17.030000686645508,16.989999771118164,16.989999771118164,0
2025-10-08T10:35:00Z,16.989999771118164,17.0,16.989999771118164,16.989999771118164,0
2025-10-08T10:40:00Z,16.989999771118164,17.010000228881836,16.989999771118164,17.010000228881836,0
2025-10-08T10:45:00Z,17.010000228881836,17.010000228881836,16.959999084472656,16.959999084472656,0
2025-10-08T10:50:00Z,16.969999313354492,16.969999313354492,16.93000030517578,16.93000030517578,0
2025-10-08T10:55:00Z,16.920000076293945,16.920000076293945,16.860000610351562,16.8700008392334,0
2025-10-08T11:00:00Z,16.8700008392334,16.8700008392334,16.81999969482422,16.829999923706055,0
2025-10-08T11:05:00Z,16.829999923706055,16.829999923706055,16.809999465942383,16.829999923706055,0
2025-10-08T11:10:00Z,16.829999923706055,16.860000610351562,16.829999923706055,16.860000610351562,0
2025-10-08T11:15:00Z,16.860000610351562,16.899999618530273,16.860000610351562,16.899999618530273,0
2025-10-08T11:20:00Z,16.899999618530273,16.93000030517578,16.899999618530273,16.920000076293945,0
2025-10-08T11:25:00Z,16.93000030517578,16.959999084472656,16.93000030517578,16.959999084472656,0
2025-10-08T11:30:00Z,16.979999542236328,16.979999542236328,16.950000762939453,16.950000762939453,0
2025-10-08T11:35:00Z,16.959999084472656,16.979999542236328,16.920000076293945,16.969999313354492,0
2025-10-08T11:40:00Z,16.969999313354492,17.0,16.959999084472656,16.989999771118164,0
2025-10-08T11:45:00Z,16.989999771118164,17.0,16.959999084472656,16.989999771118164,0
2025-10-08T11:50:00Z,16.989999771118164,16.989999771118164,16.969999313354492,16.979999542236328,0
2025-10-08T11:55:00Z,16.979999542236328,16.989999771118164,16.969999313354492,16.989999771118164,0
2025-10-08T12:00:00Z,16.989999771118164,17.020000457763672,16.989999771118164,17.010000228881836,0
2025-10-08T12:05:00Z,17.020000457763672,17.059999465942383,17.020000457763672,17.059999465942383,0
2025-10-08T12:10:00Z,17.059999465942383,17.100000381469727,17.059999465942383,17.100000381469727,0
2025-10-08T12:15:00Z,17.1299991607666,17.139999389648438,17.079999923706055,17.079999923706055,0
2025-10-08T12:20:00Z,17.079999923706055,17.100000381469727,17.06999969482422,17.100000381469727,0
2025-10-08T12:25:00Z,17.100000381469727,17.149999618530273,17.100000381469727,17.110000610351562,0
2025-10-08T12:30:00Z,17.110000610351562,17.170000076293945,17.100000381469727,17.139999389648438,0
2025-10-08T12:35:00Z,17.139999389648438,17.149999618530273,17.1200008392334,17.1200008392334,0
2025-10-08T12:40:00Z,17.1200008392334,17.1299991607666,17.110000610351562,17.1200008392334,0
2025-10-08T12:45:00Z,17.1200008392334,17.1299991607666,17.110000610351562,17.1299991607666,0
2025-10-08T12:50:00Z,17.110000610351562,17.110000610351562,17.09000015258789,17.09000015258789,0
2025-10-08T12:55:00Z,17.09000015258789,17.110000610351562,17.079999923706055,17.100000381469727,0
2025-10-08T13:00:00Z,17.09000015258789,17.1299991607666,17.09000015258789,17.1200008392334,0
2025-10-08T13:05:00Z,17.1200008392334,17.1200008392334,17.100000381469727,17.100000381469727,0
2025-10-08T13:10:00Z,17.100000381469727,17.100000381469727,17.079999923706055,17.09000015258789,0
2025-10-08T13:15:00Z,17.09000015258789,17.09000015258789,17.06999969482422,17.06999969482422,0
2025-10-08T13:20:00Z,17.059999465942383,17.059999465942383,17.040000915527344,17.040000915527344,0
2025-10-08T13:25:00Z,17.049999237060547,17.049999237060547,17.049999237060547,17.049999237060547,0
2025-10-08T13:30:00Z,17.059999465942383,17.059999465942383,16.959999084472656,17.0,0
2025-10-08T13:35:00Z,17.010000228881836,17.1200008392334,17.010000228881836,17.09000015258789,0
2025-10-08T13:40:00Z,17.059999465942383,17.200000762939453,17.059999465942383,17.200000762939453,0
2025-10-08T13:45:00Z,17.18000030517578,17.18000030517578,17.040000915527344,17.059999465942383,0
2025-10-08T13:50:00Z,17.079999923706055,17.149999618530273,17.079999923706055,17.09000015258789,0
2025-10-08T13:55:00Z,17.100000381469727,17.1299991607666,17.010000228881836,17.049999237060547,0
2025-10-08T14:00:00Z,17.06999969482422,17.06999969482422,16.889999389648438,16.889999389648438,0
2025-10-08T14:05:00Z,16.899999618530273,16.90999984741211,16.81999969482422,16.81999969482422,0
2025-10-08T14:10:00Z,16.81999969482422,16.81999969482422,16.739999771118164,16.780000686645508,0
2025-10-08T14:15:00Z,16.770000457763672,16.790000915527344,16.739999771118164,16.780000686645508,0
2025-10-08T14:20:00Z,16.780000686645508,16.860000610351562,16.780000686645508,16.799999237060547,0
2025-10-08T14:25:00Z,16.799999237060547,16.81999969482422,16.719999313354492,16.719999313354492,0
2025-10-08T14:30:00Z,16.709999084472656,16.719999313354492,16.68000030517578,16.700000762939453,0
2025-10-08T14:35:00Z,16.700000762939453,16.739999771118164,16.670000076293945,16.68000030517578,0
2025-10-08T14:40:00Z,16.670000076293945,16.709999084472656,16.670000076293945,16.670000076293945,0
2025-10-08T14:45:00Z,16.68000030517578,16.700000762939453,16.65999984741211,16.670000076293945,0
2025-10-08T14:50:00Z,16.65999984741211,16.700000762939453,16.65999984741211,16.670000076293945,0
2025-10-08T14:55:00Z,16.65999984741211,16.690000534057617,16.6200008392334,16.6200008392334,0
2025-10-08T15:00:00Z,16.600000381469727,16.6200008392334,16.579999923706055,16.59000015258789,0
2025-10-08T15:05:00Z,16.59000015258789,16.600000381469727,16.579999923706055,16.579999923706055,0
2025-10-08T15:10:00Z,16.579999923706055,16.579999923706055,16.540000915527344,16.56999969482422,0
2025-10-08T15:15:00Z,16.56999969482422,16.579999923706055,16.549999237060547,16.559999465942383,0
2025-10-08T15:20:00Z,16.559999465942383,16.559999465942383,16.520000457763672,16.520000457763672,0
2025-10-08T15:25:00Z,16.510000228881836,16.510000228881836,16.459999084472656,16.489999771118164,0
2025-10-08T15:30:00Z,16.489999771118164,16.510000228881836,16.489999771118164,16.510000228881836,0
2025-10-08T15:35:00Z,16.510000228881836,16.510000228881836,16.469999313354492,16.479999542236328,0
2025-10-08T15:40:00Z,16.489999771118164,16.5,16.469999313354492,16.479999542236328,0
2025-10-08T15:45:00Z,16.479999542236328,16.530000686645508,16.469999313354492,16.530000686645508,0
2025-10-08T15:50:00Z,16.520000457763672,16.520000457763672,16.489999771118164,16.5,0
2025-10-08T15:55:00Z,16.5,16.530000686645508,16.5,16.520000457763672,0
2025-10-08T16:00:00Z,16.520000457763672,16.530000686645508,16.510000228881836,16.520000457763672,0
2025-10-08T16:05:00Z,16.520000457763672,16.540000915527344,16.520000457763672,16.530000686645508,0
2025-10-08T16:10:00Z,16.530000686645508,16.530000686645508,16.5,16.510000228881836,0
2025-10-08T16:15:00Z,16.510000228881836,16.510000228881836,16.489999771118164,16.5,0
2025-10-08T16:20:00Z,16.510000228881836,16.559999465942383,16.510000228881836,16.559999465942383,0
2025-10-08T16:25:00Z,16.559999465942383,16.59000015258789,16.549999237060547,16.59000015258789,0
2025-10-08T16:30:00Z,16.59000015258789,16.600000381469727,16.579999923706055,16.579999923706055,0
2025-10-08T16:35:00Z,16.579999923706055,16.59000015258789,16.579999923706055,16.579999923706055,0
2025-10-08T16:40:00Z,16.59000015258789,16.600000381469727,16.59000015258789,16.59000015258789,0
2025-10-08T16:45:00Z,16.59000015258789,16.600000381469727,16.579999923706055,16.59000015258789,0
2025-10-08T16:50:00Z,16.59000015258789,16.59000015258789,16.56999969482422,16.59000015258789,0
2025-10-08T16:55:00Z,16.59000015258789,16.59000015258789,16.510000228881836,16.510000228881836,0
2025-10-08T17:00:00Z,16.510000228881836,16.520000457763672,16.5,16.510000228881836,0
2025-10-08T17:05:00Z,16.520000457763672,16.540000915527344,16.520000457763672,16.530000686645508,0
2025-10-08T17:10:00Z,16.520000457763672,16.530000686645508,16.5,16.5,0
2025-10-08T17:15:00Z,16.5,16.5,16.469999313354492,16.479999542236328,0
2025-10-08T17:20:00Z,16.479999542236328,16.479999542236328,16.459999084472656,16.459999084472656,0
2025-10-08T17:25:00Z,16.450000762939453,16.479999542236328,16.440000534057617,16.469999313354492,0
2025-10-08T17:30:00Z,16.469999313354492,16.469999313354492,16.459999084472656,16.469999313354492,0
2025-10-08T17:35:00Z,16.459999084472656,16.479999542236328,16.459999084472656,16.459999084472656,0
2025-10-08T17:40:00Z,16.459999084472656,16.489999771118164,16.459999084472656,16.489999771118164,0
2025-10-08T17:45:00Z,16.479999542236328,16.479999542236328,16.43000030517578,16.43000030517578,0
2025-10-08T17:50:00Z,16.43000030517578,16.459999084472656,16.43000030517578,16.459999084472656,0
2025-10-08T17:55:00Z,16.450000762939453,16.469999313354492,16.450000762939453,16.450000762939453,0
2025-10-08T18:00:00Z,16.450000762939453,16.450000762939453,16.389999389648438,16.40999984741211,0
2025-10-08T18:05:00Z,16.399999618530273,16.440000534057617,16.389999389648438,16.389999389648438,0
2025-10-08T18:10:00Z,16.389999389648438,16.399999618530273,16.350000381469727,16.360000610351562,0
2025-10-08T18:15:00Z,16.3700008392334,16.40999984741211,16.360000610351562,16.40999984741211,0
2025-10-08T18:20:00Z,16.399999618530273,16.450000762939453,16.399999618530273,16.43000030517578,0
2025-10-08T18:25:00Z,16.440000534057617,16.450000762939453,16.420000076293945,16.450000762939453,0
2025-10-08T18:30:00Z,16.450000762939453,16.450000762939453,16.440000534057617,16.440000534057617,0
2025-10-08T18:35:00Z,16.43000030517578,16.469999313354492,16.43000030517578,16.450000762939453,0
2025-10-08T18:40:00Z,16.459999084472656,16.520000457763672,16.459999084472656,16.520000457763672,0
2025-10-08T18:45:00Z,16.530000686645508,16.540000915527344,16.520000457763672,16.540000915527344,0
2025-10-08T18:50:00Z,16.559999465942383,16.559999465942383,16.5,16.530000686645508,0
2025-10-08T18:55:00Z,16.530000686645508,16.530000686645508,16.5,16.5,0
2025-10-08T19:00:00Z,16.510000228881836,16.530000686645508,16.469999313354492,16.469999313354492,0
2025-10-08T19:05:00Z,16.469999313354492,16.520000457763672,16.459999084472656,16.510000228881836,0
2025-10-08T19:10:00Z,16.489999771118164,16.5,16.440000534057617,16.440000534057617,0
2025-10-08T19:15:00Z,16.43000030517578,16.440000534057617,16.40999984741211,16.40999984741211,0
2025-10-08T19:20:00Z,16.399999618530273,16.420000076293945,16.399999618530273,16.420000076293945,0
2025-10-08T19:25:00Z,16.420000076293945,16.450000762939453,16.420000076293945,16.440000534057617,0
2025-10-08T19:30:00Z,16.450000762939453,16.450000762939453,16.40999984741211,16.40999984741211,0
2025-10-08T19:35:00Z,16.40999984741211,16.440000534057617,16.399999618530273,16.40999984741211,0
2025-10-08T19:40:00Z,16.40999984741211,16.420000076293945,16.40999984741211,16.40999984741211,0
2025-10-08T19:45:00Z,16.40999984741211,16.40999984741211,16.34000015258789,16.34000015258789,0
2025-10-08T19:50:00Z,16.31999969482422,16.31999969482422,16.25,16.25,0
2025-10-08T19:55:00Z,16.25,16.260000228881836,16.229999542236328,16.25,0
2025-10-08T20:00:00Z,16.25,16.299999237060547,16.25,16.299999237060547,0
2025-10-08T20:05:00Z,16.290000915527344,16.290000915527344,16.270000457763672,16.280000686645508,0
2025-10-08T20:10:00Z,16.280000686645508,16.309999465942383,16.270000457763672,16.299999237060547,0
2025-10-09T07:15:00Z,16.309999465942383,16.329999923706055,16.309999465942383,16.309999465942383,0
2025-10-09T07:20:00Z,16.309999465942383,16.309999465942383,16.290000915527344,16.299999237060547,0
2025-10-09T07:25:00Z,16.299999237060547,16.329999923706055,16.290000915527344,16.329999923706055,0
2025-10-09T07:30:00Z,16.329999923706055,16.360000610351562,16.31999969482422,16.34000015258789,0
2025-10-09T07:35:00Z,16.34000015258789,16.34000015258789,16.329999923706055,16.34000015258789,0
2025-10-09T07:40:00Z,16.34000015258789,16.34000015258789,16.299999237060547,16.299999237060547,0
2025-10-09T07:45:00Z,16.290000915527344,16.309999465942383,16.260000228881836,16.309999465942383,0
2025-10-09T07:50:00Z,16.299999237060547,16.309999465942383,16.290000915527344,16.290000915527344,0
2025-10-09T07:55:00Z,16.290000915527344,16.329999923706055,16.290000915527344,16.329999923706055,0
2025-10-09T08:00:00Z,16.329999923706055,16.329999923706055,16.31999969482422,16.31999969482422,0
2025-10-09T08:05:00Z,16.31999969482422,16.31999969482422,16.31999969482422,16.31999969482422,0
2025-10-09T08:10:00Z,16.31999969482422,16.3799991607666,16.31999969482422,16.3799991607666,0
2025-10-09T08:15:00Z,16.3700008392334,16.389999389648438,16.350000381469727,16.350000381469727,0
2025-10-09T08:20:00Z,16.350000381469727,16.360000610351562,16.34000015258789,16.360000610351562,0
2025-10-09T08:25:00Z,16.360000610351562,16.3700008392334,16.360000610351562,16.360000610351562,0
2025-10-09T08:30:00Z,16.360000610351562,16.389999389648438,16.360000610351562,16.389999389648438,0
2025-10-09T08:35:00Z,16.389999389648438,16.399999618530273,16.389999389648438,16.389999389648438,0
2025-10-09T08:40:00Z,16.389999389648438,16.43000030517578,16.389999389648438,16.43000030517578,0
2025-10-09T08:45:00Z,16.43000030517578,16.43000030517578,16.399999618530273,16.40999984741211,0
2025-10-09T08:50:00Z,16.420000076293945,16.440000534057617,16.40999984741211,16.40999984741211,0
2025-10-09T08:55:00Z,16.420000076293945,16.420000076293945,16.399999618530273,16.420000076293945,0
2025-10-09T09:00:00Z,16.420000076293945,16.450000762939453,16.420000076293945,16.450000762939453,0
2025-10-09T09:05:00Z,16.440000534057617,16.450000762939453,16.40999984741211,16.420000076293945,0
2025-10-09T09:10:00Z,16.420000076293945,16.420000076293945,16.3799991607666,16.3799991607666,0
2025-10-09T09:15:00Z,16.3799991607666,16.399999618530273,16.3799991607666,16.399999618530273,0
2025-10-09T09:20:00Z,16.399999618530273,16.40999984741211,16.399999618530273,16.40999984741211,0
2025-10-09T09:25:00Z,16.40999984741211,16.40999984741211,16.399999618530273,16.399999618530273,0
2025-10-09T09:30:00Z,16.399999618530273,16.399999618530273,16.3700008392334,16.3700008392334,0
2025-10-09T09:35:00Z,16.360000610351562,16.3700008392334,16.350000381469727,16.3700008392334,0
2025-10-09T09:40:00Z,16.3700008392334,16.3799991607666,16.3700008392334,16.3799991607666,0
2025-10-09T09:45:00Z,16.3799991607666,16.420000076293945,16.3799991607666,16.40999984741211,0
2025-10-09T09:50:00Z,16.420000076293945,16.420000076293945,16.40999984741211,16.420000076293945,0
2025-10-09T09:55:00Z,16.420000076293945,16.43000030517578,16.420000076293945,16.43000030517578,0
2025-10-09T10:00:00Z,16.440000534057617,16.459999084472656,16.43000030517578,16.440000534057617,0
2025-10-09T10:05:00Z,16.440000534057617,16.450000762939453,16.440000534057617,16.440000534057617,0
2025-10-09T10:10:00Z,16.440000534057617,16.450000762939453,16.43000030517578,16.440000534057617,0
2025-10-09T10:15:00Z,16.440000534057617,16.440000534057617,16.440000534057617,16.440000534057617,0
2025-10-09T10:20:00Z,16.440000534057617,16.450000762939453,16.440000534057617,16.450000762939453,0
2025-10-09T10:25:00Z,16.459999084472656,16.489999771118164,16.459999084472656,16.489999771118164,0
2025-10-09T10:30:00Z,16.5,16.510000228881836,16.469999313354492,16.510000228881836,0
2025-10-09T10:35:00Z,16.510000228881836,16.510000228881836,16.489999771118164,16.489999771118164,0
2025-10-09T10:40:00Z,16.489999771118164,16.489999771118164,16.479999542236328,16.489999771118164,0
2025-10-09T10:45:00Z,16.489999771118164,16.520000457763672,16.489999771118164,16.520000457763672,0
2025-10-09T10:50:00Z,16.520000457763672,16.520000457763672,16.510000228881836,16.520000457763672,0
2025-10-09T10:55:00Z,16.520000457763672,16.520000457763672,16.489999771118164,16.5,0
2025-10-09T11:00:00Z,16.5,16.5,16.469999313354492,16.479999542236328,0
2025-10-09T11:05:00Z,16.479999542236328,16.479999542236328,16.469999313354492,16.469999313354492,0
2025-10-09T11:10:00Z,16.469999313354492,16.469999313354492,16.459999084472656,16.469999313354492,0
2025-10-09T11:15:00Z,16.469999313354492,16.479999542236328,16.469999313354492,16.469999313354492,0
2025-10-09T11:20:00Z,16.469999313354492,16.479999542236328,16.459999084472656,16.469999313354492,0
2025-10-09T11:25:00Z,16.469999313354492,16.479999542236328,16.459999084472656,16.459999084472656,0
2025-10-09T11:30:00Z,16.459999084472656,16.469999313354492,16.450000762939453,16.469999313354492,0
2025-10-09T11:35:00Z,16.469999313354492,16.489999771118164,16.459999084472656,16.469999313354492,0
2025-10-09T11:40:00Z,16.469999313354492,16.5,16.469999313354492,16.5,0
2025-10-09T11:45:00Z,16.5,16.510000228881836,16.479999542236328,16.479999542236328,0
2025-10-09T11:50:00Z,16.479999542236328,16.489999771118164,16.479999542236328,16.489999771118164,0
2025-10-09T11:55:00Z,16.489999771118164,16.520000457763672,16.489999771118164,16.520000457763672,0
2025-10-09T12:00:00Z,16.540000915527344,16.540000915527344,16.5,16.5,0
2025-10-09T12:05:00Z,16.5,16.530000686645508,16.5,16.520000457763672,0
2025-10-09T12:10:00Z,16.530000686645508,16.530000686645508,16.510000228881836,16.530000686645508,0
2025-10-09T12:15:00Z,16.530000686645508,16.530000686645508,16.510000228881836,16.510000228881836,0
2025-10-09T12:20:00Z,16.520000457763672,16.520000457763672,16.479999542236328,16.479999542236328,0
2025-10-09T12:25:00Z,16.479999542236328,16.489999771118164,16.43000030517578,16.43000030517578,0
2025-10-09T12:30:00Z,16.450000762939453,16.450000762939453,16.389999389648438,16.420000076293945,0
2025-10-09T12:35:00Z,16.420000076293945,16.43000030517578,16.399999618530273,16.40999984741211,0
2025-10-09T12:40:00Z,16.40999984741211,16.420000076293945,16.389999389648438,16.389999389648438,0
2025-10-09T12:45:00Z,16.389999389648438,16.389999389648438,16.3799991607666,16.389999389648438,0
2025-10-09T12:50:00Z,16.389999389648438,16.389999389648438,16.360000610351562,16.3700008392334,0
2025-10-09T12:55:00Z,16.3700008392334,16.3700008392334,16.350000381469727,16.350000381469727,0
2025-10-09T13:00:00Z,16.350000381469727,16.3799991607666,16.350000381469727,16.350000381469727,0
2025-10-09T13:05:00Z,16.350000381469727,16.40999984741211,16.34000015258789,16.350000381469727,0
2025-10-09T13:10:00Z,16.350000381469727,16.3700008392334,16.350000381469727,16.3700008392334,0
2025-10-09T13:15:00Z,16.350000381469727,16.350000381469727,16.299999237060547,16.299999237060547,0
2025-10-09T13:20:00Z,16.309999465942383,16.309999465942383,16.299999237060547,16.299999237060547,0
2025-10-09T13:25:00Z,16.299999237060547,16.299999237060547,16.299999237060547,16.299999237060547,0
2025-10-09T13:30:00Z,16.3700008392334,16.3799991607666,16.329999923706055,16.3700008392334,0
2025-10-09T13:35:00Z,16.3700008392334,16.389999389648438,16.329999923706055,16.329999923706055,0
2025-10-09T13:40:00Z,16.329999923706055,16.520000457763672,16.31999969482422,16.520000457763672,0
2025-10-09T13:45:00Z,16.510000228881836,16.540000915527344,16.420000076293945,16.420000076293945,0
2025-10-09T13:50:00Z,16.420000076293945,16.729999542236328,16.420000076293945,16.729999542236328,0
2025-10-09T13:55:00Z,16.729999542236328,16.770000457763672,16.670000076293945,16.719999313354492,0
2025-10-09T14:00:00Z,16.729999542236328,16.81999969482422,16.729999542236328,16.739999771118164,0
2025-10-09T14:05:00Z,16.739999771118164,16.75,16.670000076293945,16.739999771118164,0
2025-10-09T14:10:00Z,16.739999771118164,16.75,16.709999084472656,16.729999542236328,0
2025-10-09T14:15:00Z,16.739999771118164,16.81999969482422,16.739999771118164,16.790000915527344,0
2025-10-09T14:20:00Z,16.790000915527344,16.8700008392334,16.770000457763672,16.770000457763672,0
2025-10-09T14:25:00Z,16.770000457763672,16.790000915527344,16.75,16.770000457763672,0
2025-10-09T14:30:00Z,16.770000457763672,16.8799991607666,16.770000457763672,16.8799991607666,0
2025-10-09T14:35:00Z,16.899999618530273,16.989999771118164,16.899999618530273,16.959999084472656,0
2025-10-09T14:40:00Z,16.959999084472656,17.010000228881836,16.8799991607666,17.010000228881836,0
2025-10-09T14:45:00Z,17.010000228881836,17.06999969482422,16.959999084472656,16.959999084472656,0
2025-10-09T14:50:00Z,16.950000762939453,16.950000762939453,16.829999923706055,16.850000381469727,0
2025-10-09T14:55:00Z,16.860000610351562,16.860000610351562,16.739999771118164,16.770000457763672,0
2025-10-09T15:00:00Z,16.770000457763672,16.770000457763672,16.709999084472656,16.75,0
2025-10-09T15:05:00Z,16.739999771118164,16.770000457763672,16.719999313354492,16.729999542236328,0
2025-10-09T15:10:00Z,16.690000534057617,16.739999771118164,16.690000534057617,16.719999313354492,0
2025-10-09T15:15:00Z,16.719999313354492,16.719999313354492,16.639999389648438,16.639999389648438,0
2025-10-09T15:20:00Z,16.649999618530273,16.760000228881836,16.649999618530273,16.75,0
2025-10-09T15:25:00Z,16.739999771118164,16.829999923706055,16.729999542236328,16.81999969482422,0
2025-10-09T15:30:00Z,16.81999969482422,16.940000534057617,16.809999465942383,16.940000534057617,0
2025-10-09T15:35:00Z,16.920000076293945,16.969999313354492,16.829999923706055,16.860000610351562,0
2025-10-09T15:40:00Z,16.8700008392334,16.950000762939453,16.8700008392334,16.920000076293945,0
2025-10-09T15:45:00Z,16.920000076293945,16.969999313354492,16.809999465942383,16.809999465942383,0
2025-10-09T15:50:00Z,16.780000686645508,16.780000686645508,16.719999313354492,16.760000228881836,0
2025-10-09T15:55:00Z,16.739999771118164,16.739999771118164,16.700000762939453,16.709999084472656,0
2025-10-09T16:00:00Z,16.719999313354492,16.719999313354492,16.670000076293945,16.68000030517578,0
2025-10-09T16:05:00Z,16.68000030517578,16.760000228881836,16.670000076293945,16.709999084472656,0
2025-10-09T16:10:00Z,16.719999313354492,16.739999771118164,16.68000030517578,16.709999084472656,0
2025-10-09T16:15:00Z,16.700000762939453,16.739999771118164,16.68000030517578,16.719999313354492,0
2025-10-09T16:20:00Z,16.729999542236328,16.81999969482422,16.729999542236328,16.760000228881836,0
2025-10-09T16:25:00Z,16.760000228881836,16.809999465942383,16.709999084472656,16.719999313354492,0
2025-10-09T16:30:00Z,16.709999084472656,16.729999542236328,16.68000030517578,16.690000534057617,0
2025-10-09T16:35:00Z,16.700000762939453,16.709999084472656,16.65999984741211,16.690000534057617,0
2025-10-09T16:40:00Z,16.700000762939453,16.84000015258789,16.700000762939453,16.739999771118164,0
2025-10-09T16:45:00Z,16.739999771118164,16.75,16.690000534057617,16.690000534057617,0
2025-10-09T16:50:00Z,16.68000030517578,16.780000686645508,16.670000076293945,16.780000686645508,0
2025-10-09T16:55:00Z,16.829999923706055,16.989999771118164,16.829999923706055,16.959999084472656,0
2025-10-09T17:00:00Z,16.969999313354492,17.020000457763672,16.93000030517578,17.010000228881836,0
2025-10-09T17:05:00Z,17.010000228881836,17.110000610351562,16.899999618530273,16.920000076293945,0
2025-10-09T17:10:00Z,16.93000030517578,17.049999237060547,16.93000030517578,17.020000457763672,0
2025-10-09T17:15:00Z,17.0,17.110000610351562,16.979999542236328,17.06999969482422,0
2025-10-09T17:20:00Z,17.079999923706055,17.079999923706055,16.989999771118164,17.079999923706055,0
2025-10-09T17:25:00Z,17.079999923706055,17.270000457763672,17.059999465942383,17.170000076293945,0
2025-10-09T17:30:00Z,17.170000076293945,17.209999084472656,17.100000381469727,17.100000381469727,0
2025-10-09T17:35:00Z,17.09000015258789,17.170000076293945,16.950000762939453,16.950000762939453,0
2025-10-09T17:40:00Z,16.959999084472656,17.010000228881836,16.90999984741211,16.989999771118164,0
2025-10-09T17:45:00Z,16.969999313354492,16.989999771118164,16.920000076293945,16.920000076293945,0
2025-10-09T17:50:00Z,16.90999984741211,16.950000762939453,16.8799991607666,16.950000762939453,0
2025-10-09T17:55:00Z,16.950000762939453,16.950000762939453,16.90999984741211,16.920000076293945,0
2025-10-09T18:00:00Z,16.90999984741211,16.979999542236328,16.90999984741211,16.979999542236328,0
2025-10-09T18:05:00Z,16.979999542236328,17.06999969482422,16.979999542236328,17.010000228881836,0
2025-10-09T18:10:00Z,17.010000228881836,17.010000228881836,16.959999084472656,16.979999542236328,0
2025-10-09T18:15:00Z,16.989999771118164,16.989999771118164,16.860000610351562,16.8700008392334,0
2025-10-09T18:20:00Z,16.850000381469727,16.8700008392334,16.799999237060547,16.809999465942383,0
2025-10-09T18:25:00Z,16.799999237060547,16.809999465942383,16.75,16.809999465942383,0
2025-10-09T18:30:00Z,16.81999969482422,16.8799991607666,16.81999969482422,16.860000610351562,0
2025-10-09T18:35:00Z,16.84000015258789,16.850000381469727,16.790000915527344,16.809999465942383,0
2025-10-09T18:40:00Z,16.809999465942383,16.809999465942383,16.760000228881836,16.790000915527344,0
2025-10-09T18:45:00Z,16.780000686645508,16.809999465942383,16.75,16.770000457763672,0
2025-10-09T18:50:00Z,16.760000228881836,16.790000915527344,16.719999313354492,16.770000457763672,0
2025-10-09T18:55:00Z,16.760000228881836,16.770000457763672,16.65999984741211,16.670000076293945,0
2025-10-09T19:00:00Z,16.670000076293945,16.670000076293945,16.6200008392334,16.6299991607666,0
2025-10-09T19:05:00Z,16.639999389648438,16.649999618530273,16.579999923706055,16.579999923706055,0
2025-10-09T19:10:00Z,16.56999969482422,16.579999923706055,16.520000457763672,16.540000915527344,0
2025-10-09T19:15:00Z,16.540000915527344,16.56999969482422,16.510000228881836,16.510000228881836,0
2025-10-09T19:20:00Z,16.510000228881836,16.510000228881836,16.459999084472656,16.459999084472656,0
2025-10-09T19:25:00Z,16.450000762939453,16.489999771118164,16.450000762939453,16.479999542236328,0
2025-10-09T19:30:00Z,16.469999313354492,16.489999771118164,16.459999084472656,16.469999313354492,0
2025-10-09T19:35:00Z,16.479999542236328,16.479999542236328,16.43000030517578,16.450000762939453,0
2025-10-09T19:40:00Z,16.450000762939453,16.459999084472656,16.43000030517578,16.43000030517578,0
2025-10-09T19:45:00Z,16.43000030517578,16.450000762939453,16.40999984741211,16.43000030517578,0
2025-10-09T19:50:00Z,16.43000030517578,16.469999313354492,16.43000030517578,16.450000762939453,0
2025-10-09T19:55:00Z,16.43000030517578,16.520000457763672,16.43000030517578,16.450000762939453,0
2025-10-09T20:00:00Z,16.420000076293945,16.469999313354492,16.389999389648438,16.399999618530273,0
2025-10-09T20:05:00Z,16.420000076293945,16.420000076293945,16.389999389648438,16.420000076293945,0
2025-10-09T20:10:00Z,16.420000076293945,16.440000534057617,16.40999984741211,16.43000030517578,0
2025-10-10T07:15:00Z,16.360000610351562,16.3799991607666,16.329999923706055,16.329999923706055,0
2025-10-10T07:20:00Z,16.329999923706055,16.3799991607666,16.31999969482422,16.3700008392334,0
2025-10-10T07:25:00Z,16.3700008392334,16.3700008392334,16.309999465942383,16.31999969482422,0
2025-10-10T07:30:00Z,16.31999969482422,16.360000610351562,16.309999465942383,16.360000610351562,0
2025-10-10T07:35:00Z,16.360000610351562,16.3799991607666,16.350000381469727,16.360000610351562,0
2025-10-10T07:40:00Z,16.360000610351562,16.3700008392334,16.350000381469727,16.3700008392334,0
2025-10-10T07:45:00Z,16.3700008392334,16.3700008392334,16.350000381469727,16.3700008392334,0
2025-10-10T07:50:00Z,16.360000610351562,16.399999618530273,16.360000610351562,16.3799991607666,0
2025-10-10T07:55:00Z,16.3700008392334,16.3799991607666,16.350000381469727,16.3700008392334,0
2025-10-10T08:00:00Z,16.3700008392334,16.3799991607666,16.329999923706055,16.360000610351562,0
2025-10-10T08:05:00Z,16.360000610351562,16.3700008392334,16.329999923706055,16.329999923706055,0
2025-10-10T08:10:00Z,16.34000015258789,16.350000381469727,16.329999923706055,16.329999923706055,0
2025-10-10T08:15:00Z,16.329999923706055,16.34000015258789,16.31999969482422,16.34000015258789,0
2025-10-10T08:20:00Z,16.34000015258789,16.360000610351562,16.34000015258789,16.350000381469727,0
2025-10-10T08:25:00Z,16.350000381469727,16.360000610351562,16.34000015258789,16.360000610351562,0
2025-10-10T08:30:00Z,16.360000610351562,16.360000610351562,16.350000381469727,16.350000381469727,0
2025-10-10T08:35:00Z,16.34000015258789,16.350000381469727,16.329999923706055,16.350000381469727,0
2025-10-10T08:40:00Z,16.34000015258789,16.34000015258789,16.329999923706055,16.34000015258789,0
2025-10-10T08:45:00Z,16.329999923706055,16.329999923706055,16.329999923706055,16.329999923706055,0
2025-10-10T08:50:00Z,16.329999923706055,16.329999923706055,16.329999923706055,16.329999923706055,0
2025-10-10T08:55:00Z,16.34000015258789,16.350000381469727,16.34000015258789,16.350000381469727,0
2025-10-10T09:00:00Z,16.350000381469727,16.5,16.350000381469727,16.420000076293945,0
2025-10-10T09:05:00Z,16.420000076293945,16.420000076293945,16.399999618530273,16.399999618530273,0
2025-10-10T09:10:00Z,16.399999618530273,16.440000534057617,16.389999389648438,16.43000030517578,0
2025-10-10T09:15:00Z,16.43000030517578,16.450000762939453,16.420000076293945,16.450000762939453,0
2025-10-10T09:20:00Z,16.450000762939453,16.469999313354492,16.440000534057617,16.469999313354492,0
2025-10-10T09:25:00Z,16.469999313354492,16.489999771118164,16.469999313354492,16.489999771118164,0
2025-10-10T09:30:00Z,16.489999771118164,16.540000915527344,16.489999771118164,16.520000457763672,0
2025-10-10T09:35:00Z,16.520000457763672,16.559999465942383,16.520000457763672,16.559999465942383,0
2025-10-10T09:40:00Z,16.559999465942383,16.600000381469727,16.559999465942383,16.600000381469727,0
2025-10-10T09:45:00Z,16.610000610351562,16.68000030517578,16.600000381469727,16.68000030517578,0
2025-10-10T09:50:00Z,16.700000762939453,16.739999771118164,16.68000030517578,16.739999771118164,0
2025-10-10T09:55:00Z,16.739999771118164,16.790000915527344,16.739999771118164,16.790000915527344,0
2025-10-10T10:00:00Z,16.790000915527344,16.790000915527344,16.719999313354492,16.719999313354492,0
2025-10-10T10:05:00Z,16.719999313354492,16.719999313354492,16.670000076293945,16.68000030517578,0
2025-10-10T10:10:00Z,16.68000030517578,16.68000030517578,16.6299991607666,16.639999389648438,0
2025-10-10T10:15:00Z,16.639999389648438,16.649999618530273,16.610000610351562,16.6200008392334,0
2025-10-10T10:20:00Z,16.6200008392334,16.6299991607666,16.610000610351562,16.6299991607666,0
2025-10-10T10:25:00Z,16.6299991607666,16.639999389648438,16.6200008392334,16.6299991607666,0
2025-10-10T10:30:00Z,16.6200008392334,16.639999389648438,16.6200008392334,16.6200008392334,0
2025-10-10T10:35:00Z,16.6299991607666,16.65999984741211,16.6299991607666,16.649999618530273,0
2025-10-10T10:40:00Z,16.649999618530273,16.649999618530273,16.600000381469727,16.600000381469727,0
2025-10-10T10:45:00Z,16.600000381469727,16.639999389648438,16.600000381469727,16.639999389648438,0
2025-10-10T10:50:00Z,16.639999389648438,16.639999389648438,16.59000015258789,16.600000381469727,0
2025-10-10T10:55:00Z,16.610000610351562,16.610000610351562,16.540000915527344,16.540000915527344,0
2025-10-10T11:00:00Z,16.540000915527344,16.540000915527344,16.489999771118164,16.489999771118164,0
2025-10-10T11:05:00Z,16.489999771118164,16.530000686645508,16.489999771118164,16.520000457763672,0
2025-10-10T11:10:00Z,16.520000457763672,16.520000457763672,16.489999771118164,16.489999771118164,0
2025-10-10T11:15:00Z,16.5,16.510000228881836,16.489999771118164,16.5,0
2025-10-10T11:20:00Z,16.5,16.510000228881836,16.5,16.5,0
2025-10-10T11:25:00Z,16.510000228881836,16.510000228881836,16.5,16.5,0
2025-10-10T11:30:00Z,16.5,16.5,16.459999084472656,16.459999084472656,0
2025-10-10T11:35:00Z,16.459999084472656,16.5,16.459999084472656,16.5,0
2025-10-10T11:40:00Z,16.510000228881836,16.520000457763672,16.489999771118164,16.489999771118164,0
2025-10-10T11:45:00Z,16.489999771118164,16.5,16.479999542236328,16.479999542236328,0
2025-10-10T11:50:00Z,16.479999542236328,16.479999542236328,16.459999084472656,16.479999542236328,0
2025-10-10T11:55:00Z,16.479999542236328,16.489999771118164,16.459999084472656,16.459999084472656,0
2025-10-10T12:00:00Z,16.459999084472656,16.479999542236328,16.459999084472656,16.459999084472656,0
2025-10-10T12:05:00Z,16.459999084472656,16.469999313354492,16.450000762939453,16.450000762939453,0
2025-10-10T12:10:00Z,16.459999084472656,16.459999084472656,16.450000762939453,16.450000762939453,0
2025-10-10T12:15:00Z,16.450000762939453,16.459999084472656,16.450000762939453,16.459999084472656,0
2025-10-10T12:20:00Z,16.459999084472656,16.5,16.459999084472656,16.5,0
2025-10-10T12:25:00Z,16.5,16.530000686645508,16.5,16.520000457763672,0
2025-10-10T12:30:00Z,16.530000686645508,16.530000686645508,16.5,16.5,0
2025-10-10T12:35:00Z,16.510000228881836,16.540000915527344,16.510000228881836,16.540000915527344,0
2025-10-10T12:40:00Z,16.540000915527344,16.600000381469727,16.510000228881836,16.59000015258789,0
2025-10-10T12:45:00Z,16.59000015258789,16.6200008392334,16.579999923706055,16.600000381469727,0
2025-10-10T12:50:00Z,16.600000381469727,16.600000381469727,16.540000915527344,16.549999237060547,0
2025-10-10T12:55:00Z,16.549999237060547,16.56999969482422,16.549999237060547,16.549999237060547,0
2025-10-10T13:00:00Z,16.549999237060547,16.549999237060547,16.510000228881836,16.510000228881836,0
2025-10-10T13:05:00Z,16.510000228881836,16.510000228881836,16.5,16.5,0
2025-10-10T13:10:00Z,16.5,16.5,16.479999542236328,16.479999542236328,0
2025-10-10T13:15:00Z,16.479999542236328,16.479999542236328,16.469999313354492,16.469999313354492,0
2025-10-10T13:20:00Z,16.479999542236328,16.479999542236328,16.469999313354492,16.479999542236328,0
2025-10-10T13:25:00Z,16.479999542236328,16.479999542236328,16.479999542236328,16.479999542236328,0
2025-10-10T13:30:00Z,16.530000686645508,16.530000686645508,16.43000030517578,16.469999313354492,0
2025-10-10T13:35:00Z,16.479999542236328,16.479999542236328,16.3700008392334,16.389999389648438,0
2025-10-10T13:40:00Z,16.3799991607666,16.389999389648438,16.360000610351562,16.3799991607666,0
2025-10-10T13:45:00Z,16.3799991607666,16.420000076293945,16.350000381469727,16.420000076293945,0
2025-10-10T13:50:00Z,16.440000534057617,16.469999313354492,16.3799991607666,16.450000762939453,0
2025-10-10T13:55:00Z,16.459999084472656,16.459999084472656,16.31999969482422,16.31999969482422,0
2025-10-10T14:00:00Z,16.360000610351562,16.450000762939453,16.309999465942383,16.40999984741211,0
2025-10-10T14:05:00Z,16.40999984741211,16.459999084472656,16.34000015258789,16.350000381469727,0
2025-10-10T14:10:00Z,16.360000610351562,16.420000076293945,16.34000015258789,16.420000076293945,0
2025-10-10T14:15:00Z,16.420000076293945,16.530000686645508,16.420000076293945,16.459999084472656,0
2025-10-10T14:20:00Z,16.459999084472656,16.459999084472656,16.399999618530273,16.43000030517578,0
2025-10-10T14:25:00Z,16.420000076293945,16.420000076293945,16.309999465942383,16.389999389648438,0
2025-10-10T14:30:00Z,16.399999618530273,16.40999984741211,16.350000381469727,16.389999389648438,0
2025-10-10T14:35:00Z,16.3799991607666,16.440000534057617,16.3700008392334,16.40999984741211,0
2025-10-10T14:40:00Z,16.399999618530273,16.450000762939453,16.3700008392334,16.3700008392334,0
2025-10-10T14:45:00Z,16.360000610351562,16.360000610351562,16.260000228881836,16.260000228881836,0
2025-10-10T14:50:00Z,16.260000228881836,16.299999237060547,16.25,16.25,0
2025-10-10T14:55:00Z,16.25,17.0,16.229999542236328,16.8799991607666,0
2025-10-10T15:00:00Z,17.09000015258789,18.100000381469727,17.09000015258789,17.969999313354492,0
2025-10-10T15:05:00Z,17.950000762939453,18.489999771118164,17.59000015258789,18.489999771118164,0
2025-10-10T15:10:00Z,18.489999771118164,18.489999771118164,17.899999618530273,18.030000686645508,0
2025-10-10T15:15:00Z,18.040000915527344,19.270000457763672,18.010000228881836,19.110000610351562,0
2025-10-10T15:20:00Z,19.100000381469727,20.420000076293945,19.100000381469727,20.420000076293945,0
2025-10-10T15:25:00Z,20.530000686645508,21.020000457763672,20.489999771118164,20.84000015258789,0
2025-10-10T15:30:00Z,20.809999465942383,22.18000030517578,20.809999465942383,22.18000030517578,0
2025-10-10T15:35:00Z,22.030000686645508,22.030000686645508,21.049999237060547,21.290000915527344,0
2025-10-10T15:40:00Z,21.440000534057617,21.799999237060547,20.010000228881836,20.010000228881836,0
2025-10-10T15:45:00Z,19.959999084472656,20.1299991607666,19.649999618530273,19.959999084472656,0
2025-10-10T15:50:00Z,19.93000030517578,20.010000228881836,19.459999084472656,19.770000457763672,0
2025-10-10T15:55:00Z,19.850000381469727,20.520000457763672,19.850000381469727,20.3700008392334,0
2025-10-10T16:00:00Z,20.170000076293945,20.93000030517578,20.170000076293945,20.93000030517578,0
2025-10-10T16:05:00Z,20.860000610351562,20.860000610351562,20.510000228881836,20.56999969482422,0
2025-10-10T16:10:00Z,20.600000381469727,20.8799991607666,20.399999618530273,20.440000534057617,0
2025-10-10T16:15:00Z,20.450000762939453,20.889999389648438,20.3799991607666,20.639999389648438,0
2025-10-10T16:20:00Z,20.670000076293945,20.84000015258789,20.1200008392334,20.270000457763672,0
2025-10-10T16:25:00Z,20.309999465942383,20.489999771118164,20.299999237060547,20.469999313354492,0
2025-10-10T16:30:00Z,20.459999084472656,20.459999084472656,20.06999969482422,20.399999618530273,0
2025-10-10T16:35:00Z,20.469999313354492,20.649999618530273,20.34000015258789,20.520000457763672,0
2025-10-10T16:40:00Z,20.510000228881836,20.920000076293945,20.469999313354492,20.920000076293945,0
2025-10-10T16:45:00Z,20.829999923706055,21.149999618530273,20.760000228881836,21.149999618530273,0
2025-10-10T16:50:00Z,21.170000076293945,21.389999389648438,21.170000076293945,21.31999969482422,0
2025-10-10T16:55:00Z,21.270000457763672,21.270000457763672,21.010000228881836,21.139999389648438,0
2025-10-10T17:00:00Z,21.190000534057617,21.690000534057617,21.100000381469727,21.6200008392334,0
2025-10-10T17:05:00Z,21.670000076293945,21.829999923706055,21.670000076293945,21.829999923706055,0
2025-10-10T17:10:00Z,21.809999465942383,21.81999969482422,21.469999313354492,21.729999542236328,0
2025-10-10T17:15:00Z,21.700000762939453,21.700000762939453,21.040000915527344,21.06999969482422,0
2025-10-10T17:20:00Z,21.110000610351562,21.260000228881836,20.780000686645508,20.90999984741211,0
2025-10-10T17:25:00Z,20.950000762939453,20.950000762939453,20.5,20.6299991607666,0
2025-10-10T17:30:00Z,20.5,20.579999923706055,20.329999923706055,20.329999923706055,0
2025-10-10T17:35:00Z,20.34000015258789,20.520000457763672,20.209999084472656,20.520000457763672,0
2025-10-10T17:40:00Z,20.520000457763672,20.520000457763672,20.270000457763672,20.399999618530273,0
2025-10-10T17:45:00Z,20.450000762939453,20.850000381469727,20.450000762939453,20.700000762939453,0
2025-10-10T17:50:00Z,20.68000030517578,21.170000076293945,20.68000030517578,21.15999984741211,0
2025-10-10T17:55:00Z,21.18000030517578,21.209999084472656,20.959999084472656,20.969999313354492,0
2025-10-10T18:00:00Z,20.959999084472656,21.149999618530273,20.959999084472656,21.020000457763672,0
2025-10-10T18:05:00Z,21.010000228881836,21.030000686645508,20.739999771118164,20.84000015258789,0
2025-10-10T18:10:00Z,20.81999969482422,20.829999923706055,20.559999465942383,20.559999465942383,0
2025-10-10T18:15:00Z,20.540000915527344,20.770000457763672,20.399999618530273,20.600000381469727,0
2025-10-10T18:20:00Z,20.6200008392334,20.6200008392334,20.280000686645508,20.34000015258789,0
2025-10-10T18:25:00Z,20.270000457763672,20.489999771118164,20.239999771118164,20.489999771118164,0
2025-10-10T18:30:00Z,20.489999771118164,20.540000915527344,20.360000610351562,20.459999084472656,0
2025-10-10T18:35:00Z,20.520000457763672,20.729999542236328,20.520000457763672,20.729999542236328,0
2025-10-10T18:40:00Z,20.719999313354492,21.0,20.709999084472656,21.0,0
2025-10-10T18:45:00Z,21.059999465942383,21.3700008392334,20.93000030517578,21.3700008392334,0
2025-10-10T18:50:00Z,21.3700008392334,21.68000030517578,21.3700008392334,21.649999618530273,0
2025-10-10T18:55:00Z,21.65999984741211,21.65999984741211,21.329999923706055,21.3799991607666,0
2025-10-10T19:00:00Z,21.3799991607666,21.3799991607666,20.959999084472656,21.1200008392334,0
2025-10-10T19:05:00Z,21.110000610351562,21.18000030517578,20.959999084472656,21.110000610351562,0
2025-10-10T19:10:00Z,21.139999389648438,21.459999084472656,21.09000015258789,21.3799991607666,0
2025-10-10T19:15:00Z,21.389999389648438,21.43000030517578,21.229999542236328,21.229999542236328,0
2025-10-10T19:20:00Z,21.239999771118164,21.389999389648438,21.190000534057617,21.389999389648438,0
2025-10-10T19:25:00Z,21.420000076293945,21.770000457763672,21.350000381469727,21.68000030517578,0
2025-10-10T19:30:00Z,21.690000534057617,21.959999084472656,21.610000610351562,21.940000534057617,0
2025-10-10T19:35:00Z,21.979999542236328,22.440000534057617,21.979999542236328,22.420000076293945,0
2025-10-10T19:40:00Z,22.40999984741211,22.40999984741211,21.690000534057617,21.690000534057617,0
2025-10-10T19:45:00Z,21.6299991607666,21.6299991607666,21.31999969482422,21.489999771118164,0
2025-10-10T19:50:00Z,21.479999542236328,22.010000228881836,21.479999542236328,21.989999771118164,0
2025-10-10T19:55:00Z,22.1299991607666,22.350000381469727,21.989999771118164,22.049999237060547,0
2025-10-10T20:00:00Z,21.989999771118164,22.100000381469727,21.8799991607666,21.920000076293945,0
2025-10-10T20:05:00Z,21.84000015258789,21.920000076293945,21.65999984741211,21.770000457763672,0
2025-10-10T20:10:00Z,21.780000686645508,21.780000686645508,21.6299991607666,21.6299991607666,0
2025-10-13T07:15:00Z,19.450000762939453,19.469999313354492,19.389999389648438,19.399999618530273,0
2025-10-13T07:20:00Z,19.399999618530273,19.459999084472656,19.290000915527344,19.290000915527344,0
2025-10-13T07:25:00Z,19.290000915527344,19.329999923706055,19.219999313354492,19.229999542236328,0
2025-10-13T07:30:00Z,19.229999542236328,19.31999969482422,19.18000030517578,19.31999969482422,0
2025-10-13T07:35:00Z,19.309999465942383,19.3700008392334,19.290000915527344,19.31999969482422,0
2025-10-13T07:40:00Z,19.329999923706055,19.3700008392334,19.309999465942383,19.3700008392334,0
2025-10-13T07:45:00Z,19.3799991607666,19.389999389648438,19.350000381469727,19.389999389648438,0
2025-10-13T07:50:00Z,19.40999984741211,19.43000030517578,19.3700008392334,19.420000076293945,0
2025-10-13T07:55:00Z,19.389999389648438,19.389999389648438,19.360000610351562,19.3700008392334,0
2025-10-13T08:00:00Z,19.360000610351562,19.3700008392334,19.329999923706055,19.34000015258789,0
2025-10-13T08:05:00Z,19.350000381469727,19.469999313354492,19.350000381469727,19.459999084472656,0
2025-10-13T08:10:00Z,19.469999313354492,19.469999313354492,19.43000030517578,19.450000762939453,0
2025-10-13T08:15:00Z,19.450000762939453,19.520000457763672,19.40999984741211,19.450000762939453,0
2025-10-13T08:20:00Z,19.440000534057617,19.520000457763672,19.389999389648438,19.520000457763672,0
2025-10-13T08:25:00Z,19.520000457763672,19.559999465942383,19.520000457763672,19.549999237060547,0
2025-10-13T08:30:00Z,19.559999465942383,19.559999465942383,19.450000762939453,19.450000762939453,0
2025-10-13T08:35:00Z,19.459999084472656,19.549999237060547,19.459999084472656,19.530000686645508,0
2025-10-13T08:40:00Z,19.530000686645508,19.6299991607666,19.479999542236328,19.6299991607666,0
2025-10-13T08:45:00Z,19.6299991607666,19.6299991607666,19.56999969482422,19.56999969482422,0
2025-10-13T08:50:00Z,19.56999969482422,19.56999969482422,19.510000228881836,19.530000686645508,0
2025-10-13T08:55:00Z,19.520000457763672,19.520000457763672,19.43000030517578,19.450000762939453,0
2025-10-13T09:00:00Z,19.450000762939453,19.5,19.43000030517578,19.5,0
2025-10-13T09:05:00Z,19.469999313354492,19.489999771118164,19.459999084472656,19.489999771118164,0
2025-10-13T09:10:00Z,19.520000457763672,19.540000915527344,19.5,19.5,0
2025-10-13T09:15:00Z,19.5,19.5,19.440000534057617,19.450000762939453,0
2025-10-13T09:20:00Z,19.450000762939453,19.520000457763672,19.440000534057617,19.520000457763672,0
2025-10-13T09:25:00Z,19.510000228881836,19.530000686645508,19.479999542236328,19.520000457763672,0
2025-10-13T09:30:00Z,19.520000457763672,19.56999969482422,19.510000228881836,19.520000457763672,0
2025-10-13T09:35:00Z,19.520000457763672,19.59000015258789,19.520000457763672,19.56999969482422,0
2025-10-13T09:40:00Z,19.56999969482422,19.579999923706055,19.559999465942383,19.559999465942383,0
2025-10-13T09:45:00Z,19.56999969482422,19.600000381469727,19.559999465942383,19.579999923706055,0
2025-10-13T09:50:00Z,19.579999923706055,19.610000610351562,19.540000915527344,19.59000015258789,0
2025-10-13T09:55:00Z,19.600000381469727,19.649999618530273,19.56999969482422,19.649999618530273,0
2025-10-13T10:00:00Z,19.65999984741211,19.68000030517578,19.600000381469727,19.639999389648438,0
2025-10-13T10:05:00Z,19.6299991607666,19.670000076293945,19.6299991607666,19.649999618530273,0
2025-10-13T10:10:00Z,19.649999618530273,19.690000534057617,19.639999389648438,19.639999389648438,0
2025-10-13T10:15:00Z,19.649999618530273,19.809999465942383,19.639999389648438,19.739999771118164,0
2025-10-13T10:20:00Z,19.75,19.81999969482422,19.719999313354492,19.790000915527344,0
2025-10-13T10:25:00Z,19.780000686645508,19.780000686645508,19.719999313354492,19.719999313354492,0
2025-10-13T10:30:00Z,19.719999313354492,19.729999542236328,19.690000534057617,19.690000534057617,0
2025-10-13T10:35:00Z,19.670000076293945,19.760000228881836,19.670000076293945,19.75,0
2025-10-13T10:40:00Z,19.75,19.860000610351562,19.739999771118164,19.850000381469727,0
2025-10-13T10:45:00Z,19.850000381469727,19.899999618530273,19.829999923706055,19.899999618530273,0
2025-10-13T10:50:00Z,19.889999389648438,19.93000030517578,19.8799991607666,19.889999389648438,0
2025-10-13T10:55:00Z,19.889999389648438,19.889999389648438,19.799999237060547,19.809999465942383,0
2025-10-13T11:00:00Z,19.809999465942383,20.15999984741211,19.799999237060547,20.1200008392334,0
2025-10-13T11:05:00Z,20.09000015258789,20.520000457763672,20.09000015258789,20.469999313354492,0
2025-10-13T11:10:00Z,20.530000686645508,20.75,20.510000228881836,20.520000457763672,0
2025-10-13T11:15:00Z,20.510000228881836,20.530000686645508,20.399999618530273,20.420000076293945,0
2025-10-13T11:20:00Z,20.40999984741211,20.5,20.399999618530273,20.5,0
2025-10-13T11:25:00Z,20.5,20.579999923706055,20.459999084472656,20.579999923706055,0
2025-10-13T11:30:00Z,20.59000015258789,20.770000457763672,20.559999465942383,20.56999969482422,0
2025-10-13T11:35:00Z,20.579999923706055,20.690000534057617,20.530000686645508,20.639999389648438,0
2025-10-13T11:40:00Z,20.639999389648438,20.639999389648438,20.559999465942383,20.56999969482422,0
2025-10-13T11:45:00Z,20.56999969482422,20.59000015258789,20.540000915527344,20.540000915527344,0
2025-10-13T11:50:00Z,20.559999465942383,20.639999389648438,20.520000457763672,20.520000457763672,0
2025-10-13T11:55:00Z,20.530000686645508,20.610000610351562,20.530000686645508,20.579999923706055,0
2025-10-13T12:00:00Z,20.600000381469727,20.739999771118164,20.600000381469727,20.670000076293945,0
2025-10-13T12:05:00Z,20.700000762939453,20.75,20.65999984741211,20.690000534057617,0
2025-10-13T12:10:00Z,20.690000534057617,20.690000534057617,20.59000015258789,20.59000015258789,0
2025-10-13T12:15:00Z,20.56999969482422,20.59000015258789,20.489999771118164,20.5,0
2025-10-13T12:20:00Z,20.5,20.610000610351562,20.5,20.520000457763672,0
2025-10-13T12:25:00Z,20.510000228881836,20.579999923706055,20.5,20.549999237060547,0
2025-10-13T12:30:00Z,20.540000915527344,20.549999237060547,20.459999084472656,20.469999313354492,0
2025-10-13T12:35:00Z,20.469999313354492,20.469999313354492,20.43000030517578,20.440000534057617,0
2025-10-13T12:40:00Z,20.440000534057617,20.5,20.440000534057617,20.469999313354492,0
2025-10-13T12:45:00Z,20.469999313354492,20.469999313354492,20.389999389648438,20.389999389648438,0
2025-10-13T12:50:00Z,20.3799991607666,20.469999313354492,20.3799991607666,20.43000030517578,0
2025-10-13T12:55:00Z,20.40999984741211,20.510000228881836,20.40999984741211,20.5,0
2025-10-13T13:00:00Z,20.489999771118164,20.489999771118164,20.219999313354492,20.229999542236328,0
2025-10-13T13:05:00Z,20.219999313354492,20.270000457763672,20.190000534057617,20.229999542236328,0
2025-10-13T13:10:00Z,20.25,20.290000915527344,20.209999084472656,20.25,0
2025-10-13T13:15:00Z,20.229999542236328,20.25,20.149999618530273,20.149999618530273,0
2025-10-13T13:20:00Z,20.170000076293945,20.200000762939453,20.139999389648438,20.18000030517578,0
2025-10-13T13:25:00Z,20.18000030517578,20.18000030517578,20.18000030517578,20.18000030517578,0
2025-10-13T13:30:00Z,20.09000015258789,20.219999313354492,19.90999984741211,20.219999313354492,0
2025-10-13T13:35:00Z,20.239999771118164,20.520000457763672,20.239999771118164,20.40999984741211,0
2025-10-13T13:40:00Z,20.389999389648438,20.530000686645508,20.200000762939453,20.280000686645508,0
2025-10-13T13:45:00Z,20.25,20.43000030517578,20.15999984741211,20.25,0
2025-10-13T13:50:00Z,20.200000762939453,20.229999542236328,19.90999984741211,19.989999771118164,0
2025-10-13T13:55:00Z,19.989999771118164,19.989999771118164,19.56999969482422,19.56999969482422,0
2025-10-13T14:00:00Z,19.579999923706055,19.719999313354492,19.510000228881836,19.549999237060547,0
2025-10-13T14:05:00Z,19.540000915527344,19.760000228881836,19.540000915527344,19.729999542236328,0
2025-10-13T14:10:00Z,19.719999313354492,19.8700008392334,19.700000762939453,19.809999465942383,0
2025-10-13T14:15:00Z,19.829999923706055,19.829999923706055,19.709999084472656,19.81999969482422,0
2025-10-13T14:20:00Z,19.850000381469727,20.309999465942383,19.850000381469727,20.010000228881836,0
2025-10-13T14:25:00Z,20.020000457763672,20.299999237060547,20.020000457763672,20.1299991607666,0
2025-10-13T14:30:00Z,20.149999618530273,20.329999923706055,19.959999084472656,19.979999542236328,0
2025-10-13T14:35:00Z,19.950000762939453,19.950000762939453,19.700000762939453,19.700000762939453,0
2025-10-13T14:40:00Z,19.709999084472656,19.940000534057617,19.670000076293945,19.920000076293945,0
2025-10-13T14:45:00Z,19.940000534057617,20.09000015258789,19.899999618530273,20.079999923706055,0
2025-10-13T14:50:00Z,20.1200008392334,20.239999771118164,20.079999923706055,20.170000076293945,0
2025-10-13T14:55:00Z,20.18000030517578,20.389999389648438,20.18000030517578,20.360000610351562,0
2025-10-13T15:00:00Z,20.350000381469727,20.450000762939453,20.299999237060547,20.40999984741211,0
2025-10-13T15:05:00Z,20.3700008392334,20.469999313354492,20.25,20.25,0
2025-10-13T15:10:00Z,20.219999313354492,20.219999313354492,19.959999084472656,19.969999313354492,0
2025-10-13T15:15:00Z,19.979999542236328,19.979999542236328,19.780000686645508,19.780000686645508,0
2025-10-13T15:20:00Z,19.760000228881836,19.760000228881836,19.68000030517578,19.729999542236328,0
2025-10-13T15:25:00Z,19.809999465942383,19.81999969482422,19.739999771118164,19.75,0
2025-10-13T15:30:00Z,19.75,19.75,19.68000030517578,19.700000762939453,0
2025-10-13T15:35:00Z,19.690000534057617,19.739999771118164,19.670000076293945,19.690000534057617,0
2025-10-13T15:40:00Z,19.75,19.81999969482422,19.729999542236328,19.81999969482422,0
2025-10-13T15:45:00Z,19.799999237060547,19.799999237060547,19.690000534057617,19.700000762939453,0
2025-10-13T15:50:00Z,19.670000076293945,19.729999542236328,19.6299991607666,19.649999618530273,0
2025-10-13T15:55:00Z,19.6299991607666,19.649999618530273,19.549999237060547,19.559999465942383,0
2025-10-13T16:00:00Z,19.56999969482422,19.6200008392334,19.549999237060547,19.549999237060547,0
2025-10-13T16:05:00Z,19.559999465942383,19.6200008392334,19.510000228881836,19.520000457763672,0
2025-10-13T16:10:00Z,19.530000686645508,19.549999237060547,19.43000030517578,19.43000030517578,0
2025-10-13T16:15:00Z,19.440000534057617,19.440000534057617,19.34000015258789,19.34000015258789,0
2025-10-13T16:20:00Z,19.34000015258789,19.520000457763672,19.34000015258789,19.350000381469727,0
2025-10-13T16:25:00Z,19.360000610351562,19.420000076293945,19.31999969482422,19.3700008392334,0
2025-10-13T16:30:00Z,19.3700008392334,19.389999389648438,19.270000457763672,19.309999465942383,0
2025-10-13T16:35:00Z,19.299999237060547,19.399999618530273,19.299999237060547,19.3799991607666,0
2025-10-13T16:40:00Z,19.3799991607666,19.459999084472656,19.3700008392334,19.40999984741211,0
2025-10-13T16:45:00Z,19.399999618530273,19.440000534057617,19.360000610351562,19.3700008392334,0
2025-10-13T16:50:00Z,19.290000915527344,19.299999237060547,19.219999313354492,19.270000457763672,0
2025-10-13T16:55:00Z,19.260000228881836,19.260000228881836,19.100000381469727,19.1200008392334,0
2025-10-13T17:00:00Z,19.1200008392334,19.1299991607666,19.049999237060547,19.110000610351562,0
2025-10-13T17:05:00Z,19.110000610351562,19.1299991607666,19.09000015258789,19.1299991607666,0
2025-10-13T17:10:00Z,19.1299991607666,19.34000015258789,19.1299991607666,19.299999237060547,0
2025-10-13T17:15:00Z,19.31999969482422,19.420000076293945,19.280000686645508,19.389999389648438,0
2025-10-13T17:20:00Z,19.3700008392334,19.3700008392334,19.229999542236328,19.280000686645508,0
2025-10-13T17:25:00Z,19.309999465942383,19.399999618530273,19.309999465942383,19.350000381469727,0
2025-10-13T17:30:00Z,19.350000381469727,19.3700008392334,19.309999465942383,19.3700008392334,0
2025-10-13T17:35:00Z,19.389999389648438,19.40999984741211,19.34000015258789,19.389999389648438,0
2025-10-13T17:40:00Z,19.389999389648438,19.43000030517578,19.360000610351562,19.43000030517578,0
2025-10-13T17:45:00Z,19.420000076293945,19.420000076293945,19.3700008392334,19.40999984741211,0
2025-10-13T17:50:00Z,19.40999984741211,19.489999771118164,19.329999923706055,19.329999923706055,0
2025-10-13T17:55:00Z,19.31999969482422,19.399999618530273,19.190000534057617,19.190000534057617,0
2025-10-13T18:00:00Z,19.190000534057617,19.190000534057617,19.040000915527344,19.059999465942383,0
2025-10-13T18:05:00Z,19.059999465942383,19.059999465942383,18.979999542236328,18.979999542236328,0
2025-10-13T18:10:00Z,19.0,19.0,18.850000381469727,18.899999618530273,0
2025-10-13T18:15:00Z,18.8799991607666,18.8799991607666,18.809999465942383,18.809999465942383,0
2025-10-13T18:20:00Z,18.799999237060547,18.799999237060547,18.639999389648438,18.65999984741211,0
2025-10-13T18:25:00Z,18.65999984741211,18.690000534057617,18.649999618530273,18.649999618530273,0
2025-10-13T18:30:00Z,18.65999984741211,18.780000686645508,18.610000610351562,18.780000686645508,0
2025-10-13T18:35:00Z,18.770000457763672,18.889999389648438,18.75,18.889999389648438,0
2025-10-13T18:40:00Z,18.889999389648438,19.06999969482422,18.8799991607666,19.0,0
2025-10-13T18:45:00Z,18.989999771118164,19.030000686645508,18.959999084472656,18.989999771118164,0
2025-10-13T18:50:00Z,18.979999542236328,19.1299991607666,18.920000076293945,19.040000915527344,0
2025-10-13T18:55:00Z,19.040000915527344,19.149999618530273,19.030000686645508,19.079999923706055,0
2025-10-13T19:00:00Z,19.06999969482422,19.200000762939453,19.030000686645508,19.18000030517578,0
2025-10-13T19:05:00Z,19.170000076293945,19.18000030517578,19.0,19.040000915527344,0
2025-10-13T19:10:00Z,19.030000686645508,19.1299991607666,18.979999542236328,19.1299991607666,0
2025-10-13T19:15:00Z,19.1200008392334,19.149999618530273,18.959999084472656,18.969999313354492,0
2025-10-13T19:20:00Z,18.950000762939453,18.950000762939453,18.84000015258789,18.860000610351562,0
2025-10-13T19:25:00Z,18.8700008392334,18.989999771118164,18.860000610351562,18.969999313354492,0
2025-10-13T19:30:00Z,18.969999313354492,19.0,18.950000762939453,18.950000762939453,0
2025-10-13T19:35:00Z,18.950000762939453,18.969999313354492,18.899999618530273,18.899999618530273,0
2025-10-13T19:40:00Z,18.899999618530273,18.899999618530273,18.84000015258789,18.860000610351562,0
2025-10-13T19:45:00Z,18.860000610351562,18.969999313354492,18.860000610351562,18.950000762939453,0
2025-10-13T19:50:00Z,18.959999084472656,18.969999313354492,18.860000610351562,18.899999618530273,0
2025-10-13T19:55:00Z,18.889999389648438,18.989999771118164,18.889999389648438,18.93000030517578,0
2025-10-13T20:00:00Z,18.940000534057617,19.040000915527344,18.93000030517578,19.020000457763672,0
2025-10-13T20:05:00Z,19.030000686645508,19.100000381469727,19.030000686645508,19.030000686645508,0
2025-10-13T20:10:00Z,19.030000686645508,19.049999237060547,19.030000686645508,19.040000915527344,0
2025-10-14T07:15:00Z,21.459999084472656,21.459999084472656,21.229999542236328,21.280000686645508,0
2025-10-14T07:20:00Z,21.280000686645508,21.459999084472656,21.280000686645508,21.459999084472656,0
2025-10-14T07:25:00Z,21.459999084472656,21.510000228881836,21.420000076293945,21.5,0
2025-10-14T07:30:00Z,21.479999542236328,21.68000030517578,21.43000030517578,21.68000030517578,0
2025-10-14T07:35:00Z,21.68000030517578,22.579999923706055,21.6200008392334,22.1200008392334,0
2025-10-14T07:40:00Z,22.079999923706055,22.209999084472656,22.0,22.079999923706055,0
2025-10-14T07:45:00Z,22.06999969482422,22.190000534057617,21.950000762939453,22.15999984741211,0
2025-10-14T07:50:00Z,22.15999984741211,22.239999771118164,22.06999969482422,22.200000762939453,0
2025-10-14T07:55:00Z,22.209999084472656,22.260000228881836,22.020000457763672,22.170000076293945,0
2025-10-14T08:00:00Z,22.1200008392334,22.270000457763672,21.989999771118164,22.270000457763672,0
2025-10-14T08:05:00Z,22.290000915527344,22.31999969482422,22.079999923706055,22.1200008392334,0
2025-10-14T08:10:00Z,22.110000610351562,22.110000610351562,21.729999542236328,21.81999969482422,0
2025-10-14T08:15:00Z,21.829999923706055,21.93000030517578,21.799999237060547,21.799999237060547,0
2025-10-14T08:20:00Z,21.790000915527344,21.799999237060547,21.719999313354492,21.760000228881836,0
2025-10-14T08:25:00Z,21.75,21.770000457763672,21.719999313354492,21.719999313354492,0
2025-10-14T08:30:00Z,21.719999313354492,21.719999313354492,21.56999969482422,21.610000610351562,0
2025-10-14T08:35:00Z,21.610000610351562,21.610000610351562,21.479999542236328,21.489999771118164,0
2025-10-14T08:40:00Z,21.489999771118164,21.579999923706055,21.489999771118164,21.559999465942383,0
2025-10-14T08:45:00Z,21.559999465942383,21.84000015258789,21.559999465942383,21.84000015258789,0
2025-10-14T08:50:00Z,21.860000610351562,21.860000610351562,21.6299991607666,21.6299991607666,0
2025-10-14T08:55:00Z,21.6200008392334,21.6200008392334,21.43000030517578,21.43000030517578,0
2025-10-14T09:00:00Z,21.440000534057617,21.440000534057617,21.309999465942383,21.350000381469727,0
2025-10-14T09:05:00Z,21.329999923706055,21.329999923706055,21.270000457763672,21.309999465942383,0
2025-10-14T09:10:00Z,21.31999969482422,21.399999618530273,21.31999969482422,21.389999389648438,0
2025-10-14T09:15:00Z,21.40999984741211,21.479999542236328,21.389999389648438,21.420000076293945,0
2025-10-14T09:20:00Z,21.360000610351562,21.450000762939453,21.360000610351562,21.450000762939453,0
2025-10-14T09:25:00Z,21.450000762939453,21.479999542236328,21.450000762939453,21.479999542236328,0
2025-10-14T09:30:00Z,21.469999313354492,21.530000686645508,21.40999984741211,21.530000686645508,0
2025-10-14T09:35:00Z,21.549999237060547,21.600000381469727,21.530000686645508,21.559999465942383,0
2025-10-14T09:40:00Z,21.56999969482422,21.56999969482422,21.440000534057617,21.469999313354492,0
2025-10-14T09:45:00Z,21.469999313354492,21.540000915527344,21.459999084472656,21.530000686645508,0
2025-10-14T09:50:00Z,21.559999465942383,21.670000076293945,21.549999237060547,21.639999389648438,0
2025-10-14T09:55:00Z,21.649999618530273,21.670000076293945,21.639999389648438,21.649999618530273,0
2025-10-14T10:00:00Z,21.65999984741211,21.709999084472656,21.6200008392334,21.709999084472656,0
2025-10-14T10:05:00Z,21.700000762939453,21.739999771118164,21.700000762939453,21.729999542236328,0
2025-10-14T10:10:00Z,21.729999542236328,21.90999984741211,21.729999542236328,21.8700008392334,0
2025-10-14T10:15:00Z,21.8700008392334,22.06999969482422,21.8700008392334,22.06999969482422,0
2025-10-14T10:20:00Z,22.059999465942383,22.1200008392334,21.969999313354492,21.969999313354492,0
2025-10-14T10:25:00Z,21.989999771118164,22.260000228881836,21.979999542236328,22.229999542236328,0
2025-10-14T10:30:00Z,22.260000228881836,22.579999923706055,22.260000228881836,22.56999969482422,0
2025-10-14T10:35:00Z,22.540000915527344,22.540000915527344,22.280000686645508,22.329999923706055,0
2025-10-14T10:40:00Z,22.309999465942383,22.56999969482422,22.309999465942383,22.56999969482422,0
2025-10-14T10:45:00Z,22.6200008392334,22.719999313354492,22.56999969482422,22.719999313354492,0
2025-10-14T10:50:00Z,22.709999084472656,22.760000228881836,22.579999923706055,22.670000076293945,0
2025-10-14T10:55:00Z,22.670000076293945,22.68000030517578,22.25,22.25,0
2025-10-14T11:00:00Z,22.239999771118164,22.239999771118164,22.040000915527344,22.040000915527344,0
2025-10-14T11:05:00Z,22.040000915527344,22.040000915527344,21.75,21.81999969482422,0
2025-10-14T11:10:00Z,21.850000381469727,21.860000610351562,21.770000457763672,21.770000457763672,0
2025-10-14T11:15:00Z,21.790000915527344,21.850000381469727,21.770000457763672,21.850000381469727,0
2025-10-14T11:20:00Z,21.84000015258789,21.84000015258789,21.709999084472656,21.760000228881836,0
2025-10-14T11:25:00Z,21.719999313354492,21.75,21.6200008392334,21.75,0
2025-10-14T11:30:00Z,21.75,21.809999465942383,21.68000030517578,21.739999771118164,0
2025-10-14T11:35:00Z,21.719999313354492,21.719999313354492,21.559999465942383,21.59000015258789,0
2025-10-14T11:40:00Z,21.59000015258789,21.700000762939453,21.59000015258789,21.649999618530273,0
2025-10-14T11:45:00Z,21.65999984741211,21.709999084472656,21.540000915527344,21.610000610351562,0
2025-10-14T11:50:00Z,21.6200008392334,21.6200008392334,21.389999389648438,21.399999618530273,0
2025-10-14T11:55:00Z,21.3700008392334,21.510000228881836,21.3700008392334,21.440000534057617,0
2025-10-14T12:00:00Z,21.43000030517578,21.6299991607666,21.40999984741211,21.59000015258789,0
2025-10-14T12:05:00Z,21.6200008392334,21.719999313354492,21.600000381469727,21.610000610351562,0
2025-10-14T12:10:00Z,21.610000610351562,21.610000610351562,21.489999771118164,21.510000228881836,0
2025-10-14T12:15:00Z,21.520000457763672,21.649999618530273,21.520000457763672,21.6299991607666,0
2025-10-14T12:20:00Z,21.6299991607666,21.6299991607666,21.579999923706055,21.600000381469727,0
2025-10-14T12:25:00Z,21.479999542236328,21.479999542236328,21.3700008392334,21.399999618530273,0
2025-10-14T12:30:00Z,21.420000076293945,21.610000610351562,21.420000076293945,21.610000610351562,0
2025-10-14T12:35:00Z,21.610000610351562,21.84000015258789,21.610000610351562,21.809999465942383,0
2025-10-14T12:40:00Z,21.829999923706055,22.18000030517578,21.760000228881836,22.139999389648438,0
2025-10-14T12:45:00Z,22.18000030517578,22.18000030517578,21.950000762939453,21.950000762939453,0
2025-10-14T12:50:00Z,22.0,22.0,21.790000915527344,21.809999465942383,0
2025-10-14T12:55:00Z,21.790000915527344,21.799999237060547,21.760000228881836,21.780000686645508,0
2025-10-14T13:00:00Z,21.770000457763672,21.770000457763672,21.600000381469727,21.610000610351562,0
2025-10-14T13:05:00Z,21.610000610351562,21.610000610351562,21.579999923706055,21.579999923706055,0
2025-10-14T13:10:00Z,21.59000015258789,21.6200008392334,21.579999923706055,21.579999923706055,0
2025-10-14T13:15:00Z,21.59000015258789,21.6200008392334,21.549999237060547,21.559999465942383,0
2025-10-14T13:20:00Z,21.559999465942383,21.68000030517578,21.559999465942383,21.65999984741211,0
2025-10-14T13:25:00Z,21.65999984741211,21.65999984741211,21.65999984741211,21.65999984741211,0
2025-10-14T13:30:00Z,21.700000762939453,22.049999237060547,21.670000076293945,22.010000228881836,0
2025-10-14T13:35:00Z,22.010000228881836,22.459999084472656,22.0,22.079999923706055,0
2025-10-14T13:40:00Z,22.149999618530273,22.8799991607666,22.149999618530273,22.8799991607666,0
2025-10-14T13:45:00Z,22.790000915527344,22.940000534057617,22.31999969482422,22.360000610351562,0
2025-10-14T13:50:00Z,22.5,22.649999618530273,22.020000457763672,22.040000915527344,0
2025-10-14T13:55:00Z,22.030000686645508,22.030000686645508,21.700000762939453,21.700000762939453,0
2025-10-14T14:00:00Z,21.700000762939453,21.809999465942383,21.549999237060547,21.549999237060547,0
2025-10-14T14:05:00Z,21.559999465942383,21.739999771118164,21.520000457763672,21.739999771118164,0
2025-10-14T14:10:00Z,21.780000686645508,21.780000686645508,21.5,21.5,0
2025-10-14T14:15:00Z,21.489999771118164,21.579999923706055,21.360000610351562,21.389999389648438,0
2025-10-14T14:20:00Z,21.3700008392334,21.3700008392334,21.190000534057617,21.270000457763672,0
2025-10-14T14:25:00Z,21.25,21.25,21.049999237060547,21.079999923706055,0
2025-10-14T14:30:00Z,21.06999969482422,21.219999313354492,21.06999969482422,21.1200008392334,0
2025-10-14T14:35:00Z,21.1200008392334,21.1200008392334,20.889999389648438,20.90999984741211,0
2025-10-14T14:40:00Z,20.90999984741211,20.940000534057617,20.889999389648438,20.899999618530273,0
2025-10-14T14:45:00Z,20.959999084472656,20.989999771118164,20.84000015258789,20.940000534057617,0
2025-10-14T14:50:00Z,20.899999618530273,21.06999969482422,20.889999389648438,20.90999984741211,0
2025-10-14T14:55:00Z,20.93000030517578,21.06999969482422,20.920000076293945,20.969999313354492,0
2025-10-14T15:00:00Z,20.950000762939453,20.950000762939453,20.729999542236328,20.729999542236328,0
2025-10-14T15:05:00Z,20.719999313354492,20.770000457763672,20.610000610351562,20.770000457763672,0
2025-10-14T15:10:00Z,20.780000686645508,20.790000915527344,20.709999084472656,20.75,0
2025-10-14T15:15:00Z,20.75,20.950000762939453,20.75,20.950000762939453,0
2025-10-14T15:20:00Z,20.920000076293945,20.920000076293945,20.670000076293945,20.670000076293945,0
2025-10-14T15:25:00Z,20.649999618530273,20.829999923706055,20.649999618530273,20.809999465942383,0
2025-10-14T15:30:00Z,20.809999465942383,20.809999465942383,20.68000030517578,20.700000762939453,0
2025-10-14T15:35:00Z,20.700000762939453,20.81999969482422,20.420000076293945,20.81999969482422,0
2025-10-14T15:40:00Z,20.709999084472656,20.719999313354492,20.34000015258789,20.350000381469727,0
2025-10-14T15:45:00Z,20.389999389648438,20.389999389648438,20.100000381469727,20.100000381469727,0
2025-10-14T15:50:00Z,20.079999923706055,20.079999923706055,19.850000381469727,19.860000610351562,0
2025-10-14T15:55:00Z,19.860000610351562,19.989999771118164,19.860000610351562,19.979999542236328,0
2025-10-14T16:00:00Z,19.969999313354492,20.1200008392334,19.940000534057617,20.1200008392334,0
2025-10-14T16:05:00Z,20.1200008392334,20.260000228881836,20.110000610351562,20.260000228881836,0
2025-10-14T16:10:00Z,20.260000228881836,20.260000228881836,20.149999618530273,20.18000030517578,0
2025-10-14T16:15:00Z,20.18000030517578,20.18000030517578,19.979999542236328,19.979999542236328,0
2025-10-14T16:20:00Z,20.010000228881836,20.010000228881836,19.65999984741211,19.8799991607666,0
2025-10-14T16:25:00Z,19.889999389648438,19.889999389648438,19.75,19.760000228881836,0
2025-10-14T16:30:00Z,19.760000228881836,19.760000228881836,19.65999984741211,19.65999984741211,0
2025-10-14T16:35:00Z,19.65999984741211,19.690000534057617,19.59000015258789,19.68000030517578,0
2025-10-14T16:40:00Z,19.670000076293945,19.700000762939453,19.639999389648438,19.670000076293945,0
2025-10-14T16:45:00Z,19.68000030517578,19.68000030517578,19.56999969482422,19.600000381469727,0
2025-10-14T16:50:00Z,19.600000381469727,19.6200008392334,19.540000915527344,19.56999969482422,0
2025-10-14T16:55:00Z,19.59000015258789,19.700000762939453,19.59000015258789,19.690000534057617,0
2025-10-14T17:00:00Z,19.709999084472656,19.850000381469727,19.690000534057617,19.690000534057617,0
2025-10-14T17:05:00Z,19.65999984741211,19.65999984741211,19.579999923706055,19.59000015258789,0
2025-10-14T17:10:00Z,19.579999923706055,19.579999923706055,19.469999313354492,19.510000228881836,0
2025-10-14T17:15:00Z,19.520000457763672,19.520000457763672,19.440000534057617,19.489999771118164,0
2025-10-14T17:20:00Z,19.530000686645508,19.530000686645508,19.43000030517578,19.43000030517578,0
2025-10-14T17:25:00Z,19.420000076293945,19.43000030517578,19.34000015258789,19.389999389648438,0
2025-10-14T17:30:00Z,19.3700008392334,19.469999313354492,19.34000015258789,19.469999313354492,0
2025-10-14T17:35:00Z,19.450000762939453,19.479999542236328,19.40999984741211,19.43000030517578,0
2025-10-14T17:40:00Z,19.40999984741211,19.40999984741211,19.280000686645508,19.299999237060547,0
2025-10-14T17:45:00Z,19.280000686645508,19.280000686645508,19.219999313354492,19.239999771118164,0
2025-10-14T17:50:00Z,19.239999771118164,19.34000015258789,19.18000030517578,19.290000915527344,0
2025-10-14T17:55:00Z,19.290000915527344,19.3700008392334,19.290000915527344,19.360000610351562,0
2025-10-14T18:00:00Z,19.350000381469727,19.43000030517578,19.309999465942383,19.399999618530273,0
2025-10-14T18:05:00Z,19.399999618530273,19.43000030517578,19.3799991607666,19.420000076293945,0
2025-10-14T18:10:00Z,19.40999984741211,19.420000076293945,19.329999923706055,19.3799991607666,0
2025-10-14T18:15:00Z,19.3799991607666,19.399999618530273,19.350000381469727,19.3700008392334,0
2025-10-14T18:20:00Z,19.389999389648438,19.540000915527344,19.389999389648438,19.530000686645508,0
2025-10-14T18:25:00Z,19.540000915527344,19.56999969482422,19.43000030517578,19.450000762939453,0
2025-10-14T18:30:00Z,19.479999542236328,19.540000915527344,19.440000534057617,19.510000228881836,0
2025-10-14T18:35:00Z,19.520000457763672,19.6299991607666,19.520000457763672,19.6299991607666,0
2025-10-14T18:40:00Z,19.649999618530273,19.700000762939453,19.6200008392334,19.6200008392334,0
2025-10-14T18:45:00Z,19.6299991607666,19.639999389648438,19.530000686645508,19.549999237060547,0
2025-10-14T18:50:00Z,19.530000686645508,19.549999237060547,19.489999771118164,19.5,0
2025-10-14T18:55:00Z,19.5,19.579999923706055,19.5,19.559999465942383,0
2025-10-14T19:00:00Z,19.549999237060547,19.549999237060547,19.450000762939453,19.479999542236328,0
2025-10-14T19:05:00Z,19.5,19.559999465942383,19.469999313354492,19.559999465942383,0
2025-10-14T19:10:00Z,19.559999465942383,19.610000610351562,19.530000686645508,19.59000015258789,0
2025-10-14T19:15:00Z,19.59000015258789,19.600000381469727,19.540000915527344,19.579999923706055,0
2025-10-14T19:20:00Z,19.59000015258789,19.59000015258789,19.520000457763672,19.559999465942383,0
2025-10-14T19:25:00Z,19.559999465942383,19.649999618530273,19.520000457763672,19.610000610351562,0
2025-10-14T19:30:00Z,19.6299991607666,19.739999771118164,19.610000610351562,19.739999771118164,0
2025-10-14T19:35:00Z,19.75,20.739999771118164,19.739999771118164,20.270000457763672,0
2025-10-14T19:40:00Z,20.149999618530273,20.889999389648438,20.149999618530273,20.889999389648438,0
2025-10-14T19:45:00Z,20.799999237060547,20.850000381469727,20.530000686645508,20.719999313354492,0
2025-10-14T19:50:00Z,20.760000228881836,20.8799991607666,20.6200008392334,20.6200008392334,0
2025-10-14T19:55:00Z,20.649999618530273,20.690000534057617,20.420000076293945,20.420000076293945,0
2025-10-14T20:00:00Z,20.350000381469727,20.389999389648438,20.309999465942383,20.389999389648438,0
2025-10-14T20:05:00Z,20.360000610351562,20.760000228881836,20.360000610351562,20.760000228881836,0
2025-10-14T20:10:00Z,20.780000686645508,20.84000015258789,20.770000457763672,20.799999237060547,0
2025-10-15T07:15:00Z,20.020000457763672,20.020000457763672,19.93000030517578,19.969999313354492,0
2025-10-15T07:20:00Z,19.959999084472656,20.030000686645508,19.959999084472656,20.030000686645508,0
2025-10-15T07:25:00Z,20.020000457763672,20.049999237060547,20.020000457763672,20.040000915527344,0
2025-10-15T07:30:00Z,20.040000915527344,20.06999969482422,20.030000686645508,20.059999465942383,0
2025-10-15T07:35:00Z,20.059999465942383,20.059999465942383,20.010000228881836,20.020000457763672,0
2025-10-15T07:40:00Z,20.020000457763672,20.059999465942383,20.0,20.049999237060547,0
2025-10-15T07:45:00Z,20.049999237060547,20.100000381469727,20.049999237060547,20.049999237060547,0
2025-10-15T07:50:00Z,20.049999237060547,20.049999237060547,19.969999313354492,19.969999313354492,0
2025-10-15T07:55:00Z,19.969999313354492,19.979999542236328,19.90999984741211,19.93000030517578,0
2025-10-15T08:00:00Z,19.93000030517578,19.93000030517578,19.81999969482422,19.81999969482422,0
2025-10-15T08:05:00Z,19.81999969482422,19.850000381469727,19.81999969482422,19.84000015258789,0
2025-10-15T08:10:00Z,19.84000015258789,19.84000015258789,19.809999465942383,19.84000015258789,0
2025-10-15T08:15:00Z,19.84000015258789,19.860000610351562,19.780000686645508,19.84000015258789,0
2025-10-15T08:20:00Z,19.84000015258789,19.8700008392334,19.829999923706055,19.829999923706055,0
2025-10-15T08:25:00Z,19.829999923706055,19.84000015258789,19.790000915527344,19.799999237060547,0
2025-10-15T08:30:00Z,19.799999237060547,19.84000015258789,19.780000686645508,19.84000015258789,0
2025-10-15T08:35:00Z,19.84000015258789,19.860000610351562,19.790000915527344,19.790000915527344,0
2025-10-15T08:40:00Z,19.790000915527344,19.799999237060547,19.780000686645508,19.799999237060547,0
2025-10-15T08:45:00Z,19.799999237060547,19.84000015258789,19.799999237060547,19.829999923706055,0
2025-10-15T08:50:00Z,19.829999923706055,19.829999923706055,19.770000457763672,19.770000457763672,0
2025-10-15T08:55:00Z,19.770000457763672,19.790000915527344,19.770000457763672,19.770000457763672,0
2025-10-15T09:00:00Z,19.770000457763672,19.780000686645508,19.6299991607666,19.639999389648438,0
2025-10-15T09:05:00Z,19.639999389648438,19.649999618530273,19.579999923706055,19.579999923706055,0
2025-10-15T09:10:00Z,19.59000015258789,19.600000381469727,19.530000686645508,19.540000915527344,0
2025-10-15T09:15:00Z,19.540000915527344,19.6200008392334,19.530000686645508,19.6200008392334,0
2025-10-15T09:20:00Z,19.6200008392334,19.700000762939453,19.6200008392334,19.700000762939453,0
2025-10-15T09:25:00Z,19.700000762939453,19.719999313354492,19.700000762939453,19.700000762939453,0
2025-10-15T09:30:00Z,19.700000762939453,19.709999084472656,19.6299991607666,19.6299991607666,0
2025-10-15T09:35:00Z,19.610000610351562,19.6200008392334,19.579999923706055,19.610000610351562,0
2025-10-15T09:40:00Z,19.610000610351562,19.65999984741211,19.610000610351562,19.649999618530273,0
2025-10-15T09:45:00Z,19.65999984741211,19.68000030517578,19.649999618530273,19.649999618530273,0
2025-10-15T09:50:00Z,19.649999618530273,19.649999618530273,19.59000015258789,19.59000015258789,0
2025-10-15T09:55:00Z,19.59000015258789,19.59000015258789,19.56999969482422,19.579999923706055,0
2025-10-15T10:00:00Z,19.579999923706055,19.610000610351562,19.56999969482422,19.610000610351562,0
2025-10-15T10:05:00Z,19.600000381469727,19.610000610351562,19.559999465942383,19.59000015258789,0
2025-10-15T10:10:00Z,19.59000015258789,19.600000381469727,19.579999923706055,19.59000015258789,0
2025-10-15T10:15:00Z,19.59000015258789,19.6299991607666,19.59000015258789,19.59000015258789,0
2025-10-15T10:20:00Z,19.59000015258789,19.59000015258789,19.579999923706055,19.579999923706055,0
2025-10-15T10:25:00Z,19.579999923706055,19.600000381469727,19.559999465942383,19.559999465942383,0
2025-10-15T10:30:00Z,19.559999465942383,19.600000381469727,19.559999465942383,19.600000381469727,0
2025-10-15T10:35:00Z,19.600000381469727,19.6299991607666,19.579999923706055,19.579999923706055,0
2025-10-15T10:40:00Z,19.579999923706055,19.59000015258789,19.559999465942383,19.559999465942383,0
2025-10-15T10:45:00Z,19.559999465942383,19.559999465942383,19.479999542236328,19.5,0
2025-10-15T10:50:00Z,19.489999771118164,19.5,19.450000762939453,19.469999313354492,0
2025-10-15T10:55:00Z,19.469999313354492,19.489999771118164,19.440000534057617,19.489999771118164,0
2025-10-15T11:00:00Z,19.479999542236328,19.510000228881836,19.469999313354492,19.510000228881836,0
2025-10-15T11:05:00Z,19.510000228881836,19.510000228881836,19.479999542236328,19.5,0
2025-10-15T11:10:00Z,19.479999542236328,19.5,19.450000762939453,19.479999542236328,0
2025-10-15T11:15:00Z,19.479999542236328,19.559999465942383,19.479999542236328,19.549999237060547,0
2025-10-15T11:20:00Z,19.530000686645508,19.559999465942383,19.530000686645508,19.549999237060547,0
2025-10-15T11:25:00Z,19.549999237060547,19.549999237060547,19.469999313354492,19.510000228881836,0
2025-10-15T11:30:00Z,19.5,19.56999969482422,19.5,19.540000915527344,0
2025-10-15T11:35:00Z,19.520000457763672,19.520000457763672,19.479999542236328,19.479999542236328,0
2025-10-15T11:40:00Z,19.479999542236328,19.479999542236328,19.440000534057617,19.469999313354492,0
2025-10-15T11:45:00Z,19.459999084472656,19.479999542236328,19.450000762939453,19.479999542236328,0
2025-10-15T11:50:00Z,19.479999542236328,19.489999771118164,19.459999084472656,19.459999084472656,0
2025-10-15T11:55:00Z,19.450000762939453,19.479999542236328,19.450000762939453,19.459999084472656,0
2025-10-15T12:00:00Z,19.469999313354492,19.489999771118164,19.40999984741211,19.420000076293945,0
2025-10-15T12:05:00Z,19.420000076293945,19.420000076293945,19.350000381469727,19.350000381469727,0
2025-10-15T12:10:00Z,19.34000015258789,19.34000015258789,19.309999465942383,19.31999969482422,0
2025-10-15T12:15:00Z,19.31999969482422,19.329999923706055,19.280000686645508,19.290000915527344,0
2025-10-15T12:20:00Z,19.290000915527344,19.420000076293945,19.290000915527344,19.34000015258789,0
2025-10-15T12:25:00Z,19.329999923706055,19.420000076293945,19.329999923706055,19.420000076293945,0
2025-10-15T12:30:00Z,19.399999618530273,19.440000534057617,19.3799991607666,19.389999389648438,0
2025-10-15T12:35:00Z,19.3700008392334,19.450000762939453,19.3700008392334,19.450000762939453,0
2025-10-15T12:40:00Z,19.459999084472656,19.510000228881836,19.40999984741211,19.440000534057617,0
2025-10-15T12:45:00Z,19.440000534057617,19.440000534057617,19.389999389648438,19.389999389648438,0
2025-10-15T12:50:00Z,19.399999618530273,19.420000076293945,19.3700008392334,19.399999618530273,0
2025-10-15T12:55:00Z,19.389999389648438,19.40999984741211,19.3799991607666,19.3799991607666,0
2025-10-15T13:00:00Z,19.3799991607666,19.459999084472656,19.3799991607666,19.440000534057617,0
2025-10-15T13:05:00Z,19.440000534057617,19.459999084472656,19.440000534057617,19.459999084472656,0
2025-10-15T13:10:00Z,19.459999084472656,19.459999084472656,19.440000534057617,19.450000762939453,0
2025-10-15T13:15:00Z,19.5,19.5,19.389999389648438,19.389999389648438,0
2025-10-15T13:20:00Z,19.3700008392334,19.43000030517578,19.3700008392334,19.43000030517578,0
2025-10-15T13:25:00Z,19.43000030517578,19.43000030517578,19.43000030517578,19.43000030517578,0
2025-10-15T13:30:00Z,19.440000534057617,19.65999984741211,19.420000076293945,19.65999984741211,0
2025-10-15T13:35:00Z,19.65999984741211,19.729999542236328,19.5,19.729999542236328,0
2025-10-15T13:40:00Z,19.700000762939453,19.700000762939453,19.5,19.600000381469727,0
2025-10-15T13:45:00Z,19.5,19.889999389648438,19.5,19.860000610351562,0
2025-10-15T13:50:00Z,19.860000610351562,19.860000610351562,19.579999923706055,19.6200008392334,0
2025-10-15T13:55:00Z,19.600000381469727,19.600000381469727,19.440000534057617,19.479999542236328,0
2025-10-15T14:00:00Z,19.459999084472656,19.459999084472656,19.280000686645508,19.290000915527344,0
2025-10-15T14:05:00Z,19.260000228881836,19.260000228881836,19.110000610351562,19.139999389648438,0
2025-10-15T14:10:00Z,19.149999618530273,19.209999084472656,19.149999618530273,19.18000030517578,0
2025-10-15T14:15:00Z,19.190000534057617,19.239999771118164,19.139999389648438,19.219999313354492,0
2025-10-15T14:20:00Z,19.219999313354492,19.219999313354492,19.110000610351562,19.110000610351562,0
2025-10-15T14:25:00Z,19.1299991607666,19.229999542236328,19.1299991607666,19.229999542236328,0
2025-10-15T14:30:00Z,19.200000762939453,19.200000762939453,19.1299991607666,19.18000030517578,0
2025-10-15T14:35:00Z,19.18000030517578,19.190000534057617,19.1200008392334,19.1299991607666,0
2025-10-15T14:40:00Z,19.170000076293945,19.270000457763672,19.170000076293945,19.25,0
2025-10-15T14:45:00Z,19.229999542236328,19.260000228881836,19.200000762939453,19.260000228881836,0
2025-10-15T14:50:00Z,19.270000457763672,19.309999465942383,19.25,19.270000457763672,0
2025-10-15T14:55:00Z,19.280000686645508,19.299999237060547,19.209999084472656,19.239999771118164,0
2025-10-15T15:00:00Z,19.25,19.350000381469727,19.239999771118164,19.350000381469727,0
2025-10-15T15:05:00Z,19.34000015258789,19.3700008392334,19.290000915527344,19.350000381469727,0
2025-10-15T15:10:00Z,19.350000381469727,19.479999542236328,19.350000381469727,19.399999618530273,0
2025-10-15T15:15:00Z,19.399999618530273,19.520000457763672,19.3700008392334,19.489999771118164,0
2025-10-15T15:20:00Z,19.5,19.520000457763672,19.43000030517578,19.459999084472656,0
2025-10-15T15:25:00Z,19.459999084472656,19.510000228881836,19.3799991607666,19.510000228881836,0
2025-10-15T15:30:00Z,19.510000228881836,19.760000228881836,19.489999771118164,19.760000228881836,0
2025-10-15T15:35:00Z,19.729999542236328,19.969999313354492,19.729999542236328,19.790000915527344,0
2025-10-15T15:40:00Z,19.809999465942383,20.15999984741211,19.809999465942383,20.020000457763672,0
2025-10-15T15:45:00Z,20.020000457763672,20.239999771118164,20.020000457763672,20.200000762939453,0
2025-10-15T15:50:00Z,20.209999084472656,20.420000076293945,20.209999084472656,20.31999969482422,0
2025-10-15T15:55:00Z,20.290000915527344,20.290000915527344,20.059999465942383,20.1299991607666,0
2025-10-15T16:00:00Z,20.1299991607666,20.149999618530273,19.889999389648438,20.020000457763672,0
2025-10-15T16:05:00Z,20.040000915527344,20.200000762939453,19.899999618530273,19.989999771118164,0
2025-10-15T16:10:00Z,19.959999084472656,20.100000381469727,19.959999084472656,20.020000457763672,0
2025-10-15T16:15:00Z,20.0,20.1299991607666,19.93000030517578,20.09000015258789,0
2025-10-15T16:20:00Z,20.09000015258789,20.09000015258789,19.979999542236328,20.0,0
2025-10-15T16:25:00Z,20.0,20.010000228881836,19.81999969482422,20.0,0
2025-10-15T16:30:00Z,20.020000457763672,20.190000534057617,20.010000228881836,20.170000076293945,0
2025-10-15T16:35:00Z,20.18000030517578,20.270000457763672,20.040000915527344,20.110000610351562,0
2025-10-15T16:40:00Z,20.110000610351562,20.229999542236328,20.110000610351562,20.149999618530273,0
2025-10-15T16:45:00Z,20.15999984741211,20.350000381469727,20.15999984741211,20.25,0
2025-10-15T16:50:00Z,20.25,20.389999389648438,20.25,20.360000610351562,0
2025-10-15T16:55:00Z,20.350000381469727,20.40999984741211,20.290000915527344,20.350000381469727,0
2025-10-15T17:00:00Z,20.3700008392334,20.920000076293945,20.3700008392334,20.84000015258789,0
2025-10-15T17:05:00Z,20.860000610351562,21.510000228881836,20.860000610351562,21.420000076293945,0
2025-10-15T17:10:00Z,21.420000076293945,22.0,21.420000076293945,22.0,0
2025-10-15T17:15:00Z,22.079999923706055,22.440000534057617,21.75,21.850000381469727,0
2025-10-15T17:20:00Z,21.860000610351562,22.030000686645508,21.65999984741211,21.729999542236328,0
2025-10-15T17:25:00Z,21.68000030517578,21.809999465942383,21.440000534057617,21.760000228881836,0
2025-10-15T17:30:00Z,21.739999771118164,21.780000686645508,21.43000030517578,21.43000030517578,0
2025-10-15T17:35:00Z,21.459999084472656,21.459999084472656,21.209999084472656,21.270000457763672,0
2025-10-15T17:40:00Z,21.25,21.280000686645508,21.110000610351562,21.110000610351562,0
2025-10-15T17:45:00Z,21.100000381469727,21.100000381469727,20.829999923706055,20.84000015258789,0
2025-10-15T17:50:00Z,20.829999923706055,20.829999923706055,20.700000762939453,20.709999084472656,0
2025-10-15T17:55:00Z,20.719999313354492,20.84000015258789,20.670000076293945,20.670000076293945,0
2025-10-15T18:00:00Z,20.700000762939453,20.959999084472656,20.65999984741211,20.8799991607666,0
2025-10-15T18:05:00Z,20.8799991607666,20.899999618530273,20.780000686645508,20.780000686645508,0
2025-10-15T18:10:00Z,20.780000686645508,20.8700008392334,20.65999984741211,20.690000534057617,0
2025-10-15T18:15:00Z,20.700000762939453,20.700000762939453,20.59000015258789,20.670000076293945,0
2025-10-15T18:20:00Z,20.68000030517578,20.709999084472656,20.559999465942383,20.639999389648438,0
2025-10-15T18:25:00Z,20.639999389648438,20.739999771118164,20.6299991607666,20.739999771118164,0
2025-10-15T18:30:00Z,20.729999542236328,20.760000228881836,20.59000015258789,20.59000015258789,0
2025-10-15T18:35:00Z,20.600000381469727,20.65999984741211,20.56999969482422,20.6200008392334,0
2025-10-15T18:40:00Z,20.600000381469727,20.610000610351562,20.420000076293945,20.530000686645508,0
2025-10-15T18:45:00Z,20.520000457763672,20.59000015258789,20.479999542236328,20.559999465942383,0
2025-10-15T18:50:00Z,20.530000686645508,20.530000686645508,20.31999969482422,20.31999969482422,0
2025-10-15T18:55:00Z,20.329999923706055,20.360000610351562,20.260000228881836,20.270000457763672,0
2025-10-15T19:00:00Z,20.280000686645508,20.389999389648438,20.280000686645508,20.3700008392334,0
2025-10-15T19:05:00Z,20.360000610351562,20.479999542236328,20.360000610351562,20.450000762939453,0
2025-10-15T19:10:00Z,20.450000762939453,20.559999465942383,20.440000534057617,20.450000762939453,0
2025-10-15T19:15:00Z,20.450000762939453,20.459999084472656,20.31999969482422,20.399999618530273,0
2025-10-15T19:20:00Z,20.399999618530273,20.489999771118164,20.3799991607666,20.489999771118164,0
2025-10-15T19:25:00Z,20.469999313354492,20.479999542236328,20.43000030517578,20.469999313354492,0
2025-10-15T19:30:00Z,20.469999313354492,20.530000686645508,20.450000762939453,20.530000686645508,0
2025-10-15T19:35:00Z,20.520000457763672,20.84000015258789,20.520000457763672,20.84000015258789,0
2025-10-15T19:40:00Z,20.829999923706055,20.8700008392334,20.6200008392334,20.639999389648438,0
2025-10-15T19:45:00Z,20.600000381469727,20.700000762939453,20.600000381469727,20.68000030517578,0
2025-10-15T19:50:00Z,20.649999618530273,20.940000534057617,20.649999618530273,20.93000030517578,0
2025-10-15T19:55:00Z,20.950000762939453,20.979999542236328,20.479999542236328,20.479999542236328,0
2025-10-15T20:00:00Z,20.459999084472656,20.5,20.299999237060547,20.5,0
2025-10-15T20:05:00Z,20.5,20.6200008392334,20.5,20.6200008392334,0
2025-10-15T20:10:00Z,20.59000015258789,20.639999389648438,20.540000915527344,20.639999389648438,0
2025-10-16T07:15:00Z,20.489999771118164,20.559999465942383,20.469999313354492,20.530000686645508,0
2025-10-16T07:20:00Z,20.530000686645508,20.56999969482422,20.510000228881836,20.510000228881836,0
2025-10-16T07:25:00Z,20.510000228881836,20.540000915527344,20.510000228881836,20.540000915527344,0
2025-10-16T07:30:00Z,20.559999465942383,20.690000534057617,20.559999465942383,20.690000534057617,0
2025-10-16T07:35:00Z,20.709999084472656,20.719999313354492,20.690000534057617,20.690000534057617,0
2025-10-16T07:40:00Z,20.709999084472656,20.719999313354492,20.6299991607666,20.6299991607666,0
2025-10-16T07:45:00Z,20.6200008392334,20.6200008392334,20.510000228881836,20.549999237060547,0
2025-10-16T07:50:00Z,20.540000915527344,20.540000915527344,20.479999542236328,20.510000228881836,0
2025-10-16T07:55:00Z,20.510000228881836,20.520000457763672,20.299999237060547,20.34000015258789,0
2025-10-16T08:00:00Z,20.389999389648438,20.40999984741211,20.3700008392334,20.389999389648438,0
2025-10-16T08:05:00Z,20.3799991607666,20.40999984741211,20.350000381469727,20.350000381469727,0
2025-10-16T08:10:00Z,20.350000381469727,20.43000030517578,20.309999465942383,20.34000015258789,0
2025-10-16T08:15:00Z,20.329999923706055,20.360000610351562,20.309999465942383,20.309999465942383,0
2025-10-16T08:20:00Z,20.290000915527344,20.299999237060547,20.209999084472656,20.25,0
2025-10-16T08:25:00Z,20.270000457763672,20.3799991607666,20.270000457763672,20.3799991607666,0
2025-10-16T08:30:00Z,20.399999618530273,20.399999618530273,20.31999969482422,20.34000015258789,0
2025-10-16T08:35:00Z,20.350000381469727,20.459999084472656,20.350000381469727,20.459999084472656,0
2025-10-16T08:40:00Z,20.459999084472656,20.459999084472656,20.420000076293945,20.420000076293945,0
2025-10-16T08:45:00Z,20.420000076293945,20.420000076293945,20.399999618530273,20.40999984741211,0
2025-10-16T08:50:00Z,20.40999984741211,20.420000076293945,20.350000381469727,20.420000076293945,0
2025-10-16T08:55:00Z,20.420000076293945,20.43000030517578,20.40999984741211,20.40999984741211,0
2025-10-16T09:00:00Z,20.40999984741211,20.40999984741211,20.3799991607666,20.389999389648438,0
2025-10-16T09:05:00Z,20.3799991607666,20.3799991607666,20.34000015258789,20.3700008392334,0
2025-10-16T09:10:00Z,20.3700008392334,20.389999389648438,20.3700008392334,20.3799991607666,0
2025-10-16T09:15:00Z,20.389999389648438,20.40999984741211,20.3700008392334,20.3799991607666,0
2025-10-16T09:20:00Z,20.3799991607666,20.3799991607666,20.309999465942383,20.309999465942383,0
2025-10-16T09:25:00Z,20.299999237060547,20.309999465942383,20.280000686645508,20.280000686645508,0
2025-10-16T09:30:00Z,20.280000686645508,20.309999465942383,20.280000686645508,20.290000915527344,0
2025-10-16T09:35:00Z,20.299999237060547,20.350000381469727,20.299999237060547,20.329999923706055,0
2025-10-16T09:40:00Z,20.31999969482422,20.360000610351562,20.270000457763672,20.299999237060547,0
2025-10-16T09:45:00Z,20.270000457763672,20.270000457763672,20.170000076293945,20.170000076293945,0
2025-10-16T09:50:00Z,20.170000076293945,20.18000030517578,20.149999618530273,20.15999984741211,0
2025-10-16T09:55:00Z,20.149999618530273,20.15999984741211,20.110000610351562,20.110000610351562,0
2025-10-16T10:00:00Z,20.100000381469727,20.100000381469727,20.079999923706055,20.079999923706055,0
2025-10-16T10:05:00Z,20.06999969482422,20.079999923706055,19.989999771118164,19.989999771118164,0
2025-10-16T10:10:00Z,19.989999771118164,20.040000915527344,19.989999771118164,20.0,0
2025-10-16T10:15:00Z,20.0,20.030000686645508,20.0,20.020000457763672,0
2025-10-16T10:20:00Z,20.020000457763672,20.030000686645508,20.0,20.010000228881836,0
2025-10-16T10:25:00Z,20.010000228881836,20.010000228881836,19.940000534057617,19.940000534057617,0
2025-10-16T10:30:00Z,19.950000762939453,19.950000762939453,19.90999984741211,19.920000076293945,0
2025-10-16T10:35:00Z,19.920000076293945,19.959999084472656,19.90999984741211,19.940000534057617,0
2025-10-16T10:40:00Z,19.940000534057617,19.979999542236328,19.93000030517578,19.969999313354492,0
2025-10-16T10:45:00Z,19.959999084472656,20.010000228881836,19.959999084472656,20.0,0
2025-10-16T10:50:00Z,20.0,20.010000228881836,20.0,20.010000228881836,0
2025-10-16T10:55:00Z,20.010000228881836,20.020000457763672,19.969999313354492,20.010000228881836,0
2025-10-16T11:00:00Z,20.010000228881836,20.020000457763672,19.950000762939453,19.959999084472656,0
2025-10-16T11:05:00Z,19.959999084472656,19.959999084472656,19.940000534057617,19.950000762939453,0
2025-10-16T11:10:00Z,19.950000762939453,19.959999084472656,19.940000534057617,19.940000534057617,0
2025-10-16T11:15:00Z,19.950000762939453,19.950000762939453,19.93000030517578,19.93000030517578,0
2025-10-16T11:20:00Z,19.93000030517578,19.93000030517578,19.860000610351562,19.860000610351562,0
2025-10-16T11:25:00Z,19.860000610351562,19.8700008392334,19.850000381469727,19.8700008392334,0
2025-10-16T11:30:00Z,19.8700008392334,19.899999618530273,19.860000610351562,19.899999618530273,0
2025-10-16T11:35:00Z,19.889999389648438,19.940000534057617,19.889999389648438,19.920000076293945,0
2025-10-16T11:40:00Z,19.920000076293945,19.950000762939453,19.920000076293945,19.950000762939453,0
2025-10-16T11:45:00Z,19.950000762939453,19.969999313354492,19.940000534057617,19.969999313354492,0
2025-10-16T11:50:00Z,19.969999313354492,19.989999771118164,19.969999313354492,19.969999313354492,0
2025-10-16T11:55:00Z,19.979999542236328,19.979999542236328,19.969999313354492,19.979999542236328,0
2025-10-16T12:00:00Z,20.010000228881836,20.010000228881836,19.969999313354492,19.969999313354492,0
2025-10-16T12:05:00Z,19.979999542236328,20.079999923706055,19.969999313354492,20.079999923706055,0
2025-10-16T12:10:00Z,20.09000015258789,20.190000534057617,20.09000015258789,20.190000534057617,0
2025-10-16T12:15:00Z,20.190000534057617,20.190000534057617,20.1299991607666,20.170000076293945,0
2025-10-16T12:20:00Z,20.170000076293945,20.170000076293945,20.100000381469727,20.110000610351562,0
2025-10-16T12:25:00Z,20.110000610351562,20.170000076293945,20.110000610351562,20.149999618530273,0
2025-10-16T12:30:00Z,20.1299991607666,20.1299991607666,20.020000457763672,20.030000686645508,0
2025-10-16T12:35:00Z,20.020000457763672,20.06999969482422,19.979999542236328,19.979999542236328,0
2025-10-16T12:40:00Z,19.969999313354492,19.969999313354492,19.899999618530273,19.899999618530273,0
2025-10-16T12:45:00Z,19.899999618530273,19.950000762939453,19.8799991607666,19.920000076293945,0
2025-10-16T12:50:00Z,19.920000076293945,19.93000030517578,19.899999618530273,19.920000076293945,0
2025-10-16T12:55:00Z,19.90999984741211,20.010000228881836,19.889999389648438,20.010000228881836,0
2025-10-16T13:00:00Z,20.020000457763672,20.100000381469727,19.989999771118164,20.100000381469727,0
2025-10-16T13:05:00Z,20.100000381469727,20.100000381469727,20.040000915527344,20.040000915527344,0
2025-10-16T13:10:00Z,20.040000915527344,20.040000915527344,20.020000457763672,20.020000457763672,0
2025-10-16T13:15:00Z,20.020000457763672,20.040000915527344,19.989999771118164,20.020000457763672,0
2025-10-16T13:20:00Z,20.049999237060547,20.110000610351562,20.040000915527344,20.09000015258789,0
2025-10-16T13:25:00Z,20.06999969482422,20.06999969482422,20.06999969482422,20.06999969482422,0
2025-10-16T13:30:00Z,20.280000686645508,20.5,20.209999084472656,20.43000030517578,0
2025-10-16T13:35:00Z,20.40999984741211,20.510000228881836,20.34000015258789,20.3700008392334,0
2025-10-16T13:40:00Z,20.43000030517578,20.600000381469727,20.360000610351562,20.360000610351562,0
2025-10-16T13:45:00Z,20.329999923706055,20.559999465942383,20.139999389648438,20.530000686645508,0
2025-10-16T13:50:00Z,20.549999237060547,20.68000030517578,20.530000686645508,20.56999969482422,0
2025-10-16T13:55:00Z,20.579999923706055,20.690000534057617,20.5,20.559999465942383,0
2025-10-16T14:00:00Z,20.719999313354492,20.84000015258789,20.600000381469727,20.799999237060547,0
2025-10-16T14:05:00Z,20.739999771118164,20.90999984741211,20.639999389648438,20.860000610351562,0
2025-10-16T14:10:00Z,20.8799991607666,21.1200008392334,20.84000015258789,21.020000457763672,0
2025-10-16T14:15:00Z,21.040000915527344,21.100000381469727,20.739999771118164,20.809999465942383,0
2025-10-16T14:20:00Z,20.780000686645508,20.780000686645508,20.520000457763672,20.56999969482422,0
2025-10-16T14:25:00Z,20.670000076293945,20.829999923706055,20.559999465942383,20.75,0
2025-10-16T14:30:00Z,20.709999084472656,20.709999084472656,20.600000381469727,20.600000381469727,0
2025-10-16T14:35:00Z,20.600000381469727,20.610000610351562,20.479999542236328,20.59000015258789,0
2025-10-16T14:40:00Z,20.59000015258789,20.59000015258789,20.290000915527344,20.329999923706055,0
2025-10-16T14:45:00Z,20.350000381469727,20.59000015258789,20.31999969482422,20.579999923706055,0
2025-10-16T14:50:00Z,20.559999465942383,20.770000457763672,20.559999465942383,20.65999984741211,0
2025-10-16T14:55:00Z,20.579999923706055,20.780000686645508,20.530000686645508,20.760000228881836,0
2025-10-16T15:00:00Z,20.75,20.75,20.6200008392334,20.75,0
2025-10-16T15:05:00Z,20.719999313354492,20.850000381469727,20.579999923706055,20.610000610351562,0
2025-10-16T15:10:00Z,20.56999969482422,20.690000534057617,20.559999465942383,20.56999969482422,0
2025-10-16T15:15:00Z,20.579999923706055,20.719999313354492,20.579999923706055,20.579999923706055,0
2025-10-16T15:20:00Z,20.610000610351562,20.81999969482422,20.59000015258789,20.780000686645508,0
2025-10-16T15:25:00Z,20.809999465942383,21.219999313354492,20.809999465942383,21.200000762939453,0
2025-10-16T15:30:00Z,21.18000030517578,21.389999389648438,21.030000686645508,21.06999969482422,0
2025-10-16T15:35:00Z,21.040000915527344,21.15999984741211,20.989999771118164,21.1200008392334,0
2025-10-16T15:40:00Z,21.1200008392334,21.600000381469727,21.1200008392334,21.5,0
2025-10-16T15:45:00Z,21.540000915527344,21.760000228881836,21.540000915527344,21.719999313354492,0
2025-10-16T15:50:00Z,21.68000030517578,21.68000030517578,21.420000076293945,21.600000381469727,0
2025-10-16T15:55:00Z,21.59000015258789,21.809999465942383,21.59000015258789,21.739999771118164,0
2025-10-16T16:00:00Z,21.700000762939453,21.940000534057617,21.700000762939453,21.899999618530273,0
2025-10-16T16:05:00Z,21.780000686645508,21.790000915527344,21.59000015258789,21.770000457763672,0
2025-10-16T16:10:00Z,21.809999465942383,21.8700008392334,21.639999389648438,21.770000457763672,0
2025-10-16T16:15:00Z,21.760000228881836,22.280000686645508,21.65999984741211,22.280000686645508,0
2025-10-16T16:20:00Z,22.290000915527344,22.3799991607666,22.190000534057617,22.290000915527344,0
2025-10-16T16:25:00Z,22.260000228881836,22.780000686645508,22.260000228881836,22.780000686645508,0
2025-10-16T16:30:00Z,22.780000686645508,24.18000030517578,22.780000686645508,24.18000030517578,0
2025-10-16T16:35:00Z,24.1200008392334,24.1200008392334,23.579999923706055,23.75,0
2025-10-16T16:40:00Z,23.729999542236328,23.889999389648438,23.350000381469727,23.670000076293945,0
2025-10-16T16:45:00Z,23.600000381469727,24.200000762939453,23.600000381469727,23.790000915527344,0
2025-10-16T16:50:00Z,23.68000030517578,23.68000030517578,23.270000457763672,23.3700008392334,0
2025-10-16T16:55:00Z,23.309999465942383,23.309999465942383,22.440000534057617,22.440000534057617,0
2025-10-16T17:00:00Z,22.40999984741211,23.170000076293945,22.34000015258789,23.079999923706055,0
2025-10-16T17:05:00Z,23.100000381469727,23.3799991607666,22.93000030517578,23.040000915527344,0
2025-10-16T17:10:00Z,22.969999313354492,23.06999969482422,22.760000228881836,22.940000534057617,0
2025-10-16T17:15:00Z,22.959999084472656,23.0,22.389999389648438,22.530000686645508,0
2025-10-16T17:20:00Z,22.56999969482422,23.020000457763672,22.56999969482422,22.889999389648438,0
2025-10-16T17:25:00Z,22.920000076293945,23.0,22.65999984741211,22.65999984741211,0
2025-10-16T17:30:00Z,22.670000076293945,22.780000686645508,22.530000686645508,22.670000076293945,0
2025-10-16T17:35:00Z,22.709999084472656,22.729999542236328,22.59000015258789,22.719999313354492,0
2025-10-16T17:40:00Z,22.889999389648438,23.309999465942383,22.889999389648438,23.239999771118164,0
2025-10-16T17:45:00Z,23.219999313354492,23.420000076293945,23.190000534057617,23.190000534057617,0
2025-10-16T17:50:00Z,23.239999771118164,23.540000915527344,23.239999771118164,23.540000915527344,0
2025-10-16T17:55:00Z,23.5,23.5,23.309999465942383,23.360000610351562,0
2025-10-16T18:00:00Z,23.329999923706055,23.8799991607666,23.329999923706055,23.8799991607666,0
2025-10-16T18:05:00Z,23.90999984741211,24.239999771118164,23.850000381469727,24.200000762939453,0
2025-10-16T18:10:00Z,24.190000534057617,24.790000915527344,24.15999984741211,24.780000686645508,0
2025-10-16T18:15:00Z,24.770000457763672,25.1200008392334,24.520000457763672,24.90999984741211,0
2025-10-16T18:20:00Z,24.950000762939453,24.950000762939453,24.299999237060547,24.56999969482422,0
2025-10-16T18:25:00Z,24.489999771118164,24.8799991607666,24.489999771118164,24.690000534057617,0
2025-10-16T18:30:00Z,24.670000076293945,25.139999389648438,24.579999923706055,25.1299991607666,0
2025-10-16T18:35:00Z,25.110000610351562,25.110000610351562,24.389999389648438,24.479999542236328,0
2025-10-16T18:40:00Z,24.510000228881836,24.540000915527344,23.989999771118164,24.18000030517578,0
2025-10-16T18:45:00Z,24.09000015258789,24.09000015258789,23.770000457763672,24.049999237060547,0
2025-10-16T18:50:00Z,24.049999237060547,24.139999389648438,23.8799991607666,23.8799991607666,0
2025-10-16T18:55:00Z,23.850000381469727,23.93000030517578,23.84000015258789,23.84000015258789,0
2025-10-16T19:00:00Z,23.850000381469727,24.1299991607666,23.799999237060547,24.040000915527344,0
2025-10-16T19:05:00Z,24.059999465942383,24.15999984741211,23.989999771118164,24.030000686645508,0
2025-10-16T19:10:00Z,24.040000915527344,24.280000686645508,23.829999923706055,24.280000686645508,0
2025-10-16T19:15:00Z,24.329999923706055,24.549999237060547,24.309999465942383,24.549999237060547,0
2025-10-16T19:20:00Z,24.530000686645508,24.90999984741211,24.510000228881836,24.559999465942383,0
2025-10-16T19:25:00Z,24.610000610351562,24.959999084472656,24.56999969482422,24.940000534057617,0
2025-10-16T19:30:00Z,24.950000762939453,25.299999237060547,24.90999984741211,25.229999542236328,0
2025-10-16T19:35:00Z,25.200000762939453,25.43000030517578,24.850000381469727,25.399999618530273,0
2025-10-16T19:40:00Z,25.360000610351562,25.360000610351562,25.059999465942383,25.059999465942383,0
2025-10-16T19:45:00Z,25.06999969482422,25.09000015258789,24.809999465942383,24.809999465942383,0
2025-10-16T19:50:00Z,24.809999465942383,24.809999465942383,24.450000762939453,24.479999542236328,0
2025-10-16T19:55:00Z,24.450000762939453,24.84000015258789,24.399999618530273,24.59000015258789,0
2025-10-16T20:00:00Z,24.670000076293945,24.700000762939453,24.549999237060547,24.68000030517578,0
2025-10-16T20:05:00Z,24.700000762939453,24.979999542236328,24.700000762939453,24.979999542236328,0
2025-10-16T20:10:00Z,25.0,25.329999923706055,24.979999542236328,25.299999237060547,0
2025-10-17T07:15:00Z,28.40999984741211,28.649999618530273,28.260000228881836,28.649999618530273,0
2025-10-17T07:20:00Z,28.670000076293945,28.989999771118164,28.43000030517578,28.43000030517578,0
2025-10-17T07:25:00Z,28.420000076293945,28.420000076293945,28.059999465942383,28.209999084472656,0
2025-10-17T07:30:00Z,28.229999542236328,28.809999465942383,28.209999084472656,28.780000686645508,0
2025-10-17T07:35:00Z,28.770000457763672,28.8799991607666,28.59000015258789,28.649999618530273,0
2025-10-17T07:40:00Z,28.68000030517578,28.68000030517578,28.280000686645508,28.280000686645508,0
2025-10-17T07:45:00Z,28.34000015258789,28.34000015258789,28.059999465942383,28.059999465942383,0
2025-10-17T07:50:00Z,28.079999923706055,28.079999923706055,27.809999465942383,27.809999465942383,0
2025-10-17T07:55:00Z,27.860000610351562,28.059999465942383,27.860000610351562,28.020000457763672,0
2025-10-17T08:00:00Z,28.059999465942383,28.34000015258789,27.959999084472656,28.34000015258789,0
2025-10-17T08:05:00Z,28.34000015258789,28.5,28.049999237060547,28.219999313354492,0
2025-10-17T08:10:00Z,28.209999084472656,28.309999465942383,28.09000015258789,28.309999465942383,0
2025-10-17T08:15:00Z,28.329999923706055,28.329999923706055,28.15999984741211,28.299999237060547,0
2025-10-17T08:20:00Z,28.329999923706055,28.399999618530273,28.059999465942383,28.06999969482422,0
2025-10-17T08:25:00Z,28.059999465942383,28.059999465942383,27.8700008392334,27.8700008392334,0
2025-10-17T08:30:00Z,27.8700008392334,27.950000762939453,27.579999923706055,27.579999923706055,0
2025-10-17T08:35:00Z,27.56999969482422,27.670000076293945,27.440000534057617,27.670000076293945,0
2025-10-17T08:40:00Z,27.690000534057617,27.75,27.56999969482422,27.75,0
2025-10-17T08:45:00Z,27.770000457763672,27.809999465942383,27.56999969482422,27.56999969482422,0
2025-10-17T08:50:00Z,27.56999969482422,27.739999771118164,27.56999969482422,27.690000534057617,0
2025-10-17T08:55:00Z,27.690000534057617,27.690000534057617,27.549999237060547,27.559999465942383,0
2025-10-17T09:00:00Z,27.579999923706055,27.579999923706055,27.389999389648438,27.399999618530273,0
2025-10-17T09:05:00Z,27.399999618530273,27.420000076293945,27.360000610351562,27.420000076293945,0
2025-10-17T09:10:00Z,27.420000076293945,27.420000076293945,27.260000228881836,27.260000228881836,0
2025-10-17T09:15:00Z,27.260000228881836,27.270000457763672,27.100000381469727,27.170000076293945,0
2025-10-17T09:20:00Z,27.139999389648438,27.149999618530273,26.889999389648438,26.889999389648438,0
2025-10-17T09:25:00Z,26.90999984741211,27.020000457763672,26.860000610351562,27.0,0
2025-10-17T09:30:00Z,26.979999542236328,27.09000015258789,26.979999542236328,26.989999771118164,0
2025-10-17T09:35:00Z,26.979999542236328,26.979999542236328,26.799999237060547,26.8700008392334,0
2025-10-17T09:40:00Z,26.8799991607666,27.25,26.8799991607666,27.190000534057617,0
2025-10-17T09:45:00Z,27.18000030517578,27.25,27.139999389648438,27.219999313354492,0
2025-10-17T09:50:00Z,27.190000534057617,27.190000534057617,27.100000381469727,27.1299991607666,0
2025-10-17T09:55:00Z,27.139999389648438,27.239999771118164,27.139999389648438,27.229999542236328,0
2025-10-17T10:00:00Z,27.329999923706055,27.329999923706055,26.950000762939453,26.950000762939453,0
2025-10-17T10:05:00Z,26.93000030517578,26.969999313354492,26.8799991607666,26.899999618530273,0
2025-10-17T10:10:00Z,26.940000534057617,27.049999237060547,26.920000076293945,27.049999237060547,0
2025-10-17T10:15:00Z,27.040000915527344,27.280000686645508,27.0,27.229999542236328,0
2025-10-17T10:20:00Z,27.229999542236328,27.350000381469727,27.229999542236328,27.329999923706055,0
2025-10-17T10:25:00Z,27.34000015258789,27.360000610351562,27.200000762939453,27.280000686645508,0
2025-10-17T10:30:00Z,27.299999237060547,27.299999237060547,26.950000762939453,27.079999923706055,0
2025-10-17T10:35:00Z,27.020000457763672,27.020000457763672,26.81999969482422,26.81999969482422,0
2025-10-17T10:40:00Z,26.780000686645508,26.860000610351562,26.75,26.760000228881836,0
2025-10-17T10:45:00Z,26.780000686645508,26.850000381469727,26.6200008392334,26.850000381469727,0
2025-10-17T10:50:00Z,26.8700008392334,26.920000076293945,26.559999465942383,26.600000381469727,0
2025-10-17T10:55:00Z,26.600000381469727,26.600000381469727,26.43000030517578,26.43000030517578,0
2025-10-17T11:00:00Z,26.360000610351562,26.360000610351562,26.18000030517578,26.329999923706055,0
2025-10-17T11:05:00Z,26.350000381469727,26.3799991607666,25.81999969482422,25.860000610351562,0
2025-10-17T11:10:00Z,25.850000381469727,25.989999771118164,25.25,25.309999465942383,0
2025-10-17T11:15:00Z,25.209999084472656,25.280000686645508,25.010000228881836,25.100000381469727,0
2025-10-17T11:20:00Z,25.059999465942383,25.209999084472656,24.940000534057617,24.940000534057617,0
2025-10-17T11:25:00Z,24.850000381469727,24.950000762939453,24.649999618530273,24.649999618530273,0
2025-10-17T11:30:00Z,24.65999984741211,24.739999771118164,24.549999237060547,24.559999465942383,0
2025-10-17T11:35:00Z,24.56999969482422,24.600000381469727,24.459999084472656,24.5,0
2025-10-17T11:40:00Z,24.520000457763672,24.65999984741211,24.510000228881836,24.549999237060547,0
2025-10-17T11:45:00Z,24.65999984741211,24.75,24.579999923706055,24.610000610351562,0
2025-10-17T11:50:00Z,24.600000381469727,25.049999237060547,24.600000381469727,24.979999542236328,0
2025-10-17T11:55:00Z,24.790000915527344,24.8700008392334,24.59000015258789,24.59000015258789,0
2025-10-17T12:00:00Z,24.56999969482422,24.6299991607666,24.3799991607666,24.479999542236328,0
2025-10-17T12:05:00Z,24.459999084472656,24.459999084472656,23.950000762939453,23.959999084472656,0
2025-10-17T12:10:00Z,23.950000762939453,24.190000534057617,23.90999984741211,24.059999465942383,0
2025-10-17T12:15:00Z,24.06999969482422,24.079999923706055,23.8799991607666,23.8799991607666,0
2025-10-17T12:20:00Z,23.860000610351562,23.8700008392334,23.6200008392334,23.670000076293945,0
2025-10-17T12:25:00Z,23.68000030517578,23.860000610351562,23.68000030517578,23.700000762939453,0
2025-10-17T12:30:00Z,23.670000076293945,23.780000686645508,23.520000457763672,23.75,0
2025-10-17T12:35:00Z,23.68000030517578,23.700000762939453,23.43000030517578,23.469999313354492,0
2025-10-17T12:40:00Z,23.479999542236328,23.649999618530273,23.479999542236328,23.639999389648438,0
2025-10-17T12:45:00Z,23.670000076293945,23.700000762939453,23.610000610351562,23.649999618530273,0
2025-10-17T12:50:00Z,23.649999618530273,23.899999618530273,23.610000610351562,23.780000686645508,0
2025-10-17T12:55:00Z,23.770000457763672,23.959999084472656,23.729999542236328,23.950000762939453,0
2025-10-17T13:00:00Z,23.920000076293945,24.049999237060547,23.8799991607666,23.8799991607666,0
2025-10-17T13:05:00Z,23.93000030517578,24.040000915527344,23.829999923706055,23.8799991607666,0
2025-10-17T13:10:00Z,23.8799991607666,24.020000457763672,23.84000015258789,24.020000457763672,0
2025-10-17T13:15:00Z,24.059999465942383,24.139999389648438,24.0,24.010000228881836,0
2025-10-17T13:20:00Z,24.010000228881836,24.030000686645508,23.940000534057617,23.950000762939453,0
2025-10-17T13:25:00Z,23.90999984741211,23.90999984741211,23.90999984741211,23.90999984741211,0
2025-10-17T13:30:00Z,24.510000228881836,24.600000381469727,24.09000015258789,24.110000610351562,0
2025-10-17T13:35:00Z,24.049999237060547,24.34000015258789,23.8799991607666,24.34000015258789,0
2025-10-17T13:40:00Z,24.34000015258789,25.09000015258789,24.329999923706055,25.09000015258789,0
2025-10-17T13:45:00Z,25.030000686645508,25.06999969482422,24.5,24.559999465942383,0
2025-10-17T13:50:00Z,24.6299991607666,24.6299991607666,23.84000015258789,23.84000015258789,0
2025-10-17T13:55:00Z,23.90999984741211,24.229999542236328,23.709999084472656,24.229999542236328,0
2025-10-17T14:00:00Z,24.260000228881836,24.56999969482422,24.09000015258789,24.1299991607666,0
2025-10-17T14:05:00Z,24.229999542236328,24.239999771118164,24.010000228881836,24.229999542236328,0
2025-10-17T14:10:00Z,24.260000228881836,24.280000686645508,23.43000030517578,23.440000534057617,0
2025-10-17T14:15:00Z,23.440000534057617,23.489999771118164,23.190000534057617,23.420000076293945,0
2025-10-17T14:20:00Z,23.40999984741211,23.510000228881836,23.219999313354492,23.219999313354492,0
2025-10-17T14:25:00Z,23.229999542236328,23.31999969482422,23.139999389648438,23.219999313354492,0
2025-10-17T14:30:00Z,23.15999984741211,23.540000915527344,23.15999984741211,23.540000915527344,0
2025-10-17T14:35:00Z,23.649999618530273,24.049999237060547,23.649999618530273,24.049999237060547,0
2025-10-17T14:40:00Z,24.09000015258789,24.18000030517578,23.729999542236328,24.049999237060547,0
2025-10-17T14:45:00Z,24.100000381469727,24.149999618530273,23.649999618530273,23.729999542236328,0
2025-10-17T14:50:00Z,23.770000457763672,23.920000076293945,23.6299991607666,23.829999923706055,0
2025-10-17T14:55:00Z,23.899999618530273,24.450000762939453,23.899999618530273,24.43000030517578,0
2025-10-17T15:00:00Z,24.420000076293945,24.489999771118164,23.860000610351562,23.920000076293945,0
2025-10-17T15:05:00Z,23.920000076293945,24.149999618530273,23.75,24.139999389648438,0
2025-10-17T15:10:00Z,24.190000534057617,24.68000030517578,24.0,24.68000030517578,0
2025-10-17T15:15:00Z,24.760000228881836,24.760000228881836,24.489999771118164,24.719999313354492,0
2025-10-17T15:20:00Z,24.690000534057617,24.8799991607666,24.65999984741211,24.850000381469727,0
2025-10-17T15:25:00Z,24.8700008392334,24.959999084472656,24.59000015258789,24.600000381469727,0
2025-10-17T15:30:00Z,24.59000015258789,24.709999084472656,24.459999084472656,24.6200008392334,0
2025-10-17T15:35:00Z,24.6299991607666,25.0,24.549999237060547,24.579999923706055,0
2025-10-17T15:40:00Z,24.520000457763672,24.520000457763672,24.100000381469727,24.1299991607666,0
2025-10-17T15:45:00Z,24.1299991607666,24.209999084472656,23.809999465942383,23.809999465942383,0
2025-10-17T15:50:00Z,23.790000915527344,23.8799991607666,23.670000076293945,23.770000457763672,0
2025-10-17T15:55:00Z,23.790000915527344,23.799999237060547,23.520000457763672,23.649999618530273,0
2025-10-17T16:00:00Z,23.6299991607666,23.65999984741211,23.34000015258789,23.420000076293945,0
2025-10-17T16:05:00Z,23.420000076293945,23.469999313354492,23.229999542236328,23.229999542236328,0
2025-10-17T16:10:00Z,23.229999542236328,23.489999771118164,23.229999542236328,23.489999771118164,0
2025-10-17T16:15:00Z,23.459999084472656,23.479999542236328,23.299999237060547,23.440000534057617,0
2025-10-17T16:20:00Z,23.389999389648438,23.510000228881836,23.3799991607666,23.40999984741211,0
2025-10-17T16:25:00Z,23.3799991607666,23.43000030517578,23.229999542236328,23.25,0
2025-10-17T16:30:00Z,23.260000228881836,23.3700008392334,23.15999984741211,23.3700008392334,0
2025-10-17T16:35:00Z,23.40999984741211,23.520000457763672,23.280000686645508,23.450000762939453,0
2025-10-17T16:40:00Z,23.459999084472656,23.709999084472656,23.459999084472656,23.610000610351562,0
2025-10-17T16:45:00Z,23.600000381469727,23.770000457763672,23.34000015258789,23.3700008392334,0
2025-10-17T16:50:00Z,23.360000610351562,23.75,23.270000457763672,23.700000762939453,0
2025-10-17T16:55:00Z,23.739999771118164,23.889999389648438,23.6200008392334,23.649999618530273,0
2025-10-17T17:00:00Z,23.649999618530273,23.829999923706055,23.649999618530273,23.829999923706055,0
2025-10-17T17:05:00Z,23.790000915527344,23.93000030517578,23.6200008392334,23.899999618530273,0
2025-10-17T17:10:00Z,23.860000610351562,24.030000686645508,23.809999465942383,23.889999389648438,0
2025-10-17T17:15:00Z,23.889999389648438,24.190000534057617,23.889999389648438,24.170000076293945,0
2025-10-17T17:20:00Z,24.170000076293945,24.200000762939453,23.899999618530273,23.989999771118164,0
2025-10-17T17:25:00Z,23.940000534057617,24.030000686645508,23.940000534057617,23.969999313354492,0
2025-10-17T17:30:00Z,23.979999542236328,24.0,23.709999084472656,23.709999084472656,0
2025-10-17T17:35:00Z,23.700000762939453,23.709999084472656,23.520000457763672,23.670000076293945,0
2025-10-17T17:40:00Z,23.670000076293945,23.889999389648438,23.670000076293945,23.860000610351562,0
2025-10-17T17:45:00Z,23.8700008392334,24.079999923706055,23.8700008392334,23.920000076293945,0
2025-10-17T17:50:00Z,23.850000381469727,23.850000381469727,23.389999389648438,23.389999389648438,0
2025-10-17T17:55:00Z,23.399999618530273,23.579999923706055,23.360000610351562,23.43000030517578,0
2025-10-17T18:00:00Z,23.43000030517578,23.43000030517578,23.229999542236328,23.239999771118164,0
2025-10-17T18:05:00Z,23.260000228881836,23.260000228881836,23.059999465942383,23.1299991607666,0
2025-10-17T18:10:00Z,23.110000610351562,23.190000534057617,23.040000915527344,23.110000610351562,0
2025-10-17T18:15:00Z,23.06999969482422,23.06999969482422,22.719999313354492,22.719999313354492,0
2025-10-17T18:20:00Z,22.719999313354492,22.719999313354492,22.530000686645508,22.559999465942383,0
2025-10-17T18:25:00Z,22.56999969482422,22.639999389648438,22.5,22.549999237060547,0
2025-10-17T18:30:00Z,22.559999465942383,22.579999923706055,22.469999313354492,22.530000686645508,0
2025-10-17T18:35:00Z,22.520000457763672,22.520000457763672,22.299999237060547,22.3700008392334,0
2025-10-17T18:40:00Z,22.389999389648438,22.5,22.360000610351562,22.479999542236328,0
2025-10-17T18:45:00Z,22.489999771118164,22.489999771118164,22.31999969482422,22.34000015258789,0
2025-10-17T18:50:00Z,22.329999923706055,22.329999923706055,22.200000762939453,22.219999313354492,0
2025-10-17T18:55:00Z,22.219999313354492,22.219999313354492,22.09000015258789,22.1200008392334,0
2025-10-17T19:00:00Z,22.110000610351562,22.1200008392334,21.979999542236328,21.979999542236328,0
2025-10-17T19:05:00Z,21.979999542236328,22.020000457763672,21.889999389648438,21.889999389648438,0
2025-10-17T19:10:00Z,21.8700008392334,21.8700008392334,21.68000030517578,21.729999542236328,0
2025-10-17T19:15:00Z,21.719999313354492,21.770000457763672,21.709999084472656,21.719999313354492,0
2025-10-17T19:20:00Z,21.709999084472656,21.709999084472656,21.579999923706055,21.579999923706055,0
2025-10-17T19:25:00Z,21.559999465942383,21.639999389648438,21.530000686645508,21.530000686645508,0
2025-10-17T19:30:00Z,21.489999771118164,21.68000030517578,21.489999771118164,21.610000610351562,0
2025-10-17T19:35:00Z,21.59000015258789,21.6299991607666,21.510000228881836,21.540000915527344,0
2025-10-17T19:40:00Z,21.530000686645508,21.549999237060547,21.489999771118164,21.510000228881836,0
2025-10-17T19:45:00Z,21.469999313354492,21.5,21.350000381469727,21.350000381469727,0
2025-10-17T19:50:00Z,21.360000610351562,21.440000534057617,21.280000686645508,21.280000686645508,0
2025-10-17T19:55:00Z,21.309999465942383,21.350000381469727,21.049999237060547,21.059999465942383,0
2025-10-17T20:00:00Z,21.020000457763672,21.09000015258789,20.920000076293945,20.920000076293945,0
2025-10-17T20:05:00Z,20.90999984741211,20.90999984741211,20.809999465942383,20.809999465942383,0
2025-10-17T20:10:00Z,20.809999465942383,20.809999465942383,20.729999542236328,20.760000228881836,0
2025-10-20T07:15:00Z,20.530000686645508,20.530000686645508,20.459999084472656,20.459999084472656,0
2025-10-20T07:20:00Z,20.469999313354492,20.469999313354492,20.43000030517578,20.450000762939453,0
2025-10-20T07:25:00Z,20.450000762939453,20.479999542236328,20.399999618530273,20.399999618530273,0
2025-10-20T07:30:00Z,20.399999618530273,20.420000076293945,20.389999389648438,20.399999618530273,0
2025-10-20T07:35:00Z,20.40999984741211,20.40999984741211,20.34000015258789,20.34000015258789,0
2025-10-20T07:40:00Z,20.360000610351562,20.420000076293945,20.360000610351562,20.399999618530273,0
2025-10-20T07:45:00Z,20.399999618530273,20.440000534057617,20.399999618530273,20.440000534057617,0
2025-10-20T07:50:00Z,20.440000534057617,20.469999313354492,20.389999389648438,20.469999313354492,0
2025-10-20T07:55:00Z,20.469999313354492,20.510000228881836,20.469999313354492,20.479999542236328,0
2025-10-20T08:00:00Z,20.489999771118164,20.530000686645508,20.459999084472656,20.479999542236328,0
2025-10-20T08:05:00Z,20.479999542236328,20.520000457763672,20.469999313354492,20.5,0
2025-10-20T08:10:00Z,20.510000228881836,20.56999969482422,20.510000228881836,20.520000457763672,0
2025-10-20T08:15:00Z,20.520000457763672,20.600000381469727,20.520000457763672,20.600000381469727,0
2025-10-20T08:20:00Z,20.600000381469727,20.6299991607666,20.600000381469727,20.610000610351562,0
2025-10-20T08:25:00Z,20.610000610351562,20.6200008392334,20.59000015258789,20.59000015258789,0
2025-10-20T08:30:00Z,20.59000015258789,20.600000381469727,20.549999237060547,20.56999969482422,0
2025-10-20T08:35:00Z,20.59000015258789,20.6200008392334,20.549999237060547,20.600000381469727,0
2025-10-20T08:40:00Z,20.600000381469727,20.639999389648438,20.579999923706055,20.639999389648438,0
2025-10-20T08:45:00Z,20.639999389648438,20.729999542236328,20.600000381469727,20.729999542236328,0
2025-10-20T08:50:00Z,20.739999771118164,20.780000686645508,20.739999771118164,20.770000457763672,0
2025-10-20T08:55:00Z,20.770000457763672,20.799999237060547,20.75,20.770000457763672,0
2025-10-20T09:00:00Z,20.780000686645508,20.850000381469727,20.760000228881836,20.760000228881836,0
2025-10-20T09:05:00Z,20.770000457763672,20.809999465942383,20.770000457763672,20.770000457763672,0
2025-10-20T09:10:00Z,20.780000686645508,20.780000686645508,20.729999542236328,20.739999771118164,0
2025-10-20T09:15:00Z,20.739999771118164,20.739999771118164,20.690000534057617,20.690000534057617,0
2025-10-20T09:20:00Z,20.690000534057617,20.709999084472656,20.68000030517578,20.68000030517578,0
2025-10-20T09:25:00Z,20.670000076293945,20.700000762939453,20.649999618530273,20.700000762939453,0
2025-10-20T09:30:00Z,20.700000762939453,20.739999771118164,20.700000762939453,20.739999771118164,0
2025-10-20T09:35:00Z,20.75,20.799999237060547,20.75,20.790000915527344,0
2025-10-20T09:40:00Z,20.790000915527344,20.84000015258789,20.760000228881836,20.81999969482422,0
2025-10-20T09:45:00Z,20.81999969482422,20.860000610351562,20.81999969482422,20.81999969482422,0
2025-10-20T09:50:00Z,20.84000015258789,20.8700008392334,20.829999923706055,20.8700008392334,0
2025-10-20T09:55:00Z,20.860000610351562,20.860000610351562,20.799999237060547,20.809999465942383,0
2025-10-20T10:00:00Z,20.809999465942383,20.850000381469727,20.760000228881836,20.850000381469727,0
2025-10-20T10:05:00Z,20.850000381469727,20.8799991607666,20.850000381469727,20.860000610351562,0
2025-10-20T10:10:00Z,20.860000610351562,20.8700008392334,20.850000381469727,20.860000610351562,0
2025-10-20T10:15:00Z,20.850000381469727,20.860000610351562,20.81999969482422,20.84000015258789,0
2025-10-20T10:20:00Z,20.84000015258789,20.860000610351562,20.84000015258789,20.850000381469727,0
2025-10-20T10:25:00Z,20.850000381469727,20.8700008392334,20.84000015258789,20.84000015258789,0
2025-10-20T10:30:00Z,20.829999923706055,20.829999923706055,20.739999771118164,20.739999771118164,0
2025-10-20T10:35:00Z,20.739999771118164,20.739999771118164,20.719999313354492,20.729999542236328,0
2025-10-20T10:40:00Z,20.719999313354492,20.84000015258789,20.68000030517578,20.84000015258789,0
2025-10-20T10:45:00Z,20.84000015258789,20.989999771118164,20.84000015258789,20.93000030517578,0
2025-10-20T10:50:00Z,20.940000534057617,21.010000228881836,20.940000534057617,20.969999313354492,0
2025-10-20T10:55:00Z,20.959999084472656,21.020000457763672,20.950000762939453,21.010000228881836,0
2025-10-20T11:00:00Z,21.010000228881836,21.020000457763672,20.940000534057617,20.969999313354492,0
2025-10-20T11:05:00Z,20.969999313354492,20.979999542236328,20.93000030517578,20.93000030517578,0
2025-10-20T11:10:00Z,20.920000076293945,20.920000076293945,20.860000610351562,20.8700008392334,0
2025-10-20T11:15:00Z,20.8700008392334,20.8700008392334,20.790000915527344,20.809999465942383,0
2025-10-20T11:20:00Z,20.809999465942383,20.81999969482422,20.809999465942383,20.809999465942383,0
2025-10-20T11:25:00Z,20.81999969482422,20.81999969482422,20.780000686645508,20.780000686645508,0
2025-10-20T11:30:00Z,20.790000915527344,20.81999969482422,20.770000457763672,20.770000457763672,0
2025-10-20T11:35:00Z,20.739999771118164,20.739999771118164,20.649999618530273,20.65999984741211,0
2025-10-20T11:40:00Z,20.65999984741211,20.690000534057617,20.649999618530273,20.690000534057617,0
2025-10-20T11:45:00Z,20.690000534057617,20.690000534057617,20.65999984741211,20.670000076293945,0
2025-10-20T11:50:00Z,20.68000030517578,20.68000030517578,20.56999969482422,20.56999969482422,0
2025-10-20T11:55:00Z,20.559999465942383,20.56999969482422,20.520000457763672,20.530000686645508,0
2025-10-20T12:00:00Z,20.530000686645508,20.56999969482422,20.530000686645508,20.559999465942383,0
2025-10-20T12:05:00Z,20.559999465942383,20.579999923706055,20.559999465942383,20.559999465942383,0
2025-10-20T12:10:00Z,20.549999237060547,20.549999237060547,20.510000228881836,20.510000228881836,0
2025-10-20T12:15:00Z,20.510000228881836,20.530000686645508,20.489999771118164,20.530000686645508,0
2025-10-20T12:20:00Z,20.520000457763672,20.520000457763672,20.459999084472656,20.469999313354492,0
2025-10-20T12:25:00Z,20.479999542236328,20.5,20.469999313354492,20.489999771118164,0
2025-10-20T12:30:00Z,20.489999771118164,20.489999771118164,20.440000534057617,20.459999084472656,0
2025-10-20T12:35:00Z,20.459999084472656,20.469999313354492,20.450000762939453,20.450000762939453,0
2025-10-20T12:40:00Z,20.450000762939453,20.450000762939453,20.399999618530273,20.40999984741211,0
2025-10-20T12:45:00Z,20.399999618530273,20.399999618530273,20.270000457763672,20.299999237060547,0
2025-10-20T12:50:00Z,20.329999923706055,20.329999923706055,20.290000915527344,20.309999465942383,0
2025-10-20T12:55:00Z,20.31999969482422,20.31999969482422,20.270000457763672,20.270000457763672,0
2025-10-20T13:00:00Z,20.270000457763672,20.270000457763672,20.190000534057617,20.190000534057617,0
2025-10-20T13:05:00Z,20.190000534057617,20.200000762939453,20.170000076293945,20.18000030517578,0
2025-10-20T13:10:00Z,20.170000076293945,20.200000762939453,20.170000076293945,20.200000762939453,0
2025-10-20T13:15:00Z,20.200000762939453,20.219999313354492,20.149999618530273,20.149999618530273,0
2025-10-20T13:20:00Z,20.149999618530273,20.149999618530273,20.079999923706055,20.110000610351562,0
2025-10-20T13:25:00Z,20.110000610351562,20.110000610351562,20.110000610351562,20.110000610351562,0
2025-10-20T13:30:00Z,19.959999084472656,19.959999084472656,19.68000030517578,19.68000030517578,0
2025-10-20T13:35:00Z,19.65999984741211,19.65999984741211,19.540000915527344,19.549999237060547,0
2025-10-20T13:40:00Z,19.559999465942383,19.559999465942383,19.459999084472656,19.530000686645508,0
2025-10-20T13:45:00Z,19.549999237060547,19.559999465942383,19.450000762939453,19.450000762939453,0
2025-10-20T13:50:00Z,19.5,19.510000228881836,19.40999984741211,19.469999313354492,0
2025-10-20T13:55:00Z,19.459999084472656,19.559999465942383,19.440000534057617,19.530000686645508,0
2025-10-20T14:00:00Z,19.520000457763672,19.520000457763672,19.309999465942383,19.329999923706055,0
2025-10-20T14:05:00Z,19.309999465942383,19.309999465942383,19.15999984741211,19.15999984741211,0
2025-10-20T14:10:00Z,19.149999618530273,19.149999618530273,19.06999969482422,19.100000381469727,0
2025-10-20T14:15:00Z,19.100000381469727,19.190000534057617,19.09000015258789,19.18000030517578,0
2025-10-20T14:20:00Z,19.15999984741211,19.170000076293945,19.059999465942383,19.06999969482422,0
2025-10-20T14:25:00Z,19.06999969482422,19.06999969482422,18.93000030517578,18.989999771118164,0
2025-10-20T14:30:00Z,18.989999771118164,19.030000686645508,18.989999771118164,19.030000686645508,0
2025-10-20T14:35:00Z,19.049999237060547,19.049999237060547,18.940000534057617,18.940000534057617,0
2025-10-20T14:40:00Z,18.899999618530273,18.899999618530273,18.760000228881836,18.770000457763672,0
2025-10-20T14:45:00Z,18.770000457763672,18.770000457763672,18.68000030517578,18.690000534057617,0
2025-10-20T14:50:00Z,18.690000534057617,18.719999313354492,18.68000030517578,18.68000030517578,0
2025-10-20T14:55:00Z,18.670000076293945,18.68000030517578,18.639999389648438,18.68000030517578,0
2025-10-20T15:00:00Z,18.68000030517578,18.739999771118164,18.68000030517578,18.729999542236328,0
2025-10-20T15:05:00Z,18.719999313354492,18.760000228881836,18.719999313354492,18.760000228881836,0
2025-10-20T15:10:00Z,18.75,18.8799991607666,18.739999771118164,18.8799991607666,0
2025-10-20T15:15:00Z,18.889999389648438,18.889999389648438,18.84000015258789,18.860000610351562,0
2025-10-20T15:20:00Z,18.850000381469727,18.860000610351562,18.81999969482422,18.850000381469727,0
2025-10-20T15:25:00Z,18.84000015258789,18.8700008392334,18.809999465942383,18.850000381469727,0
2025-10-20T15:30:00Z,18.860000610351562,18.8799991607666,18.84000015258789,18.8799991607666,0
2025-10-20T15:35:00Z,18.8799991607666,18.93000030517578,18.8700008392334,18.90999984741211,0
2025-10-20T15:40:00Z,18.920000076293945,18.950000762939453,18.889999389648438,18.889999389648438,0
2025-10-20T15:45:00Z,18.899999618530273,18.920000076293945,18.850000381469727,18.920000076293945,0
2025-10-20T15:50:00Z,18.93000030517578,19.09000015258789,18.93000030517578,18.979999542236328,0
2025-10-20T15:55:00Z,18.959999084472656,19.100000381469727,18.959999084472656,19.030000686645508,0
2025-10-20T16:00:00Z,19.0,19.020000457763672,18.959999084472656,18.959999084472656,0
2025-10-20T16:05:00Z,18.959999084472656,18.989999771118164,18.93000030517578,18.989999771118164,0
2025-10-20T16:10:00Z,19.0,19.049999237060547,18.989999771118164,19.040000915527344,0
2025-10-20T16:15:00Z,19.030000686645508,19.049999237060547,18.950000762939453,18.950000762939453,0
2025-10-20T16:20:00Z,18.959999084472656,19.010000228881836,18.940000534057617,18.959999084472656,0
2025-10-20T16:25:00Z,18.959999084472656,18.959999084472656,18.829999923706055,18.850000381469727,0
2025-10-20T16:30:00Z,18.84000015258789,18.889999389648438,18.829999923706055,18.889999389648438,0
2025-10-20T16:35:00Z,18.8799991607666,18.93000030517578,18.8700008392334,18.8700008392334,0
2025-10-20T16:40:00Z,18.8700008392334,18.8700008392334,18.799999237060547,18.829999923706055,0
2025-10-20T16:45:00Z,18.829999923706055,18.850000381469727,18.799999237060547,18.799999237060547,0
2025-10-20T16:50:00Z,18.799999237060547,18.809999465942383,18.780000686645508,18.790000915527344,0
2025-10-20T16:55:00Z,18.790000915527344,18.799999237060547,18.760000228881836,18.760000228881836,0
2025-10-20T17:00:00Z,18.760000228881836,18.760000228881836,18.6200008392334,18.6200008392334,0
2025-10-20T17:05:00Z,18.610000610351562,18.639999389648438,18.600000381469727,18.6200008392334,0
2025-10-20T17:10:00Z,18.610000610351562,18.6200008392334,18.600000381469727,18.610000610351562,0
2025-10-20T17:15:00Z,18.610000610351562,18.610000610351562,18.520000457763672,18.520000457763672,0
2025-10-20T17:20:00Z,18.520000457763672,18.530000686645508,18.5,18.510000228881836,0
2025-10-20T17:25:00Z,18.5,18.549999237060547,18.5,18.549999237060547,0
2025-10-20T17:30:00Z,18.549999237060547,18.549999237060547,18.520000457763672,18.549999237060547,0
2025-10-20T17:35:00Z,18.549999237060547,18.549999237060547,18.5,18.510000228881836,0
2025-10-20T17:40:00Z,18.510000228881836,18.510000228881836,18.469999313354492,18.489999771118164,0
2025-10-20T17:45:00Z,18.489999771118164,18.5,18.489999771118164,18.489999771118164,0
2025-10-20T17:50:00Z,18.479999542236328,18.530000686645508,18.479999542236328,18.530000686645508,0
2025-10-20T17:55:00Z,18.540000915527344,18.56999969482422,18.540000915527344,18.56999969482422,0
2025-10-20T18:00:00Z,18.559999465942383,18.559999465942383,18.469999313354492,18.479999542236328,0
2025-10-20T18:05:00Z,18.479999542236328,18.5,18.469999313354492,18.489999771118164,0
2025-10-20T18:10:00Z,18.489999771118164,18.5,18.459999084472656,18.469999313354492,0
2025-10-20T18:15:00Z,18.469999313354492,18.510000228881836,18.459999084472656,18.510000228881836,0
2025-10-20T18:20:00Z,18.5,18.559999465942383,18.5,18.540000915527344,0
2025-10-20T18:25:00Z,18.540000915527344,18.56999969482422,18.540000915527344,18.549999237060547,0
2025-10-20T18:30:00Z,18.549999237060547,18.59000015258789,18.540000915527344,18.579999923706055,0
2025-10-20T18:35:00Z,18.579999923706055,18.579999923706055,18.56999969482422,18.579999923706055,0
2025-10-20T18:40:00Z,18.59000015258789,18.610000610351562,18.59000015258789,18.600000381469727,0
2025-10-20T18:45:00Z,18.610000610351562,18.65999984741211,18.600000381469727,18.600000381469727,0
2025-10-20T18:50:00Z,18.600000381469727,18.6299991607666,18.59000015258789,18.59000015258789,0
2025-10-20T18:55:00Z,18.59000015258789,18.59000015258789,18.469999313354492,18.479999542236328,0
2025-10-20T19:00:00Z,18.479999542236328,18.479999542236328,18.399999618530273,18.420000076293945,0
2025-10-20T19:05:00Z,18.420000076293945,18.420000076293945,18.3700008392334,18.3700008392334,0
2025-10-20T19:10:00Z,18.3799991607666,18.420000076293945,18.3799991607666,18.399999618530273,0
2025-10-20T19:15:00Z,18.399999618530273,18.469999313354492,18.399999618530273,18.459999084472656,0
2025-10-20T19:20:00Z,18.459999084472656,18.489999771118164,18.459999084472656,18.459999084472656,0
2025-10-20T19:25:00Z,18.459999084472656,18.459999084472656,18.399999618530273,18.399999618530273,0
2025-10-20T19:30:00Z,18.40999984741211,18.450000762939453,18.40999984741211,18.440000534057617,0
2025-10-20T19:35:00Z,18.43000030517578,18.450000762939453,18.40999984741211,18.43000030517578,0
2025-10-20T19:40:00Z,18.43000030517578,18.450000762939453,18.43000030517578,18.450000762939453,0
2025-10-20T19:45:00Z,18.450000762939453,18.450000762939453,18.31999969482422,18.31999969482422,0
2025-10-20T19:50:00Z,18.299999237060547,18.309999465942383,18.229999542236328,18.229999542236328,0
2025-10-20T19:55:00Z,18.239999771118164,18.31999969482422,18.239999771118164,18.309999465942383,0
2025-10-20T20:00:00Z,18.31999969482422,18.3799991607666,18.31999969482422,18.34000015258789,0
2025-10-20T20:05:00Z,18.34000015258789,18.350000381469727,18.299999237060547,18.31999969482422,0
2025-10-20T20:10:00Z,18.309999465942383,18.309999465942383,18.229999542236328,18.229999542236328,0
2025-10-21T07:15:00Z,18.649999618530273,18.649999618530273,18.59000015258789,18.600000381469727,0
2025-10-21T07:20:00Z,18.600000381469727,18.610000610351562,18.59000015258789,18.610000610351562,0
2025-10-21T07:25:00Z,18.610000610351562,18.610000610351562,18.579999923706055,18.579999923706055,0
2025-10-21T07:30:00Z,18.579999923706055,18.6299991607666,18.56999969482422,18.6200008392334,0
2025-10-21T07:35:00Z,18.6299991607666,18.639999389648438,18.600000381469727,18.639999389648438,0
2025-10-21T07:40:00Z,18.639999389648438,18.670000076293945,18.6299991607666,18.670000076293945,0
2025-10-21T07:45:00Z,18.670000076293945,18.690000534057617,18.670000076293945,18.670000076293945,0
2025-10-21T07:50:00Z,18.670000076293945,18.68000030517578,18.649999618530273,18.649999618530273,0
2025-10-21T07:55:00Z,18.649999618530273,18.65999984741211,18.6299991607666,18.639999389648438,0
2025-10-21T08:00:00Z,18.639999389648438,18.65999984741211,18.639999389648438,18.65999984741211,0
2025-10-21T08:05:00Z,18.65999984741211,18.670000076293945,18.649999618530273,18.649999618530273,0
2025-10-21T08:10:00Z,18.65999984741211,18.68000030517578,18.649999618530273,18.670000076293945,0
2025-10-21T08:15:00Z,18.670000076293945,18.709999084472656,18.670000076293945,18.709999084472656,0
2025-10-21T08:20:00Z,18.709999084472656,18.719999313354492,18.690000534057617,18.709999084472656,0
2025-10-21T08:25:00Z,18.709999084472656,18.719999313354492,18.700000762939453,18.719999313354492,0
2025-10-21T08:30:00Z,18.709999084472656,18.729999542236328,18.700000762939453,18.709999084472656,0
2025-10-21T08:35:00Z,18.709999084472656,18.709999084472656,18.700000762939453,18.700000762939453,0
2025-10-21T08:40:00Z,18.709999084472656,18.739999771118164,18.709999084472656,18.709999084472656,0
2025-10-21T08:45:00Z,18.709999084472656,18.719999313354492,18.700000762939453,18.709999084472656,0
2025-10-21T08:50:00Z,18.709999084472656,18.739999771118164,18.709999084472656,18.739999771118164,0
2025-10-21T08:55:00Z,18.739999771118164,18.739999771118164,18.729999542236328,18.739999771118164,0
2025-10-21T09:00:00Z,18.739999771118164,18.75,18.729999542236328,18.739999771118164,0
2025-10-21T09:05:00Z,18.739999771118164,18.739999771118164,18.719999313354492,18.719999313354492,0
2025-10-21T09:10:00Z,18.719999313354492,18.729999542236328,18.690000534057617,18.700000762939453,0
2025-10-21T09:15:00Z,18.700000762939453,18.709999084472656,18.700000762939453,18.709999084472656,0
2025-10-21T09:20:00Z,18.709999084472656,18.729999542236328,18.709999084472656,18.719999313354492,0
2025-10-21T09:25:00Z,18.719999313354492,18.719999313354492,18.68000030517578,18.68000030517578,0
2025-10-21T09:30:00Z,18.68000030517578,18.690000534057617,18.639999389648438,18.65999984741211,0
2025-10-21T09:35:00Z,18.65999984741211,18.700000762939453,18.65999984741211,18.690000534057617,0
2025-10-21T09:40:00Z,18.690000534057617,18.690000534057617,18.68000030517578,18.68000030517578,0
2025-10-21T09:45:00Z,18.68000030517578,18.68000030517578,18.639999389648438,18.670000076293945,0
2025-10-21T09:50:00Z,18.670000076293945,18.670000076293945,18.65999984741211,18.65999984741211,0
2025-10-21T09:55:00Z,18.65999984741211,18.68000030517578,18.65999984741211,18.68000030517578,0
2025-10-21T10:00:00Z,18.68000030517578,18.68000030517578,18.65999984741211,18.65999984741211,0
2025-10-21T10:05:00Z,18.65999984741211,18.670000076293945,18.649999618530273,18.649999618530273,0
2025-10-21T10:10:00Z,18.65999984741211,18.670000076293945,18.65999984741211,18.670000076293945,0
2025-10-21T10:15:00Z,18.68000030517578,18.709999084472656,18.68000030517578,18.709999084472656,0
2025-10-21T10:20:00Z,18.700000762939453,18.719999313354492,18.690000534057617,18.690000534057617,0
2025-10-21T10:25:00Z,18.690000534057617,18.690000534057617,18.670000076293945,18.670000076293945,0
2025-10-21T10:30:00Z,18.670000076293945,18.670000076293945,18.6299991607666,18.649999618530273,0
2025-10-21T10:35:00Z,18.649999618530273,18.670000076293945,18.6299991607666,18.639999389648438,0
2025-10-21T10:40:00Z,18.639999389648438,18.639999389648438,18.6200008392334,18.6299991607666,0
2025-10-21T10:45:00Z,18.6299991607666,18.6299991607666,18.610000610351562,18.610000610351562,0
2025-10-21T10:50:00Z,18.610000610351562,18.610000610351562,18.579999923706055,18.59000015258789,0
2025-10-21T10:55:00Z,18.59000015258789,18.600000381469727,18.579999923706055,18.600000381469727,0
2025-10-21T11:00:00Z,18.600000381469727,18.600000381469727,18.56999969482422,18.56999969482422,0
2025-10-21T11:05:00Z,18.56999969482422,18.59000015258789,18.559999465942383,18.59000015258789,0
2025-10-21T11:10:00Z,18.59000015258789,18.600000381469727,18.530000686645508,18.540000915527344,0
2025-10-21T11:15:00Z,18.530000686645508,18.530000686645508,18.510000228881836,18.520000457763672,0
2025-10-21T11:20:00Z,18.520000457763672,18.520000457763672,18.510000228881836,18.510000228881836,0
2025-10-21T11:25:00Z,18.510000228881836,18.520000457763672,18.5,18.5,0
2025-10-21T11:30:00Z,18.5,18.549999237060547,18.489999771118164,18.540000915527344,0
2025-10-21T11:35:00Z,18.540000915527344,18.559999465942383,18.530000686645508,18.540000915527344,0
2025-10-21T11:40:00Z,18.540000915527344,18.540000915527344,18.510000228881836,18.540000915527344,0
2025-10-21T11:45:00Z,18.540000915527344,18.540000915527344,18.510000228881836,18.510000228881836,0
2025-10-21T11:50:00Z,18.520000457763672,18.559999465942383,18.520000457763672,18.559999465942383,0
2025-10-21T11:55:00Z,18.559999465942383,18.559999465942383,18.520000457763672,18.520000457763672,0
2025-10-21T12:00:00Z,18.520000457763672,18.559999465942383,18.510000228881836,18.559999465942383,0
2025-10-21T12:05:00Z,18.549999237060547,18.559999465942383,18.549999237060547,18.549999237060547,0
2025-10-21T12:10:00Z,18.540000915527344,18.540000915527344,18.520000457763672,18.530000686645508,0
2025-10-21T12:15:00Z,18.530000686645508,18.549999237060547,18.530000686645508,18.540000915527344,0
2025-10-21T12:20:00Z,18.540000915527344,18.540000915527344,18.510000228881836,18.510000228881836,0
2025-10-21T12:25:00Z,18.510000228881836,18.530000686645508,18.510000228881836,18.530000686645508,0
2025-10-21T12:30:00Z,18.530000686645508,18.600000381469727,18.530000686645508,18.600000381469727,0
2025-10-21T12:35:00Z,18.600000381469727,18.600000381469727,18.579999923706055,18.59000015258789,0
2025-10-21T12:40:00Z,18.59000015258789,18.59000015258789,18.56999969482422,18.56999969482422,0
2025-10-21T12:45:00Z,18.56999969482422,18.56999969482422,18.559999465942383,18.559999465942383,0
2025-10-21T12:50:00Z,18.56999969482422,18.6200008392334,18.56999969482422,18.600000381469727,0
2025-10-21T12:55:00Z,18.600000381469727,18.610000610351562,18.59000015258789,18.600000381469727,0
2025-10-21T13:00:00Z,18.59000015258789,18.59000015258789,18.56999969482422,18.579999923706055,0
2025-10-21T13:05:00Z,18.579999923706055,18.6200008392334,18.579999923706055,18.6200008392334,0
2025-10-21T13:10:00Z,18.6200008392334,18.670000076293945,18.6200008392334,18.6299991607666,0
2025-10-21T13:15:00Z,18.6299991607666,18.6299991607666,18.610000610351562,18.6200008392334,0
2025-10-21T13:20:00Z,18.6200008392334,18.6200008392334,18.59000015258789,18.600000381469727,0
2025-10-21T13:25:00Z,18.600000381469727,18.600000381469727,18.600000381469727,18.600000381469727,0
2025-10-21T13:30:00Z,18.59000015258789,18.65999984741211,18.56999969482422,18.56999969482422,0
2025-10-21T13:35:00Z,18.579999923706055,18.600000381469727,18.549999237060547,18.579999923706055,0
2025-10-21T13:40:00Z,18.579999923706055,18.729999542236328,18.56999969482422,18.6200008392334,0
2025-10-21T13:45:00Z,18.6299991607666,18.860000610351562,18.6299991607666,18.809999465942383,0
2025-10-21T13:50:00Z,18.780000686645508,18.780000686645508,18.719999313354492,18.729999542236328,0
2025-10-21T13:55:00Z,18.739999771118164,18.8700008392334,18.739999771118164,18.81999969482422,0
2025-10-21T14:00:00Z,18.809999465942383,18.889999389648438,18.809999465942383,18.84000015258789,0
2025-10-21T14:05:00Z,18.850000381469727,18.850000381469727,18.670000076293945,18.709999084472656,0
2025-10-21T14:10:00Z,18.729999542236328,18.729999542236328,18.56999969482422,18.56999969482422,0
2025-10-21T14:15:00Z,18.56999969482422,18.59000015258789,18.389999389648438,18.389999389648438,0
2025-10-21T14:20:00Z,18.3700008392334,18.3700008392334,18.280000686645508,18.309999465942383,0
2025-10-21T14:25:00Z,18.309999465942383,18.5,18.309999465942383,18.440000534057617,0
2025-10-21T14:30:00Z,18.469999313354492,18.540000915527344,18.3799991607666,18.3799991607666,0
2025-10-21T14:35:00Z,18.350000381469727,18.350000381469727,18.1200008392334,18.1200008392334,0
2025-10-21T14:40:00Z,18.1299991607666,18.1299991607666,18.030000686645508,18.1299991607666,0
2025-10-21T14:45:00Z,18.1200008392334,18.15999984741211,18.0,18.020000457763672,0
2025-10-21T14:50:00Z,18.010000228881836,18.010000228881836,17.8700008392334,17.8700008392334,0
2025-10-21T14:55:00Z,17.8700008392334,17.8700008392334,17.75,17.770000457763672,0
2025-10-21T15:00:00Z,17.770000457763672,17.81999969482422,17.75,17.780000686645508,0
2025-10-21T15:05:00Z,17.790000915527344,17.790000915527344,17.719999313354492,17.719999313354492,0
2025-10-21T15:10:00Z,17.709999084472656,17.709999084472656,17.6299991607666,17.65999984741211,0
2025-10-21T15:15:00Z,17.65999984741211,17.829999923706055,17.65999984741211,17.760000228881836,0
2025-10-21T15:20:00Z,17.75,17.920000076293945,17.75,17.899999618530273,0
2025-10-21T15:25:00Z,17.90999984741211,17.979999542236328,17.899999618530273,17.969999313354492,0
2025-10-21T15:30:00Z,17.950000762939453,17.950000762939453,17.899999618530273,17.940000534057617,0
2025-10-21T15:35:00Z,17.93000030517578,18.040000915527344,17.93000030517578,18.0,0
2025-10-21T15:40:00Z,17.979999542236328,17.979999542236328,17.920000076293945,17.950000762939453,0
2025-10-21T15:45:00Z,17.940000534057617,17.940000534057617,17.790000915527344,17.799999237060547,0
2025-10-21T15:50:00Z,17.790000915527344,17.799999237060547,17.739999771118164,17.760000228881836,0
2025-10-21T15:55:00Z,17.760000228881836,17.790000915527344,17.760000228881836,17.760000228881836,0
2025-10-21T16:00:00Z,17.760000228881836,17.770000457763672,17.709999084472656,17.75,0
2025-10-21T16:05:00Z,17.739999771118164,17.770000457763672,17.729999542236328,17.729999542236328,0
2025-10-21T16:10:00Z,17.729999542236328,17.739999771118164,17.719999313354492,17.719999313354492,0
2025-10-21T16:15:00Z,17.719999313354492,17.760000228881836,17.719999313354492,17.760000228881836,0
2025-10-21T16:20:00Z,17.760000228881836,17.780000686645508,17.700000762939453,17.719999313354492,0
2025-10-21T16:25:00Z,17.709999084472656,17.75,17.700000762939453,17.709999084472656,0
2025-10-21T16:30:00Z,17.709999084472656,17.709999084472656,17.68000030517578,17.68000030517578,0
2025-10-21T16:35:00Z,17.68000030517578,17.709999084472656,17.670000076293945,17.68000030517578,0
2025-10-21T16:40:00Z,17.68000030517578,17.719999313354492,17.670000076293945,17.68000030517578,0
2025-10-21T16:45:00Z,17.690000534057617,17.690000534057617,17.6200008392334,17.639999389648438,0
2025-10-21T16:50:00Z,17.649999618530273,17.959999084472656,17.6299991607666,17.940000534057617,0
2025-10-21T16:55:00Z,18.0,18.139999389648438,17.959999084472656,18.1299991607666,0
2025-10-21T17:00:00Z,18.1299991607666,18.329999923706055,18.1299991607666,18.260000228881836,0
2025-10-21T17:05:00Z,18.209999084472656,18.209999084472656,17.950000762939453,17.979999542236328,0
2025-10-21T17:10:00Z,17.969999313354492,17.969999313354492,17.790000915527344,17.799999237060547,0
2025-10-21T17:15:00Z,17.799999237060547,17.969999313354492,17.799999237060547,17.940000534057617,0
2025-10-21T17:20:00Z,17.940000534057617,18.030000686645508,17.920000076293945,17.920000076293945,0
2025-10-21T17:25:00Z,17.920000076293945,18.030000686645508,17.920000076293945,17.950000762939453,0
2025-10-21T17:30:00Z,17.93000030517578,17.969999313354492,17.8700008392334,17.93000030517578,0
2025-10-21T17:35:00Z,17.93000030517578,18.0,17.93000030517578,17.940000534057617,0
2025-10-21T17:40:00Z,17.950000762939453,17.950000762939453,17.84000015258789,17.860000610351562,0
2025-10-21T17:45:00Z,17.8799991607666,17.8799991607666,17.81999969482422,17.81999969482422,0
2025-10-21T17:50:00Z,17.799999237060547,17.799999237060547,17.75,17.770000457763672,0
2025-10-21T17:55:00Z,17.770000457763672,17.770000457763672,17.690000534057617,17.700000762939453,0
2025-10-21T18:00:00Z,17.690000534057617,17.690000534057617,17.649999618530273,17.649999618530273,0
2025-10-21T18:05:00Z,17.65999984741211,17.670000076293945,17.6299991607666,17.6299991607666,0
2025-10-21T18:10:00Z,17.6299991607666,17.649999618530273,17.6200008392334,17.6299991607666,0
2025-10-21T18:15:00Z,17.6299991607666,17.709999084472656,17.6299991607666,17.700000762939453,0
2025-10-21T18:20:00Z,17.690000534057617,17.690000534057617,17.579999923706055,17.579999923706055,0
2025-10-21T18:25:00Z,17.59000015258789,17.59000015258789,17.520000457763672,17.520000457763672,0
2025-10-21T18:30:00Z,17.510000228881836,17.510000228881836,17.440000534057617,17.440000534057617,0
2025-10-21T18:35:00Z,17.440000534057617,17.459999084472656,17.40999984741211,17.450000762939453,0
2025-10-21T18:40:00Z,17.420000076293945,17.469999313354492,17.420000076293945,17.469999313354492,0
2025-10-21T18:45:00Z,17.479999542236328,17.479999542236328,17.40999984741211,17.420000076293945,0
2025-10-21T18:50:00Z,17.420000076293945,17.469999313354492,17.399999618530273,17.469999313354492,0
2025-10-21T18:55:00Z,17.469999313354492,17.469999313354492,17.420000076293945,17.459999084472656,0
2025-10-21T19:00:00Z,17.459999084472656,17.540000915527344,17.459999084472656,17.540000915527344,0
2025-10-21T19:05:00Z,17.540000915527344,17.559999465942383,17.510000228881836,17.520000457763672,0
2025-10-21T19:10:00Z,17.520000457763672,17.549999237060547,17.510000228881836,17.520000457763672,0
2025-10-21T19:15:00Z,17.530000686645508,17.579999923706055,17.520000457763672,17.520000457763672,0
2025-10-21T19:20:00Z,17.520000457763672,17.559999465942383,17.520000457763672,17.559999465942383,0
2025-10-21T19:25:00Z,17.56999969482422,17.610000610351562,17.559999465942383,17.579999923706055,0
2025-10-21T19:30:00Z,17.579999923706055,17.6200008392334,17.579999923706055,17.6200008392334,0
2025-10-21T19:35:00Z,17.6200008392334,17.639999389648438,17.600000381469727,17.6299991607666,0
2025-10-21T19:40:00Z,17.6299991607666,17.65999984741211,17.6200008392334,17.6299991607666,0
2025-10-21T19:45:00Z,17.6200008392334,17.6299991607666,17.59000015258789,17.6299991607666,0
2025-10-21T19:50:00Z,17.6200008392334,17.639999389648438,17.549999237060547,17.56999969482422,0
2025-10-21T19:55:00Z,17.559999465942383,17.670000076293945,17.559999465942383,17.670000076293945,0
2025-10-21T20:00:00Z,17.760000228881836,18.010000228881836,17.719999313354492,17.979999542236328,0
2025-10-21T20:05:00Z,18.010000228881836,18.030000686645508,17.969999313354492,17.969999313354492,0
2025-10-21T20:10:00Z,17.950000762939453,17.959999084472656,17.8700008392334,17.8700008392334,0
2025-10-22T07:15:00Z,17.84000015258789,17.8799991607666,17.829999923706055,17.84000015258789,0
2025-10-22T07:20:00Z,17.81999969482422,17.829999923706055,17.809999465942383,17.809999465942383,0
2025-10-22T07:25:00Z,17.799999237060547,17.799999237060547,17.739999771118164,17.739999771118164,0
2025-10-22T07:30:00Z,17.739999771118164,17.75,17.739999771118164,17.75,0
2025-10-22T07:35:00Z,17.760000228881836,17.760000228881836,17.75,17.75,0
2025-10-22T07:40:00Z,17.75,17.770000457763672,17.729999542236328,17.770000457763672,0
2025-10-22T07:45:00Z,17.760000228881836,17.770000457763672,17.75,17.760000228881836,0
2025-10-22T07:50:00Z,17.760000228881836,17.760000228881836,17.75,17.75,0
2025-10-22T07:55:00Z,17.760000228881836,17.770000457763672,17.760000228881836,17.770000457763672,0
2025-10-22T08:00:00Z,17.760000228881836,17.809999465942383,17.760000228881836,17.790000915527344,0
2025-10-22T08:05:00Z,17.790000915527344,17.829999923706055,17.790000915527344,17.829999923706055,0
2025-10-22T08:10:00Z,17.829999923706055,17.920000076293945,17.829999923706055,17.90999984741211,0
2025-10-22T08:15:00Z,17.90999984741211,17.969999313354492,17.90999984741211,17.940000534057617,0
2025-10-22T08:20:00Z,17.940000534057617,17.969999313354492,17.940000534057617,17.940000534057617,0
2025-10-22T08:25:00Z,17.93000030517578,17.950000762939453,17.93000030517578,17.93000030517578,0
2025-10-22T08:30:00Z,17.93000030517578,17.940000534057617,17.899999618530273,17.93000030517578,0
2025-10-22T08:35:00Z,17.93000030517578,17.93000030517578,17.90999984741211,17.920000076293945,0
2025-10-22T08:40:00Z,17.920000076293945,17.979999542236328,17.920000076293945,17.959999084472656,0
2025-10-22T08:45:00Z,17.959999084472656,17.959999084472656,17.93000030517578,17.940000534057617,0
2025-10-22T08:50:00Z,17.940000534057617,17.989999771118164,17.940000534057617,17.959999084472656,0
2025-10-22T08:55:00Z,17.959999084472656,17.959999084472656,17.899999618530273,17.90999984741211,0
2025-10-22T09:00:00Z,17.90999984741211,17.950000762939453,17.90999984741211,17.940000534057617,0
2025-10-22T09:05:00Z,17.93000030517578,17.979999542236328,17.93000030517578,17.969999313354492,0
2025-10-22T09:10:00Z,17.969999313354492,18.059999465942383,17.969999313354492,18.030000686645508,0
2025-10-22T09:15:00Z,18.030000686645508,18.079999923706055,18.030000686645508,18.059999465942383,0
2025-10-22T09:20:00Z,18.059999465942383,18.059999465942383,17.979999542236328,17.979999542236328,0
2025-10-22T09:25:00Z,17.969999313354492,17.969999313354492,17.940000534057617,17.940000534057617,0
2025-10-22T09:30:00Z,17.950000762939453,17.979999542236328,17.940000534057617,17.940000534057617,0
2025-10-22T09:35:00Z,17.940000534057617,17.940000534057617,17.90999984741211,17.920000076293945,0
2025-10-22T09:40:00Z,17.920000076293945,17.950000762939453,17.920000076293945,17.950000762939453,0
2025-10-22T09:45:00Z,17.959999084472656,17.979999542236328,17.950000762939453,17.979999542236328,0
2025-10-22T09:50:00Z,17.969999313354492,17.969999313354492,17.93000030517578,17.940000534057617,0
2025-10-22T09:55:00Z,17.940000534057617,17.940000534057617,17.8700008392334,17.8700008392334,0
2025-10-22T10:00:00Z,17.8700008392334,17.899999618530273,17.8700008392334,17.8799991607666,0
2025-10-22T10:05:00Z,17.8799991607666,17.899999618530273,17.8799991607666,17.8799991607666,0
2025-10-22T10:10:00Z,17.8799991607666,17.8799991607666,17.8700008392334,17.8700008392334,0
2025-10-22T10:15:00Z,17.8700008392334,17.8700008392334,17.829999923706055,17.850000381469727,0
2025-10-22T10:20:00Z,17.860000610351562,17.860000610351562,17.81999969482422,17.829999923706055,0
2025-10-22T10:25:00Z,17.829999923706055,17.829999923706055,17.81999969482422,17.81999969482422,0
2025-10-22T10:30:00Z,17.81999969482422,17.81999969482422,17.799999237060547,17.809999465942383,0
2025-10-22T10:35:00Z,17.809999465942383,17.809999465942383,17.790000915527344,17.790000915527344,0
2025-10-22T10:40:00Z,17.790000915527344,17.799999237060547,17.780000686645508,17.790000915527344,0
2025-10-22T10:45:00Z,17.780000686645508,17.790000915527344,17.780000686645508,17.790000915527344,0
2025-10-22T10:50:00Z,17.790000915527344,17.809999465942383,17.790000915527344,17.799999237060547,0
2025-10-22T10:55:00Z,17.799999237060547,17.860000610351562,17.799999237060547,17.860000610351562,0
2025-10-22T11:00:00Z,17.850000381469727,17.940000534057617,17.81999969482422,17.93000030517578,0
2025-10-22T11:05:00Z,17.93000030517578,18.079999923706055,17.93000030517578,18.079999923706055,0
2025-10-22T11:10:00Z,18.09000015258789,18.15999984741211,18.09000015258789,18.1200008392334,0
2025-10-22T11:15:00Z,18.1299991607666,18.25,18.1299991607666,18.170000076293945,0
2025-10-22T11:20:00Z,18.170000076293945,18.18000030517578,18.1299991607666,18.1299991607666,0
2025-10-22T11:25:00Z,18.1200008392334,18.149999618530273,18.110000610351562,18.149999618530273,0
2025-10-22T11:30:00Z,18.15999984741211,18.18000030517578,18.1299991607666,18.149999618530273,0
2025-10-22T11:35:00Z,18.149999618530273,18.18000030517578,18.149999618530273,18.18000030517578,0
2025-10-22T11:40:00Z,18.200000762939453,18.260000228881836,18.15999984741211,18.219999313354492,0
2025-10-22T11:45:00Z,18.229999542236328,18.25,18.209999084472656,18.239999771118164,0
2025-10-22T11:50:00Z,18.229999542236328,18.229999542236328,18.1299991607666,18.1299991607666,0
2025-10-22T11:55:00Z,18.1299991607666,18.139999389648438,18.09000015258789,18.139999389648438,0
2025-10-22T12:00:00Z,18.1299991607666,18.139999389648438,18.0,18.030000686645508,0
2025-10-22T12:05:00Z,18.030000686645508,18.049999237060547,18.0,18.0,0
2025-10-22T12:10:00Z,18.0,18.0,17.969999313354492,17.969999313354492,0
2025-10-22T12:15:00Z,17.950000762939453,17.959999084472656,17.8700008392334,17.8799991607666,0
2025-10-22T12:20:00Z,17.8799991607666,17.90999984741211,17.8700008392334,17.90999984741211,0
2025-10-22T12:25:00Z,17.90999984741211,17.940000534057617,17.90999984741211,17.93000030517578,0
2025-10-22T12:30:00Z,17.93000030517578,17.959999084472656,17.889999389648438,17.93000030517578,0
2025-10-22T12:35:00Z,17.93000030517578,17.979999542236328,17.93000030517578,17.979999542236328,0
2025-10-22T12:40:00Z,17.979999542236328,17.979999542236328,17.93000030517578,17.93000030517578,0
2025-10-22T12:45:00Z,17.93000030517578,17.940000534057617,17.93000030517578,17.93000030517578,0
2025-10-22T12:50:00Z,17.93000030517578,17.93000030517578,17.889999389648438,17.889999389648438,0
2025-10-22T12:55:00Z,17.889999389648438,18.010000228881836,17.889999389648438,18.010000228881836,0
2025-10-22T13:00:00Z,18.010000228881836,18.09000015258789,17.989999771118164,18.09000015258789,0
2025-10-22T13:05:00Z,18.09000015258789,18.100000381469727,18.049999237060547,18.059999465942383,0
2025-10-22T13:10:00Z,18.059999465942383,18.079999923706055,18.030000686645508,18.040000915527344,0
2025-10-22T13:15:00Z,18.040000915527344,18.1299991607666,18.040000915527344,18.1200008392334,0
2025-10-22T13:20:00Z,18.1200008392334,18.260000228881836,18.1200008392334,18.25,0
2025-10-22T13:25:00Z,18.270000457763672,18.270000457763672,18.270000457763672,18.270000457763672,0
2025-10-22T13:30:00Z,18.969999313354492,18.969999313354492,18.950000762939453,18.950000762939453,0
2025-10-22T13:35:00Z,18.969999313354492,19.0,18.829999923706055,18.829999923706055,0
2025-10-22T13:40:00Z,18.780000686645508,18.780000686645508,18.479999542236328,18.479999542236328,0
2025-10-22T13:45:00Z,18.479999542236328,18.6299991607666,18.479999542236328,18.579999923706055,0
2025-10-22T13:50:00Z,18.579999923706055,18.600000381469727,18.43000030517578,18.440000534057617,0
2025-10-22T13:55:00Z,18.459999084472656,18.540000915527344,18.459999084472656,18.489999771118164,0
2025-10-22T14:00:00Z,18.469999313354492,18.469999313354492,18.399999618530273,18.420000076293945,0
2025-10-22T14:05:00Z,18.440000534057617,18.469999313354492,18.40999984741211,18.43000030517578,0
2025-10-22T14:10:00Z,18.459999084472656,18.549999237060547,18.459999084472656,18.530000686645508,0
2025-10-22T14:15:00Z,18.56999969482422,18.6200008392334,18.450000762939453,18.469999313354492,0
2025-10-22T14:20:00Z,18.459999084472656,18.729999542236328,18.459999084472656,18.719999313354492,0
2025-10-22T14:25:00Z,18.729999542236328,19.110000610351562,18.690000534057617,19.079999923706055,0
2025-10-22T14:30:00Z,19.09000015258789,19.209999084472656,18.979999542236328,19.100000381469727,0
2025-10-22T14:35:00Z,19.09000015258789,19.200000762939453,18.989999771118164,19.1299991607666,0
2025-10-22T14:40:00Z,19.149999618530273,19.239999771118164,19.020000457763672,19.239999771118164,0
2025-10-22T14:45:00Z,19.239999771118164,19.3700008392334,19.110000610351562,19.110000610351562,0
2025-10-22T14:50:00Z,19.100000381469727,19.100000381469727,18.940000534057617,18.959999084472656,0
2025-10-22T14:55:00Z,18.940000534057617,18.969999313354492,18.6200008392334,18.6200008392334,0
2025-10-22T15:00:00Z,18.610000610351562,18.65999984741211,18.530000686645508,18.540000915527344,0
2025-10-22T15:05:00Z,18.549999237060547,18.610000610351562,18.520000457763672,18.579999923706055,0
2025-10-22T15:10:00Z,18.579999923706055,18.75,18.579999923706055,18.690000534057617,0
2025-10-22T15:15:00Z,18.68000030517578,18.709999084472656,18.639999389648438,18.670000076293945,0
2025-10-22T15:20:00Z,18.690000534057617,19.260000228881836,18.690000534057617,19.18000030517578,0
2025-10-22T15:25:00Z,19.110000610351562,19.209999084472656,19.0,19.1299991607666,0
2025-10-22T15:30:00Z,19.1299991607666,19.290000915527344,19.049999237060547,19.1299991607666,0
2025-10-22T15:35:00Z,19.1299991607666,19.190000534057617,18.979999542236328,18.979999542236328,0
2025-10-22T15:40:00Z,18.989999771118164,18.989999771118164,18.780000686645508,18.809999465942383,0
2025-10-22T15:45:00Z,18.829999923706055,18.829999923706055,18.59000015258789,18.59000015258789,0
2025-10-22T15:50:00Z,18.579999923706055,18.579999923706055,18.420000076293945,18.450000762939453,0
2025-10-22T15:55:00Z,18.450000762939453,18.56999969482422,18.399999618530273,18.56999969482422,0
2025-10-22T16:00:00Z,18.56999969482422,18.829999923706055,18.549999237060547,18.739999771118164,0
2025-10-22T16:05:00Z,18.75,18.75,18.65999984741211,18.690000534057617,0
2025-10-22T16:10:00Z,18.690000534057617,18.799999237060547,18.690000534057617,18.719999313354492,0
2025-10-22T16:15:00Z,18.75,18.760000228881836,18.6200008392334,18.729999542236328,0
2025-10-22T16:20:00Z,18.75,19.059999465942383,18.75,18.979999542236328,0
2025-10-22T16:25:00Z,19.0,19.0,18.84000015258789,18.940000534057617,0
2025-10-22T16:30:00Z,18.940000534057617,20.1200008392334,18.829999923706055,19.479999542236328,0
2025-10-22T16:35:00Z,19.329999923706055,19.440000534057617,19.260000228881836,19.290000915527344,0
2025-10-22T16:40:00Z,19.299999237060547,19.34000015258789,19.139999389648438,19.229999542236328,0
2025-10-22T16:45:00Z,19.219999313354492,19.329999923706055,19.06999969482422,19.329999923706055,0
2025-10-22T16:50:00Z,19.31999969482422,19.3799991607666,19.100000381469727,19.1200008392334,0
2025-10-22T16:55:00Z,19.09000015258789,19.1200008392334,18.90999984741211,19.1200008392334,0
2025-10-22T17:00:00Z,19.110000610351562,19.399999618530273,19.059999465942383,19.399999618530273,0
2025-10-22T17:05:00Z,19.389999389648438,19.510000228881836,19.3799991607666,19.3799991607666,0
2025-10-22T17:10:00Z,19.280000686645508,19.530000686645508,19.260000228881836,19.530000686645508,0
2025-10-22T17:15:00Z,19.600000381469727,19.770000457763672,19.56999969482422,19.770000457763672,0
2025-10-22T17:20:00Z,19.760000228881836,20.110000610351562,19.760000228881836,20.110000610351562,0
2025-10-22T17:25:00Z,20.09000015258789,20.190000534057617,20.06999969482422,20.110000610351562,0
2025-10-22T17:30:00Z,20.09000015258789,20.239999771118164,20.020000457763672,20.020000457763672,0
2025-10-22T17:35:00Z,19.979999542236328,20.34000015258789,19.979999542236328,20.34000015258789,0
2025-10-22T17:40:00Z,20.360000610351562,20.600000381469727,20.360000610351562,20.600000381469727,0
2025-10-22T17:45:00Z,20.600000381469727,20.600000381469727,20.600000381469727,20.600000381469727,0
2025-10-22T17:50:00Z,20.600000381469727,20.610000610351562,20.600000381469727,20.610000610351562,0
2025-10-22T17:55:00Z,20.610000610351562,21.010000228881836,20.610000610351562,20.770000457763672,0
2025-10-22T18:00:00Z,20.739999771118164,20.739999771118164,20.420000076293945,20.530000686645508,0
2025-10-22T18:05:00Z,20.510000228881836,20.510000228881836,20.309999465942383,20.360000610351562,0
2025-10-22T18:10:00Z,20.3799991607666,20.450000762939453,20.290000915527344,20.450000762939453,0
2025-10-22T18:15:00Z,20.469999313354492,20.700000762939453,20.469999313354492,20.56999969482422,0
2025-10-22T18:20:00Z,20.559999465942383,20.559999465942383,19.709999084472656,19.709999084472656,0
2025-10-22T18:25:00Z,19.709999084472656,19.799999237060547,19.65999984741211,19.68000030517578,0
2025-10-22T18:30:00Z,19.68000030517578,19.790000915527344,19.65999984741211,19.670000076293945,0
2025-10-22T18:35:00Z,19.670000076293945,19.68000030517578,19.479999542236328,19.520000457763672,0
2025-10-22T18:40:00Z,19.489999771118164,19.68000030517578,19.399999618530273,19.469999313354492,0
2025-10-22T18:45:00Z,19.459999084472656,19.459999084472656,19.389999389648438,19.399999618530273,0
2025-10-22T18:50:00Z,19.40999984741211,19.6200008392334,19.40999984741211,19.530000686645508,0
2025-10-22T18:55:00Z,19.510000228881836,19.510000228881836,19.290000915527344,19.290000915527344,0
2025-10-22T19:00:00Z,19.280000686645508,19.459999084472656,19.239999771118164,19.329999923706055,0
2025-10-22T19:05:00Z,19.329999923706055,19.350000381469727,18.950000762939453,18.950000762939453,0
2025-10-22T19:10:00Z,18.969999313354492,19.020000457763672,18.8799991607666,18.969999313354492,0
2025-10-22T19:15:00Z,19.010000228881836,19.030000686645508,18.899999618530273,18.959999084472656,0
2025-10-22T19:20:00Z,18.93000030517578,18.979999542236328,18.8799991607666,18.959999084472656,0
2025-10-22T19:25:00Z,18.940000534057617,18.950000762939453,18.790000915527344,18.81999969482422,0
2025-10-22T19:30:00Z,18.799999237060547,18.809999465942383,18.670000076293945,18.709999084472656,0
2025-10-22T19:35:00Z,18.719999313354492,18.75,18.520000457763672,18.549999237060547,0
2025-10-22T19:40:00Z,18.530000686645508,18.670000076293945,18.530000686645508,18.670000076293945,0
2025-10-22T19:45:00Z,18.68000030517578,18.729999542236328,18.56999969482422,18.600000381469727,0
2025-10-22T19:50:00Z,18.610000610351562,18.700000762939453,18.59000015258789,18.6200008392334,0
2025-10-22T19:55:00Z,18.639999389648438,18.739999771118164,18.579999923706055,18.6200008392334,0
2025-10-22T20:00:00Z,18.6200008392334,18.639999389648438,18.559999465942383,18.6299991607666,0
2025-10-22T20:05:00Z,18.6200008392334,18.6299991607666,18.56999969482422,18.59000015258789,0
2025-10-22T20:10:00Z,18.59000015258789,18.610000610351562,18.559999465942383,18.59000015258789,0
2025-10-23T07:15:00Z,18.360000610351562,18.459999084472656,18.34000015258789,18.459999084472656,0
2025-10-23T07:20:00Z,18.469999313354492,18.549999237060547,18.469999313354492,18.540000915527344,0
2025-10-23T07:25:00Z,18.559999465942383,18.68000030517578,18.549999237060547,18.56999969482422,0
2025-10-23T07:30:00Z,18.56999969482422,18.56999969482422,18.540000915527344,18.549999237060547,0
2025-10-23T07:35:00Z,18.540000915527344,18.549999237060547,18.5,18.530000686645508,0
2025-10-23T07:40:00Z,18.540000915527344,18.549999237060547,18.440000534057617,18.469999313354492,0
2025-10-23T07:45:00Z,18.469999313354492,18.479999542236328,18.420000076293945,18.469999313354492,0
2025-10-23T07:50:00Z,18.479999542236328,18.5,18.459999084472656,18.489999771118164,0
2025-10-23T07:55:00Z,18.489999771118164,18.510000228881836,18.489999771118164,18.489999771118164,0
2025-10-23T08:00:00Z,18.489999771118164,18.510000228881836,18.469999313354492,18.489999771118164,0
2025-10-23T08:05:00Z,18.510000228881836,18.510000228881836,18.420000076293945,18.489999771118164,0
2025-10-23T08:10:00Z,18.5,18.520000457763672,18.469999313354492,18.510000228881836,0
2025-10-23T08:15:00Z,18.5,18.510000228881836,18.469999313354492,18.479999542236328,0
2025-10-23T08:20:00Z,18.479999542236328,18.510000228881836,18.469999313354492,18.479999542236328,0
2025-10-23T08:25:00Z,18.5,18.510000228881836,18.5,18.510000228881836,0
2025-10-23T08:30:00Z,18.5,18.5,18.450000762939453,18.450000762939453,0
2025-10-23T08:35:00Z,18.450000762939453,18.489999771118164,18.440000534057617,18.479999542236328,0
2025-10-23T08:40:00Z,18.469999313354492,18.489999771118164,18.469999313354492,18.489999771118164,0
2025-10-23T08:45:00Z,18.5,18.579999923706055,18.5,18.540000915527344,0
2025-10-23T08:50:00Z,18.540000915527344,18.600000381469727,18.540000915527344,18.600000381469727,0
2025-10-23T08:55:00Z,18.600000381469727,18.600000381469727,18.549999237060547,18.559999465942383,0
2025-10-23T09:00:00Z,18.559999465942383,18.579999923706055,18.530000686645508,18.549999237060547,0
2025-10-23T09:05:00Z,18.530000686645508,18.56999969482422,18.530000686645508,18.56999969482422,0
2025-10-23T09:10:00Z,18.579999923706055,18.760000228881836,18.579999923706055,18.700000762939453,0
2025-10-23T09:15:00Z,18.700000762939453,18.770000457763672,18.700000762939453,18.770000457763672,0
2025-10-23T09:20:00Z,18.770000457763672,18.90999984741211,18.770000457763672,18.899999618530273,0
2025-10-23T09:25:00Z,18.90999984741211,18.90999984741211,18.81999969482422,18.81999969482422,0
2025-10-23T09:30:00Z,18.829999923706055,18.860000610351562,18.799999237060547,18.799999237060547,0
2025-10-23T09:35:00Z,18.809999465942383,18.829999923706055,18.799999237060547,18.809999465942383,0
2025-10-23T09:40:00Z,18.81999969482422,18.860000610351562,18.81999969482422,18.850000381469727,0
2025-10-23T09:45:00Z,18.860000610351562,18.93000030517578,18.860000610351562,18.8700008392334,0
2025-10-23T09:50:00Z,18.8700008392334,18.8799991607666,18.799999237060547,18.809999465942383,0
2025-10-23T09:55:00Z,18.81999969482422,18.81999969482422,18.770000457763672,18.799999237060547,0
2025-10-23T10:00:00Z,18.790000915527344,18.809999465942383,18.739999771118164,18.809999465942383,0
2025-10-23T10:05:00Z,18.81999969482422,18.81999969482422,18.75,18.770000457763672,0
2025-10-23T10:10:00Z,18.770000457763672,18.780000686645508,18.760000228881836,18.770000457763672,0
2025-10-23T10:15:00Z,18.760000228881836,18.760000228881836,18.709999084472656,18.709999084472656,0
2025-10-23T10:20:00Z,18.709999084472656,18.75,18.709999084472656,18.75,0
2025-10-23T10:25:00Z,18.770000457763672,18.770000457763672,18.709999084472656,18.729999542236328,0
2025-10-23T10:30:00Z,18.739999771118164,18.739999771118164,18.700000762939453,18.729999542236328,0
2025-10-23T10:35:00Z,18.729999542236328,18.729999542236328,18.68000030517578,18.700000762939453,0
2025-10-23T10:40:00Z,18.700000762939453,18.719999313354492,18.700000762939453,18.719999313354492,0
2025-10-23T10:45:00Z,18.729999542236328,18.809999465942383,18.729999542236328,18.799999237060547,0
2025-10-23T10:50:00Z,18.799999237060547,18.799999237060547,18.770000457763672,18.780000686645508,0
2025-10-23T10:55:00Z,18.780000686645508,18.780000686645508,18.729999542236328,18.75,0
2025-10-23T11:00:00Z,18.75,18.8799991607666,18.75,18.8799991607666,0
2025-10-23T11:05:00Z,18.920000076293945,18.940000534057617,18.8700008392334,18.8700008392334,0
2025-10-23T11:10:00Z,18.8799991607666,19.149999618530273,18.8799991607666,19.049999237060547,0
2025-10-23T11:15:00Z,19.049999237060547,19.059999465942383,18.989999771118164,18.989999771118164,0
2025-10-23T11:20:00Z,19.020000457763672,19.020000457763672,18.959999084472656,18.969999313354492,0
2025-10-23T11:25:00Z,18.969999313354492,18.979999542236328,18.959999084472656,18.969999313354492,0
2025-10-23T11:30:00Z,18.969999313354492,19.030000686645508,18.959999084472656,19.0,0
2025-10-23T11:35:00Z,19.0,19.010000228881836,18.969999313354492,18.979999542236328,0
2025-10-23T11:40:00Z,18.979999542236328,19.1200008392334,18.979999542236328,19.1200008392334,0
2025-10-23T11:45:00Z,19.1200008392334,19.18000030517578,19.1200008392334,19.1299991607666,0
2025-10-23T11:50:00Z,19.1299991607666,19.309999465942383,19.1299991607666,19.209999084472656,0
2025-10-23T11:55:00Z,19.219999313354492,19.270000457763672,19.219999313354492,19.260000228881836,0
2025-10-23T12:00:00Z,19.239999771118164,19.31999969482422,19.239999771118164,19.299999237060547,0
2025-10-23T12:05:00Z,19.299999237060547,19.299999237060547,19.239999771118164,19.25,0
2025-10-23T12:10:00Z,19.229999542236328,19.280000686645508,19.229999542236328,19.25,0
2025-10-23T12:15:00Z,19.260000228881836,19.270000457763672,19.239999771118164,19.270000457763672,0
2025-10-23T12:20:00Z,19.31999969482422,19.350000381469727,19.209999084472656,19.260000228881836,0
2025-10-23T12:25:00Z,19.260000228881836,19.260000228881836,19.18000030517578,19.18000030517578,0
2025-10-23T12:30:00Z,19.200000762939453,19.34000015258789,19.190000534057617,19.299999237060547,0
2025-10-23T12:35:00Z,19.299999237060547,19.350000381469727,19.299999237060547,19.34000015258789,0
2025-10-23T12:40:00Z,19.329999923706055,19.329999923706055,19.229999542236328,19.229999542236328,0
2025-10-23T12:45:00Z,19.229999542236328,19.229999542236328,19.1200008392334,19.1200008392334,0
2025-10-23T12:50:00Z,19.1299991607666,19.1299991607666,19.020000457763672,19.020000457763672,0
2025-10-23T12:55:00Z,19.020000457763672,19.020000457763672,18.899999618530273,18.899999618530273,0
2025-10-23T13:00:00Z,18.889999389648438,18.950000762939453,18.889999389648438,18.950000762939453,0
2025-10-23T13:05:00Z,18.950000762939453,19.1200008392334,18.940000534057617,19.1200008392334,0
2025-10-23T13:10:00Z,19.149999618530273,19.190000534057617,19.040000915527344,19.040000915527344,0
2025-10-23T13:15:00Z,19.040000915527344,19.049999237060547,18.969999313354492,18.979999542236328,0
2025-10-23T13:20:00Z,18.979999542236328,18.989999771118164,18.93000030517578,18.940000534057617,0
2025-10-23T13:25:00Z,18.940000534057617,18.940000534057617,18.940000534057617,18.940000534057617,0
2025-10-23T13:30:00Z,18.829999923706055,18.90999984741211,18.729999542236328,18.780000686645508,0
2025-10-23T13:35:00Z,18.780000686645508,18.829999923706055,18.56999969482422,18.56999969482422,0
2025-10-23T13:40:00Z,18.59000015258789,18.649999618530273,18.559999465942383,18.559999465942383,0
2025-10-23T13:45:00Z,18.489999771118164,18.489999771118164,18.299999237060547,18.299999237060547,0
2025-10-23T13:50:00Z,18.290000915527344,18.299999237060547,18.209999084472656,18.280000686645508,0
2025-10-23T13:55:00Z,18.260000228881836,18.389999389648438,18.25,18.350000381469727,0
2025-10-23T14:00:00Z,18.34000015258789,18.389999389648438,18.280000686645508,18.34000015258789,0
2025-10-23T14:05:00Z,18.329999923706055,18.40999984741211,18.329999923706055,18.3799991607666,0
2025-10-23T14:10:00Z,18.40999984741211,18.520000457763672,18.399999618530273,18.440000534057617,0
2025-10-23T14:15:00Z,18.459999084472656,18.719999313354492,18.440000534057617,18.719999313354492,0
2025-10-23T14:20:00Z,18.719999313354492,18.719999313354492,18.43000030517578,18.43000030517578,0
2025-10-23T14:25:00Z,18.40999984741211,18.440000534057617,18.31999969482422,18.389999389648438,0
2025-10-23T14:30:00Z,18.399999618530273,18.450000762939453,18.389999389648438,18.389999389648438,0
2025-10-23T14:35:00Z,18.3700008392334,18.3700008392334,18.190000534057617,18.200000762939453,0
2025-10-23T14:40:00Z,18.200000762939453,18.229999542236328,18.139999389648438,18.170000076293945,0
2025-10-23T14:45:00Z,18.18000030517578,18.239999771118164,18.040000915527344,18.040000915527344,0
2025-10-23T14:50:00Z,18.040000915527344,18.1200008392334,18.040000915527344,18.09000015258789,0
2025-10-23T14:55:00Z,18.139999389648438,18.200000762939453,18.049999237060547,18.049999237060547,0
2025-10-23T15:00:00Z,18.040000915527344,18.1299991607666,18.020000457763672,18.100000381469727,0
2025-10-23T15:05:00Z,18.09000015258789,18.1200008392334,18.06999969482422,18.100000381469727,0
2025-10-23T15:10:00Z,18.100000381469727,18.229999542236328,18.09000015258789,18.190000534057617,0
2025-10-23T15:15:00Z,18.18000030517578,18.260000228881836,18.18000030517578,18.239999771118164,0
2025-10-23T15:20:00Z,18.229999542236328,18.270000457763672,18.170000076293945,18.18000030517578,0
2025-10-23T15:25:00Z,18.18000030517578,18.18000030517578,18.059999465942383,18.079999923706055,0
2025-10-23T15:30:00Z,18.079999923706055,18.079999923706055,17.969999313354492,18.010000228881836,0
2025-10-23T15:35:00Z,18.030000686645508,18.149999618530273,18.030000686645508,18.079999923706055,0
2025-10-23T15:40:00Z,18.079999923706055,18.229999542236328,18.059999465942383,18.219999313354492,0
2025-10-23T15:45:00Z,18.25,18.25,18.040000915527344,18.049999237060547,0
2025-10-23T15:50:00Z,18.030000686645508,18.049999237060547,17.850000381469727,17.850000381469727,0
2025-10-23T15:55:00Z,17.850000381469727,17.8700008392334,17.760000228881836,17.8700008392334,0
2025-10-23T16:00:00Z,17.860000610351562,17.8700008392334,17.780000686645508,17.780000686645508,0
2025-10-23T16:05:00Z,17.760000228881836,17.770000457763672,17.649999618530273,17.68000030517578,0
2025-10-23T16:10:00Z,17.68000030517578,17.709999084472656,17.579999923706055,17.579999923706055,0
2025-10-23T16:15:00Z,17.559999465942383,17.65999984741211,17.540000915527344,17.65999984741211,0
2025-10-23T16:20:00Z,17.65999984741211,17.719999313354492,17.649999618530273,17.719999313354492,0
2025-10-23T16:25:00Z,17.739999771118164,17.799999237060547,17.719999313354492,17.75,0
2025-10-23T16:30:00Z,17.739999771118164,17.739999771118164,17.6299991607666,17.639999389648438,0
2025-10-23T16:35:00Z,17.649999618530273,17.649999618530273,17.56999969482422,17.579999923706055,0
2025-10-23T16:40:00Z,17.579999923706055,17.579999923706055,17.510000228881836,17.520000457763672,0
2025-10-23T16:45:00Z,17.510000228881836,17.540000915527344,17.5,17.520000457763672,0
2025-10-23T16:50:00Z,17.520000457763672,17.520000457763672,17.440000534057617,17.440000534057617,0
2025-10-23T16:55:00Z,17.440000534057617,17.450000762939453,17.420000076293945,17.440000534057617,0
2025-10-23T17:00:00Z,17.43000030517578,17.43000030517578,17.3700008392334,17.399999618530273,0
2025-10-23T17:05:00Z,17.399999618530273,17.65999984741211,17.399999618530273,17.59000015258789,0
2025-10-23T17:10:00Z,17.600000381469727,17.600000381469727,17.40999984741211,17.440000534057617,0
2025-10-23T17:15:00Z,17.440000534057617,17.510000228881836,17.420000076293945,17.5,0
2025-10-23T17:20:00Z,17.5,17.5,17.459999084472656,17.459999084472656,0
2025-10-23T17:25:00Z,17.479999542236328,17.559999465942383,17.479999542236328,17.510000228881836,0
2025-10-23T17:30:00Z,17.510000228881836,17.510000228881836,17.389999389648438,17.399999618530273,0
2025-10-23T17:35:00Z,17.40999984741211,17.40999984741211,17.299999237060547,17.299999237060547,0
2025-10-23T17:40:00Z,17.309999465942383,17.31999969482422,17.260000228881836,17.260000228881836,0
2025-10-23T17:45:00Z,17.25,17.25,17.200000762939453,17.239999771118164,0
2025-10-23T17:50:00Z,17.239999771118164,17.25,17.209999084472656,17.209999084472656,0
2025-10-23T17:55:00Z,17.200000762939453,17.209999084472656,17.170000076293945,17.18000030517578,0
2025-10-23T18:00:00Z,17.190000534057617,17.219999313354492,17.18000030517578,17.190000534057617,0
2025-10-23T18:05:00Z,17.190000534057617,17.209999084472656,17.149999618530273,17.149999618530273,0
2025-10-23T18:10:00Z,17.149999618530273,17.170000076293945,17.149999618530273,17.15999984741211,0
2025-10-23T18:15:00Z,17.15999984741211,17.200000762939453,17.1299991607666,17.139999389648438,0
2025-10-23T18:20:00Z,17.139999389648438,17.139999389648438,17.100000381469727,17.100000381469727,0
2025-10-23T18:25:00Z,17.110000610351562,17.139999389648438,17.110000610351562,17.1299991607666,0
2025-10-23T18:30:00Z,17.1200008392334,17.139999389648438,17.1200008392334,17.1299991607666,0
2025-10-23T18:35:00Z,17.1299991607666,17.15999984741211,17.110000610351562,17.110000610351562,0
2025-10-23T18:40:00Z,17.110000610351562,17.1299991607666,17.100000381469727,17.110000610351562,0
2025-10-23T18:45:00Z,17.100000381469727,17.139999389648438,17.09000015258789,17.1299991607666,0
2025-10-23T18:50:00Z,17.1299991607666,17.1299991607666,17.079999923706055,17.09000015258789,0
2025-10-23T18:55:00Z,17.079999923706055,17.1200008392334,17.079999923706055,17.1200008392334,0
2025-10-23T19:00:00Z,17.1200008392334,17.139999389648438,17.100000381469727,17.1299991607666,0
2025-10-23T19:05:00Z,17.1299991607666,17.139999389648438,17.1200008392334,17.139999389648438,0
2025-10-23T19:10:00Z,17.139999389648438,17.139999389648438,17.110000610351562,17.139999389648438,0
2025-10-23T19:15:00Z,17.139999389648438,17.15999984741211,17.139999389648438,17.15999984741211,0
2025-10-23T19:20:00Z,17.149999618530273,17.200000762939453,17.139999389648438,17.200000762939453,0
2025-10-23T19:25:00Z,17.190000534057617,17.239999771118164,17.190000534057617,17.219999313354492,0
2025-10-23T19:30:00Z,17.219999313354492,17.280000686645508,17.219999313354492,17.270000457763672,0
2025-10-23T19:35:00Z,17.280000686645508,17.299999237060547,17.270000457763672,17.270000457763672,0
2025-10-23T19:40:00Z,17.280000686645508,17.309999465942383,17.270000457763672,17.309999465942383,0
2025-10-23T19:45:00Z,17.309999465942383,17.309999465942383,17.25,17.280000686645508,0
2025-10-23T19:50:00Z,17.260000228881836,17.360000610351562,17.260000228881836,17.270000457763672,0
2025-10-23T19:55:00Z,17.270000457763672,17.299999237060547,17.270000457763672,17.299999237060547,0
2025-10-23T20:00:00Z,17.31999969482422,17.34000015258789,17.260000228881836,17.270000457763672,0
2025-10-23T20:05:00Z,17.280000686645508,17.31999969482422,17.260000228881836,17.290000915527344,0
2025-10-23T20:10:00Z,17.290000915527344,17.31999969482422,17.280000686645508,17.280000686645508,0
2025-10-24T07:15:00Z,17.020000457763672,17.040000915527344,17.020000457763672,17.040000915527344,0
2025-10-24T07:20:00Z,17.040000915527344,17.079999923706055,17.040000915527344,17.06999969482422,0
2025-10-24T07:25:00Z,17.06999969482422,17.09000015258789,17.06999969482422,17.079999923706055,0
2025-10-24T07:30:00Z,17.079999923706055,17.079999923706055,17.049999237060547,17.049999237060547,0
2025-10-24T07:35:00Z,17.049999237060547,17.049999237060547,17.010000228881836,17.030000686645508,0
2025-10-24T07:40:00Z,17.020000457763672,17.040000915527344,17.020000457763672,17.040000915527344,0
2025-10-24T07:45:00Z,17.040000915527344,17.100000381469727,17.040000915527344,17.100000381469727,0
2025-10-24T07:50:00Z,17.100000381469727,17.110000610351562,17.079999923706055,17.110000610351562,0
2025-10-24T07:55:00Z,17.100000381469727,17.100000381469727,17.079999923706055,17.100000381469727,0
2025-10-24T08:00:00Z,17.100000381469727,17.149999618530273,17.100000381469727,17.139999389648438,0
2025-10-24T08:05:00Z,17.139999389648438,17.170000076293945,17.139999389648438,17.149999618530273,0
2025-10-24T08:10:00Z,17.149999618530273,17.200000762939453,17.149999618530273,17.200000762939453,0
2025-10-24T08:15:00Z,17.200000762939453,17.209999084472656,17.190000534057617,17.200000762939453,0
2025-10-24T08:20:00Z,17.200000762939453,17.209999084472656,17.190000534057617,17.190000534057617,0
2025-10-24T08:25:00Z,17.190000534057617,17.200000762939453,17.18000030517578,17.18000030517578,0
2025-10-24T08:30:00Z,17.190000534057617,17.190000534057617,17.18000030517578,17.190000534057617,0
2025-10-24T08:35:00Z,17.190000534057617,17.190000534057617,17.18000030517578,17.190000534057617,0
2025-10-24T08:40:00Z,17.190000534057617,17.190000534057617,17.170000076293945,17.170000076293945,0
2025-10-24T08:45:00Z,17.170000076293945,17.170000076293945,17.100000381469727,17.1200008392334,0
2025-10-24T08:50:00Z,17.1200008392334,17.149999618530273,17.1200008392334,17.149999618530273,0
2025-10-24T08:55:00Z,17.149999618530273,17.170000076293945,17.139999389648438,17.170000076293945,0
2025-10-24T09:00:00Z,17.15999984741211,17.15999984741211,17.149999618530273,17.15999984741211,0
2025-10-24T09:05:00Z,17.15999984741211,17.15999984741211,17.149999618530273,17.15999984741211,0
2025-10-24T09:10:00Z,17.15999984741211,17.15999984741211,17.149999618530273,17.15999984741211,0
2025-10-24T09:15:00Z,17.15999984741211,17.200000762939453,17.15999984741211,17.15999984741211,0
2025-10-24T09:20:00Z,17.15999984741211,17.15999984741211,17.110000610351562,17.110000610351562,0
2025-10-24T09:25:00Z,17.110000610351562,17.1200008392334,17.110000610351562,17.1200008392334,0
2025-10-24T09:30:00Z,17.1299991607666,17.1299991607666,17.1200008392334,17.1200008392334,0
2025-10-24T09:35:00Z,17.110000610351562,17.110000610351562,17.09000015258789,17.09000015258789,0
2025-10-24T09:40:00Z,17.09000015258789,17.09000015258789,17.079999923706055,17.079999923706055,0
2025-10-24T09:45:00Z,17.079999923706055,17.110000610351562,17.079999923706055,17.100000381469727,0
2025-10-24T09:50:00Z,17.110000610351562,17.1299991607666,17.110000610351562,17.1200008392334,0
2025-10-24T09:55:00Z,17.1299991607666,17.139999389648438,17.1200008392334,17.139999389648438,0
2025-10-24T10:00:00Z,17.139999389648438,17.15999984741211,17.139999389648438,17.149999618530273,0
2025-10-24T10:05:00Z,17.15999984741211,17.170000076293945,17.1299991607666,17.1299991607666,0
2025-10-24T10:10:00Z,17.139999389648438,17.139999389648438,17.110000610351562,17.1200008392334,0
2025-10-24T10:15:00Z,17.1200008392334,17.149999618530273,17.110000610351562,17.149999618530273,0
2025-10-24T10:20:00Z,17.149999618530273,17.18000030517578,17.139999389648438,17.18000030517578,0
2025-10-24T10:25:00Z,17.18000030517578,17.190000534057617,17.18000030517578,17.18000030517578,0
2025-10-24T10:30:00Z,17.18000030517578,17.18000030517578,17.149999618530273,17.15999984741211,0
2025-10-24T10:35:00Z,17.15999984741211,17.18000030517578,17.15999984741211,17.18000030517578,0
2025-10-24T10:40:00Z,17.18000030517578,17.190000534057617,17.18000030517578,17.190000534057617,0
2025-10-24T10:45:00Z,17.190000534057617,17.190000534057617,17.170000076293945,17.170000076293945,0
2025-10-24T10:50:00Z,17.170000076293945,17.190000534057617,17.170000076293945,17.190000534057617,0
2025-10-24T10:55:00Z,17.190000534057617,17.209999084472656,17.190000534057617,17.200000762939453,0
2025-10-24T11:00:00Z,17.200000762939453,17.200000762939453,17.18000030517578,17.190000534057617,0
2025-10-24T11:05:00Z,17.190000534057617,17.190000534057617,17.18000030517578,17.18000030517578,0
2025-10-24T11:10:00Z,17.18000030517578,17.18000030517578,17.15999984741211,17.15999984741211,0
2025-10-24T11:15:00Z,17.15999984741211,17.200000762939453,17.15999984741211,17.200000762939453,0
2025-10-24T11:20:00Z,17.200000762939453,17.219999313354492,17.200000762939453,17.209999084472656,0
2025-10-24T11:25:00Z,17.209999084472656,17.219999313354492,17.170000076293945,17.170000076293945,0
2025-10-24T11:30:00Z,17.170000076293945,17.18000030517578,17.170000076293945,17.18000030517578,0
2025-10-24T11:35:00Z,17.18000030517578,17.18000030517578,17.15999984741211,17.15999984741211,0
2025-10-24T11:40:00Z,17.15999984741211,17.15999984741211,17.1299991607666,17.139999389648438,0
2025-10-24T11:45:00Z,17.139999389648438,17.139999389648438,17.139999389648438,17.139999389648438,0
2025-10-24T11:50:00Z,17.139999389648438,17.139999389648438,17.110000610351562,17.110000610351562,0
2025-10-24T11:55:00Z,17.110000610351562,17.110000610351562,17.079999923706055,17.110000610351562,0
2025-10-24T12:00:00Z,17.100000381469727,17.110000610351562,17.09000015258789,17.110000610351562,0
2025-10-24T12:05:00Z,17.110000610351562,17.110000610351562,17.079999923706055,17.100000381469727,0
2025-10-24T12:10:00Z,17.100000381469727,17.1200008392334,17.100000381469727,17.1200008392334,0
2025-10-24T12:15:00Z,17.1200008392334,17.15999984741211,17.1200008392334,17.149999618530273,0
2025-10-24T12:20:00Z,17.15999984741211,17.170000076293945,17.15999984741211,17.170000076293945,0
2025-10-24T12:25:00Z,17.170000076293945,17.18000030517578,17.1299991607666,17.149999618530273,0
2025-10-24T12:30:00Z,16.739999771118164,16.739999771118164,16.389999389648438,16.579999923706055,0
2025-10-24T12:35:00Z,16.610000610351562,16.65999984741211,16.549999237060547,16.639999389648438,0
2025-10-24T12:40:00Z,16.639999389648438,16.729999542236328,16.6299991607666,16.700000762939453,0
2025-10-24T12:45:00Z,16.690000534057617,16.690000534057617,16.610000610351562,16.65999984741211,0
2025-10-24T12:50:00Z,16.65999984741211,16.700000762939453,16.639999389648438,16.690000534057617,0
2025-10-24T12:55:00Z,16.690000534057617,16.709999084472656,16.690000534057617,16.700000762939453,0
2025-10-24T13:00:00Z,16.700000762939453,16.700000762939453,16.59000015258789,16.59000015258789,0
2025-10-24T13:05:00Z,16.59000015258789,16.59000015258789,16.549999237060547,16.559999465942383,0
2025-10-24T13:10:00Z,16.559999465942383,16.579999923706055,16.549999237060547,16.559999465942383,0
2025-10-24T13:15:00Z,16.559999465942383,16.559999465942383,16.479999542236328,16.510000228881836,0
2025-10-24T13:20:00Z,16.510000228881836,16.510000228881836,16.399999618530273,16.43000030517578,0
2025-10-24T13:25:00Z,16.43000030517578,16.43000030517578,16.43000030517578,16.43000030517578,0
2025-10-24T13:30:00Z,16.540000915527344,16.600000381469727,16.34000015258789,16.34000015258789,0
2025-10-24T13:35:00Z,16.31999969482422,16.31999969482422,16.239999771118164,16.260000228881836,0
2025-10-24T13:40:00Z,16.290000915527344,16.360000610351562,16.290000915527344,16.34000015258789,0
2025-10-24T13:45:00Z,16.020000457763672,16.469999313354492,16.020000457763672,16.469999313354492,0
2025-10-24T13:50:00Z,16.469999313354492,16.540000915527344,16.43000030517578,16.469999313354492,0
2025-10-24T13:55:00Z,16.469999313354492,16.540000915527344,16.440000534057617,16.469999313354492,0
2025-10-24T14:00:00Z,16.299999237060547,16.520000457763672,16.299999237060547,16.520000457763672,0
2025-10-24T14:05:00Z,16.489999771118164,16.540000915527344,16.440000534057617,16.510000228881836,0
2025-10-24T14:10:00Z,16.489999771118164,16.5,16.459999084472656,16.459999084472656,0
2025-10-24T14:15:00Z,16.459999084472656,16.479999542236328,16.43000030517578,16.440000534057617,0
2025-10-24T14:20:00Z,16.440000534057617,16.489999771118164,16.43000030517578,16.469999313354492,0
2025-10-24T14:25:00Z,16.469999313354492,16.559999465942383,16.469999313354492,16.540000915527344,0
2025-10-24T14:30:00Z,16.549999237060547,16.610000610351562,16.549999237060547,16.559999465942383,0
2025-10-24T14:35:00Z,16.549999237060547,16.6200008392334,16.479999542236328,16.479999542236328,0
2025-10-24T14:40:00Z,16.489999771118164,16.489999771118164,16.43000030517578,16.450000762939453,0
2025-10-24T14:45:00Z,16.440000534057617,16.479999542236328,16.440000534057617,16.469999313354492,0
2025-10-24T14:50:00Z,16.459999084472656,16.56999969482422,16.459999084472656,16.549999237060547,0
2025-10-24T14:55:00Z,16.549999237060547,16.68000030517578,16.549999237060547,16.559999465942383,0
2025-10-24T15:00:00Z,16.56999969482422,16.600000381469727,16.5,16.530000686645508,0
2025-10-24T15:05:00Z,16.520000457763672,16.549999237060547,16.43000030517578,16.43000030517578,0
2025-10-24T15:10:00Z,16.43000030517578,16.5,16.43000030517578,16.43000030517578,0
2025-10-24T15:15:00Z,16.43000030517578,16.43000030517578,16.3700008392334,16.43000030517578,0
2025-10-24T15:20:00Z,16.43000030517578,16.43000030517578,16.3799991607666,16.399999618530273,0
2025-10-24T15:25:00Z,16.420000076293945,16.459999084472656,16.40999984741211,16.459999084472656,0
2025-10-24T15:30:00Z,16.459999084472656,16.530000686645508,16.440000534057617,16.520000457763672,0
2025-10-24T15:35:00Z,16.530000686645508,16.579999923706055,16.510000228881836,16.530000686645508,0
2025-10-24T15:40:00Z,16.520000457763672,16.6299991607666,16.520000457763672,16.6299991607666,0
2025-10-24T15:45:00Z,16.6299991607666,16.639999389648438,16.56999969482422,16.600000381469727,0
2025-10-24T15:50:00Z,16.600000381469727,16.610000610351562,16.56999969482422,16.600000381469727,0
2025-10-24T15:55:00Z,16.600000381469727,16.65999984741211,16.600000381469727,16.610000610351562,0
2025-10-24T16:00:00Z,16.610000610351562,16.6200008392334,16.559999465942383,16.600000381469727,0
2025-10-24T16:05:00Z,16.600000381469727,16.649999618530273,16.600000381469727,16.600000381469727,0
2025-10-24T16:10:00Z,16.610000610351562,16.6299991607666,16.59000015258789,16.6299991607666,0
2025-10-24T16:15:00Z,16.6299991607666,16.670000076293945,16.6299991607666,16.65999984741211,0
2025-10-24T16:20:00Z,16.649999618530273,16.719999313354492,16.6200008392334,16.719999313354492,0
2025-10-24T16:25:00Z,16.709999084472656,16.75,16.709999084472656,16.739999771118164,0
2025-10-24T16:30:00Z,16.739999771118164,16.770000457763672,16.709999084472656,16.770000457763672,0
2025-10-24T16:35:00Z,16.760000228881836,16.799999237060547,16.75,16.760000228881836,0
2025-10-24T16:40:00Z,16.770000457763672,16.81999969482422,16.770000457763672,16.809999465942383,0
2025-10-24T16:45:00Z,16.809999465942383,16.81999969482422,16.65999984741211,16.65999984741211,0
2025-10-24T16:50:00Z,16.65999984741211,16.65999984741211,16.579999923706055,16.610000610351562,0
2025-10-24T16:55:00Z,16.610000610351562,16.610000610351562,16.549999237060547,16.549999237060547,0
2025-10-24T17:00:00Z,16.549999237060547,16.549999237060547,16.510000228881836,16.530000686645508,0
2025-10-24T17:05:00Z,16.520000457763672,16.540000915527344,16.520000457763672,16.540000915527344,0
2025-10-24T17:10:00Z,16.540000915527344,16.540000915527344,16.5,16.540000915527344,0
2025-10-24T17:15:00Z,16.530000686645508,16.540000915527344,16.469999313354492,16.479999542236328,0
2025-10-24T17:20:00Z,16.469999313354492,16.489999771118164,16.43000030517578,16.43000030517578,0
2025-10-24T17:25:00Z,16.43000030517578,16.450000762939453,16.420000076293945,16.450000762939453,0
2025-10-24T17:30:00Z,16.440000534057617,16.459999084472656,16.399999618530273,16.399999618530273,0
2025-10-24T17:35:00Z,16.399999618530273,16.399999618530273,16.360000610351562,16.360000610351562,0
2025-10-24T17:40:00Z,16.360000610351562,16.389999389648438,16.360000610351562,16.389999389648438,0
2025-10-24T17:45:00Z,16.3799991607666,16.389999389648438,16.329999923706055,16.34000015258789,0
2025-10-24T17:50:00Z,16.350000381469727,16.389999389648438,16.350000381469727,16.3799991607666,0
2025-10-24T17:55:00Z,16.3700008392334,16.399999618530273,16.3700008392334,16.399999618530273,0
2025-10-24T18:00:00Z,16.399999618530273,16.420000076293945,16.3799991607666,16.399999618530273,0
2025-10-24T18:05:00Z,16.399999618530273,16.420000076293945,16.3700008392334,16.3799991607666,0
2025-10-24T18:10:00Z,16.3700008392334,16.3799991607666,16.350000381469727,16.3799991607666,0
2025-10-24T18:15:00Z,16.3799991607666,16.399999618530273,16.3700008392334,16.3799991607666,0
2025-10-24T18:20:00Z,16.3700008392334,16.399999618530273,16.3700008392334,16.3700008392334,0
2025-10-24T18:25:00Z,16.3799991607666,16.399999618530273,16.3700008392334,16.3700008392334,0
2025-10-24T18:30:00Z,16.3700008392334,16.3700008392334,16.309999465942383,16.31999969482422,0
2025-10-24T18:35:00Z,16.329999923706055,16.34000015258789,16.31999969482422,16.329999923706055,0
2025-10-24T18:40:00Z,16.34000015258789,16.3700008392334,16.34000015258789,16.350000381469727,0
2025-10-24T18:45:00Z,16.360000610351562,16.420000076293945,16.360000610351562,16.389999389648438,0
2025-10-24T18:50:00Z,16.389999389648438,16.420000076293945,16.3700008392334,16.3799991607666,0
2025-10-24T18:55:00Z,16.3799991607666,16.3799991607666,16.329999923706055,16.329999923706055,0
2025-10-24T19:00:00Z,16.329999923706055,16.329999923706055,16.260000228881836,16.290000915527344,0
2025-10-24T19:05:00Z,16.290000915527344,16.329999923706055,16.280000686645508,16.329999923706055,0
2025-10-24T19:10:00Z,16.329999923706055,16.350000381469727,16.329999923706055,16.34000015258789,0
2025-10-24T19:15:00Z,16.34000015258789,16.3700008392334,16.34000015258789,16.3700008392334,0
2025-10-24T19:20:00Z,16.3700008392334,16.3700008392334,16.34000015258789,16.350000381469727,0
2025-10-24T19:25:00Z,16.350000381469727,16.350000381469727,16.329999923706055,16.350000381469727,0
2025-10-24T19:30:00Z,16.350000381469727,16.3700008392334,16.34000015258789,16.360000610351562,0
2025-10-24T19:35:00Z,16.360000610351562,16.3700008392334,16.329999923706055,16.34000015258789,0
2025-10-24T19:40:00Z,16.34000015258789,16.3799991607666,16.31999969482422,16.3799991607666,0
2025-10-24T19:45:00Z,16.3799991607666,16.450000762939453,16.350000381469727,16.450000762939453,0
2025-10-24T19:50:00Z,16.440000534057617,16.450000762939453,16.389999389648438,16.389999389648438,0
2025-10-24T19:55:00Z,16.3799991607666,16.440000534057617,16.3700008392334,16.40999984741211,0
2025-10-24T20:00:00Z,16.3700008392334,16.440000534057617,16.329999923706055,16.34000015258789,0
2025-10-24T20:05:00Z,16.350000381469727,16.40999984741211,16.350000381469727,16.399999618530273,0
2025-10-24T20:10:00Z,16.399999618530273,16.399999618530273,16.360000610351562,16.360000610351562,0
2025-10-27T07:15:00Z,15.729999542236328,15.729999542236328,15.720000267028809,15.720000267028809,0
2025-10-27T07:20:00Z,15.720000267028809,15.729999542236328,15.699999809265137,15.699999809265137,0
2025-10-27T07:25:00Z,15.699999809265137,15.710000038146973,15.699999809265137,15.710000038146973,0
2025-10-27T07:30:00Z,15.710000038146973,15.720000267028809,15.699999809265137,15.710000038146973,0
2025-10-27T07:35:00Z,15.710000038146973,15.720000267028809,15.710000038146973,15.720000267028809,0
2025-10-27T07:40:00Z,15.720000267028809,15.739999771118164,15.710000038146973,15.739999771118164,0
2025-10-27T07:45:00Z,15.75,15.760000228881836,15.739999771118164,15.760000228881836,0
2025-10-27T07:50:00Z,15.760000228881836,15.770000457763672,15.75,15.760000228881836,0
2025-10-27T07:55:00Z,15.760000228881836,15.779999732971191,15.760000228881836,15.779999732971191,0
2025-10-27T08:00:00Z,15.789999961853027,15.8100004196167,15.789999961853027,15.8100004196167,0
2025-10-27T08:05:00Z,15.819999694824219,15.819999694824219,15.800000190734863,15.800000190734863,0
2025-10-27T08:10:00Z,15.789999961853027,15.800000190734863,15.779999732971191,15.779999732971191,0
2025-10-27T08:15:00Z,15.779999732971191,15.779999732971191,15.770000457763672,15.770000457763672,0
2025-10-27T08:20:00Z,15.770000457763672,15.770000457763672,15.739999771118164,15.75,0
2025-10-27T08:25:00Z,15.75,15.779999732971191,15.75,15.770000457763672,0
2025-10-27T08:30:00Z,15.770000457763672,15.789999961853027,15.770000457763672,15.770000457763672,0
2025-10-27T08:35:00Z,15.770000457763672,15.770000457763672,15.739999771118164,15.739999771118164,0
2025-10-27T08:40:00Z,15.75,15.75,15.720000267028809,15.720000267028809,0
2025-10-27T08:45:00Z,15.729999542236328,15.729999542236328,15.710000038146973,15.729999542236328,0
2025-10-27T08:50:00Z,15.729999542236328,15.739999771118164,15.710000038146973,15.710000038146973,0
2025-10-27T08:55:00Z,15.710000038146973,15.720000267028809,15.710000038146973,15.720000267028809,0
2025-10-27T09:00:00Z,15.720000267028809,15.739999771118164,15.720000267028809,15.720000267028809,0
2025-10-27T09:05:00Z,15.720000267028809,15.720000267028809,15.720000267028809,15.720000267028809,0
2025-10-27T09:10:00Z,15.710000038146973,15.739999771118164,15.710000038146973,15.729999542236328,0
2025-10-27T09:15:00Z,15.729999542236328,15.739999771118164,15.720000267028809,15.729999542236328,0
2025-10-27T09:20:00Z,15.729999542236328,15.739999771118164,15.720000267028809,15.739999771118164,0
2025-10-27T09:25:00Z,15.739999771118164,15.770000457763672,15.739999771118164,15.770000457763672,0
2025-10-27T09:30:00Z,15.770000457763672,15.770000457763672,15.739999771118164,15.739999771118164,0
2025-10-27T09:35:00Z,15.739999771118164,15.739999771118164,15.720000267028809,15.720000267028809,0
2025-10-27T09:40:00Z,15.720000267028809,15.739999771118164,15.710000038146973,15.710000038146973,0
2025-10-27T09:45:00Z,15.699999809265137,15.710000038146973,15.670000076293945,15.680000305175781,0
2025-10-27T09:50:00Z,15.680000305175781,15.680000305175781,15.670000076293945,15.670000076293945,0
2025-10-27T09:55:00Z,15.670000076293945,15.680000305175781,15.670000076293945,15.680000305175781,0
2025-10-27T10:00:00Z,15.65999984741211,15.65999984741211,15.649999618530273,15.65999984741211,0
2025-10-27T10:05:00Z,15.65999984741211,15.65999984741211,15.640000343322754,15.640000343322754,0
2025-10-27T10:10:00Z,15.640000343322754,15.670000076293945,15.640000343322754,15.65999984741211,0
2025-10-27T10:15:00Z,15.649999618530273,15.649999618530273,15.640000343322754,15.649999618530273,0
2025-10-27T10:20:00Z,15.649999618530273,15.649999618530273,15.640000343322754,15.640000343322754,0
2025-10-27T10:25:00Z,15.640000343322754,15.649999618530273,15.640000343322754,15.640000343322754,0
2025-10-27T10:30:00Z,15.640000343322754,15.649999618530273,15.640000343322754,15.640000343322754,0
2025-10-27T10:35:00Z,15.640000343322754,15.649999618530273,15.640000343322754,15.649999618530273,0
2025-10-27T10:40:00Z,15.649999618530273,15.649999618530273,15.649999618530273,15.649999618530273,0
2025-10-27T10:45:00Z,15.649999618530273,15.649999618530273,15.640000343322754,15.649999618530273,0
2025-10-27T10:50:00Z,15.65999984741211,15.670000076293945,15.65999984741211,15.670000076293945,0
2025-10-27T10:55:00Z,15.670000076293945,15.720000267028809,15.670000076293945,15.720000267028809,0
2025-10-27T11:00:00Z,15.710000038146973,15.720000267028809,15.699999809265137,15.710000038146973,0
2025-10-27T11:05:00Z,15.710000038146973,15.739999771118164,15.710000038146973,15.720000267028809,0
2025-10-27T11:10:00Z,15.720000267028809,15.720000267028809,15.649999618530273,15.680000305175781,0
2025-10-27T11:15:00Z,15.680000305175781,15.720000267028809,15.680000305175781,15.720000267028809,0
2025-10-27T11:20:00Z,15.720000267028809,15.720000267028809,15.710000038146973,15.710000038146973,0
2025-10-27T11:25:00Z,15.710000038146973,15.710000038146973,15.65999984741211,15.65999984741211,0
2025-10-27T11:30:00Z,15.65999984741211,15.699999809265137,15.65999984741211,15.6899995803833,0
2025-10-27T11:35:00Z,15.6899995803833,15.710000038146973,15.6899995803833,15.699999809265137,0
2025-10-27T11:40:00Z,15.699999809265137,15.710000038146973,15.6899995803833,15.699999809265137,0
2025-10-27T11:45:00Z,15.699999809265137,15.699999809265137,15.619999885559082,15.619999885559082,0
2025-10-27T11:50:00Z,15.619999885559082,15.6899995803833,15.619999885559082,15.670000076293945,0
2025-10-27T11:55:00Z,15.680000305175781,15.680000305175781,15.65999984741211,15.670000076293945,0
2025-10-27T12:00:00Z,15.65999984741211,15.670000076293945,15.619999885559082,15.619999885559082,0
2025-10-27T12:05:00Z,15.630000114440918,15.670000076293945,15.630000114440918,15.649999618530273,0
2025-10-27T12:10:00Z,15.649999618530273,15.649999618530273,15.619999885559082,15.640000343322754,0
2025-10-27T12:15:00Z,15.649999618530273,15.680000305175781,15.649999618530273,15.680000305175781,0
2025-10-27T12:20:00Z,15.680000305175781,15.6899995803833,15.670000076293945,15.680000305175781,0
2025-10-27T12:25:00Z,15.680000305175781,15.699999809265137,15.680000305175781,15.699999809265137,0
2025-10-27T12:30:00Z,15.6899995803833,15.720000267028809,15.6899995803833,15.699999809265137,0
2025-10-27T12:35:00Z,15.710000038146973,15.710000038146973,15.670000076293945,15.670000076293945,0
2025-10-27T12:40:00Z,15.670000076293945,15.6899995803833,15.670000076293945,15.680000305175781,0
2025-10-27T12:45:00Z,15.710000038146973,15.710000038146973,15.65999984741211,15.6899995803833,0
2025-10-27T12:50:00Z,15.6899995803833,15.6899995803833,15.680000305175781,15.6899995803833,0
2025-10-27T12:55:00Z,15.6899995803833,15.699999809265137,15.680000305175781,15.680000305175781,0
2025-10-27T13:00:00Z,15.680000305175781,15.6899995803833,15.65999984741211,15.65999984741211,0
2025-10-27T13:05:00Z,15.649999618530273,15.65999984741211,15.630000114440918,15.640000343322754,0
2025-10-27T13:10:00Z,15.640000343322754,15.649999618530273,15.630000114440918,15.649999618530273,0
2025-10-27T13:15:00Z,15.649999618530273,15.65999984741211,15.640000343322754,15.65999984741211,0
2025-10-27T13:20:00Z,15.65999984741211,15.670000076293945,15.649999618530273,15.65999984741211,0
2025-10-27T13:25:00Z,15.649999618530273,15.649999618530273,15.649999618530273,15.649999618530273,0
2025-10-27T13:30:00Z,15.649999618530273,15.75,15.619999885559082,15.75,0
2025-10-27T13:35:00Z,15.760000228881836,15.90999984741211,15.760000228881836,15.770000457763672,0
2025-10-27T13:40:00Z,15.770000457763672,15.850000381469727,15.770000457763672,15.8100004196167,0
2025-10-27T13:45:00Z,15.8100004196167,15.84000015258789,15.800000190734863,15.829999923706055,0
2025-10-27T13:50:00Z,15.819999694824219,15.859999656677246,15.800000190734863,15.800000190734863,0
2025-10-27T13:55:00Z,15.800000190734863,15.800000190734863,15.720000267028809,15.720000267028809,0
2025-10-27T14:00:00Z,15.729999542236328,15.760000228881836,15.699999809265137,15.729999542236328,0
2025-10-27T14:05:00Z,15.75,15.789999961853027,15.739999771118164,15.789999961853027,0
2025-10-27T14:10:00Z,15.819999694824219,15.829999923706055,15.789999961853027,15.789999961853027,0
2025-10-27T14:15:00Z,15.800000190734863,15.890000343322754,15.800000190734863,15.890000343322754,0
2025-10-27T14:20:00Z,15.90999984741211,15.960000038146973,15.899999618530273,15.9399995803833,0
2025-10-27T14:25:00Z,15.949999809265137,15.979999542236328,15.920000076293945,15.9399995803833,0
2025-10-27T14:30:00Z,15.9399995803833,15.989999771118164,15.9399995803833,15.9399995803833,0
2025-10-27T14:35:00Z,15.9399995803833,15.9399995803833,15.90999984741211,15.930000305175781,0
2025-10-27T14:40:00Z,15.930000305175781,15.949999809265137,15.899999618530273,15.899999618530273,0
2025-10-27T14:45:00Z,15.899999618530273,15.949999809265137,15.899999618530273,15.9399995803833,0
2025-10-27T14:50:00Z,15.9399995803833,16.030000686645508,15.9399995803833,16.0,0
2025-10-27T14:55:00Z,16.010000228881836,16.030000686645508,15.979999542236328,16.030000686645508,0
2025-10-27T15:00:00Z,16.020000457763672,16.030000686645508,16.010000228881836,16.020000457763672,0
2025-10-27T15:05:00Z,16.020000457763672,16.06999969482422,16.010000228881836,16.059999465942383,0
2025-10-27T15:10:00Z,16.040000915527344,16.040000915527344,16.0,16.0,0
2025-10-27T15:15:00Z,16.0,16.030000686645508,16.0,16.0,0
2025-10-27T15:20:00Z,16.0,16.010000228881836,15.989999771118164,16.010000228881836,0
2025-10-27T15:25:00Z,16.010000228881836,16.010000228881836,15.970000267028809,15.970000267028809,0
2025-10-27T15:30:00Z,15.970000267028809,15.989999771118164,15.949999809265137,15.989999771118164,0
2025-10-27T15:35:00Z,15.989999771118164,16.010000228881836,15.989999771118164,15.989999771118164,0
2025-10-27T15:40:00Z,16.0,16.020000457763672,15.989999771118164,16.020000457763672,0
2025-10-27T15:45:00Z,16.020000457763672,16.040000915527344,16.020000457763672,16.040000915527344,0
2025-10-27T15:50:00Z,16.040000915527344,16.049999237060547,15.979999542236328,15.979999542236328,0
2025-10-27T15:55:00Z,15.979999542236328,15.989999771118164,15.970000267028809,15.979999542236328,0
2025-10-27T16:00:00Z,15.989999771118164,16.0,15.979999542236328,15.979999542236328,0
2025-10-27T16:05:00Z,15.970000267028809,16.0,15.970000267028809,15.989999771118164,0
2025-10-27T16:10:00Z,15.989999771118164,16.020000457763672,15.989999771118164,16.010000228881836,0
2025-10-27T16:15:00Z,16.010000228881836,16.030000686645508,15.979999542236328,15.979999542236328,0
2025-10-27T16:20:00Z,15.979999542236328,15.989999771118164,15.960000038146973,15.960000038146973,0
2025-10-27T16:25:00Z,15.960000038146973,15.970000267028809,15.960000038146973,15.970000267028809,0
2025-10-27T16:30:00Z,15.979999542236328,15.979999542236328,15.949999809265137,15.960000038146973,0
2025-10-27T16:35:00Z,15.970000267028809,15.979999542236328,15.960000038146973,15.970000267028809,0
2025-10-27T16:40:00Z,15.979999542236328,15.989999771118164,15.960000038146973,15.960000038146973,0
2025-10-27T16:45:00Z,15.970000267028809,15.979999542236328,15.960000038146973,15.970000267028809,0
2025-10-27T16:50:00Z,15.970000267028809,15.970000267028809,15.960000038146973,15.960000038146973,0
2025-10-27T16:55:00Z,15.960000038146973,15.989999771118164,15.960000038146973,15.989999771118164,0
2025-10-27T17:00:00Z,15.989999771118164,16.0,15.979999542236328,15.979999542236328,0
2025-10-27T17:05:00Z,15.970000267028809,16.020000457763672,15.970000267028809,16.0,0
2025-10-27T17:10:00Z,16.0,16.0,15.979999542236328,15.979999542236328,0
2025-10-27T17:15:00Z,15.979999542236328,16.010000228881836,15.979999542236328,16.010000228881836,0
2025-10-27T17:20:00Z,16.020000457763672,16.049999237060547,16.010000228881836,16.040000915527344,0
2025-10-27T17:25:00Z,16.049999237060547,16.049999237060547,16.020000457763672,16.020000457763672,0
2025-10-27T17:30:00Z,16.020000457763672,16.030000686645508,15.989999771118164,16.010000228881836,0
2025-10-27T17:35:00Z,16.010000228881836,16.010000228881836,15.970000267028809,15.970000267028809,0
2025-10-27T17:40:00Z,15.970000267028809,15.979999542236328,15.960000038146973,15.970000267028809,0
2025-10-27T17:45:00Z,15.970000267028809,16.0,15.970000267028809,16.0,0
2025-10-27T17:50:00Z,16.0,16.030000686645508,16.0,16.010000228881836,0
2025-10-27T17:55:00Z,16.010000228881836,16.010000228881836,15.989999771118164,15.989999771118164,0
2025-10-27T18:00:00Z,15.989999771118164,16.030000686645508,15.989999771118164,16.020000457763672,0
2025-10-27T18:05:00Z,16.020000457763672,16.020000457763672,16.010000228881836,16.010000228881836,0
2025-10-27T18:10:00Z,16.0,16.0,15.979999542236328,15.989999771118164,0
2025-10-27T18:15:00Z,15.989999771118164,15.989999771118164,15.970000267028809,15.970000267028809,0
2025-10-27T18:20:00Z,15.979999542236328,15.989999771118164,15.970000267028809,15.979999542236328,0
2025-10-27T18:25:00Z,15.989999771118164,15.989999771118164,15.970000267028809,15.970000267028809,0
2025-10-27T18:30:00Z,15.970000267028809,15.970000267028809,15.960000038146973,15.960000038146973,0
2025-10-27T18:35:00Z,15.9399995803833,15.949999809265137,15.930000305175781,15.949999809265137,0
2025-10-27T18:40:00Z,15.949999809265137,15.960000038146973,15.949999809265137,15.960000038146973,0
2025-10-27T18:45:00Z,15.960000038146973,15.979999542236328,15.960000038146973,15.970000267028809,0
2025-10-27T18:50:00Z,15.970000267028809,15.979999542236328,15.960000038146973,15.970000267028809,0
2025-10-27T18:55:00Z,15.970000267028809,15.970000267028809,15.949999809265137,15.970000267028809,0
2025-10-27T19:00:00Z,15.970000267028809,15.989999771118164,15.970000267028809,15.979999542236328,0
2025-10-27T19:05:00Z,15.979999542236328,15.979999542236328,15.949999809265137,15.960000038146973,0
2025-10-27T19:10:00Z,15.960000038146973,15.960000038146973,15.949999809265137,15.949999809265137,0
2025-10-27T19:15:00Z,15.9399995803833,15.949999809265137,15.9399995803833,15.9399995803833,0
2025-10-27T19:20:00Z,15.9399995803833,15.9399995803833,15.930000305175781,15.930000305175781,0
2025-10-27T19:25:00Z,15.930000305175781,15.949999809265137,15.930000305175781,15.949999809265137,0
2025-10-27T19:30:00Z,15.9399995803833,15.979999542236328,15.9399995803833,15.979999542236328,0
2025-10-27T19:35:00Z,15.979999542236328,15.979999542236328,15.970000267028809,15.979999542236328,0
2025-10-27T19:40:00Z,15.979999542236328,16.0,15.949999809265137,15.949999809265137,0
2025-10-27T19:45:00Z,15.949999809265137,15.949999809265137,15.880000114440918,15.890000343322754,0
2025-10-27T19:50:00Z,15.880000114440918,15.880000114440918,15.800000190734863,15.819999694824219,0
2025-10-27T19:55:00Z,15.8100004196167,15.850000381469727,15.779999732971191,15.800000190734863,0
2025-10-27T20:00:00Z,15.8100004196167,15.8100004196167,15.739999771118164,15.739999771118164,0
2025-10-27T20:05:00Z,15.739999771118164,15.8100004196167,15.739999771118164,15.8100004196167,0
2025-10-27T20:10:00Z,15.819999694824219,15.819999694824219,15.789999961853027,15.789999961853027,0
2025-10-28T07:15:00Z,15.949999809265137,15.960000038146973,15.9399995803833,15.9399995803833,0
2025-10-28T07:20:00Z,15.9399995803833,15.9399995803833,15.899999618530273,15.90999984741211,0
2025-10-28T07:25:00Z,15.90999984741211,15.90999984741211,15.890000343322754,15.899999618530273,0
2025-10-28T07:30:00Z,15.899999618530273,15.90999984741211,15.899999618530273,15.90999984741211,0
2025-10-28T07:35:00Z,15.90999984741211,15.90999984741211,15.899999618530273,15.899999618530273,0
2025-10-28T07:40:00Z,15.899999618530273,15.90999984741211,15.899999618530273,15.90999984741211,0
2025-10-28T07:45:00Z,15.90999984741211,15.930000305175781,15.90999984741211,15.930000305175781,0
2025-10-28T07:50:00Z,15.930000305175781,15.949999809265137,15.930000305175781,15.949999809265137,0
2025-10-28T07:55:00Z,15.949999809265137,15.949999809265137,15.930000305175781,15.949999809265137,0
2025-10-28T08:00:00Z,15.9399995803833,15.9399995803833,15.930000305175781,15.9399995803833,0
2025-10-28T08:05:00Z,15.9399995803833,15.949999809265137,15.930000305175781,15.949999809265137,0
2025-10-28T08:10:00Z,15.9399995803833,15.960000038146973,15.9399995803833,15.9399995803833,0
2025-10-28T08:15:00Z,15.9399995803833,15.949999809265137,15.9399995803833,15.9399995803833,0
2025-10-28T08:20:00Z,15.9399995803833,15.9399995803833,15.920000076293945,15.930000305175781,0
2025-10-28T08:25:00Z,15.930000305175781,15.9399995803833,15.930000305175781,15.9399995803833,0
2025-10-28T08:30:00Z,15.9399995803833,15.9399995803833,15.930000305175781,15.930000305175781,0
2025-10-28T08:35:00Z,15.930000305175781,15.949999809265137,15.930000305175781,15.949999809265137,0
2025-10-28T08:40:00Z,15.949999809265137,15.949999809265137,15.930000305175781,15.930000305175781,0
2025-10-28T08:45:00Z,15.920000076293945,15.920000076293945,15.880000114440918,15.880000114440918,0
2025-10-28T08:50:00Z,15.880000114440918,15.880000114440918,15.84000015258789,15.84000015258789,0
2025-10-28T08:55:00Z,15.84000015258789,15.850000381469727,15.84000015258789,15.850000381469727,0
2025-10-28T09:00:00Z,15.850000381469727,15.850000381469727,15.829999923706055,15.84000015258789,0
2025-10-28T09:05:00Z,15.84000015258789,15.850000381469727,15.84000015258789,15.850000381469727,0
2025-10-28T09:10:00Z,15.850000381469727,15.859999656677246,15.850000381469727,15.859999656677246,0
2025-10-28T09:15:00Z,15.869999885559082,15.869999885559082,15.850000381469727,15.850000381469727,0
2025-10-28T09:20:00Z,15.84000015258789,15.869999885559082,15.84000015258789,15.869999885559082,0
2025-10-28T09:25:00Z,15.869999885559082,15.899999618530273,15.869999885559082,15.899999618530273,0
2025-10-28T09:30:00Z,15.899999618530273,15.90999984741211,15.899999618530273,15.90999984741211,0
2025-10-28T09:35:00Z,15.90999984741211,15.90999984741211,15.90999984741211,15.90999984741211,0
2025-10-28T09:40:00Z,15.90999984741211,15.90999984741211,15.899999618530273,15.899999618530273,0
2025-10-28T09:45:00Z,15.899999618530273,15.899999618530273,15.899999618530273,15.899999618530273,0
2025-10-28T09:50:00Z,15.899999618530273,15.90999984741211,15.899999618530273,15.899999618530273,0
2025-10-28T09:55:00Z,15.899999618530273,15.899999618530273,15.859999656677246,15.869999885559082,0
2025-10-28T10:00:00Z,15.869999885559082,15.869999885559082,15.859999656677246,15.869999885559082,0
2025-10-28T10:05:00Z,15.869999885559082,15.880000114440918,15.869999885559082,15.880000114440918,0
2025-10-28T10:10:00Z,15.880000114440918,15.890000343322754,15.869999885559082,15.869999885559082,0
2025-10-28T10:15:00Z,15.880000114440918,15.880000114440918,15.859999656677246,15.859999656677246,0
2025-10-28T10:20:00Z,15.859999656677246,15.869999885559082,15.859999656677246,15.869999885559082,0
2025-10-28T10:25:00Z,15.869999885559082,15.869999885559082,15.859999656677246,15.859999656677246,0
2025-10-28T10:30:00Z,15.859999656677246,15.880000114440918,15.859999656677246,15.880000114440918,0
2025-10-28T10:35:00Z,15.869999885559082,15.880000114440918,15.869999885559082,15.880000114440918,0
2025-10-28T10:40:00Z,15.869999885559082,15.880000114440918,15.869999885559082,15.880000114440918,0
2025-10-28T10:45:00Z,15.880000114440918,15.899999618530273,15.880000114440918,15.899999618530273,0
2025-10-28T10:50:00Z,15.890000343322754,15.899999618530273,15.880000114440918,15.880000114440918,0
2025-10-28T10:55:00Z,15.880000114440918,15.890000343322754,15.880000114440918,15.880000114440918,0
2025-10-28T11:00:00Z,15.880000114440918,15.880000114440918,15.869999885559082,15.869999885559082,0
2025-10-28T11:05:00Z,15.880000114440918,15.880000114440918,15.859999656677246,15.880000114440918,0
2025-10-28T11:10:00Z,15.880000114440918,15.890000343322754,15.869999885559082,15.880000114440918,0
2025-10-28T11:15:00Z,15.880000114440918,15.890000343322754,15.859999656677246,15.859999656677246,0
2025-10-28T11:20:00Z,15.859999656677246,15.869999885559082,15.850000381469727,15.859999656677246,0
2025-10-28T11:25:00Z,15.850000381469727,15.850000381469727,15.84000015258789,15.850000381469727,0
2025-10-28T11:30:00Z,15.850000381469727,15.850000381469727,15.84000015258789,15.850000381469727,0
2025-10-28T11:35:00Z,15.850000381469727,15.850000381469727,15.84000015258789,15.84000015258789,0
2025-10-28T11:40:00Z,15.84000015258789,15.84000015258789,15.829999923706055,15.829999923706055,0
2025-10-28T11:45:00Z,15.829999923706055,15.829999923706055,15.829999923706055,15.829999923706055,0
2025-10-28T11:50:00Z,15.829999923706055,15.829999923706055,15.819999694824219,15.829999923706055,0
2025-10-28T11:55:00Z,15.84000015258789,15.850000381469727,15.829999923706055,15.829999923706055,0
2025-10-28T12:00:00Z,15.84000015258789,15.84000015258789,15.829999923706055,15.84000015258789,0
2025-10-28T12:05:00Z,15.84000015258789,15.84000015258789,15.819999694824219,15.829999923706055,0
2025-10-28T12:10:00Z,15.829999923706055,15.829999923706055,15.8100004196167,15.8100004196167,0
2025-10-28T12:15:00Z,15.8100004196167,15.819999694824219,15.800000190734863,15.800000190734863,0
2025-10-28T12:20:00Z,15.779999732971191,15.779999732971191,15.760000228881836,15.770000457763672,0
2025-10-28T12:25:00Z,15.760000228881836,15.850000381469727,15.760000228881836,15.850000381469727,0
2025-10-28T12:30:00Z,15.84000015258789,15.859999656677246,15.84000015258789,15.859999656677246,0
2025-10-28T12:35:00Z,15.859999656677246,15.859999656677246,15.850000381469727,15.850000381469727,0
2025-10-28T12:40:00Z,15.850000381469727,15.859999656677246,15.850000381469727,15.859999656677246,0
2025-10-28T12:45:00Z,15.859999656677246,15.869999885559082,15.850000381469727,15.869999885559082,0
2025-10-28T12:50:00Z,15.869999885559082,15.869999885559082,15.850000381469727,15.859999656677246,0
2025-10-28T12:55:00Z,15.850000381469727,15.850000381469727,15.84000015258789,15.84000015258789,0
2025-10-28T13:00:00Z,15.84000015258789,15.84000015258789,15.760000228881836,15.770000457763672,0
2025-10-28T13:05:00Z,15.770000457763672,15.779999732971191,15.739999771118164,15.739999771118164,0
2025-10-28T13:10:00Z,15.739999771118164,15.739999771118164,15.65999984741211,15.670000076293945,0
2025-10-28T13:15:00Z,15.670000076293945,15.6899995803833,15.65999984741211,15.6899995803833,0
2025-10-28T13:20:00Z,15.6899995803833,15.6899995803833,15.65999984741211,15.670000076293945,0
2025-10-28T13:25:00Z,15.670000076293945,15.670000076293945,15.670000076293945,15.670000076293945,0
2025-10-28T13:30:00Z,15.729999542236328,15.779999732971191,15.699999809265137,15.760000228881836,0
2025-10-28T13:35:00Z,15.75,15.819999694824219,15.75,15.819999694824219,0
2025-10-28T13:40:00Z,15.850000381469727,16.040000915527344,15.850000381469727,16.040000915527344,0
2025-10-28T13:45:00Z,16.040000915527344,16.219999313354492,16.040000915527344,16.15999984741211,0
2025-10-28T13:50:00Z,16.15999984741211,16.209999084472656,16.15999984741211,16.200000762939453,0
2025-10-28T13:55:00Z,16.209999084472656,16.239999771118164,16.09000015258789,16.209999084472656,0
2025-10-28T14:00:00Z,16.209999084472656,16.209999084472656,16.110000610351562,16.110000610351562,0
2025-10-28T14:05:00Z,16.09000015258789,16.149999618530273,16.09000015258789,16.09000015258789,0
2025-10-28T14:10:00Z,16.09000015258789,16.09000015258789,16.059999465942383,16.06999969482422,0
2025-10-28T14:15:00Z,16.06999969482422,16.09000015258789,16.059999465942383,16.079999923706055,0
2025-10-28T14:20:00Z,16.079999923706055,16.100000381469727,16.049999237060547,16.09000015258789,0
2025-10-28T14:25:00Z,16.079999923706055,16.1200008392334,16.06999969482422,16.06999969482422,0
2025-10-28T14:30:00Z,16.06999969482422,16.1200008392334,16.059999465942383,16.100000381469727,0
2025-10-28T14:35:00Z,16.09000015258789,16.100000381469727,16.040000915527344,16.100000381469727,0
2025-10-28T14:40:00Z,16.100000381469727,16.190000534057617,16.100000381469727,16.18000030517578,0
2025-10-28T14:45:00Z,16.18000030517578,16.229999542236328,16.149999618530273,16.149999618530273,0
2025-10-28T14:50:00Z,16.15999984741211,16.190000534057617,16.100000381469727,16.100000381469727,0
2025-10-28T14:55:00Z,16.110000610351562,16.1299991607666,16.06999969482422,16.1200008392334,0
2025-10-28T15:00:00Z,16.100000381469727,16.139999389648438,16.09000015258789,16.1299991607666,0
2025-10-28T15:05:00Z,16.139999389648438,16.139999389648438,16.09000015258789,16.110000610351562,0
2025-10-28T15:10:00Z,16.100000381469727,16.15999984741211,16.100000381469727,16.139999389648438,0
2025-10-28T15:15:00Z,16.1299991607666,16.139999389648438,16.100000381469727,16.110000610351562,0
2025-10-28T15:20:00Z,16.110000610351562,16.190000534057617,16.110000610351562,16.18000030517578,0
2025-10-28T15:25:00Z,16.18000030517578,16.219999313354492,16.170000076293945,16.209999084472656,0
2025-10-28T15:30:00Z,16.209999084472656,16.270000457763672,16.209999084472656,16.270000457763672,0
2025-10-28T15:35:00Z,16.290000915527344,16.329999923706055,16.25,16.25,0
2025-10-28T15:40:00Z,16.25,16.329999923706055,16.25,16.31999969482422,0
2025-10-28T15:45:00Z,16.31999969482422,16.329999923706055,16.299999237060547,16.309999465942383,0
2025-10-28T15:50:00Z,16.299999237060547,16.299999237060547,16.270000457763672,16.270000457763672,0
2025-10-28T15:55:00Z,16.270000457763672,16.280000686645508,16.25,16.25,0
2025-10-28T16:00:00Z,16.270000457763672,16.270000457763672,16.200000762939453,16.219999313354492,0
2025-10-28T16:05:00Z,16.219999313354492,16.219999313354492,16.18000030517578,16.18000030517578,0
2025-10-28T16:10:00Z,16.18000030517578,16.200000762939453,16.18000030517578,16.190000534057617,0
2025-10-28T16:15:00Z,16.190000534057617,16.190000534057617,16.15999984741211,16.190000534057617,0
2025-10-28T16:20:00Z,16.18000030517578,16.200000762939453,16.18000030517578,16.190000534057617,0
2025-10-28T16:25:00Z,16.190000534057617,16.190000534057617,16.139999389648438,16.139999389648438,0
2025-10-28T16:30:00Z,16.139999389648438,16.209999084472656,16.049999237060547,16.049999237060547,0
2025-10-28T16:35:00Z,16.040000915527344,16.1299991607666,16.040000915527344,16.110000610351562,0
2025-10-28T16:40:00Z,16.1200008392334,16.139999389648438,16.09000015258789,16.09000015258789,0
2025-10-28T16:45:00Z,16.079999923706055,16.079999923706055,16.030000686645508,16.040000915527344,0
2025-10-28T16:50:00Z,16.059999465942383,16.06999969482422,16.040000915527344,16.06999969482422,0
2025-10-28T16:55:00Z,16.06999969482422,16.079999923706055,16.06999969482422,16.06999969482422,0
2025-10-28T17:00:00Z,16.06999969482422,16.06999969482422,15.989999771118164,16.020000457763672,0
2025-10-28T17:05:00Z,16.020000457763672,16.100000381469727,16.020000457763672,16.100000381469727,0
2025-10-28T17:10:00Z,16.100000381469727,16.1200008392334,16.09000015258789,16.1200008392334,0
2025-10-28T17:15:00Z,16.1200008392334,16.1299991607666,16.09000015258789,16.1299991607666,0
2025-10-28T17:20:00Z,16.1200008392334,16.1200008392334,16.09000015258789,16.09000015258789,0
2025-10-28T17:25:00Z,16.100000381469727,16.139999389648438,16.100000381469727,16.139999389648438,0
2025-10-28T17:30:00Z,16.170000076293945,16.170000076293945,16.1299991607666,16.15999984741211,0
2025-10-28T17:35:00Z,16.149999618530273,16.149999618530273,16.1299991607666,16.139999389648438,0
2025-10-28T17:40:00Z,16.139999389648438,16.170000076293945,16.1299991607666,16.15999984741211,0
2025-10-28T17:45:00Z,16.170000076293945,16.209999084472656,16.170000076293945,16.190000534057617,0
2025-10-28T17:50:00Z,16.190000534057617,16.190000534057617,16.170000076293945,16.18000030517578,0
2025-10-28T17:55:00Z,16.18000030517578,16.219999313354492,16.18000030517578,16.219999313354492,0
2025-10-28T18:00:00Z,16.219999313354492,16.229999542236328,16.209999084472656,16.229999542236328,0
2025-10-28T18:05:00Z,16.219999313354492,16.239999771118164,16.219999313354492,16.229999542236328,0
2025-10-28T18:10:00Z,16.229999542236328,16.229999542236328,16.209999084472656,16.219999313354492,0
2025-10-28T18:15:00Z,16.219999313354492,16.290000915527344,16.219999313354492,16.290000915527344,0
2025-10-28T18:20:00Z,16.290000915527344,16.299999237060547,16.290000915527344,16.290000915527344,0
2025-10-28T18:25:00Z,16.290000915527344,16.309999465942383,16.290000915527344,16.309999465942383,0
2025-10-28T18:30:00Z,16.309999465942383,16.31999969482422,16.299999237060547,16.31999969482422,0
2025-10-28T18:35:00Z,16.309999465942383,16.329999923706055,16.309999465942383,16.31999969482422,0
2025-10-28T18:40:00Z,16.31999969482422,16.31999969482422,16.299999237060547,16.309999465942383,0
2025-10-28T18:45:00Z,16.290000915527344,16.290000915527344,16.270000457763672,16.290000915527344,0
2025-10-28T18:50:00Z,16.290000915527344,16.290000915527344,16.270000457763672,16.280000686645508,0
2025-10-28T18:55:00Z,16.280000686645508,16.299999237060547,16.280000686645508,16.280000686645508,0
2025-10-28T19:00:00Z,16.290000915527344,16.31999969482422,16.290000915527344,16.309999465942383,0
2025-10-28T19:05:00Z,16.309999465942383,16.309999465942383,16.280000686645508,16.280000686645508,0
2025-10-28T19:10:00Z,16.280000686645508,16.309999465942383,16.280000686645508,16.309999465942383,0
2025-10-28T19:15:00Z,16.31999969482422,16.3799991607666,16.31999969482422,16.3799991607666,0
2025-10-28T19:20:00Z,16.3799991607666,16.40999984741211,16.3700008392334,16.40999984741211,0
2025-10-28T19:25:00Z,16.399999618530273,16.440000534057617,16.399999618530273,16.440000534057617,0
2025-10-28T19:30:00Z,16.440000534057617,16.520000457763672,16.440000534057617,16.5,0
2025-10-28T19:35:00Z,16.5,16.549999237060547,16.5,16.540000915527344,0
2025-10-28T19:40:00Z,16.540000915527344,16.549999237060547,16.489999771118164,16.510000228881836,0
2025-10-28T19:45:00Z,16.5,16.5,16.459999084472656,16.5,0
2025-10-28T19:50:00Z,16.450000762939453,16.469999313354492,16.420000076293945,16.420000076293945,0
2025-10-28T19:55:00Z,16.440000534057617,16.450000762939453,16.399999618530273,16.420000076293945,0
2025-10-28T20:00:00Z,16.40999984741211,16.420000076293945,16.3700008392334,16.389999389648438,0
2025-10-28T20:05:00Z,16.389999389648438,16.459999084472656,16.389999389648438,16.43000030517578,0
2025-10-28T20:10:00Z,16.440000534057617,16.440000534057617,16.40999984741211,16.43000030517578,0
2025-10-29T07:15:00Z,16.34000015258789,16.34000015258789,16.309999465942383,16.329999923706055,0
2025-10-29T07:20:00Z,16.329999923706055,16.350000381469727,16.329999923706055,16.34000015258789,0
2025-10-29T07:25:00Z,16.34000015258789,16.34000015258789,16.31999969482422,16.31999969482422,0
2025-10-29T07:30:00Z,16.31999969482422,16.329999923706055,16.309999465942383,16.309999465942383,0
2025-10-29T07:35:00Z,16.309999465942383,16.309999465942383,16.299999237060547,16.299999237060547,0
2025-10-29T07:40:00Z,16.299999237060547,16.309999465942383,16.299999237060547,16.309999465942383,0
2025-10-29T07:45:00Z,16.309999465942383,16.31999969482422,16.309999465942383,16.31999969482422,0
2025-10-29T07:50:00Z,16.31999969482422,16.34000015258789,16.31999969482422,16.31999969482422,0
2025-10-29T07:55:00Z,16.31999969482422,16.31999969482422,16.299999237060547,16.299999237060547,0
2025-10-29T08:00:00Z,16.299999237060547,16.299999237060547,16.270000457763672,16.280000686645508,0
2025-10-29T08:05:00Z,16.280000686645508,16.290000915527344,16.280000686645508,16.280000686645508,0
2025-10-29T08:10:00Z,16.280000686645508,16.299999237060547,16.280000686645508,16.299999237060547,0
2025-10-29T08:15:00Z,16.299999237060547,16.299999237060547,16.260000228881836,16.260000228881836,0
2025-10-29T08:20:00Z,16.260000228881836,16.290000915527344,16.260000228881836,16.280000686645508,0
2025-10-29T08:25:00Z,16.280000686645508,16.309999465942383,16.280000686645508,16.299999237060547,0
2025-10-29T08:30:00Z,16.309999465942383,16.309999465942383,16.299999237060547,16.309999465942383,0
2025-10-29T08:35:00Z,16.309999465942383,16.360000610351562,16.309999465942383,16.350000381469727,0
2025-10-29T08:40:00Z,16.34000015258789,16.350000381469727,16.309999465942383,16.31999969482422,0
2025-10-29T08:45:00Z,16.31999969482422,16.329999923706055,16.309999465942383,16.31999969482422,0
2025-10-29T08:50:00Z,16.31999969482422,16.329999923706055,16.31999969482422,16.329999923706055,0
2025-10-29T08:55:00Z,16.34000015258789,16.34000015258789,16.31999969482422,16.329999923706055,0
2025-10-29T09:00:00Z,16.31999969482422,16.31999969482422,16.309999465942383,16.309999465942383,0
2025-10-29T09:05:00Z,16.309999465942383,16.31999969482422,16.309999465942383,16.31999969482422,0
2025-10-29T09:10:00Z,16.329999923706055,16.34000015258789,16.31999969482422,16.31999969482422,0
2025-10-29T09:15:00Z,16.31999969482422,16.329999923706055,16.31999969482422,16.329999923706055,0
2025-10-29T09:20:00Z,16.329999923706055,16.34000015258789,16.31999969482422,16.329999923706055,0
2025-10-29T09:25:00Z,16.329999923706055,16.350000381469727,16.329999923706055,16.350000381469727,0
2025-10-29T09:30:00Z,16.350000381469727,16.350000381469727,16.309999465942383,16.31999969482422,0
2025-10-29T09:35:00Z,16.31999969482422,16.329999923706055,16.309999465942383,16.309999465942383,0
2025-10-29T09:40:00Z,16.309999465942383,16.329999923706055,16.290000915527344,16.299999237060547,0
2025-10-29T09:45:00Z,16.299999237060547,16.31999969482422,16.290000915527344,16.299999237060547,0
2025-10-29T09:50:00Z,16.299999237060547,16.350000381469727,16.290000915527344,16.350000381469727,0
2025-10-29T09:55:00Z,16.360000610351562,16.360000610351562,16.34000015258789,16.360000610351562,0
2025-10-29T10:00:00Z,16.360000610351562,16.3700008392334,16.360000610351562,16.3700008392334,0
2025-10-29T10:05:00Z,16.3700008392334,16.3700008392334,16.350000381469727,16.350000381469727,0
2025-10-29T10:10:00Z,16.350000381469727,16.3700008392334,16.350000381469727,16.3700008392334,0
2025-10-29T10:15:00Z,16.360000610351562,16.3700008392334,16.360000610351562,16.360000610351562,0
2025-10-29T10:20:00Z,16.360000610351562,16.360000610351562,16.34000015258789,16.350000381469727,0
2025-10-29T10:25:00Z,16.350000381469727,16.350000381469727,16.34000015258789,16.350000381469727,0
2025-10-29T10:30:00Z,16.350000381469727,16.360000610351562,16.34000015258789,16.350000381469727,0
2025-10-29T10:35:00Z,16.350000381469727,16.360000610351562,16.350000381469727,16.360000610351562,0
2025-10-29T10:40:00Z,16.360000610351562,16.360000610351562,16.360000610351562,16.360000610351562,0
2025-10-29T10:45:00Z,16.360000610351562,16.3799991607666,16.360000610351562,16.3700008392334,0
2025-10-29T10:50:00Z,16.3700008392334,16.3700008392334,16.360000610351562,16.360000610351562,0
2025-10-29T10:55:00Z,16.350000381469727,16.389999389648438,16.350000381469727,16.389999389648438,0
2025-10-29T11:00:00Z,16.389999389648438,16.399999618530273,16.3799991607666,16.389999389648438,0
2025-10-29T11:05:00Z,16.3799991607666,16.3799991607666,16.3700008392334,16.3799991607666,0
2025-10-29T11:10:00Z,16.389999389648438,16.399999618530273,16.3799991607666,16.389999389648438,0
2025-10-29T11:15:00Z,16.389999389648438,16.40999984741211,16.3799991607666,16.389999389648438,0
2025-10-29T11:20:00Z,16.389999389648438,16.389999389648438,16.360000610351562,16.360000610351562,0
2025-10-29T11:25:00Z,16.360000610351562,16.360000610351562,16.34000015258789,16.350000381469727,0
2025-10-29T11:30:00Z,16.350000381469727,16.350000381469727,16.299999237060547,16.299999237060547,0
2025-10-29T11:35:00Z,16.299999237060547,16.309999465942383,16.299999237060547,16.309999465942383,0
2025-10-29T11:40:00Z,16.309999465942383,16.309999465942383,16.299999237060547,16.299999237060547,0
2025-10-29T11:45:00Z,16.299999237060547,16.309999465942383,16.299999237060547,16.309999465942383,0
2025-10-29T11:50:00Z,16.309999465942383,16.329999923706055,16.309999465942383,16.31999969482422,0
2025-10-29T11:55:00Z,16.329999923706055,16.350000381469727,16.329999923706055,16.329999923706055,0
2025-10-29T12:00:00Z,16.329999923706055,16.329999923706055,16.31999969482422,16.329999923706055,0
2025-10-29T12:05:00Z,16.329999923706055,16.34000015258789,16.329999923706055,16.329999923706055,0
2025-10-29T12:10:00Z,16.329999923706055,16.3700008392334,16.329999923706055,16.360000610351562,0
2025-10-29T12:15:00Z,16.360000610351562,16.360000610351562,16.350000381469727,16.360000610351562,0
2025-10-29T12:20:00Z,16.360000610351562,16.40999984741211,16.360000610351562,16.399999618530273,0
2025-10-29T12:25:00Z,16.399999618530273,16.420000076293945,16.399999618530273,16.420000076293945,0
2025-10-29T12:30:00Z,16.40999984741211,16.420000076293945,16.399999618530273,16.420000076293945,0
2025-10-29T12:35:00Z,16.40999984741211,16.440000534057617,16.40999984741211,16.43000030517578,0
2025-10-29T12:40:00Z,16.43000030517578,16.440000534057617,16.420000076293945,16.440000534057617,0
2025-10-29T12:45:00Z,16.43000030517578,16.440000534057617,16.43000030517578,16.43000030517578,0
2025-10-29T12:50:00Z,16.43000030517578,16.440000534057617,16.43000030517578,16.440000534057617,0
2025-10-29T12:55:00Z,16.440000534057617,16.450000762939453,16.43000030517578,16.450000762939453,0
2025-10-29T13:00:00Z,16.450000762939453,16.450000762939453,16.43000030517578,16.440000534057617,0
2025-10-29T13:05:00Z,16.440000534057617,16.440000534057617,16.420000076293945,16.43000030517578,0
2025-10-29T13:10:00Z,16.43000030517578,16.440000534057617,16.420000076293945,16.420000076293945,0
2025-10-29T13:15:00Z,16.440000534057617,16.459999084472656,16.43000030517578,16.440000534057617,0
2025-10-29T13:20:00Z,16.450000762939453,16.479999542236328,16.440000534057617,16.469999313354492,0
2025-10-29T13:25:00Z,16.479999542236328,16.479999542236328,16.479999542236328,16.479999542236328,0
2025-10-29T13:30:00Z,16.530000686645508,16.56999969482422,16.510000228881836,16.559999465942383,0
2025-10-29T13:35:00Z,16.530000686645508,16.639999389648438,16.530000686645508,16.639999389648438,0
2025-10-29T13:40:00Z,16.649999618530273,16.700000762939453,16.649999618530273,16.700000762939453,0
2025-10-29T13:45:00Z,16.700000762939453,16.81999969482422,16.700000762939453,16.809999465942383,0
2025-10-29T13:50:00Z,16.790000915527344,16.809999465942383,16.790000915527344,16.809999465942383,0
2025-10-29T13:55:00Z,16.829999923706055,16.8799991607666,16.790000915527344,16.8799991607666,0
2025-10-29T14:00:00Z,16.8700008392334,16.90999984741211,16.860000610351562,16.90999984741211,0
2025-10-29T14:05:00Z,16.90999984741211,16.969999313354492,16.90999984741211,16.969999313354492,0
2025-10-29T14:10:00Z,16.969999313354492,17.020000457763672,16.959999084472656,17.010000228881836,0
2025-10-29T14:15:00Z,16.959999084472656,16.969999313354492,16.920000076293945,16.940000534057617,0
2025-10-29T14:20:00Z,16.940000534057617,16.979999542236328,16.899999618530273,16.979999542236328,0
2025-10-29T14:25:00Z,16.979999542236328,16.989999771118164,16.940000534057617,16.940000534057617,0
2025-10-29T14:30:00Z,16.93000030517578,16.969999313354492,16.920000076293945,16.940000534057617,0
2025-10-29T14:35:00Z,16.940000534057617,16.969999313354492,16.940000534057617,16.959999084472656,0
2025-10-29T14:40:00Z,16.950000762939453,16.950000762939453,16.899999618530273,16.940000534057617,0
2025-10-29T14:45:00Z,16.920000076293945,16.920000076293945,16.899999618530273,16.899999618530273,0
2025-10-29T14:50:00Z,16.899999618530273,16.920000076293945,16.84000015258789,16.84000015258789,0
2025-10-29T14:55:00Z,16.84000015258789,16.850000381469727,16.829999923706055,16.829999923706055,0
2025-10-29T15:00:00Z,16.829999923706055,16.829999923706055,16.799999237060547,16.829999923706055,0
2025-10-29T15:05:00Z,16.829999923706055,16.829999923706055,16.729999542236328,16.729999542236328,0
2025-10-29T15:10:00Z,16.739999771118164,16.770000457763672,16.729999542236328,16.75,0
2025-10-29T15:15:00Z,16.75,16.760000228881836,16.719999313354492,16.719999313354492,0
2025-10-29T15:20:00Z,16.709999084472656,16.719999313354492,16.6200008392334,16.6200008392334,0
2025-10-29T15:25:00Z,16.6200008392334,16.639999389648438,16.600000381469727,16.639999389648438,0
2025-10-29T15:30:00Z,16.6299991607666,16.649999618530273,16.600000381469727,16.6299991607666,0
2025-10-29T15:35:00Z,16.6299991607666,16.670000076293945,16.6299991607666,16.6299991607666,0
2025-10-29T15:40:00Z,16.6200008392334,16.6200008392334,16.59000015258789,16.610000610351562,0
2025-10-29T15:45:00Z,16.610000610351562,16.639999389648438,16.600000381469727,16.600000381469727,0
2025-10-29T15:50:00Z,16.59000015258789,16.6299991607666,16.59000015258789,16.6200008392334,0
2025-10-29T15:55:00Z,16.6200008392334,16.649999618530273,16.6200008392334,16.649999618530273,0
2025-10-29T16:00:00Z,16.649999618530273,16.709999084472656,16.649999618530273,16.709999084472656,0
2025-10-29T16:05:00Z,16.709999084472656,16.719999313354492,16.639999389648438,16.649999618530273,0
2025-10-29T16:10:00Z,16.649999618530273,16.670000076293945,16.639999389648438,16.649999618530273,0
2025-10-29T16:15:00Z,16.670000076293945,16.670000076293945,16.639999389648438,16.639999389648438,0
2025-10-29T16:20:00Z,16.639999389648438,16.639999389648438,16.59000015258789,16.600000381469727,0
2025-10-29T16:25:00Z,16.579999923706055,16.600000381469727,16.56999969482422,16.59000015258789,0
2025-10-29T16:30:00Z,16.59000015258789,16.610000610351562,16.59000015258789,16.610000610351562,0
2025-10-29T16:35:00Z,16.610000610351562,16.6299991607666,16.610000610351562,16.6299991607666,0
2025-10-29T16:40:00Z,16.639999389648438,16.670000076293945,16.6299991607666,16.65999984741211,0
2025-10-29T16:45:00Z,16.65999984741211,16.68000030517578,16.6299991607666,16.68000030517578,0
2025-10-29T16:50:00Z,16.68000030517578,16.690000534057617,16.68000030517578,16.68000030517578,0
2025-10-29T16:55:00Z,16.68000030517578,16.700000762939453,16.68000030517578,16.700000762939453,0
2025-10-29T17:00:00Z,16.700000762939453,16.719999313354492,16.700000762939453,16.709999084472656,0
2025-10-29T17:05:00Z,16.709999084472656,16.75,16.709999084472656,16.75,0
2025-10-29T17:10:00Z,16.75,16.770000457763672,16.75,16.75,0
2025-10-29T17:15:00Z,16.75,16.799999237060547,16.75,16.799999237060547,0
2025-10-29T17:20:00Z,16.790000915527344,16.81999969482422,16.780000686645508,16.809999465942383,0
2025-10-29T17:25:00Z,16.81999969482422,16.8799991607666,16.81999969482422,16.8700008392334,0
2025-10-29T17:30:00Z,16.8700008392334,16.90999984741211,16.8700008392334,16.899999618530273,0
2025-10-29T17:35:00Z,16.899999618530273,16.899999618530273,16.84000015258789,16.84000015258789,0
2025-10-29T17:40:00Z,16.850000381469727,16.850000381469727,16.790000915527344,16.790000915527344,0
2025-10-29T17:45:00Z,16.790000915527344,16.790000915527344,16.739999771118164,16.739999771118164,0
2025-10-29T17:50:00Z,16.75,16.75,16.719999313354492,16.739999771118164,0
2025-10-29T17:55:00Z,16.739999771118164,16.799999237060547,16.739999771118164,16.790000915527344,0
2025-10-29T18:00:00Z,16.860000610351562,16.860000610351562,16.610000610351562,16.690000534057617,0
2025-10-29T18:05:00Z,16.68000030517578,16.739999771118164,16.579999923706055,16.639999389648438,0
2025-10-29T18:10:00Z,16.6200008392334,16.729999542236328,16.6200008392334,16.719999313354492,0
2025-10-29T18:15:00Z,16.739999771118164,16.770000457763672,16.68000030517578,16.700000762939453,0
2025-10-29T18:20:00Z,16.700000762939453,16.81999969482422,16.700000762939453,16.770000457763672,0
2025-10-29T18:25:00Z,16.770000457763672,16.799999237060547,16.719999313354492,16.729999542236328,0
2025-10-29T18:30:00Z,16.729999542236328,16.739999771118164,16.6200008392334,16.6200008392334,0
2025-10-29T18:35:00Z,16.6200008392334,17.469999313354492,16.6200008392334,17.420000076293945,0
2025-10-29T18:40:00Z,17.5,17.579999923706055,17.079999923706055,17.270000457763672,0
2025-10-29T18:45:00Z,17.299999237060547,17.329999923706055,16.989999771118164,16.989999771118164,0
2025-10-29T18:50:00Z,17.010000228881836,17.010000228881836,16.530000686645508,16.639999389648438,0
2025-10-29T18:55:00Z,16.6200008392334,16.690000534057617,16.540000915527344,16.670000076293945,0
2025-10-29T19:00:00Z,16.649999618530273,16.93000030517578,16.520000457763672,16.920000076293945,0
2025-10-29T19:05:00Z,16.920000076293945,16.920000076293945,16.65999984741211,16.739999771118164,0
2025-10-29T19:10:00Z,16.780000686645508,16.81999969482422,16.690000534057617,16.81999969482422,0
2025-10-29T19:15:00Z,16.809999465942383,17.020000457763672,16.809999465942383,16.93000030517578,0
2025-10-29T19:20:00Z,16.940000534057617,17.079999923706055,16.889999389648438,17.079999923706055,0
2025-10-29T19:25:00Z,17.059999465942383,17.170000076293945,16.940000534057617,17.170000076293945,0
2025-10-29T19:30:00Z,17.18000030517578,17.290000915527344,17.15999984741211,17.290000915527344,0
2025-10-29T19:35:00Z,17.260000228881836,17.43000030517578,17.219999313354492,17.229999542236328,0
2025-10-29T19:40:00Z,17.229999542236328,17.329999923706055,17.209999084472656,17.290000915527344,0
2025-10-29T19:45:00Z,17.290000915527344,17.290000915527344,17.139999389648438,17.149999618530273,0
2025-10-29T19:50:00Z,17.18000030517578,17.18000030517578,17.049999237060547,17.110000610351562,0
2025-10-29T19:55:00Z,17.110000610351562,17.149999618530273,17.079999923706055,17.110000610351562,0
2025-10-29T20:00:00Z,17.040000915527344,17.1299991607666,16.739999771118164,16.739999771118164,0
2025-10-29T20:05:00Z,16.68000030517578,17.1299991607666,16.68000030517578,17.020000457763672,0
2025-10-29T20:10:00Z,17.030000686645508,17.09000015258789,16.93000030517578,16.93000030517578,0
2025-10-30T07:15:00Z,16.260000228881836,16.260000228881836,16.200000762939453,16.239999771118164,0
2025-10-30T07:20:00Z,16.239999771118164,16.34000015258789,16.239999771118164,16.34000015258789,0
2025-10-30T07:25:00Z,16.34000015258789,16.34000015258789,16.280000686645508,16.309999465942383,0
2025-10-30T07:30:00Z,16.299999237060547,16.299999237060547,16.260000228881836,16.260000228881836,0
2025-10-30T07:35:00Z,16.260000228881836,16.280000686645508,16.219999313354492,16.270000457763672,0
2025-10-30T07:40:00Z,16.260000228881836,16.260000228881836,16.15999984741211,16.15999984741211,0
2025-10-30T07:45:00Z,16.149999618530273,16.149999618530273,16.100000381469727,16.1200008392334,0
2025-10-30T07:50:00Z,16.110000610351562,16.110000610351562,16.06999969482422,16.06999969482422,0
2025-10-30T07:55:00Z,16.06999969482422,16.06999969482422,16.020000457763672,16.020000457763672,0
2025-10-30T08:00:00Z,16.020000457763672,16.030000686645508,15.989999771118164,16.020000457763672,0
2025-10-30T08:05:00Z,16.020000457763672,16.020000457763672,15.960000038146973,15.960000038146973,0
2025-10-30T08:10:00Z,15.970000267028809,16.040000915527344,15.949999809265137,16.030000686645508,0
2025-10-30T08:15:00Z,16.040000915527344,16.049999237060547,15.989999771118164,16.040000915527344,0
2025-10-30T08:20:00Z,16.030000686645508,16.030000686645508,15.979999542236328,16.010000228881836,0
2025-10-30T08:25:00Z,15.979999542236328,15.989999771118164,15.9399995803833,15.970000267028809,0
2025-10-30T08:30:00Z,15.970000267028809,16.020000457763672,15.970000267028809,15.979999542236328,0
2025-10-30T08:35:00Z,15.979999542236328,15.989999771118164,15.949999809265137,15.960000038146973,0
2025-10-30T08:40:00Z,15.970000267028809,15.970000267028809,15.90999984741211,15.90999984741211,0
2025-10-30T08:45:00Z,15.90999984741211,15.930000305175781,15.880000114440918,15.90999984741211,0
2025-10-30T08:50:00Z,15.90999984741211,15.920000076293945,15.899999618530273,15.90999984741211,0
2025-10-30T08:55:00Z,15.899999618530273,15.920000076293945,15.890000343322754,15.920000076293945,0
2025-10-30T09:00:00Z,15.90999984741211,15.920000076293945,15.869999885559082,15.899999618530273,0
2025-10-30T09:05:00Z,15.899999618530273,15.90999984741211,15.84000015258789,15.84000015258789,0
2025-10-30T09:10:00Z,15.84000015258789,15.920000076293945,15.84000015258789,15.890000343322754,0
2025-10-30T09:15:00Z,15.880000114440918,15.920000076293945,15.880000114440918,15.920000076293945,0
2025-10-30T09:20:00Z,15.920000076293945,16.079999923706055,15.920000076293945,16.079999923706055,0
2025-10-30T09:25:00Z,16.059999465942383,16.059999465942383,16.030000686645508,16.030000686645508,0
2025-10-30T09:30:00Z,16.040000915527344,16.040000915527344,16.010000228881836,16.040000915527344,0
2025-10-30T09:35:00Z,16.040000915527344,16.139999389648438,16.040000915527344,16.139999389648438,0
2025-10-30T09:40:00Z,16.139999389648438,16.209999084472656,16.1299991607666,16.18000030517578,0
2025-10-30T09:45:00Z,16.18000030517578,16.31999969482422,16.18000030517578,16.31999969482422,0
2025-10-30T09:50:00Z,16.329999923706055,16.329999923706055,16.299999237060547,16.329999923706055,0
2025-10-30T09:55:00Z,16.329999923706055,16.329999923706055,16.280000686645508,16.309999465942383,0
2025-10-30T10:00:00Z,16.309999465942383,16.329999923706055,16.280000686645508,16.280000686645508,0
2025-10-30T10:05:00Z,16.270000457763672,16.270000457763672,16.209999084472656,16.209999084472656,0
2025-10-30T10:10:00Z,16.219999313354492,16.219999313354492,16.190000534057617,16.200000762939453,0
2025-10-30T10:15:00Z,16.209999084472656,16.25,16.18000030517578,16.239999771118164,0
2025-10-30T10:20:00Z,16.219999313354492,16.219999313354492,16.18000030517578,16.190000534057617,0
2025-10-30T10:25:00Z,16.190000534057617,16.200000762939453,16.190000534057617,16.200000762939453,0
2025-10-30T10:30:00Z,16.200000762939453,16.200000762939453,16.100000381469727,16.1200008392334,0
2025-10-30T10:35:00Z,16.110000610351562,16.149999618530273,16.09000015258789,16.139999389648438,0
2025-10-30T10:40:00Z,16.139999389648438,16.15999984741211,16.110000610351562,16.1299991607666,0
2025-10-30T10:45:00Z,16.1299991607666,16.1299991607666,16.06999969482422,16.1200008392334,0
2025-10-30T10:50:00Z,16.1200008392334,16.1200008392334,16.040000915527344,16.059999465942383,0
2025-10-30T10:55:00Z,16.059999465942383,16.059999465942383,16.040000915527344,16.059999465942383,0
2025-10-30T11:00:00Z,16.059999465942383,16.079999923706055,16.030000686645508,16.059999465942383,0
2025-10-30T11:05:00Z,16.049999237060547,16.059999465942383,16.030000686645508,16.040000915527344,0
2025-10-30T11:10:00Z,16.040000915527344,16.059999465942383,16.020000457763672,16.020000457763672,0
2025-10-30T11:15:00Z,16.010000228881836,16.010000228881836,15.949999809265137,15.949999809265137,0
2025-10-30T11:20:00Z,15.930000305175781,15.930000305175781,15.869999885559082,15.869999885559082,0
2025-10-30T11:25:00Z,15.880000114440918,15.880000114440918,15.819999694824219,15.869999885559082,0
2025-10-30T11:30:00Z,15.850000381469727,15.890000343322754,15.84000015258789,15.84000015258789,0
2025-10-30T11:35:00Z,15.84000015258789,15.850000381469727,15.739999771118164,15.739999771118164,0
2025-10-30T11:40:00Z,15.739999771118164,15.75,15.729999542236328,15.739999771118164,0
2025-10-30T11:45:00Z,15.729999542236328,15.789999961853027,15.729999542236328,15.789999961853027,0
2025-10-30T11:50:00Z,15.789999961853027,15.829999923706055,15.789999961853027,15.819999694824219,0
2025-10-30T11:55:00Z,15.819999694824219,15.850000381469727,15.800000190734863,15.850000381469727,0
2025-10-30T12:00:00Z,15.869999885559082,15.920000076293945,15.850000381469727,15.890000343322754,0
2025-10-30T12:05:00Z,15.880000114440918,15.979999542236328,15.850000381469727,15.979999542236328,0
2025-10-30T12:10:00Z,15.970000267028809,16.139999389648438,15.960000038146973,16.139999389648438,0
2025-10-30T12:15:00Z,16.139999389648438,16.200000762939453,16.139999389648438,16.139999389648438,0
2025-10-30T12:20:00Z,16.1299991607666,16.170000076293945,16.06999969482422,16.139999389648438,0
2025-10-30T12:25:00Z,16.149999618530273,16.360000610351562,16.149999618530273,16.350000381469727,0
2025-10-30T12:30:00Z,16.350000381469727,16.399999618530273,16.270000457763672,16.280000686645508,0
2025-10-30T12:35:00Z,16.270000457763672,16.3700008392334,16.239999771118164,16.360000610351562,0
2025-10-30T12:40:00Z,16.360000610351562,16.469999313354492,16.34000015258789,16.440000534057617,0
2025-10-30T12:45:00Z,16.450000762939453,16.479999542236328,16.420000076293945,16.459999084472656,0
2025-10-30T12:50:00Z,16.450000762939453,16.530000686645508,16.450000762939453,16.530000686645508,0
2025-10-30T12:55:00Z,16.530000686645508,16.670000076293945,16.510000228881836,16.670000076293945,0
2025-10-30T13:00:00Z,16.68000030517578,16.790000915527344,16.68000030517578,16.790000915527344,0
2025-10-30T13:05:00Z,16.790000915527344,16.790000915527344,16.700000762939453,16.719999313354492,0
2025-10-30T13:10:00Z,16.729999542236328,16.75,16.59000015258789,16.6200008392334,0
2025-10-30T13:15:00Z,16.600000381469727,16.690000534057617,16.600000381469727,16.6200008392334,0
2025-10-30T13:20:00Z,16.6200008392334,16.670000076293945,16.600000381469727,16.65999984741211,0
2025-10-30T13:25:00Z,16.649999618530273,16.649999618530273,16.649999618530273,16.649999618530273,0
2025-10-30T13:30:00Z,16.790000915527344,16.850000381469727,16.770000457763672,16.770000457763672,0
2025-10-30T13:35:00Z,16.809999465942383,17.110000610351562,16.809999465942383,17.030000686645508,0
2025-10-30T13:40:00Z,17.010000228881836,17.040000915527344,16.799999237060547,16.8700008392334,0
2025-10-30T13:45:00Z,16.850000381469727,16.860000610351562,16.489999771118164,16.530000686645508,0
2025-10-30T13:50:00Z,16.549999237060547,16.549999237060547,16.399999618530273,16.469999313354492,0
2025-10-30T13:55:00Z,16.510000228881836,16.719999313354492,16.510000228881836,16.719999313354492,0
2025-10-30T14:00:00Z,16.709999084472656,16.889999389648438,16.6200008392334,16.889999389648438,0
2025-10-30T14:05:00Z,16.920000076293945,16.920000076293945,16.729999542236328,16.850000381469727,0
2025-10-30T14:10:00Z,16.850000381469727,16.93000030517578,16.809999465942383,16.84000015258789,0
2025-10-30T14:15:00Z,16.790000915527344,16.959999084472656,16.790000915527344,16.940000534057617,0
2025-10-30T14:20:00Z,16.979999542236328,17.059999465942383,16.8700008392334,17.049999237060547,0
2025-10-30T14:25:00Z,17.049999237060547,17.170000076293945,17.020000457763672,17.170000076293945,0
2025-10-30T14:30:00Z,17.170000076293945,17.170000076293945,17.020000457763672,17.049999237060547,0
2025-10-30T14:35:00Z,17.020000457763672,17.020000457763672,16.860000610351562,16.950000762939453,0
2025-10-30T14:40:00Z,16.940000534057617,16.940000534057617,16.68000030517578,16.729999542236328,0
2025-10-30T14:45:00Z,16.729999542236328,16.850000381469727,16.709999084472656,16.780000686645508,0
2025-10-30T14:50:00Z,16.780000686645508,17.0,16.780000686645508,16.979999542236328,0
2025-10-30T14:55:00Z,16.969999313354492,17.0,16.829999923706055,16.829999923706055,0
2025-10-30T15:00:00Z,16.84000015258789,16.84000015258789,16.68000030517578,16.68000030517578,0
2025-10-30T15:05:00Z,16.690000534057617,16.770000457763672,16.670000076293945,16.68000030517578,0
2025-10-30T15:10:00Z,16.68000030517578,16.68000030517578,16.59000015258789,16.59000015258789,0
2025-10-30T15:15:00Z,16.579999923706055,16.6200008392334,16.559999465942383,16.56999969482422,0
2025-10-30T15:20:00Z,16.549999237060547,16.549999237060547,16.43000030517578,16.479999542236328,0
2025-10-30T15:25:00Z,16.479999542236328,16.549999237060547,16.469999313354492,16.549999237060547,0
2025-10-30T15:30:00Z,16.559999465942383,16.700000762939453,16.559999465942383,16.690000534057617,0
2025-10-30T15:35:00Z,16.68000030517578,16.799999237060547,16.68000030517578,16.790000915527344,0
2025-10-30T15:40:00Z,16.790000915527344,16.899999618530273,16.790000915527344,16.84000015258789,0
2025-10-30T15:45:00Z,16.84000015258789,16.940000534057617,16.81999969482422,16.8700008392334,0
2025-10-30T15:50:00Z,16.889999389648438,16.940000534057617,16.8799991607666,16.889999389648438,0
2025-10-30T15:55:00Z,16.889999389648438,16.899999618530273,16.780000686645508,16.889999389648438,0
2025-10-30T16:00:00Z,16.889999389648438,16.90999984741211,16.739999771118164,16.739999771118164,0
2025-10-30T16:05:00Z,16.739999771118164,16.760000228881836,16.6200008392334,16.6200008392334,0
2025-10-30T16:10:00Z,16.6200008392334,16.6200008392334,16.559999465942383,16.559999465942383,0
2025-10-30T16:15:00Z,16.559999465942383,16.579999923706055,16.540000915527344,16.559999465942383,0
2025-10-30T16:20:00Z,16.56999969482422,16.639999389648438,16.549999237060547,16.59000015258789,0
2025-10-30T16:25:00Z,16.56999969482422,16.59000015258789,16.459999084472656,16.469999313354492,0
2025-10-30T16:30:00Z,16.479999542236328,16.649999618530273,16.479999542236328,16.649999618530273,0
2025-10-30T16:35:00Z,16.68000030517578,16.770000457763672,16.65999984741211,16.65999984741211,0
2025-10-30T16:40:00Z,16.649999618530273,16.700000762939453,16.579999923706055,16.59000015258789,0
2025-10-30T16:45:00Z,16.56999969482422,16.579999923706055,16.520000457763672,16.549999237060547,0
2025-10-30T16:50:00Z,16.540000915527344,16.56999969482422,16.510000228881836,16.520000457763672,0
2025-10-30T16:55:00Z,16.5,16.5,16.3799991607666,16.3799991607666,0
2025-10-30T17:00:00Z,16.3799991607666,16.459999084472656,16.3799991607666,16.450000762939453,0
2025-10-30T17:05:00Z,16.450000762939453,16.59000015258789,16.450000762939453,16.489999771118164,0
2025-10-30T17:10:00Z,16.489999771118164,16.559999465942383,16.469999313354492,16.510000228881836,0
2025-10-30T17:15:00Z,16.5,16.5,16.420000076293945,16.420000076293945,0
2025-10-30T17:20:00Z,16.43000030517578,16.5,16.3700008392334,16.3700008392334,0
2025-10-30T17:25:00Z,16.3700008392334,16.3700008392334,16.299999237060547,16.329999923706055,0
2025-10-30T17:30:00Z,16.31999969482422,16.389999389648438,16.31999969482422,16.360000610351562,0
2025-10-30T17:35:00Z,16.360000610351562,16.440000534057617,16.360000610351562,16.3799991607666,0
2025-10-30T17:40:00Z,16.3700008392334,16.40999984741211,16.3700008392334,16.3700008392334,0
2025-10-30T17:45:00Z,16.34000015258789,16.34000015258789,16.190000534057617,16.190000534057617,0
2025-10-30T17:50:00Z,16.190000534057617,16.25,16.190000534057617,16.200000762939453,0
2025-10-30T17:55:00Z,16.200000762939453,16.25,16.200000762939453,16.219999313354492,0
2025-10-30T18:00:00Z,16.209999084472656,16.290000915527344,16.209999084472656,16.290000915527344,0
2025-10-30T18:05:00Z,16.31999969482422,16.459999084472656,16.299999237060547,16.3700008392334,0
2025-10-30T18:10:00Z,16.3700008392334,16.540000915527344,16.3700008392334,16.540000915527344,0
2025-10-30T18:15:00Z,16.520000457763672,16.59000015258789,16.479999542236328,16.5,0
2025-10-30T18:20:00Z,16.489999771118164,16.559999465942383,16.459999084472656,16.520000457763672,0
2025-10-30T18:25:00Z,16.540000915527344,16.56999969482422,16.510000228881836,16.540000915527344,0
2025-10-30T18:30:00Z,16.530000686645508,16.540000915527344,16.43000030517578,16.540000915527344,0
2025-10-30T18:35:00Z,16.549999237060547,16.719999313354492,16.549999237060547,16.719999313354492,0
2025-10-30T18:40:00Z,16.719999313354492,16.75,16.670000076293945,16.690000534057617,0
2025-10-30T18:45:00Z,16.690000534057617,16.690000534057617,16.56999969482422,16.610000610351562,0
2025-10-30T18:50:00Z,16.610000610351562,16.649999618530273,16.579999923706055,16.579999923706055,0
2025-10-30T18:55:00Z,16.579999923706055,16.700000762939453,16.579999923706055,16.690000534057617,0
2025-10-30T19:00:00Z,16.739999771118164,16.84000015258789,16.68000030517578,16.84000015258789,0
2025-10-30T19:05:00Z,16.850000381469727,16.940000534057617,16.850000381469727,16.860000610351562,0
2025-10-30T19:10:00Z,16.860000610351562,16.969999313354492,16.860000610351562,16.950000762939453,0
2025-10-30T19:15:00Z,16.969999313354492,17.09000015258789,16.950000762939453,17.040000915527344,0
2025-10-30T19:20:00Z,16.989999771118164,17.3799991607666,16.989999771118164,17.239999771118164,0
2025-10-30T19:25:00Z,17.209999084472656,17.209999084472656,17.059999465942383,17.079999923706055,0
2025-10-30T19:30:00Z,17.059999465942383,17.15999984741211,16.979999542236328,17.15999984741211,0
2025-10-30T19:35:00Z,17.15999984741211,17.280000686645508,17.15999984741211,17.280000686645508,0
2025-10-30T19:40:00Z,17.280000686645508,17.290000915527344,17.219999313354492,17.260000228881836,0
2025-10-30T19:45:00Z,17.270000457763672,17.360000610351562,17.219999313354492,17.219999313354492,0
2025-10-30T19:50:00Z,17.219999313354492,17.309999465942383,17.190000534057617,17.290000915527344,0
2025-10-30T19:55:00Z,17.299999237060547,17.40999984741211,17.299999237060547,17.350000381469727,0
2025-10-30T20:00:00Z,17.360000610351562,17.389999389648438,16.889999389648438,16.899999618530273,0
2025-10-30T20:05:00Z,16.899999618530273,17.0,16.8799991607666,16.989999771118164,0
2025-10-30T20:10:00Z,16.959999084472656,16.989999771118164,16.899999618530273,16.920000076293945,0
2025-10-31T07:15:00Z,16.43000030517578,16.43000030517578,16.389999389648438,16.420000076293945,0
2025-10-31T07:20:00Z,16.43000030517578,16.43000030517578,16.399999618530273,16.399999618530273,0
2025-10-31T07:25:00Z,16.40999984741211,16.40999984741211,16.3700008392334,16.3700008392334,0
2025-10-31T07:30:00Z,16.3700008392334,16.3700008392334,16.329999923706055,16.350000381469727,0
2025-10-31T07:35:00Z,16.350000381469727,16.350000381469727,16.280000686645508,16.280000686645508,0
2025-10-31T07:40:00Z,16.280000686645508,16.280000686645508,16.209999084472656,16.229999542236328,0
2025-10-31T07:45:00Z,16.229999542236328,16.239999771118164,16.219999313354492,16.219999313354492,0
2025-10-31T07:50:00Z,16.209999084472656,16.209999084472656,16.190000534057617,16.190000534057617,0
2025-10-31T07:55:00Z,16.190000534057617,16.190000534057617,16.1299991607666,16.139999389648438,0
2025-10-31T08:00:00Z,16.139999389648438,16.15999984741211,16.139999389648438,16.149999618530273,0
2025-10-31T08:05:00Z,16.15999984741211,16.219999313354492,16.15999984741211,16.200000762939453,0
2025-10-31T08:10:00Z,16.209999084472656,16.260000228881836,16.190000534057617,16.260000228881836,0
2025-10-31T08:15:00Z,16.270000457763672,16.270000457763672,16.229999542236328,16.270000457763672,0
2025-10-31T08:20:00Z,16.270000457763672,16.270000457763672,16.219999313354492,16.219999313354492,0
2025-10-31T08:25:00Z,16.219999313354492,16.219999313354492,16.170000076293945,16.170000076293945,0
2025-10-31T08:30:00Z,16.190000534057617,16.190000534057617,16.170000076293945,16.18000030517578,0
2025-10-31T08:35:00Z,16.18000030517578,16.209999084472656,16.170000076293945,16.209999084472656,0
2025-10-31T08:40:00Z,16.209999084472656,16.209999084472656,16.170000076293945,16.170000076293945,0
2025-10-31T08:45:00Z,16.170000076293945,16.18000030517578,16.15999984741211,16.170000076293945,0
2025-10-31T08:50:00Z,16.170000076293945,16.170000076293945,16.149999618530273,16.149999618530273,0
2025-10-31T08:55:00Z,16.139999389648438,16.149999618530273,16.1200008392334,16.149999618530273,0
2025-10-31T09:00:00Z,16.149999618530273,16.15999984741211,16.1299991607666,16.15999984741211,0
2025-10-31T09:05:00Z,16.15999984741211,16.15999984741211,16.149999618530273,16.15999984741211,0
2025-10-31T09:10:00Z,16.15999984741211,16.15999984741211,16.1299991607666,16.1299991607666,0
2025-10-31T09:15:00Z,16.1299991607666,16.139999389648438,16.1299991607666,16.1299991607666,0
2025-10-31T09:20:00Z,16.139999389648438,16.15999984741211,16.139999389648438,16.15999984741211,0
2025-10-31T09:25:00Z,16.15999984741211,16.170000076293945,16.149999618530273,16.15999984741211,0
2025-10-31T09:30:00Z,16.15999984741211,16.15999984741211,16.1299991607666,16.139999389648438,0
2025-10-31T09:35:00Z,16.1299991607666,16.170000076293945,16.1299991607666,16.170000076293945,0
2025-10-31T09:40:00Z,16.15999984741211,16.170000076293945,16.149999618530273,16.170000076293945,0
2025-10-31T09:45:00Z,16.170000076293945,16.18000030517578,16.15999984741211,16.170000076293945,0
2025-10-31T09:50:00Z,16.170000076293945,16.170000076293945,16.110000610351562,16.149999618530273,0
2025-10-31T09:55:00Z,16.149999618530273,16.170000076293945,16.149999618530273,16.170000076293945,0
2025-10-31T10:00:00Z,16.15999984741211,16.170000076293945,16.149999618530273,16.149999618530273,0
2025-10-31T10:05:00Z,16.149999618530273,16.170000076293945,16.149999618530273,16.170000076293945,0
2025-10-31T10:10:00Z,16.170000076293945,16.170000076293945,16.170000076293945,16.170000076293945,0
2025-10-31T10:15:00Z,16.18000030517578,16.229999542236328,16.18000030517578,16.219999313354492,0
2025-10-31T10:20:00Z,16.219999313354492,16.219999313354492,16.200000762939453,16.219999313354492,0
2025-10-31T10:25:00Z,16.219999313354492,16.270000457763672,16.219999313354492,16.25,0
2025-10-31T10:30:00Z,16.239999771118164,16.239999771118164,16.209999084472656,16.239999771118164,0
2025-10-31T10:35:00Z,16.229999542236328,16.25,16.209999084472656,16.209999084472656,0
2025-10-31T10:40:00Z,16.209999084472656,16.209999084472656,16.190000534057617,16.200000762939453,0
2025-10-31T10:45:00Z,16.200000762939453,16.200000762939453,16.190000534057617,16.200000762939453,0
2025-10-31T10:50:00Z,16.190000534057617,16.190000534057617,16.170000076293945,16.170000076293945,0
2025-10-31T10:55:00Z,16.18000030517578,16.200000762939453,16.18000030517578,16.200000762939453,0
2025-10-31T11:00:00Z,16.200000762939453,16.219999313354492,16.170000076293945,16.190000534057617,0
2025-10-31T11:05:00Z,16.200000762939453,16.200000762939453,16.1200008392334,16.139999389648438,0
2025-10-31T11:10:00Z,16.1299991607666,16.149999618530273,16.1200008392334,16.1299991607666,0
2025-10-31T11:15:00Z,16.1299991607666,16.15999984741211,16.1299991607666,16.139999389648438,0
2025-10-31T11:20:00Z,16.149999618530273,16.149999618530273,16.100000381469727,16.110000610351562,0
2025-10-31T11:25:00Z,16.110000610351562,16.110000610351562,16.079999923706055,16.09000015258789,0
2025-10-31T11:30:00Z,16.09000015258789,16.110000610351562,16.079999923706055,16.100000381469727,0
2025-10-31T11:35:00Z,16.110000610351562,16.110000610351562,16.100000381469727,16.110000610351562,0
2025-10-31T11:40:00Z,16.110000610351562,16.110000610351562,16.09000015258789,16.09000015258789,0
2025-10-31T11:45:00Z,16.079999923706055,16.079999923706055,16.049999237060547,16.049999237060547,0
2025-10-31T11:50:00Z,16.059999465942383,16.059999465942383,16.010000228881836,16.049999237060547,0
2025-10-31T11:55:00Z,16.06999969482422,16.100000381469727,16.06999969482422,16.100000381469727,0
2025-10-31T12:00:00Z,16.09000015258789,16.100000381469727,16.059999465942383,16.06999969482422,0
2025-10-31T12:05:00Z,16.06999969482422,16.06999969482422,16.030000686645508,16.030000686645508,0
2025-10-31T12:10:00Z,16.030000686645508,16.030000686645508,16.010000228881836,16.020000457763672,0
2025-10-31T12:15:00Z,16.010000228881836,16.010000228881836,15.960000038146973,15.960000038146973,0
2025-10-31T12:20:00Z,15.960000038146973,15.989999771118164,15.960000038146973,15.960000038146973,0
2025-10-31T12:25:00Z,15.960000038146973,16.0,15.960000038146973,16.0,0
2025-10-31T12:30:00Z,16.0,16.049999237060547,16.0,16.049999237060547,0
2025-10-31T12:35:00Z,16.040000915527344,16.229999542236328,16.030000686645508,16.200000762939453,0
2025-10-31T12:40:00Z,16.18000030517578,16.280000686645508,16.18000030517578,16.25,0
2025-10-31T12:45:00Z,16.239999771118164,16.25,16.200000762939453,16.219999313354492,0
2025-10-31T12:50:00Z,16.229999542236328,16.229999542236328,16.18000030517578,16.18000030517578,0
2025-10-31T12:55:00Z,16.18000030517578,16.239999771118164,16.18000030517578,16.239999771118164,0
2025-10-31T13:00:00Z,16.229999542236328,16.239999771118164,16.190000534057617,16.190000534057617,0
2025-10-31T13:05:00Z,16.190000534057617,16.239999771118164,16.190000534057617,16.239999771118164,0
2025-10-31T13:10:00Z,16.239999771118164,16.25,16.18000030517578,16.18000030517578,0
2025-10-31T13:15:00Z,16.18000030517578,16.209999084472656,16.170000076293945,16.200000762939453,0
2025-10-31T13:20:00Z,16.200000762939453,16.229999542236328,16.190000534057617,16.229999542236328,0
2025-10-31T13:25:00Z,16.229999542236328,16.229999542236328,16.229999542236328,16.229999542236328,0
2025-10-31T13:30:00Z,16.25,16.450000762939453,16.25,16.440000534057617,0
2025-10-31T13:35:00Z,16.450000762939453,16.559999465942383,16.43000030517578,16.549999237060547,0
2025-10-31T13:40:00Z,16.540000915527344,16.790000915527344,16.540000915527344,16.790000915527344,0
2025-10-31T13:45:00Z,16.760000228881836,16.850000381469727,16.690000534057617,16.760000228881836,0
2025-10-31T13:50:00Z,16.760000228881836,16.780000686645508,16.65999984741211,16.739999771118164,0
2025-10-31T13:55:00Z,16.729999542236328,16.81999969482422,16.729999542236328,16.75,0
2025-10-31T14:00:00Z,16.75,16.860000610351562,16.709999084472656,16.860000610351562,0
2025-10-31T14:05:00Z,16.8700008392334,16.899999618530273,16.780000686645508,16.860000610351562,0
2025-10-31T14:10:00Z,16.899999618530273,16.969999313354492,16.860000610351562,16.959999084472656,0
2025-10-31T14:15:00Z,16.969999313354492,16.969999313354492,16.829999923706055,16.860000610351562,0
2025-10-31T14:20:00Z,16.84000015258789,17.059999465942383,16.84000015258789,16.959999084472656,0
2025-10-31T14:25:00Z,16.93000030517578,16.93000030517578,16.860000610351562,16.93000030517578,0
2025-10-31T14:30:00Z,16.90999984741211,16.93000030517578,16.850000381469727,16.8799991607666,0
2025-10-31T14:35:00Z,16.889999389648438,16.889999389648438,16.84000015258789,16.8700008392334,0
2025-10-31T14:40:00Z,16.8700008392334,16.899999618530273,16.770000457763672,16.780000686645508,0
2025-10-31T14:45:00Z,16.790000915527344,16.84000015258789,16.729999542236328,16.829999923706055,0
2025-10-31T14:50:00Z,16.850000381469727,16.93000030517578,16.850000381469727,16.920000076293945,0
2025-10-31T14:55:00Z,16.93000030517578,16.969999313354492,16.93000030517578,16.93000030517578,0
2025-10-31T15:00:00Z,16.940000534057617,16.979999542236328,16.93000030517578,16.979999542236328,0
2025-10-31T15:05:00Z,16.979999542236328,17.059999465942383,16.979999542236328,17.030000686645508,0
2025-10-31T15:10:00Z,17.040000915527344,17.190000534057617,17.030000686645508,17.190000534057617,0
2025-10-31T15:15:00Z,17.190000534057617,17.200000762939453,17.110000610351562,17.110000610351562,0
2025-10-31T15:20:00Z,17.100000381469727,17.219999313354492,17.100000381469727,17.219999313354492,0
2025-10-31T15:25:00Z,17.219999313354492,17.34000015258789,17.219999313354492,17.34000015258789,0
2025-10-31T15:30:00Z,17.329999923706055,17.360000610351562,17.270000457763672,17.350000381469727,0
2025-10-31T15:35:00Z,17.34000015258789,17.469999313354492,17.329999923706055,17.459999084472656,0
2025-10-31T15:40:00Z,17.459999084472656,17.690000534057617,17.459999084472656,17.600000381469727,0
2025-10-31T15:45:00Z,17.549999237060547,17.65999984741211,17.489999771118164,17.639999389648438,0
2025-10-31T15:50:00Z,17.6299991607666,17.670000076293945,17.540000915527344,17.56999969482422,0
2025-10-31T15:55:00Z,17.59000015258789,17.649999618530273,17.579999923706055,17.6299991607666,0
2025-10-31T16:00:00Z,17.639999389648438,17.790000915527344,17.639999389648438,17.65999984741211,0
2025-10-31T16:05:00Z,17.68000030517578,17.739999771118164,17.59000015258789,17.739999771118164,0
2025-10-31T16:10:00Z,17.790000915527344,17.899999618530273,17.760000228881836,17.81999969482422,0
2025-10-31T16:15:00Z,17.809999465942383,18.0,17.809999465942383,18.0,0
2025-10-31T16:20:00Z,18.040000915527344,18.059999465942383,17.829999923706055,17.829999923706055,0
2025-10-31T16:25:00Z,17.809999465942383,17.809999465942383,17.579999923706055,17.639999389648438,0
2025-10-31T16:30:00Z,17.6299991607666,17.6299991607666,17.520000457763672,17.579999923706055,0
2025-10-31T16:35:00Z,17.610000610351562,17.65999984741211,17.56999969482422,17.6299991607666,0
2025-10-31T16:40:00Z,17.639999389648438,17.850000381469727,17.639999389648438,17.829999923706055,0
2025-10-31T16:45:00Z,17.829999923706055,17.899999618530273,17.760000228881836,17.770000457763672,0
2025-10-31T16:50:00Z,17.780000686645508,17.969999313354492,17.780000686645508,17.969999313354492,0
2025-10-31T16:55:00Z,18.0,18.15999984741211,17.93000030517578,18.1200008392334,0
2025-10-31T17:00:00Z,18.110000610351562,18.200000762939453,18.0,18.18000030517578,0
2025-10-31T17:05:00Z,18.190000534057617,18.270000457763672,18.1299991607666,18.1299991607666,0
2025-10-31T17:10:00Z,18.100000381469727,18.329999923706055,18.100000381469727,18.239999771118164,0
2025-10-31T17:15:00Z,18.25,18.459999084472656,18.25,18.459999084472656,0
2025-10-31T17:20:00Z,18.459999084472656,18.540000915527344,18.360000610351562,18.399999618530273,0
2025-10-31T17:25:00Z,18.389999389648438,18.389999389648438,18.229999542236328,18.299999237060547,0
2025-10-31T17:30:00Z,18.290000915527344,18.290000915527344,18.059999465942383,18.200000762939453,0
2025-10-31T17:35:00Z,18.200000762939453,18.3799991607666,18.139999389648438,18.270000457763672,0
2025-10-31T17:40:00Z,18.260000228881836,18.280000686645508,18.1299991607666,18.1299991607666,0
2025-10-31T17:45:00Z,18.09000015258789,18.09000015258789,17.920000076293945,17.93000030517578,0
2025-10-31T17:50:00Z,17.90999984741211,17.920000076293945,17.860000610351562,17.920000076293945,0
2025-10-31T17:55:00Z,17.920000076293945,18.049999237060547,17.920000076293945,18.030000686645508,0
2025-10-31T18:00:00Z,17.979999542236328,18.0,17.81999969482422,17.81999969482422,0
2025-10-31T18:05:00Z,17.799999237060547,17.84000015258789,17.68000030517578,17.709999084472656,0
2025-10-31T18:10:00Z,17.700000762939453,17.729999542236328,17.670000076293945,17.690000534057617,0
2025-10-31T18:15:00Z,17.68000030517578,17.739999771118164,17.670000076293945,17.690000534057617,0
2025-10-31T18:20:00Z,17.68000030517578,17.68000030517578,17.510000228881836,17.510000228881836,0
2025-10-31T18:25:00Z,17.549999237060547,17.700000762939453,17.540000915527344,17.540000915527344,0
2025-10-31T18:30:00Z,17.540000915527344,17.559999465942383,17.520000457763672,17.559999465942383,0
2025-10-31T18:35:00Z,17.549999237060547,17.639999389648438,17.530000686645508,17.56999969482422,0
2025-10-31T18:40:00Z,17.549999237060547,17.59000015258789,17.530000686645508,17.56999969482422,0
2025-10-31T18:45:00Z,17.559999465942383,17.600000381469727,17.530000686645508,17.530000686645508,0
2025-10-31T18:50:00Z,17.59000015258789,17.65999984741211,17.59000015258789,17.65999984741211,0
2025-10-31T18:55:00Z,17.65999984741211,17.65999984741211,17.479999542236328,17.479999542236328,0
2025-10-31T19:00:00Z,17.479999542236328,17.530000686645508,17.389999389648438,17.5,0
2025-10-31T19:05:00Z,17.510000228881836,17.510000228881836,17.450000762939453,17.479999542236328,0
2025-10-31T19:10:00Z,17.489999771118164,17.489999771118164,17.420000076293945,17.440000534057617,0
2025-10-31T19:15:00Z,17.43000030517578,17.440000534057617,17.299999237060547,17.299999237060547,0
2025-10-31T19:20:00Z,17.309999465942383,17.31999969482422,17.25,17.299999237060547,0
2025-10-31T19:25:00Z,17.290000915527344,17.299999237060547,17.260000228881836,17.280000686645508,0
2025-10-31T19:30:00Z,17.280000686645508,17.290000915527344,17.18000030517578,17.200000762939453,0
2025-10-31T19:35:00Z,17.200000762939453,17.25,17.200000762939453,17.229999542236328,0
2025-10-31T19:40:00Z,17.25,17.25,17.200000762939453,17.229999542236328,0
2025-10-31T19:45:00Z,17.229999542236328,17.299999237060547,17.229999542236328,17.299999237060547,0
2025-10-31T19:50:00Z,17.280000686645508,17.280000686645508,17.190000534057617,17.270000457763672,0
2025-10-31T19:55:00Z,17.309999465942383,17.34000015258789,17.270000457763672,17.299999237060547,0
2025-10-31T20:00:00Z,17.31999969482422,17.43000030517578,17.31999969482422,17.43000030517578,0
2025-10-31T20:05:00Z,17.43000030517578,17.469999313354492,17.350000381469727,17.350000381469727,0
2025-10-31T20:10:00Z,17.350000381469727,17.450000762939453,17.350000381469727,17.440000534057617,0
2025-11-03T08:15:00Z,18.059999465942383,18.100000381469727,18.040000915527344,18.059999465942383,0
2025-11-03T08:20:00Z,18.059999465942383,18.079999923706055,18.049999237060547,18.049999237060547,0
2025-11-03T08:25:00Z,18.049999237060547,18.049999237060547,18.020000457763672,18.030000686645508,0
2025-11-03T08:30:00Z,18.030000686645508,18.030000686645508,18.010000228881836,18.020000457763672,0
2025-11-03T08:35:00Z,18.020000457763672,18.049999237060547,18.010000228881836,18.040000915527344,0
2025-11-03T08:40:00Z,18.040000915527344,18.040000915527344,17.989999771118164,17.989999771118164,0
2025-11-03T08:45:00Z,17.979999542236328,18.040000915527344,17.950000762939453,18.040000915527344,0
2025-11-03T08:50:00Z,18.040000915527344,18.040000915527344,17.899999618530273,17.899999618530273,0
2025-11-03T08:55:00Z,17.899999618530273,18.0,17.899999618530273,17.989999771118164,0
2025-11-03T09:00:00Z,17.979999542236328,17.979999542236328,17.940000534057617,17.940000534057617,0
2025-11-03T09:05:00Z,17.940000534057617,17.940000534057617,17.889999389648438,17.889999389648438,0
2025-11-03T09:10:00Z,17.889999389648438,17.899999618530273,17.8799991607666,17.8799991607666,0
2025-11-03T09:15:00Z,17.8700008392334,17.8700008392334,17.829999923706055,17.829999923706055,0
2025-11-03T09:20:00Z,17.84000015258789,17.850000381469727,17.780000686645508,17.780000686645508,0
2025-11-03T09:25:00Z,17.780000686645508,17.780000686645508,17.739999771118164,17.739999771118164,0
2025-11-03T09:30:00Z,17.729999542236328,17.760000228881836,17.709999084472656,17.760000228881836,0
2025-11-03T09:35:00Z,17.760000228881836,17.760000228881836,17.729999542236328,17.75,0
2025-11-03T09:40:00Z,17.75,17.75,17.739999771118164,17.75,0
2025-11-03T09:45:00Z,17.75,17.790000915527344,17.75,17.760000228881836,0
2025-11-03T09:50:00Z,17.760000228881836,17.799999237060547,17.760000228881836,17.790000915527344,0
2025-11-03T09:55:00Z,17.780000686645508,17.809999465942383,17.780000686645508,17.790000915527344,0
2025-11-03T10:00:00Z,17.799999237060547,17.809999465942383,17.790000915527344,17.799999237060547,0
2025-11-03T10:05:00Z,17.809999465942383,17.809999465942383,17.719999313354492,17.770000457763672,0
2025-11-03T10:10:00Z,17.770000457763672,17.770000457763672,17.760000228881836,17.770000457763672,0
2025-11-03T10:15:00Z,17.770000457763672,17.780000686645508,17.709999084472656,17.780000686645508,0
2025-11-03T10:20:00Z,17.780000686645508,17.780000686645508,17.75,17.75,0
2025-11-03T10:25:00Z,17.75,17.760000228881836,17.729999542236328,17.729999542236328,0
2025-11-03T10:30:00Z,17.729999542236328,17.75,17.700000762939453,17.700000762939453,0
2025-11-03T10:35:00Z,17.700000762939453,17.700000762939453,17.690000534057617,17.690000534057617,0
2025-11-03T10:40:00Z,17.690000534057617,17.690000534057617,17.670000076293945,17.68000030517578,0
2025-11-03T10:45:00Z,17.670000076293945,17.700000762939453,17.649999618530273,17.649999618530273,0
2025-11-03T10:50:00Z,17.649999618530273,17.649999618530273,17.639999389648438,17.639999389648438,0
2025-11-03T10:55:00Z,17.649999618530273,17.700000762939453,17.639999389648438,17.690000534057617,0
2025-11-03T11:00:00Z,17.690000534057617,17.690000534057617,17.56999969482422,17.56999969482422,0
2025-11-03T11:05:00Z,17.56999969482422,17.649999618530273,17.56999969482422,17.639999389648438,0
2025-11-03T11:10:00Z,17.639999389648438,17.649999618530273,17.6200008392334,17.6299991607666,0
2025-11-03T11:15:00Z,17.639999389648438,17.639999389648438,17.59000015258789,17.59000015258789,0
2025-11-03T11:20:00Z,17.59000015258789,17.610000610351562,17.540000915527344,17.540000915527344,0
2025-11-03T11:25:00Z,17.540000915527344,17.559999465942383,17.540000915527344,17.559999465942383,0
2025-11-03T11:30:00Z,17.549999237060547,17.549999237060547,17.530000686645508,17.540000915527344,0
2025-11-03T11:35:00Z,17.540000915527344,17.559999465942383,17.520000457763672,17.520000457763672,0
2025-11-03T11:40:00Z,17.520000457763672,17.549999237060547,17.520000457763672,17.530000686645508,0
2025-11-03T11:45:00Z,17.530000686645508,17.540000915527344,17.520000457763672,17.520000457763672,0
2025-11-03T11:50:00Z,17.520000457763672,17.540000915527344,17.510000228881836,17.540000915527344,0
2025-11-03T11:55:00Z,17.510000228881836,17.510000228881836,17.479999542236328,17.479999542236328,0
2025-11-03T12:00:00Z,17.479999542236328,17.479999542236328,17.459999084472656,17.469999313354492,0
2025-11-03T12:05:00Z,17.469999313354492,17.479999542236328,17.440000534057617,17.440000534057617,0
2025-11-03T12:10:00Z,17.440000534057617,17.440000534057617,17.399999618530273,17.399999618530273,0
2025-11-03T12:15:00Z,17.40999984741211,17.43000030517578,17.399999618530273,17.399999618530273,0
2025-11-03T12:20:00Z,17.399999618530273,17.420000076293945,17.389999389648438,17.40999984741211,0
2025-11-03T12:25:00Z,17.420000076293945,17.440000534057617,17.40999984741211,17.440000534057617,0
2025-11-03T12:30:00Z,17.450000762939453,17.450000762939453,17.40999984741211,17.40999984741211,0
2025-11-03T12:35:00Z,17.40999984741211,17.450000762939453,17.40999984741211,17.440000534057617,0
2025-11-03T12:40:00Z,17.440000534057617,17.440000534057617,17.399999618530273,17.420000076293945,0
2025-11-03T12:45:00Z,17.420000076293945,17.440000534057617,17.3700008392334,17.389999389648438,0
2025-11-03T12:50:00Z,17.3799991607666,17.399999618530273,17.3700008392334,17.389999389648438,0
2025-11-03T12:55:00Z,17.399999618530273,17.469999313354492,17.399999618530273,17.469999313354492,0
2025-11-03T13:00:00Z,17.469999313354492,17.59000015258789,17.469999313354492,17.59000015258789,0
2025-11-03T13:05:00Z,17.600000381469727,17.6299991607666,17.600000381469727,17.610000610351562,0
2025-11-03T13:10:00Z,17.6200008392334,17.6200008392334,17.540000915527344,17.559999465942383,0
2025-11-03T13:15:00Z,17.559999465942383,17.56999969482422,17.510000228881836,17.510000228881836,0
2025-11-03T13:20:00Z,17.520000457763672,17.530000686645508,17.510000228881836,17.510000228881836,0
2025-11-03T13:25:00Z,17.510000228881836,17.559999465942383,17.510000228881836,17.559999465942383,0
2025-11-03T13:30:00Z,17.559999465942383,17.56999969482422,17.510000228881836,17.510000228881836,0
2025-11-03T13:35:00Z,17.5,17.530000686645508,17.489999771118164,17.530000686645508,0
2025-11-03T13:40:00Z,17.530000686645508,17.530000686645508,17.489999771118164,17.489999771118164,0
2025-11-03T13:45:00Z,17.489999771118164,17.510000228881836,17.489999771118164,17.5,0
2025-11-03T13:50:00Z,17.5,17.510000228881836,17.479999542236328,17.479999542236328,0
2025-11-03T13:55:00Z,17.479999542236328,17.489999771118164,17.469999313354492,17.489999771118164,0
2025-11-03T14:00:00Z,17.469999313354492,17.469999313354492,17.3799991607666,17.420000076293945,0
2025-11-03T14:05:00Z,17.40999984741211,17.450000762939453,17.389999389648438,17.440000534057617,0
2025-11-03T14:10:00Z,17.420000076293945,17.440000534057617,17.420000076293945,17.440000534057617,0
2025-11-03T14:15:00Z,17.440000534057617,17.440000534057617,17.3700008392334,17.3700008392334,0
2025-11-03T14:20:00Z,17.3700008392334,17.3700008392334,17.34000015258789,17.34000015258789,0
2025-11-03T14:25:00Z,17.34000015258789,17.34000015258789,17.34000015258789,17.34000015258789,0
2025-11-03T14:30:00Z,17.420000076293945,17.5,17.31999969482422,17.5,0
2025-11-03T14:35:00Z,17.479999542236328,17.690000534057617,17.479999542236328,17.690000534057617,0
2025-11-03T14:40:00Z,17.709999084472656,17.860000610351562,17.700000762939453,17.860000610351562,0
2025-11-03T14:45:00Z,17.860000610351562,17.920000076293945,17.799999237060547,17.920000076293945,0
2025-11-03T14:50:00Z,17.940000534057617,18.100000381469727,17.940000534057617,18.06999969482422,0
2025-11-03T14:55:00Z,18.09000015258789,18.1299991607666,17.979999542236328,18.1200008392334,0
2025-11-03T15:00:00Z,18.09000015258789,18.25,18.09000015258789,18.229999542236328,0
2025-11-03T15:05:00Z,18.270000457763672,18.399999618530273,17.959999084472656,18.149999618530273,0
2025-11-03T15:10:00Z,18.15999984741211,18.170000076293945,18.06999969482422,18.170000076293945,0
2025-11-03T15:15:00Z,18.209999084472656,18.420000076293945,18.209999084472656,18.290000915527344,0
2025-11-03T15:20:00Z,18.290000915527344,18.450000762939453,18.290000915527344,18.450000762939453,0
2025-11-03T15:25:00Z,18.450000762939453,18.790000915527344,18.450000762939453,18.739999771118164,0
2025-11-03T15:30:00Z,18.729999542236328,18.829999923706055,18.700000762939453,18.700000762939453,0
2025-11-03T15:35:00Z,18.700000762939453,18.700000762939453,18.459999084472656,18.459999084472656,0
2025-11-03T15:40:00Z,18.489999771118164,18.489999771118164,18.270000457763672,18.270000457763672,0
2025-11-03T15:45:00Z,18.3700008392334,18.440000534057617,18.329999923706055,18.43000030517578,0
2025-11-03T15:50:00Z,18.420000076293945,18.420000076293945,18.239999771118164,18.299999237060547,0
2025-11-03T15:55:00Z,18.31999969482422,18.31999969482422,18.100000381469727,18.190000534057617,0
2025-11-03T16:00:00Z,18.190000534057617,18.229999542236328,18.1200008392334,18.190000534057617,0
2025-11-03T16:05:00Z,18.18000030517578,18.18000030517578,18.079999923706055,18.110000610351562,0
2025-11-03T16:10:00Z,18.100000381469727,18.170000076293945,18.079999923706055,18.079999923706055,0
2025-11-03T16:15:00Z,18.09000015258789,18.149999618530273,18.040000915527344,18.049999237060547,0
2025-11-03T16:20:00Z,18.040000915527344,18.100000381469727,18.020000457763672,18.059999465942383,0
2025-11-03T16:25:00Z,18.06999969482422,18.209999084472656,18.059999465942383,18.170000076293945,0
2025-11-03T16:30:00Z,18.18000030517578,18.18000030517578,17.93000030517578,17.979999542236328,0
2025-11-03T16:35:00Z,17.979999542236328,18.06999969482422,17.93000030517578,17.940000534057617,0
2025-11-03T16:40:00Z,17.93000030517578,17.979999542236328,17.8799991607666,17.920000076293945,0
2025-11-03T16:45:00Z,17.93000030517578,17.950000762939453,17.889999389648438,17.940000534057617,0
2025-11-03T16:50:00Z,17.959999084472656,18.010000228881836,17.81999969482422,17.81999969482422,0
2025-11-03T16:55:00Z,17.829999923706055,17.829999923706055,17.59000015258789,17.59000015258789,0
2025-11-03T17:00:00Z,17.649999618530273,17.729999542236328,17.649999618530273,17.700000762939453,0
2025-11-03T17:05:00Z,17.700000762939453,17.700000762939453,17.559999465942383,17.559999465942383,0
2025-11-03T17:10:00Z,17.559999465942383,17.56999969482422,17.489999771118164,17.5,0
2025-11-03T17:15:00Z,17.489999771118164,17.520000457763672,17.450000762939453,17.469999313354492,0
2025-11-03T17:20:00Z,17.469999313354492,17.479999542236328,17.420000076293945,17.479999542236328,0
2025-11-03T17:25:00Z,17.489999771118164,17.68000030517578,17.489999771118164,17.6299991607666,0
2025-11-03T17:30:00Z,17.6299991607666,17.6299991607666,17.469999313354492,17.479999542236328,0
2025-11-03T17:35:00Z,17.479999542236328,17.479999542236328,17.399999618530273,17.469999313354492,0
2025-11-03T17:40:00Z,17.459999084472656,17.479999542236328,17.420000076293945,17.459999084472656,0
2025-11-03T17:45:00Z,17.450000762939453,17.450000762939453,17.3700008392334,17.3799991607666,0
2025-11-03T17:50:00Z,17.3799991607666,17.389999389648438,17.350000381469727,17.3799991607666,0
2025-11-03T17:55:00Z,17.3700008392334,17.3700008392334,17.290000915527344,17.290000915527344,0
2025-11-03T18:00:00Z,17.299999237060547,17.31999969482422,17.25,17.260000228881836,0
2025-11-03T18:05:00Z,17.260000228881836,17.260000228881836,17.15999984741211,17.15999984741211,0
2025-11-03T18:10:00Z,17.149999618530273,17.15999984741211,17.079999923706055,17.09000015258789,0
2025-11-03T18:15:00Z,17.100000381469727,17.1299991607666,17.079999923706055,17.100000381469727,0
2025-11-03T18:20:00Z,17.100000381469727,17.15999984741211,17.100000381469727,17.1299991607666,0
2025-11-03T18:25:00Z,17.1299991607666,17.15999984741211,17.110000610351562,17.139999389648438,0
2025-11-03T18:30:00Z,17.1299991607666,17.1299991607666,17.030000686645508,17.040000915527344,0
2025-11-03T18:35:00Z,17.059999465942383,17.06999969482422,17.020000457763672,17.020000457763672,0
2025-11-03T18:40:00Z,17.020000457763672,17.030000686645508,17.0,17.0,0
2025-11-03T18:45:00Z,17.0,17.06999969482422,17.0,17.059999465942383,0
2025-11-03T18:50:00Z,17.079999923706055,17.190000534057617,17.079999923706055,17.15999984741211,0
2025-11-03T18:55:00Z,17.139999389648438,17.149999618530273,17.100000381469727,17.149999618530273,0
2025-11-03T19:00:00Z,17.149999618530273,17.239999771118164,17.1299991607666,17.239999771118164,0
2025-11-03T19:05:00Z,17.260000228881836,17.260000228881836,17.18000030517578,17.200000762939453,0
2025-11-03T19:10:00Z,17.200000762939453,17.239999771118164,17.15999984741211,17.200000762939453,0
2025-11-03T19:15:00Z,17.209999084472656,17.290000915527344,17.170000076293945,17.280000686645508,0
2025-11-03T19:20:00Z,17.270000457763672,17.299999237060547,17.239999771118164,17.270000457763672,0
2025-11-03T19:25:00Z,17.270000457763672,17.309999465942383,17.239999771118164,17.239999771118164,0
2025-11-03T19:30:00Z,17.260000228881836,17.260000228881836,17.190000534057617,17.190000534057617,0
2025-11-03T19:35:00Z,17.170000076293945,17.209999084472656,17.15999984741211,17.200000762939453,0
2025-11-03T19:40:00Z,17.209999084472656,17.389999389648438,17.209999084472656,17.270000457763672,0
2025-11-03T19:45:00Z,17.260000228881836,17.270000457763672,17.219999313354492,17.239999771118164,0
2025-11-03T19:50:00Z,17.229999542236328,17.229999542236328,17.149999618530273,17.149999618530273,0
2025-11-03T19:55:00Z,17.149999618530273,17.18000030517578,17.139999389648438,17.15999984741211,0
2025-11-03T20:00:00Z,17.170000076293945,17.170000076293945,17.1299991607666,17.149999618530273,0
2025-11-03T20:05:00Z,17.149999618530273,17.219999313354492,17.149999618530273,17.200000762939453,0
2025-11-03T20:10:00Z,17.209999084472656,17.309999465942383,17.209999084472656,17.25,0
2025-11-03T20:15:00Z,17.25,17.280000686645508,17.229999542236328,17.229999542236328,0
2025-11-03T20:20:00Z,17.229999542236328,17.260000228881836,17.219999313354492,17.260000228881836,0
2025-11-03T20:25:00Z,17.270000457763672,17.280000686645508,17.239999771118164,17.25,0
2025-11-03T20:30:00Z,17.270000457763672,17.329999923706055,17.270000457763672,17.329999923706055,0
2025-11-03T20:35:00Z,17.350000381469727,17.3700008392334,17.31999969482422,17.329999923706055,0
2025-11-03T20:40:00Z,17.309999465942383,17.31999969482422,17.270000457763672,17.270000457763672,0
2025-11-03T20:45:00Z,17.260000228881836,17.360000610351562,17.260000228881836,17.360000610351562,0
2025-11-03T20:50:00Z,17.350000381469727,17.3799991607666,17.309999465942383,17.309999465942383,0
2025-11-03T20:55:00Z,17.34000015258789,17.34000015258789,17.25,17.290000915527344,0
2025-11-03T21:00:00Z,17.200000762939453,17.219999313354492,17.15999984741211,17.190000534057617,0
2025-11-03T21:05:00Z,17.15999984741211,17.170000076293945,17.1200008392334,17.170000076293945,0
2025-11-03T21:10:00Z,17.18000030517578,17.200000762939453,17.170000076293945,17.18000030517578,0
2025-11-04T08:15:00Z,19.729999542236328,19.739999771118164,19.68000030517578,19.700000762939453,0
2025-11-04T08:20:00Z,19.700000762939453,19.700000762939453,19.3799991607666,19.3799991607666,0
2025-11-04T08:25:00Z,19.3700008392334,19.489999771118164,19.34000015258789,19.469999313354492,0
2025-11-04T08:30:00Z,19.479999542236328,19.489999771118164,19.420000076293945,19.440000534057617,0
2025-11-04T08:35:00Z,19.450000762939453,19.5,19.43000030517578,19.5,0
2025-11-04T08:40:00Z,19.5,19.559999465942383,19.450000762939453,19.510000228881836,0
2025-11-04T08:45:00Z,19.510000228881836,19.6200008392334,19.5,19.610000610351562,0
2025-11-04T08:50:00Z,19.56999969482422,19.6200008392334,19.56999969482422,19.6200008392334,0
2025-11-04T08:55:00Z,19.610000610351562,19.6200008392334,19.479999542236328,19.489999771118164,0
2025-11-04T09:00:00Z,19.5,19.5,19.350000381469727,19.450000762939453,0
2025-11-04T09:05:00Z,19.450000762939453,19.6299991607666,19.450000762939453,19.6299991607666,0
2025-11-04T09:10:00Z,19.59000015258789,19.610000610351562,19.469999313354492,19.530000686645508,0
2025-11-04T09:15:00Z,19.540000915527344,19.559999465942383,19.440000534057617,19.450000762939453,0
2025-11-04T09:20:00Z,19.450000762939453,19.59000015258789,19.450000762939453,19.56999969482422,0
2025-11-04T09:25:00Z,19.600000381469727,19.6299991607666,19.59000015258789,19.6299991607666,0
2025-11-04T09:30:00Z,19.6299991607666,19.6299991607666,19.530000686645508,19.6200008392334,0
2025-11-04T09:35:00Z,19.610000610351562,19.700000762939453,19.610000610351562,19.6200008392334,0
2025-11-04T09:40:00Z,19.610000610351562,19.65999984741211,19.530000686645508,19.65999984741211,0
2025-11-04T09:45:00Z,19.670000076293945,19.700000762939453,19.670000076293945,19.670000076293945,0
2025-11-04T09:50:00Z,19.670000076293945,20.030000686645508,19.670000076293945,20.030000686645508,0
2025-11-04T09:55:00Z,20.040000915527344,20.219999313354492,20.030000686645508,20.200000762939453,0
2025-11-04T10:00:00Z,20.209999084472656,20.389999389648438,20.209999084472656,20.389999389648438,0
2025-11-04T10:05:00Z,20.450000762939453,20.479999542236328,20.309999465942383,20.31999969482422,0
2025-11-04T10:10:00Z,20.31999969482422,20.31999969482422,20.229999542236328,20.280000686645508,0
2025-11-04T10:15:00Z,20.280000686645508,20.309999465942383,20.18000030517578,20.18000030517578,0
2025-11-04T10:20:00Z,20.190000534057617,20.190000534057617,20.100000381469727,20.1200008392334,0
2025-11-04T10:25:00Z,20.110000610351562,20.1200008392334,20.010000228881836,20.09000015258789,0
2025-11-04T10:30:00Z,20.09000015258789,20.100000381469727,19.84000015258789,19.84000015258789,0
2025-11-04T10:35:00Z,19.829999923706055,19.829999923706055,19.770000457763672,19.780000686645508,0
2025-11-04T10:40:00Z,19.770000457763672,19.780000686645508,19.739999771118164,19.760000228881836,0
2025-11-04T10:45:00Z,19.760000228881836,19.760000228881836,19.68000030517578,19.709999084472656,0
2025-11-04T10:50:00Z,19.690000534057617,19.700000762939453,19.670000076293945,19.690000534057617,0
2025-11-04T10:55:00Z,19.690000534057617,19.719999313354492,19.540000915527344,19.540000915527344,0
2025-11-04T11:00:00Z,19.540000915527344,19.579999923706055,19.5,19.530000686645508,0
2025-11-04T11:05:00Z,19.530000686645508,19.579999923706055,19.510000228881836,19.579999923706055,0
2025-11-04T11:10:00Z,19.56999969482422,19.59000015258789,19.559999465942383,19.559999465942383,0
2025-11-04T11:15:00Z,19.559999465942383,19.559999465942383,19.510000228881836,19.540000915527344,0
2025-11-04T11:20:00Z,19.540000915527344,19.540000915527344,19.489999771118164,19.510000228881836,0
2025-11-04T11:25:00Z,19.510000228881836,19.510000228881836,19.40999984741211,19.40999984741211,0
2025-11-04T11:30:00Z,19.399999618530273,19.399999618530273,19.190000534057617,19.209999084472656,0
2025-11-04T11:35:00Z,19.209999084472656,19.209999084472656,19.1299991607666,19.18000030517578,0
2025-11-04T11:40:00Z,19.18000030517578,19.190000534057617,19.1299991607666,19.18000030517578,0
2025-11-04T11:45:00Z,19.18000030517578,19.209999084472656,19.15999984741211,19.18000030517578,0
2025-11-04T11:50:00Z,19.18000030517578,19.219999313354492,19.15999984741211,19.200000762939453,0
2025-11-04T11:55:00Z,19.190000534057617,19.239999771118164,19.170000076293945,19.209999084472656,0
2025-11-04T12:00:00Z,19.219999313354492,19.389999389648438,19.219999313354492,19.389999389648438,0
2025-11-04T12:05:00Z,19.3799991607666,19.440000534057617,19.3799991607666,19.440000534057617,0
2025-11-04T12:10:00Z,19.440000534057617,19.489999771118164,19.43000030517578,19.43000030517578,0
2025-11-04T12:15:00Z,19.420000076293945,19.420000076293945,19.280000686645508,19.280000686645508,0
2025-11-04T12:20:00Z,19.270000457763672,19.280000686645508,19.219999313354492,19.239999771118164,0
2025-11-04T12:25:00Z,19.25,19.260000228881836,19.1299991607666,19.149999618530273,0
2025-11-04T12:30:00Z,19.149999618530273,19.15999984741211,19.1200008392334,19.15999984741211,0
2025-11-04T12:35:00Z,19.15999984741211,19.25,19.15999984741211,19.25,0
2025-11-04T12:40:00Z,19.25,19.290000915527344,19.200000762939453,19.290000915527344,0
2025-11-04T12:45:00Z,19.290000915527344,19.31999969482422,19.270000457763672,19.270000457763672,0
2025-11-04T12:50:00Z,19.260000228881836,19.270000457763672,19.100000381469727,19.110000610351562,0
2025-11-04T12:55:00Z,19.1200008392334,19.209999084472656,19.1200008392334,19.170000076293945,0
2025-11-04T13:00:00Z,19.170000076293945,19.219999313354492,19.139999389648438,19.149999618530273,0
2025-11-04T13:05:00Z,19.15999984741211,19.209999084472656,19.1299991607666,19.209999084472656,0
2025-11-04T13:10:00Z,19.200000762939453,19.209999084472656,19.100000381469727,19.1200008392334,0
2025-11-04T13:15:00Z,19.110000610351562,19.18000030517578,19.110000610351562,19.139999389648438,0
2025-11-04T13:20:00Z,19.139999389648438,19.209999084472656,19.110000610351562,19.209999084472656,0
2025-11-04T13:25:00Z,19.219999313354492,19.290000915527344,19.219999313354492,19.270000457763672,0
2025-11-04T13:30:00Z,19.299999237060547,19.3799991607666,19.299999237060547,19.309999465942383,0
2025-11-04T13:35:00Z,19.329999923706055,19.40999984741211,19.31999969482422,19.360000610351562,0
2025-11-04T13:40:00Z,19.31999969482422,19.350000381469727,19.270000457763672,19.31999969482422,0
2025-11-04T13:45:00Z,19.31999969482422,19.350000381469727,19.239999771118164,19.309999465942383,0
2025-11-04T13:50:00Z,19.309999465942383,19.309999465942383,19.18000030517578,19.18000030517578,0
2025-11-04T13:55:00Z,19.170000076293945,19.229999542236328,19.15999984741211,19.219999313354492,0
2025-11-04T14:00:00Z,19.219999313354492,19.399999618530273,19.219999313354492,19.3799991607666,0
2025-11-04T14:05:00Z,19.3799991607666,19.399999618530273,19.350000381469727,19.360000610351562,0
2025-11-04T14:10:00Z,19.360000610351562,19.3799991607666,19.170000076293945,19.190000534057617,0
2025-11-04T14:15:00Z,19.209999084472656,19.219999313354492,19.06999969482422,19.06999969482422,0
2025-11-04T14:20:00Z,19.059999465942383,19.1200008392334,19.049999237060547,19.059999465942383,0
2025-11-04T14:25:00Z,19.06999969482422,19.06999969482422,19.06999969482422,19.06999969482422,0
2025-11-04T14:30:00Z,18.979999542236328,19.329999923706055,18.950000762939453,19.290000915527344,0
2025-11-04T14:35:00Z,19.3700008392334,19.440000534057617,19.229999542236328,19.360000610351562,0
2025-11-04T14:40:00Z,19.34000015258789,19.3700008392334,18.690000534057617,18.690000534057617,0
2025-11-04T14:45:00Z,18.709999084472656,18.770000457763672,18.6299991607666,18.65999984741211,0
2025-11-04T14:50:00Z,18.65999984741211,18.68000030517578,18.3799991607666,18.3799991607666,0
2025-11-04T14:55:00Z,18.3799991607666,18.3799991607666,18.229999542236328,18.229999542236328,0
2025-11-04T15:00:00Z,18.260000228881836,18.309999465942383,18.209999084472656,18.25,0
2025-11-04T15:05:00Z,18.25,18.3799991607666,18.229999542236328,18.309999465942383,0
2025-11-04T15:10:00Z,18.299999237060547,18.3700008392334,18.270000457763672,18.290000915527344,0
2025-11-04T15:15:00Z,18.290000915527344,18.290000915527344,18.149999618530273,18.149999618530273,0
2025-11-04T15:20:00Z,18.149999618530273,18.18000030517578,18.110000610351562,18.110000610351562,0
2025-11-04T15:25:00Z,18.100000381469727,18.100000381469727,17.989999771118164,18.030000686645508,0
2025-11-04T15:30:00Z,18.040000915527344,18.100000381469727,18.0,18.0,0
2025-11-04T15:35:00Z,17.989999771118164,18.049999237060547,17.920000076293945,17.920000076293945,0
2025-11-04T15:40:00Z,17.90999984741211,17.979999542236328,17.899999618530273,17.979999542236328,0
2025-11-04T15:45:00Z,17.969999313354492,18.1299991607666,17.969999313354492,18.1299991607666,0
2025-11-04T15:50:00Z,18.1299991607666,18.18000030517578,18.110000610351562,18.170000076293945,0
2025-11-04T15:55:00Z,18.18000030517578,18.34000015258789,18.18000030517578,18.260000228881836,0
2025-11-04T16:00:00Z,18.25,18.25,18.1299991607666,18.18000030517578,0
2025-11-04T16:05:00Z,18.190000534057617,18.270000457763672,18.190000534057617,18.270000457763672,0
2025-11-04T16:10:00Z,18.270000457763672,18.31999969482422,18.239999771118164,18.260000228881836,0
2025-11-04T16:15:00Z,18.239999771118164,18.290000915527344,18.18000030517578,18.280000686645508,0
2025-11-04T16:20:00Z,18.309999465942383,18.329999923706055,18.280000686645508,18.309999465942383,0
2025-11-04T16:25:00Z,18.290000915527344,18.31999969482422,18.18000030517578,18.190000534057617,0
2025-11-04T16:30:00Z,18.18000030517578,18.229999542236328,18.1299991607666,18.190000534057617,0
2025-11-04T16:35:00Z,18.190000534057617,18.200000762939453,18.06999969482422,18.079999923706055,0
2025-11-04T16:40:00Z,18.079999923706055,18.190000534057617,18.030000686645508,18.079999923706055,0
2025-11-04T16:45:00Z,18.100000381469727,18.170000076293945,18.06999969482422,18.170000076293945,0
2025-11-04T16:50:00Z,18.170000076293945,18.200000762939453,18.020000457763672,18.020000457763672,0
2025-11-04T16:55:00Z,18.020000457763672,18.15999984741211,18.020000457763672,18.049999237060547,0
2025-11-04T17:00:00Z,18.040000915527344,18.170000076293945,18.040000915527344,18.170000076293945,0
2025-11-04T17:05:00Z,18.15999984741211,18.270000457763672,18.15999984741211,18.260000228881836,0
2025-11-04T17:10:00Z,18.25,18.389999389648438,18.25,18.3799991607666,0
2025-11-04T17:15:00Z,18.40999984741211,18.6200008392334,18.3700008392334,18.6200008392334,0
2025-11-04T17:20:00Z,18.670000076293945,18.739999771118164,18.530000686645508,18.559999465942383,0
2025-11-04T17:25:00Z,18.520000457763672,18.540000915527344,18.420000076293945,18.540000915527344,0
2025-11-04T17:30:00Z,18.540000915527344,18.6200008392334,18.520000457763672,18.6200008392334,0
2025-11-04T17:35:00Z,18.6200008392334,18.75,18.6200008392334,18.75,0
2025-11-04T17:40:00Z,18.760000228881836,18.8700008392334,18.760000228881836,18.829999923706055,0
2025-11-04T17:45:00Z,18.829999923706055,18.829999923706055,18.600000381469727,18.610000610351562,0
2025-11-04T17:50:00Z,18.610000610351562,18.760000228881836,18.520000457763672,18.760000228881836,0
2025-11-04T17:55:00Z,18.760000228881836,18.93000030517578,18.760000228881836,18.8700008392334,0
2025-11-04T18:00:00Z,18.8700008392334,18.940000534057617,18.860000610351562,18.940000534057617,0
2025-11-04T18:05:00Z,18.940000534057617,18.969999313354492,18.90999984741211,18.940000534057617,0
2025-11-04T18:10:00Z,18.959999084472656,18.959999084472656,18.889999389648438,18.920000076293945,0
2025-11-04T18:15:00Z,18.889999389648438,19.100000381469727,18.850000381469727,19.100000381469727,0
2025-11-04T18:20:00Z,19.110000610351562,19.1299991607666,18.93000030517578,18.969999313354492,0
2025-11-04T18:25:00Z,19.010000228881836,19.1200008392334,19.010000228881836,19.100000381469727,0
2025-11-04T18:30:00Z,19.100000381469727,19.170000076293945,19.040000915527344,19.15999984741211,0
2025-11-04T18:35:00Z,19.15999984741211,19.260000228881836,19.15999984741211,19.260000228881836,0
2025-11-04T18:40:00Z,19.260000228881836,19.260000228881836,18.979999542236328,18.979999542236328,0
2025-11-04T18:45:00Z,18.959999084472656,19.06999969482422,18.93000030517578,19.06999969482422,0
2025-11-04T18:50:00Z,19.059999465942383,19.059999465942383,18.81999969482422,18.81999969482422,0
2025-11-04T18:55:00Z,18.829999923706055,18.920000076293945,18.809999465942383,18.829999923706055,0
2025-11-04T19:00:00Z,18.81999969482422,18.829999923706055,18.59000015258789,18.59000015258789,0
2025-11-04T19:05:00Z,18.579999923706055,18.899999618530273,18.579999923706055,18.899999618530273,0
2025-11-04T19:10:00Z,18.889999389648438,18.899999618530273,18.760000228881836,18.770000457763672,0
2025-11-04T19:15:00Z,18.790000915527344,18.790000915527344,18.719999313354492,18.739999771118164,0
2025-11-04T19:20:00Z,18.75,18.770000457763672,18.600000381469727,18.600000381469727,0
2025-11-04T19:25:00Z,18.59000015258789,18.59000015258789,18.489999771118164,18.530000686645508,0
2025-11-04T19:30:00Z,18.520000457763672,18.729999542236328,18.510000228881836,18.649999618530273,0
2025-11-04T19:35:00Z,18.639999389648438,18.889999389648438,18.639999389648438,18.84000015258789,0
2025-11-04T19:40:00Z,18.850000381469727,18.950000762939453,18.780000686645508,18.899999618530273,0
2025-11-04T19:45:00Z,18.889999389648438,18.920000076293945,18.850000381469727,18.920000076293945,0
2025-11-04T19:50:00Z,18.920000076293945,18.969999313354492,18.850000381469727,18.969999313354492,0
2025-11-04T19:55:00Z,18.979999542236328,18.979999542236328,18.8799991607666,18.8799991607666,0
2025-11-04T20:00:00Z,18.860000610351562,18.899999618530273,18.81999969482422,18.8700008392334,0
2025-11-04T20:05:00Z,18.8799991607666,18.889999389648438,18.760000228881836,18.780000686645508,0
2025-11-04T20:10:00Z,18.799999237060547,18.81999969482422,18.649999618530273,18.649999618530273,0
2025-11-04T20:15:00Z,18.65999984741211,18.690000534057617,18.610000610351562,18.649999618530273,0
2025-11-04T20:20:00Z,18.65999984741211,18.809999465942383,18.65999984741211,18.809999465942383,0
2025-11-04T20:25:00Z,18.81999969482422,18.81999969482422,18.670000076293945,18.670000076293945,0
2025-11-04T20:30:00Z,18.649999618530273,18.739999771118164,18.6299991607666,18.719999313354492,0
2025-11-04T20:35:00Z,18.739999771118164,18.739999771118164,18.540000915527344,18.579999923706055,0
2025-11-04T20:40:00Z,18.600000381469727,18.600000381469727,18.450000762939453,18.450000762939453,0
2025-11-04T20:45:00Z,18.469999313354492,18.65999984741211,18.43000030517578,18.65999984741211,0
2025-11-04T20:50:00Z,18.68000030517578,18.84000015258789,18.68000030517578,18.84000015258789,0
2025-11-04T20:55:00Z,18.860000610351562,18.950000762939453,18.860000610351562,18.940000534057617,0
2025-11-04T21:00:00Z,18.93000030517578,18.93000030517578,18.829999923706055,18.899999618530273,0
2025-11-04T21:05:00Z,18.899999618530273,18.989999771118164,18.899999618530273,18.979999542236328,0
2025-11-04T21:10:00Z,18.969999313354492,19.049999237060547,18.959999084472656,19.030000686645508,0
2025-11-05T08:15:00Z,19.3700008392334,19.420000076293945,19.360000610351562,19.399999618530273,0
2025-11-05T08:20:00Z,19.399999618530273,19.479999542236328,19.399999618530273,19.420000076293945,0
2025-11-05T08:25:00Z,19.420000076293945,19.420000076293945,19.360000610351562,19.420000076293945,0
2025-11-05T08:30:00Z,19.43000030517578,19.450000762939453,19.40999984741211,19.420000076293945,0
2025-11-05T08:35:00Z,19.420000076293945,19.510000228881836,19.40999984741211,19.5,0
2025-11-05T08:40:00Z,19.5,19.520000457763672,19.40999984741211,19.40999984741211,0
2025-11-05T08:45:00Z,19.40999984741211,19.43000030517578,19.360000610351562,19.360000610351562,0
2025-11-05T08:50:00Z,19.34000015258789,19.34000015258789,19.290000915527344,19.31999969482422,0
2025-11-05T08:55:00Z,19.31999969482422,19.3700008392334,19.290000915527344,19.3700008392334,0
2025-11-05T09:00:00Z,19.3799991607666,19.40999984741211,19.329999923706055,19.350000381469727,0
2025-11-05T09:05:00Z,19.360000610351562,19.3700008392334,19.280000686645508,19.280000686645508,0
2025-11-05T09:10:00Z,19.280000686645508,19.3700008392334,19.229999542236328,19.3700008392334,0
2025-11-05T09:15:00Z,19.3700008392334,19.399999618530273,19.350000381469727,19.399999618530273,0
2025-11-05T09:20:00Z,19.40999984741211,19.420000076293945,19.389999389648438,19.389999389648438,0
2025-11-05T09:25:00Z,19.399999618530273,19.479999542236328,19.399999618530273,19.420000076293945,0
2025-11-05T09:30:00Z,19.420000076293945,19.6200008392334,19.420000076293945,19.600000381469727,0
2025-11-05T09:35:00Z,19.600000381469727,19.600000381469727,19.459999084472656,19.459999084472656,0
2025-11-05T09:40:00Z,19.459999084472656,19.469999313354492,19.420000076293945,19.450000762939453,0
2025-11-05T09:45:00Z,19.450000762939453,19.5,19.440000534057617,19.440000534057617,0
2025-11-05T09:50:00Z,19.399999618530273,19.420000076293945,19.399999618530273,19.40999984741211,0
2025-11-05T09:55:00Z,19.399999618530273,19.440000534057617,19.399999618530273,19.440000534057617,0
2025-11-05T10:00:00Z,19.43000030517578,19.5,19.3700008392334,19.479999542236328,0
2025-11-05T10:05:00Z,19.5,19.579999923706055,19.43000030517578,19.479999542236328,0
2025-11-05T10:10:00Z,19.489999771118164,19.56999969482422,19.489999771118164,19.520000457763672,0
2025-11-05T10:15:00Z,19.530000686645508,19.540000915527344,19.489999771118164,19.510000228881836,0
2025-11-05T10:20:00Z,19.520000457763672,19.559999465942383,19.510000228881836,19.520000457763672,0
2025-11-05T10:25:00Z,19.520000457763672,19.549999237060547,19.520000457763672,19.549999237060547,0
2025-11-05T10:30:00Z,19.540000915527344,19.610000610351562,19.540000915527344,19.59000015258789,0
2025-11-05T10:35:00Z,19.59000015258789,19.6200008392334,19.559999465942383,19.610000610351562,0
2025-11-05T10:40:00Z,19.6200008392334,19.6299991607666,19.610000610351562,19.610000610351562,0
2025-11-05T10:45:00Z,19.610000610351562,19.690000534057617,19.610000610351562,19.65999984741211,0
2025-11-05T10:50:00Z,19.639999389648438,19.75,19.639999389648438,19.75,0
2025-11-05T10:55:00Z,19.809999465942383,19.969999313354492,19.809999465942383,19.969999313354492,0
2025-11-05T11:00:00Z,19.959999084472656,20.020000457763672,19.889999389648438,19.889999389648438,0
2025-11-05T11:05:00Z,19.90999984741211,19.940000534057617,19.8700008392334,19.90999984741211,0
2025-11-05T11:10:00Z,19.899999618530273,19.899999618530273,19.829999923706055,19.829999923706055,0
2025-11-05T11:15:00Z,19.829999923706055,19.829999923706055,19.690000534057617,19.709999084472656,0
2025-11-05T11:20:00Z,19.719999313354492,19.719999313354492,19.649999618530273,19.65999984741211,0
2025-11-05T11:25:00Z,19.65999984741211,19.709999084472656,19.65999984741211,19.709999084472656,0
2025-11-05T11:30:00Z,19.709999084472656,19.760000228881836,19.65999984741211,19.760000228881836,0
2025-11-05T11:35:00Z,19.75,19.75,19.65999984741211,19.690000534057617,0
2025-11-05T11:40:00Z,19.68000030517578,19.68000030517578,19.56999969482422,19.56999969482422,0
2025-11-05T11:45:00Z,19.56999969482422,19.56999969482422,19.520000457763672,19.530000686645508,0
2025-11-05T11:50:00Z,19.530000686645508,19.540000915527344,19.489999771118164,19.520000457763672,0
2025-11-05T11:55:00Z,19.520000457763672,19.56999969482422,19.510000228881836,19.56999969482422,0
2025-11-05T12:00:00Z,19.559999465942383,19.700000762939453,19.559999465942383,19.690000534057617,0
2025-11-05T12:05:00Z,19.690000534057617,19.690000534057617,19.6200008392334,19.6299991607666,0
2025-11-05T12:10:00Z,19.6200008392334,19.68000030517578,19.6200008392334,19.649999618530273,0
2025-11-05T12:15:00Z,19.649999618530273,19.649999618530273,19.540000915527344,19.540000915527344,0
2025-11-05T12:20:00Z,19.540000915527344,19.540000915527344,19.479999542236328,19.479999542236328,0
2025-11-05T12:25:00Z,19.479999542236328,19.489999771118164,19.440000534057617,19.479999542236328,0
2025-11-05T12:30:00Z,19.489999771118164,19.5,19.43000030517578,19.440000534057617,0
2025-11-05T12:35:00Z,19.450000762939453,19.469999313354492,19.43000030517578,19.440000534057617,0
2025-11-05T12:40:00Z,19.43000030517578,19.43000030517578,19.360000610351562,19.3700008392334,0
2025-11-05T12:45:00Z,19.3700008392334,19.520000457763672,19.3700008392334,19.520000457763672,0
2025-11-05T12:50:00Z,19.520000457763672,19.520000457763672,19.450000762939453,19.469999313354492,0
2025-11-05T12:55:00Z,19.469999313354492,19.5,19.389999389648438,19.389999389648438,0
2025-11-05T13:00:00Z,19.389999389648438,19.440000534057617,19.3799991607666,19.3799991607666,0
2025-11-05T13:05:00Z,19.3799991607666,19.459999084472656,19.350000381469727,19.459999084472656,0
2025-11-05T13:10:00Z,19.459999084472656,19.489999771118164,19.459999084472656,19.469999313354492,0
2025-11-05T13:15:00Z,19.459999084472656,19.459999084472656,19.40999984741211,19.40999984741211,0
2025-11-05T13:20:00Z,19.420000076293945,19.459999084472656,19.399999618530273,19.40999984741211,0
2025-11-05T13:25:00Z,19.40999984741211,19.40999984741211,19.25,19.25,0
2025-11-05T13:30:00Z,19.239999771118164,19.290000915527344,19.219999313354492,19.260000228881836,0
2025-11-05T13:35:00Z,19.229999542236328,19.229999542236328,19.079999923706055,19.079999923706055,0
2025-11-05T13:40:00Z,19.100000381469727,19.100000381469727,18.989999771118164,18.989999771118164,0
2025-11-05T13:45:00Z,19.0,19.0,18.920000076293945,18.950000762939453,0
2025-11-05T13:50:00Z,18.950000762939453,18.979999542236328,18.940000534057617,18.959999084472656,0
2025-11-05T13:55:00Z,18.920000076293945,18.959999084472656,18.920000076293945,18.93000030517578,0
2025-11-05T14:00:00Z,18.950000762939453,19.040000915527344,18.950000762939453,19.040000915527344,0
2025-11-05T14:05:00Z,19.030000686645508,19.030000686645508,18.950000762939453,18.969999313354492,0
2025-11-05T14:10:00Z,18.969999313354492,18.989999771118164,18.959999084472656,18.979999542236328,0
2025-11-05T14:15:00Z,18.979999542236328,19.030000686645508,18.979999542236328,19.020000457763672,0
2025-11-05T14:20:00Z,19.020000457763672,19.040000915527344,19.0,19.040000915527344,0
2025-11-05T14:25:00Z,19.040000915527344,19.040000915527344,19.040000915527344,19.040000915527344,0
2025-11-05T14:30:00Z,19.059999465942383,19.190000534057617,18.969999313354492,19.079999923706055,0
2025-11-05T14:35:00Z,19.139999389648438,19.18000030517578,18.860000610351562,18.860000610351562,0
2025-11-05T14:40:00Z,18.920000076293945,19.06999969482422,18.920000076293945,19.020000457763672,0
2025-11-05T14:45:00Z,19.030000686645508,19.030000686645508,18.559999465942383,18.56999969482422,0
2025-11-05T14:50:00Z,18.56999969482422,18.56999969482422,18.280000686645508,18.280000686645508,0
2025-11-05T14:55:00Z,18.280000686645508,18.31999969482422,18.15999984741211,18.190000534057617,0
2025-11-05T15:00:00Z,18.34000015258789,18.3799991607666,18.239999771118164,18.280000686645508,0
2025-11-05T15:05:00Z,18.280000686645508,18.290000915527344,18.06999969482422,18.06999969482422,0
2025-11-05T15:10:00Z,18.049999237060547,18.149999618530273,18.049999237060547,18.1299991607666,0
2025-11-05T15:15:00Z,18.139999389648438,18.15999984741211,18.059999465942383,18.1200008392334,0
2025-11-05T15:20:00Z,18.1200008392334,18.360000610351562,17.979999542236328,17.979999542236328,0
2025-11-05T15:25:00Z,17.979999542236328,18.030000686645508,17.81999969482422,17.860000610351562,0
2025-11-05T15:30:00Z,17.860000610351562,17.8700008392334,17.75,17.770000457763672,0
2025-11-05T15:35:00Z,17.790000915527344,17.809999465942383,17.75,17.780000686645508,0
2025-11-05T15:40:00Z,17.760000228881836,17.760000228881836,17.639999389648438,17.68000030517578,0
2025-11-05T15:45:00Z,17.700000762939453,17.760000228881836,17.65999984741211,17.760000228881836,0
2025-11-05T15:50:00Z,17.770000457763672,17.920000076293945,17.770000457763672,17.8700008392334,0
2025-11-05T15:55:00Z,17.850000381469727,17.989999771118164,17.84000015258789,17.84000015258789,0
2025-11-05T16:00:00Z,17.829999923706055,17.989999771118164,17.829999923706055,17.969999313354492,0
2025-11-05T16:05:00Z,17.899999618530273,17.950000762939453,17.81999969482422,17.920000076293945,0
2025-11-05T16:10:00Z,17.920000076293945,18.1299991607666,17.920000076293945,18.1299991607666,0
2025-11-05T16:15:00Z,18.1299991607666,18.149999618530273,18.049999237060547,18.110000610351562,0
2025-11-05T16:20:00Z,18.110000610351562,18.149999618530273,17.950000762939453,17.950000762939453,0
2025-11-05T16:25:00Z,17.920000076293945,17.920000076293945,17.780000686645508,17.780000686645508,0
2025-11-05T16:30:00Z,17.790000915527344,17.799999237060547,17.670000076293945,17.700000762939453,0
2025-11-05T16:35:00Z,17.690000534057617,17.729999542236328,17.65999984741211,17.670000076293945,0
2025-11-05T16:40:00Z,17.65999984741211,17.65999984741211,17.530000686645508,17.540000915527344,0
2025-11-05T16:45:00Z,17.530000686645508,17.559999465942383,17.440000534057617,17.440000534057617,0
2025-11-05T16:50:00Z,17.459999084472656,17.459999084472656,17.389999389648438,17.389999389648438,0
2025-11-05T16:55:00Z,17.360000610351562,17.399999618530273,17.350000381469727,17.399999618530273,0
2025-11-05T17:00:00Z,17.399999618530273,17.399999618530273,17.329999923706055,17.3799991607666,0
2025-11-05T17:05:00Z,17.389999389648438,17.420000076293945,17.350000381469727,17.420000076293945,0
2025-11-05T17:10:00Z,17.420000076293945,17.420000076293945,17.34000015258789,17.360000610351562,0
2025-11-05T17:15:00Z,17.3700008392334,17.43000030517578,17.350000381469727,17.389999389648438,0
2025-11-05T17:20:00Z,17.389999389648438,17.399999618530273,17.360000610351562,17.399999618530273,0
2025-11-05T17:25:00Z,17.389999389648438,17.389999389648438,17.350000381469727,17.360000610351562,0
2025-11-05T17:30:00Z,17.360000610351562,17.3700008392334,17.31999969482422,17.31999969482422,0
2025-11-05T17:35:00Z,17.31999969482422,17.329999923706055,17.309999465942383,17.329999923706055,0
2025-11-05T17:40:00Z,17.31999969482422,17.389999389648438,17.31999969482422,17.360000610351562,0
2025-11-05T17:45:00Z,17.360000610351562,17.40999984741211,17.360000610351562,17.40999984741211,0
2025-11-05T17:50:00Z,17.40999984741211,17.479999542236328,17.399999618530273,17.469999313354492,0
2025-11-05T17:55:00Z,17.469999313354492,17.520000457763672,17.469999313354492,17.489999771118164,0
2025-11-05T18:00:00Z,17.5,17.520000457763672,17.459999084472656,17.459999084472656,0
2025-11-05T18:05:00Z,17.459999084472656,17.489999771118164,17.459999084472656,17.479999542236328,0
2025-11-05T18:10:00Z,17.479999542236328,17.5,17.450000762939453,17.450000762939453,0
2025-11-05T18:15:00Z,17.450000762939453,17.450000762939453,17.40999984741211,17.450000762939453,0
2025-11-05T18:20:00Z,17.459999084472656,17.489999771118164,17.459999084472656,17.479999542236328,0
2025-11-05T18:25:00Z,17.479999542236328,17.5,17.459999084472656,17.459999084472656,0
2025-11-05T18:30:00Z,17.459999084472656,17.469999313354492,17.440000534057617,17.459999084472656,0
2025-11-05T18:35:00Z,17.450000762939453,17.450000762939453,17.3799991607666,17.389999389648438,0
2025-11-05T18:40:00Z,17.389999389648438,17.420000076293945,17.389999389648438,17.420000076293945,0
2025-11-05T18:45:00Z,17.43000030517578,17.479999542236328,17.43000030517578,17.479999542236328,0
2025-11-05T18:50:00Z,17.479999542236328,17.479999542236328,17.459999084472656,17.459999084472656,0
2025-11-05T18:55:00Z,17.469999313354492,17.479999542236328,17.43000030517578,17.440000534057617,0
2025-11-05T19:00:00Z,17.440000534057617,17.510000228881836,17.440000534057617,17.489999771118164,0
2025-11-05T19:05:00Z,17.489999771118164,17.59000015258789,17.479999542236328,17.56999969482422,0
2025-11-05T19:10:00Z,17.559999465942383,17.559999465942383,17.469999313354492,17.469999313354492,0
2025-11-05T19:15:00Z,17.469999313354492,17.469999313354492,17.399999618530273,17.399999618530273,0
2025-11-05T19:20:00Z,17.399999618530273,17.440000534057617,17.399999618530273,17.40999984741211,0
2025-11-05T19:25:00Z,17.40999984741211,17.440000534057617,17.399999618530273,17.420000076293945,0
2025-11-05T19:30:00Z,17.420000076293945,17.43000030517578,17.3700008392334,17.3700008392334,0
2025-11-05T19:35:00Z,17.3799991607666,17.3799991607666,17.329999923706055,17.34000015258789,0
2025-11-05T19:40:00Z,17.350000381469727,17.3700008392334,17.350000381469727,17.360000610351562,0
2025-11-05T19:45:00Z,17.3700008392334,17.3700008392334,17.34000015258789,17.360000610351562,0
2025-11-05T19:50:00Z,17.3700008392334,17.3700008392334,17.329999923706055,17.329999923706055,0
2025-11-05T19:55:00Z,17.329999923706055,17.34000015258789,17.31999969482422,17.34000015258789,0
2025-11-05T20:00:00Z,17.350000381469727,17.350000381469727,17.309999465942383,17.350000381469727,0
2025-11-05T20:05:00Z,17.350000381469727,17.3799991607666,17.350000381469727,17.350000381469727,0
2025-11-05T20:10:00Z,17.350000381469727,17.360000610351562,17.329999923706055,17.350000381469727,0
2025-11-05T20:15:00Z,17.350000381469727,17.3799991607666,17.350000381469727,17.3700008392334,0
2025-11-05T20:20:00Z,17.3799991607666,17.40999984741211,17.3700008392334,17.40999984741211,0
2025-11-05T20:25:00Z,17.420000076293945,17.510000228881836,17.420000076293945,17.489999771118164,0
2025-11-05T20:30:00Z,17.510000228881836,17.59000015258789,17.510000228881836,17.59000015258789,0
2025-11-05T20:35:00Z,17.579999923706055,17.59000015258789,17.540000915527344,17.559999465942383,0
2025-11-05T20:40:00Z,17.559999465942383,17.610000610351562,17.510000228881836,17.56999969482422,0
2025-11-05T20:45:00Z,17.59000015258789,17.639999389648438,17.540000915527344,17.639999389648438,0
2025-11-05T20:50:00Z,17.6200008392334,17.649999618530273,17.600000381469727,17.6299991607666,0
2025-11-05T20:55:00Z,17.6200008392334,17.8799991607666,17.6200008392334,17.860000610351562,0
2025-11-05T21:00:00Z,17.829999923706055,17.940000534057617,17.829999923706055,17.860000610351562,0
2025-11-05T21:05:00Z,17.790000915527344,17.889999389648438,17.790000915527344,17.8700008392334,0
2025-11-05T21:10:00Z,17.889999389648438,18.020000457763672,17.889999389648438,18.0,0
2025-11-06T08:15:00Z,18.360000610351562,18.440000534057617,18.360000610351562,18.440000534057617,0
2025-11-06T08:20:00Z,18.440000534057617,18.450000762939453,18.40999984741211,18.43000030517578,0
2025-11-06T08:25:00Z,18.440000534057617,18.459999084472656,18.399999618530273,18.450000762939453,0
2025-11-06T08:30:00Z,18.440000534057617,18.5,18.420000076293945,18.479999542236328,0
2025-11-06T08:35:00Z,18.489999771118164,18.489999771118164,18.43000030517578,18.440000534057617,0
2025-11-06T08:40:00Z,18.43000030517578,18.440000534057617,18.420000076293945,18.420000076293945,0
2025-11-06T08:45:00Z,18.420000076293945,18.440000534057617,18.360000610351562,18.360000610351562,0
2025-11-06T08:50:00Z,18.350000381469727,18.350000381469727,18.299999237060547,18.309999465942383,0
2025-11-06T08:55:00Z,18.329999923706055,18.350000381469727,18.309999465942383,18.31999969482422,0
2025-11-06T09:00:00Z,18.31999969482422,18.329999923706055,18.280000686645508,18.280000686645508,0
2025-11-06T09:05:00Z,18.260000228881836,18.260000228881836,18.209999084472656,18.229999542236328,0
2025-11-06T09:10:00Z,18.229999542236328,18.229999542236328,18.190000534057617,18.190000534057617,0
2025-11-06T09:15:00Z,18.190000534057617,18.190000534057617,18.1200008392334,18.1200008392334,0
2025-11-06T09:20:00Z,18.1200008392334,18.139999389648438,18.1200008392334,18.1299991607666,0
2025-11-06T09:25:00Z,18.1299991607666,18.1299991607666,18.09000015258789,18.100000381469727,0
2025-11-06T09:30:00Z,18.100000381469727,18.1200008392334,18.09000015258789,18.110000610351562,0
2025-11-06T09:35:00Z,18.110000610351562,18.1200008392334,18.110000610351562,18.1200008392334,0
2025-11-06T09:40:00Z,18.1200008392334,18.149999618530273,18.110000610351562,18.110000610351562,0
2025-11-06T09:45:00Z,18.110000610351562,18.110000610351562,18.049999237060547,18.09000015258789,0
2025-11-06T09:50:00Z,18.09000015258789,18.09000015258789,18.059999465942383,18.06999969482422,0
2025-11-06T09:55:00Z,18.079999923706055,18.1200008392334,18.079999923706055,18.1200008392334,0
2025-11-06T10:00:00Z,18.1200008392334,18.1299991607666,18.06999969482422,18.079999923706055,0
2025-11-06T10:05:00Z,18.06999969482422,18.09000015258789,18.049999237060547,18.049999237060547,0
2025-11-06T10:10:00Z,18.059999465942383,18.059999465942383,18.030000686645508,18.030000686645508,0
2025-11-06T10:15:00Z,18.030000686645508,18.049999237060547,18.010000228881836,18.010000228881836,0
2025-11-06T10:20:00Z,18.010000228881836,18.020000457763672,18.010000228881836,18.020000457763672,0
2025-11-06T10:25:00Z,18.020000457763672,18.020000457763672,17.959999084472656,17.959999084472656,0
2025-11-06T10:30:00Z,17.959999084472656,17.989999771118164,17.920000076293945,17.920000076293945,0
2025-11-06T10:35:00Z,17.93000030517578,17.989999771118164,17.93000030517578,17.989999771118164,0
2025-11-06T10:40:00Z,17.989999771118164,17.989999771118164,17.959999084472656,17.959999084472656,0
2025-11-06T10:45:00Z,17.959999084472656,18.020000457763672,17.959999084472656,18.0,0
2025-11-06T10:50:00Z,18.0,18.010000228881836,17.959999084472656,17.969999313354492,0
2025-11-06T10:55:00Z,17.969999313354492,17.979999542236328,17.950000762939453,17.979999542236328,0
2025-11-06T11:00:00Z,17.979999542236328,17.989999771118164,17.959999084472656,17.969999313354492,0
2025-11-06T11:05:00Z,17.969999313354492,17.989999771118164,17.950000762939453,17.959999084472656,0
2025-11-06T11:10:00Z,17.969999313354492,18.0,17.969999313354492,17.989999771118164,0
2025-11-06T11:15:00Z,17.989999771118164,18.0,17.950000762939453,17.950000762939453,0
2025-11-06T11:20:00Z,17.950000762939453,17.989999771118164,17.93000030517578,17.979999542236328,0
2025-11-06T11:25:00Z,17.969999313354492,17.979999542236328,17.950000762939453,17.950000762939453,0
2025-11-06T11:30:00Z,17.940000534057617,18.0,17.93000030517578,18.0,0
2025-11-06T11:35:00Z,17.989999771118164,17.989999771118164,17.950000762939453,17.950000762939453,0
2025-11-06T11:40:00Z,17.950000762939453,17.950000762939453,17.8799991607666,17.899999618530273,0
2025-11-06T11:45:00Z,17.90999984741211,17.90999984741211,17.8799991607666,17.8799991607666,0
2025-11-06T11:50:00Z,17.889999389648438,17.90999984741211,17.889999389648438,17.889999389648438,0
2025-11-06T11:55:00Z,17.889999389648438,17.950000762939453,17.889999389648438,17.950000762939453,0
2025-11-06T12:00:00Z,17.940000534057617,17.940000534057617,17.8700008392334,17.90999984741211,0
2025-11-06T12:05:00Z,17.899999618530273,17.899999618530273,17.809999465942383,17.829999923706055,0
2025-11-06T12:10:00Z,17.84000015258789,17.84000015258789,17.799999237060547,17.84000015258789,0
2025-11-06T12:15:00Z,17.84000015258789,17.850000381469727,17.829999923706055,17.850000381469727,0
2025-11-06T12:20:00Z,17.850000381469727,17.8799991607666,17.799999237060547,17.84000015258789,0
2025-11-06T12:25:00Z,17.84000015258789,17.889999389648438,17.84000015258789,17.860000610351562,0
2025-11-06T12:30:00Z,17.860000610351562,17.860000610351562,17.809999465942383,17.81999969482422,0
2025-11-06T12:35:00Z,17.81999969482422,17.81999969482422,17.809999465942383,17.809999465942383,0
2025-11-06T12:40:00Z,17.809999465942383,17.829999923706055,17.799999237060547,17.809999465942383,0
2025-11-06T12:45:00Z,17.790000915527344,17.809999465942383,17.770000457763672,17.809999465942383,0
2025-11-06T12:50:00Z,17.809999465942383,17.809999465942383,17.799999237060547,17.799999237060547,0
2025-11-06T12:55:00Z,17.809999465942383,17.84000015258789,17.809999465942383,17.81999969482422,0
2025-11-06T13:00:00Z,17.860000610351562,17.860000610351562,17.809999465942383,17.81999969482422,0
2025-11-06T13:05:00Z,17.829999923706055,17.84000015258789,17.809999465942383,17.809999465942383,0
2025-11-06T13:10:00Z,17.799999237060547,17.81999969482422,17.770000457763672,17.780000686645508,0
2025-11-06T13:15:00Z,17.770000457763672,17.799999237060547,17.770000457763672,17.780000686645508,0
2025-11-06T13:20:00Z,17.780000686645508,17.780000686645508,17.709999084472656,17.709999084472656,0
2025-11-06T13:25:00Z,17.709999084472656,17.709999084472656,17.690000534057617,17.690000534057617,0
2025-11-06T13:30:00Z,17.68000030517578,17.68000030517578,17.65999984741211,17.670000076293945,0
2025-11-06T13:35:00Z,17.65999984741211,17.690000534057617,17.639999389648438,17.690000534057617,0
2025-11-06T13:40:00Z,17.68000030517578,17.719999313354492,17.68000030517578,17.719999313354492,0
2025-11-06T13:45:00Z,17.709999084472656,17.739999771118164,17.709999084472656,17.739999771118164,0
2025-11-06T13:50:00Z,17.75,17.75,17.729999542236328,17.739999771118164,0
2025-11-06T13:55:00Z,17.760000228881836,17.850000381469727,17.760000228881836,17.850000381469727,0
2025-11-06T14:00:00Z,17.850000381469727,17.90999984741211,17.81999969482422,17.90999984741211,0
2025-11-06T14:05:00Z,17.93000030517578,18.15999984741211,17.93000030517578,18.15999984741211,0
2025-11-06T14:10:00Z,18.170000076293945,18.170000076293945,18.06999969482422,18.06999969482422,0
2025-11-06T14:15:00Z,18.079999923706055,18.170000076293945,18.06999969482422,18.1299991607666,0
2025-11-06T14:20:00Z,18.1200008392334,18.260000228881836,18.1200008392334,18.260000228881836,0
2025-11-06T14:25:00Z,18.299999237060547,18.299999237060547,18.299999237060547,18.299999237060547,0
2025-11-06T14:30:00Z,18.360000610351562,18.360000610351562,18.190000534057617,18.209999084472656,0
2025-11-06T14:35:00Z,18.229999542236328,18.329999923706055,18.209999084472656,18.280000686645508,0
2025-11-06T14:40:00Z,18.309999465942383,18.549999237060547,18.309999465942383,18.540000915527344,0
2025-11-06T14:45:00Z,18.5,18.5,18.280000686645508,18.40999984741211,0
2025-11-06T14:50:00Z,18.399999618530273,18.68000030517578,18.34000015258789,18.68000030517578,0
2025-11-06T14:55:00Z,18.729999542236328,18.8799991607666,18.670000076293945,18.8799991607666,0
2025-11-06T15:00:00Z,18.8799991607666,19.34000015258789,18.8799991607666,19.34000015258789,0
2025-11-06T15:05:00Z,19.3700008392334,19.3700008392334,19.149999618530273,19.219999313354492,0
2025-11-06T15:10:00Z,19.239999771118164,19.280000686645508,19.0,19.280000686645508,0
2025-11-06T15:15:00Z,19.299999237060547,19.329999923706055,18.889999389648438,18.920000076293945,0
2025-11-06T15:20:00Z,18.889999389648438,18.889999389648438,18.690000534057617,18.709999084472656,0
2025-11-06T15:25:00Z,18.719999313354492,18.850000381469727,18.709999084472656,18.84000015258789,0
2025-11-06T15:30:00Z,18.850000381469727,19.170000076293945,18.850000381469727,19.1299991607666,0
2025-11-06T15:35:00Z,19.1299991607666,19.600000381469727,19.1299991607666,19.59000015258789,0
2025-11-06T15:40:00Z,19.600000381469727,19.889999389648438,19.600000381469727,19.889999389648438,0
2025-11-06T15:45:00Z,19.899999618530273,20.010000228881836,19.760000228881836,19.969999313354492,0
2025-11-06T15:50:00Z,19.920000076293945,20.0,19.81999969482422,19.889999389648438,0
2025-11-06T15:55:00Z,19.860000610351562,20.040000915527344,19.81999969482422,20.040000915527344,0
2025-11-06T16:00:00Z,20.020000457763672,20.030000686645508,19.850000381469727,19.850000381469727,0
2025-11-06T16:05:00Z,19.829999923706055,19.829999923706055,19.639999389648438,19.739999771118164,0
2025-11-06T16:10:00Z,19.739999771118164,19.829999923706055,19.68000030517578,19.690000534057617,0
2025-11-06T16:15:00Z,19.670000076293945,19.850000381469727,19.579999923706055,19.809999465942383,0
2025-11-06T16:20:00Z,19.790000915527344,19.8700008392334,19.68000030517578,19.8700008392334,0
2025-11-06T16:25:00Z,19.8700008392334,19.950000762939453,19.59000015258789,19.59000015258789,0
2025-11-06T16:30:00Z,19.59000015258789,19.780000686645508,19.59000015258789,19.75,0
2025-11-06T16:35:00Z,19.760000228881836,20.059999465942383,19.760000228881836,20.059999465942383,0
2025-11-06T16:40:00Z,20.06999969482422,20.270000457763672,20.06999969482422,20.170000076293945,0
2025-11-06T16:45:00Z,20.1299991607666,20.260000228881836,20.1299991607666,20.229999542236328,0
2025-11-06T16:50:00Z,20.219999313354492,20.229999542236328,19.8700008392334,19.920000076293945,0
2025-11-06T16:55:00Z,19.899999618530273,20.25,19.899999618530273,20.239999771118164,0
2025-11-06T17:00:00Z,20.25,20.25,20.0,20.0,0
2025-11-06T17:05:00Z,19.979999542236328,20.010000228881836,19.809999465942383,19.809999465942383,0
2025-11-06T17:10:00Z,19.770000457763672,19.780000686645508,19.600000381469727,19.770000457763672,0
2025-11-06T17:15:00Z,19.809999465942383,19.969999313354492,19.809999465942383,19.90999984741211,0
2025-11-06T17:20:00Z,19.8799991607666,20.170000076293945,19.8799991607666,20.1200008392334,0
2025-11-06T17:25:00Z,20.139999389648438,20.309999465942383,20.049999237060547,20.049999237060547,0
2025-11-06T17:30:00Z,20.040000915527344,20.079999923706055,19.829999923706055,19.93000030517578,0
2025-11-06T17:35:00Z,19.940000534057617,19.940000534057617,19.809999465942383,19.850000381469727,0
2025-11-06T17:40:00Z,19.940000534057617,19.940000534057617,19.729999542236328,19.729999542236328,0
2025-11-06T17:45:00Z,19.709999084472656,19.709999084472656,19.520000457763672,19.530000686645508,0
2025-11-06T17:50:00Z,19.549999237060547,19.549999237060547,19.420000076293945,19.420000076293945,0
2025-11-06T17:55:00Z,19.420000076293945,19.489999771118164,19.360000610351562,19.489999771118164,0
2025-11-06T18:00:00Z,19.469999313354492,19.690000534057617,19.43000030517578,19.690000534057617,0
2025-11-06T18:05:00Z,19.709999084472656,20.010000228881836,19.709999084472656,20.010000228881836,0
2025-11-06T18:10:00Z,20.010000228881836,20.040000915527344,19.950000762939453,19.989999771118164,0
2025-11-06T18:15:00Z,19.969999313354492,20.020000457763672,19.93000030517578,19.979999542236328,0
2025-11-06T18:20:00Z,19.979999542236328,19.979999542236328,19.719999313354492,19.719999313354492,0
2025-11-06T18:25:00Z,19.690000534057617,19.690000534057617,19.549999237060547,19.600000381469727,0
2025-11-06T18:30:00Z,19.59000015258789,19.59000015258789,19.479999542236328,19.489999771118164,0
2025-11-06T18:35:00Z,19.479999542236328,19.5,19.31999969482422,19.350000381469727,0
2025-11-06T18:40:00Z,19.360000610351562,19.360000610351562,19.309999465942383,19.34000015258789,0
2025-11-06T18:45:00Z,19.350000381469727,19.469999313354492,19.350000381469727,19.350000381469727,0
2025-11-06T18:50:00Z,19.350000381469727,19.389999389648438,19.31999969482422,19.34000015258789,0
2025-11-06T18:55:00Z,19.31999969482422,19.5,19.31999969482422,19.440000534057617,0
2025-11-06T19:00:00Z,19.440000534057617,19.450000762939453,19.260000228881836,19.260000228881836,0
2025-11-06T19:05:00Z,19.270000457763672,19.270000457763672,19.059999465942383,19.18000030517578,0
2025-11-06T19:10:00Z,19.18000030517578,19.18000030517578,19.040000915527344,19.040000915527344,0
2025-11-06T19:15:00Z,19.040000915527344,19.149999618530273,19.030000686645508,19.110000610351562,0
2025-11-06T19:20:00Z,19.1200008392334,19.1299991607666,19.049999237060547,19.059999465942383,0
2025-11-06T19:25:00Z,19.059999465942383,19.059999465942383,18.8700008392334,18.889999389648438,0
2025-11-06T19:30:00Z,18.889999389648438,18.989999771118164,18.850000381469727,18.8799991607666,0
2025-11-06T19:35:00Z,18.899999618530273,18.899999618530273,18.84000015258789,18.8799991607666,0
2025-11-06T19:40:00Z,18.90999984741211,19.149999618530273,18.90999984741211,19.030000686645508,0
2025-11-06T19:45:00Z,19.0,19.15999984741211,18.979999542236328,19.100000381469727,0
2025-11-06T19:50:00Z,19.100000381469727,19.190000534057617,19.059999465942383,19.100000381469727,0
2025-11-06T19:55:00Z,19.09000015258789,19.09000015258789,18.920000076293945,19.040000915527344,0
2025-11-06T20:00:00Z,19.030000686645508,19.09000015258789,19.0,19.020000457763672,0
2025-11-06T20:05:00Z,19.010000228881836,19.020000457763672,18.950000762939453,19.0,0
2025-11-06T20:10:00Z,18.989999771118164,19.020000457763672,18.940000534057617,19.0,0
2025-11-06T20:15:00Z,19.0,19.06999969482422,18.989999771118164,19.0,0
2025-11-06T20:20:00Z,18.989999771118164,19.020000457763672,18.93000030517578,18.93000030517578,0
2025-11-06T20:25:00Z,18.920000076293945,19.1299991607666,18.920000076293945,19.1299991607666,0
2025-11-06T20:30:00Z,19.139999389648438,19.270000457763672,19.100000381469727,19.100000381469727,0
2025-11-06T20:35:00Z,19.1299991607666,19.239999771118164,19.09000015258789,19.239999771118164,0
2025-11-06T20:40:00Z,19.239999771118164,19.399999618530273,19.190000534057617,19.399999618530273,0
2025-11-06T20:45:00Z,19.399999618530273,19.68000030517578,19.399999618530273,19.649999618530273,0
2025-11-06T20:50:00Z,19.700000762939453,19.700000762939453,19.559999465942383,19.6299991607666,0
2025-11-06T20:55:00Z,19.639999389648438,19.829999923706055,19.6299991607666,19.799999237060547,0
2025-11-06T21:00:00Z,19.690000534057617,19.690000534057617,19.559999465942383,19.56999969482422,0
2025-11-06T21:05:00Z,19.579999923706055,19.610000610351562,19.549999237060547,19.56999969482422,0
2025-11-06T21:10:00Z,19.59000015258789,19.600000381469727,19.520000457763672,19.520000457763672,0
2025-11-07T08:15:00Z,19.520000457763672,19.559999465942383,19.5,19.559999465942383,0
2025-11-07T08:20:00Z,19.579999923706055,19.670000076293945,19.579999923706055,19.65999984741211,0
2025-11-07T08:25:00Z,19.639999389648438,19.770000457763672,19.6299991607666,19.770000457763672,0
2025-11-07T08:30:00Z,19.739999771118164,19.799999237060547,19.719999313354492,19.799999237060547,0
2025-11-07T08:35:00Z,19.790000915527344,19.84000015258789,19.780000686645508,19.799999237060547,0
2025-11-07T08:40:00Z,19.780000686645508,19.780000686645508,19.729999542236328,19.760000228881836,0
2025-11-07T08:45:00Z,19.760000228881836,19.760000228881836,19.690000534057617,19.700000762939453,0
2025-11-07T08:50:00Z,19.670000076293945,19.719999313354492,19.65999984741211,19.65999984741211,0
2025-11-07T08:55:00Z,19.68000030517578,19.739999771118164,19.68000030517578,19.700000762939453,0
2025-11-07T09:00:00Z,19.700000762939453,19.829999923706055,19.700000762939453,19.829999923706055,0
2025-11-07T09:05:00Z,19.829999923706055,19.850000381469727,19.809999465942383,19.84000015258789,0
2025-11-07T09:10:00Z,19.81999969482422,19.81999969482422,19.65999984741211,19.670000076293945,0
2025-11-07T09:15:00Z,19.670000076293945,19.690000534057617,19.670000076293945,19.670000076293945,0
2025-11-07T09:20:00Z,19.68000030517578,19.780000686645508,19.649999618530273,19.760000228881836,0
2025-11-07T09:25:00Z,19.770000457763672,19.8799991607666,19.760000228881836,19.8700008392334,0
2025-11-07T09:30:00Z,19.8700008392334,19.90999984741211,19.84000015258789,19.90999984741211,0
2025-11-07T09:35:00Z,19.899999618530273,19.950000762939453,19.889999389648438,19.950000762939453,0
2025-11-07T09:40:00Z,19.950000762939453,20.020000457763672,19.950000762939453,20.010000228881836,0
2025-11-07T09:45:00Z,20.0,20.0,19.920000076293945,19.969999313354492,0
2025-11-07T09:50:00Z,19.969999313354492,20.030000686645508,19.969999313354492,19.989999771118164,0
2025-11-07T09:55:00Z,19.979999542236328,19.979999542236328,19.93000030517578,19.950000762939453,0
2025-11-07T10:00:00Z,19.950000762939453,20.010000228881836,19.889999389648438,19.889999389648438,0
2025-11-07T10:05:00Z,19.899999618530273,19.940000534057617,19.889999389648438,19.940000534057617,0
2025-11-07T10:10:00Z,19.940000534057617,20.1200008392334,19.940000534057617,20.1200008392334,0
2025-11-07T10:15:00Z,20.139999389648438,20.25,20.139999389648438,20.229999542236328,0
2025-11-07T10:20:00Z,20.260000228881836,20.309999465942383,20.200000762939453,20.309999465942383,0
2025-11-07T10:25:00Z,20.299999237060547,20.299999237060547,20.18000030517578,20.18000030517578,0
2025-11-07T10:30:00Z,20.18000030517578,20.18000030517578,20.110000610351562,20.1299991607666,0
2025-11-07T10:35:00Z,20.1200008392334,20.139999389648438,20.049999237060547,20.059999465942383,0
2025-11-07T10:40:00Z,20.06999969482422,20.1299991607666,20.06999969482422,20.1200008392334,0
2025-11-07T10:45:00Z,20.1200008392334,20.15999984741211,20.100000381469727,20.1299991607666,0
2025-11-07T10:50:00Z,20.139999389648438,20.149999618530273,20.100000381469727,20.100000381469727,0
2025-11-07T10:55:00Z,20.100000381469727,20.15999984741211,20.100000381469727,20.1299991607666,0
2025-11-07T11:00:00Z,20.1299991607666,20.190000534057617,20.1299991607666,20.190000534057617,0
2025-11-07T11:05:00Z,20.219999313354492,20.25,20.200000762939453,20.25,0
2025-11-07T11:10:00Z,20.270000457763672,20.469999313354492,20.219999313354492,20.469999313354492,0
2025-11-07T11:15:00Z,20.520000457763672,20.6299991607666,20.520000457763672,20.549999237060547,0
2025-11-07T11:20:00Z,20.530000686645508,20.549999237060547,20.440000534057617,20.540000915527344,0
2025-11-07T11:25:00Z,20.549999237060547,20.68000030517578,20.549999237060547,20.600000381469727,0
2025-11-07T11:30:00Z,20.610000610351562,20.81999969482422,20.610000610351562,20.81999969482422,0
2025-11-07T11:35:00Z,20.81999969482422,20.81999969482422,20.709999084472656,20.709999084472656,0
2025-11-07T11:40:00Z,20.709999084472656,20.709999084472656,20.579999923706055,20.59000015258789,0
2025-11-07T11:45:00Z,20.579999923706055,20.579999923706055,20.40999984741211,20.40999984741211,0
2025-11-07T11:50:00Z,20.40999984741211,20.420000076293945,20.260000228881836,20.270000457763672,0
2025-11-07T11:55:00Z,20.290000915527344,20.290000915527344,20.209999084472656,20.229999542236328,0
2025-11-07T12:00:00Z,20.229999542236328,20.31999969482422,20.229999542236328,20.299999237060547,0
2025-11-07T12:05:00Z,20.290000915527344,20.290000915527344,20.229999542236328,20.270000457763672,0
2025-11-07T12:10:00Z,20.270000457763672,20.309999465942383,20.229999542236328,20.290000915527344,0
2025-11-07T12:15:00Z,20.290000915527344,20.420000076293945,20.25,20.420000076293945,0
2025-11-07T12:20:00Z,20.440000534057617,20.5,20.420000076293945,20.420000076293945,0
2025-11-07T12:25:00Z,20.420000076293945,20.479999542236328,20.350000381469727,20.450000762939453,0
2025-11-07T12:30:00Z,20.450000762939453,20.59000015258789,20.450000762939453,20.559999465942383,0
2025-11-07T12:35:00Z,20.559999465942383,20.6200008392334,20.559999465942383,20.579999923706055,0
2025-11-07T12:40:00Z,20.56999969482422,20.610000610351562,20.530000686645508,20.610000610351562,0
2025-11-07T12:45:00Z,20.610000610351562,20.84000015258789,20.610000610351562,20.84000015258789,0
2025-11-07T12:50:00Z,20.8700008392334,20.8799991607666,20.829999923706055,20.860000610351562,0
2025-11-07T12:55:00Z,20.8799991607666,20.8799991607666,20.690000534057617,20.700000762939453,0
2025-11-07T13:00:00Z,20.690000534057617,20.770000457763672,20.690000534057617,20.729999542236328,0
2025-11-07T13:05:00Z,20.690000534057617,20.690000534057617,20.440000534057617,20.469999313354492,0
2025-11-07T13:10:00Z,20.5,20.549999237060547,20.450000762939453,20.5,0
2025-11-07T13:15:00Z,20.510000228881836,20.559999465942383,20.469999313354492,20.479999542236328,0
2025-11-07T13:20:00Z,20.479999542236328,20.489999771118164,20.399999618530273,20.489999771118164,0
2025-11-07T13:25:00Z,20.5,20.600000381469727,20.5,20.59000015258789,0
2025-11-07T13:30:00Z,20.610000610351562,20.610000610351562,20.5,20.520000457763672,0
2025-11-07T13:35:00Z,20.510000228881836,20.559999465942383,20.479999542236328,20.520000457763672,0
2025-11-07T13:40:00Z,20.489999771118164,20.600000381469727,20.489999771118164,20.549999237060547,0
2025-11-07T13:45:00Z,20.549999237060547,20.549999237060547,20.329999923706055,20.389999389648438,0
2025-11-07T13:50:00Z,20.3799991607666,20.389999389648438,20.329999923706055,20.350000381469727,0
2025-11-07T13:55:00Z,20.360000610351562,20.440000534057617,20.350000381469727,20.420000076293945,0
2025-11-07T14:00:00Z,20.420000076293945,20.520000457763672,20.399999618530273,20.510000228881836,0
2025-11-07T14:05:00Z,20.520000457763672,20.56999969482422,20.520000457763672,20.540000915527344,0
2025-11-07T14:10:00Z,20.549999237060547,20.549999237060547,20.440000534057617,20.489999771118164,0
2025-11-07T14:15:00Z,20.510000228881836,20.56999969482422,20.510000228881836,20.559999465942383,0
2025-11-07T14:20:00Z,20.56999969482422,20.6200008392334,20.56999969482422,20.6200008392334,0
2025-11-07T14:25:00Z,20.610000610351562,20.610000610351562,20.610000610351562,20.610000610351562,0
2025-11-07T14:30:00Z,20.850000381469727,20.959999084472656,20.75,20.959999084472656,0
2025-11-07T14:35:00Z,20.940000534057617,21.559999465942383,20.93000030517578,21.559999465942383,0
2025-11-07T14:40:00Z,21.579999923706055,21.579999923706055,21.079999923706055,21.170000076293945,0
2025-11-07T14:45:00Z,21.139999389648438,21.219999313354492,20.989999771118164,21.200000762939453,0
2025-11-07T14:50:00Z,21.260000228881836,21.260000228881836,20.8700008392334,20.8700008392334,0
2025-11-07T14:55:00Z,20.950000762939453,20.979999542236328,20.729999542236328,20.84000015258789,0
2025-11-07T15:00:00Z,20.889999389648438,21.25,20.8799991607666,21.25,0
2025-11-07T15:05:00Z,21.219999313354492,21.520000457763672,21.110000610351562,21.110000610351562,0
2025-11-07T15:10:00Z,21.049999237060547,21.049999237060547,20.690000534057617,20.709999084472656,0
2025-11-07T15:15:00Z,20.690000534057617,20.809999465942383,20.549999237060547,20.729999542236328,0
2025-11-07T15:20:00Z,20.729999542236328,20.8799991607666,20.6200008392334,20.850000381469727,0
2025-11-07T15:25:00Z,20.90999984741211,20.90999984741211,20.6299991607666,20.860000610351562,0
2025-11-07T15:30:00Z,20.8700008392334,20.959999084472656,20.809999465942383,20.93000030517578,0
2025-11-07T15:35:00Z,21.020000457763672,21.100000381469727,20.899999618530273,21.100000381469727,0
2025-11-07T15:40:00Z,21.149999618530273,21.350000381469727,21.06999969482422,21.350000381469727,0
2025-11-07T15:45:00Z,21.350000381469727,21.540000915527344,21.350000381469727,21.440000534057617,0
2025-11-07T15:50:00Z,21.399999618530273,21.469999313354492,21.25,21.389999389648438,0
2025-11-07T15:55:00Z,21.40999984741211,21.559999465942383,21.40999984741211,21.559999465942383,0
2025-11-07T16:00:00Z,21.610000610351562,21.6299991607666,21.469999313354492,21.56999969482422,0
2025-11-07T16:05:00Z,21.56999969482422,21.8700008392334,21.530000686645508,21.8700008392334,0
2025-11-07T16:10:00Z,21.8799991607666,22.079999923706055,21.84000015258789,22.079999923706055,0
2025-11-07T16:15:00Z,22.059999465942383,22.209999084472656,21.979999542236328,21.979999542236328,0
2025-11-07T16:20:00Z,21.979999542236328,21.979999542236328,21.829999923706055,21.940000534057617,0
2025-11-07T16:25:00Z,21.979999542236328,22.059999465942383,21.979999542236328,22.049999237060547,0
2025-11-07T16:30:00Z,22.040000915527344,22.079999923706055,21.93000030517578,21.93000030517578,0
2025-11-07T16:35:00Z,21.920000076293945,22.15999984741211,21.920000076293945,22.1299991607666,0
2025-11-07T16:40:00Z,22.1299991607666,22.239999771118164,22.010000228881836,22.030000686645508,0
2025-11-07T16:45:00Z,22.0,22.190000534057617,21.989999771118164,22.15999984741211,0
2025-11-07T16:50:00Z,22.149999618530273,22.190000534057617,22.010000228881836,22.190000534057617,0
2025-11-07T16:55:00Z,22.190000534057617,22.530000686645508,22.18000030517578,22.399999618530273,0
2025-11-07T17:00:00Z,22.389999389648438,22.549999237060547,22.389999389648438,22.520000457763672,0
2025-11-07T17:05:00Z,22.530000686645508,22.719999313354492,22.459999084472656,22.559999465942383,0
2025-11-07T17:10:00Z,22.579999923706055,22.610000610351562,22.329999923706055,22.329999923706055,0
2025-11-07T17:15:00Z,22.34000015258789,22.34000015258789,22.139999389648438,22.190000534057617,0
2025-11-07T17:20:00Z,22.18000030517578,22.190000534057617,21.729999542236328,21.729999542236328,0
2025-11-07T17:25:00Z,21.780000686645508,21.780000686645508,21.600000381469727,21.770000457763672,0
2025-11-07T17:30:00Z,21.770000457763672,21.780000686645508,21.649999618530273,21.709999084472656,0
2025-11-07T17:35:00Z,21.719999313354492,22.0,21.719999313354492,21.950000762939453,0
2025-11-07T17:40:00Z,21.959999084472656,22.110000610351562,21.940000534057617,22.059999465942383,0
2025-11-07T17:45:00Z,22.040000915527344,22.260000228881836,21.969999313354492,22.260000228881836,0
2025-11-07T17:50:00Z,22.270000457763672,22.350000381469727,22.100000381469727,22.170000076293945,0
2025-11-07T17:55:00Z,22.1299991607666,22.1299991607666,21.84000015258789,21.850000381469727,0
2025-11-07T18:00:00Z,21.84000015258789,21.84000015258789,21.75,21.780000686645508,0
2025-11-07T18:05:00Z,21.780000686645508,21.8799991607666,21.6200008392334,21.639999389648438,0
2025-11-07T18:10:00Z,21.68000030517578,21.68000030517578,21.5,21.5,0
2025-11-07T18:15:00Z,21.5,21.56999969482422,21.420000076293945,21.420000076293945,0
2025-11-07T18:20:00Z,21.40999984741211,21.420000076293945,21.200000762939453,21.200000762939453,0
2025-11-07T18:25:00Z,21.190000534057617,21.190000534057617,21.100000381469727,21.1299991607666,0
2025-11-07T18:30:00Z,21.110000610351562,21.110000610351562,21.010000228881836,21.020000457763672,0
2025-11-07T18:35:00Z,21.049999237060547,21.1299991607666,20.920000076293945,20.920000076293945,0
2025-11-07T18:40:00Z,20.90999984741211,20.920000076293945,20.790000915527344,20.799999237060547,0
2025-11-07T18:45:00Z,20.809999465942383,21.110000610351562,20.780000686645508,21.079999923706055,0
2025-11-07T18:50:00Z,21.149999618530273,21.360000610351562,21.149999618530273,21.299999237060547,0
2025-11-07T18:55:00Z,21.209999084472656,21.209999084472656,20.790000915527344,20.829999923706055,0
2025-11-07T19:00:00Z,20.8700008392334,20.920000076293945,20.729999542236328,20.760000228881836,0
2025-11-07T19:05:00Z,20.770000457763672,20.81999969482422,20.690000534057617,20.729999542236328,0
2025-11-07T19:10:00Z,20.729999542236328,20.790000915527344,20.65999984741211,20.670000076293945,0
2025-11-07T19:15:00Z,20.670000076293945,20.700000762939453,20.59000015258789,20.700000762939453,0
2025-11-07T19:20:00Z,20.700000762939453,20.700000762939453,20.530000686645508,20.540000915527344,0
2025-11-07T19:25:00Z,20.540000915527344,20.639999389648438,20.540000915527344,20.6200008392334,0
2025-11-07T19:30:00Z,20.59000015258789,20.59000015258789,20.290000915527344,20.290000915527344,0
2025-11-07T19:35:00Z,20.280000686645508,20.290000915527344,20.110000610351562,20.1299991607666,0
2025-11-07T19:40:00Z,20.1200008392334,20.1200008392334,19.950000762939453,20.0,0
2025-11-07T19:45:00Z,20.010000228881836,20.309999465942383,20.010000228881836,20.18000030517578,0
2025-11-07T19:50:00Z,20.190000534057617,20.190000534057617,20.049999237060547,20.049999237060547,0
2025-11-07T19:55:00Z,20.010000228881836,20.079999923706055,19.920000076293945,19.920000076293945,0
2025-11-07T20:00:00Z,19.90999984741211,19.979999542236328,19.899999618530273,19.969999313354492,0
2025-11-07T20:05:00Z,20.010000228881836,20.190000534057617,20.0,20.0,0
2025-11-07T20:10:00Z,19.979999542236328,19.989999771118164,19.93000030517578,19.989999771118164,0
2025-11-07T20:15:00Z,19.969999313354492,20.09000015258789,19.940000534057617,20.020000457763672,0
2025-11-07T20:20:00Z,20.030000686645508,20.209999084472656,20.030000686645508,20.190000534057617,0
2025-11-07T20:25:00Z,20.190000534057617,20.31999969482422,20.1200008392334,20.15999984741211,0
2025-11-07T20:30:00Z,20.190000534057617,20.190000534057617,19.989999771118164,20.040000915527344,0
2025-11-07T20:35:00Z,20.030000686645508,20.030000686645508,19.899999618530273,19.899999618530273,0
2025-11-07T20:40:00Z,19.860000610351562,19.889999389648438,19.700000762939453,19.700000762939453,0
2025-11-07T20:45:00Z,19.719999313354492,19.8799991607666,19.709999084472656,19.8799991607666,0
2025-11-07T20:50:00Z,19.90999984741211,19.90999984741211,19.549999237060547,19.600000381469727,0
2025-11-07T20:55:00Z,19.59000015258789,19.59000015258789,19.25,19.25,0
2025-11-07T21:00:00Z,19.219999313354492,19.25,19.110000610351562,19.1200008392334,0
2025-11-07T21:05:00Z,19.139999389648438,19.190000534057617,19.110000610351562,19.139999389648438,0
2025-11-07T21:10:00Z,19.18000030517578,19.18000030517578,19.100000381469727,19.100000381469727,0
2025-11-10T08:15:00Z,18.579999923706055,18.610000610351562,18.56999969482422,18.610000610351562,0
2025-11-10T08:20:00Z,18.610000610351562,18.639999389648438,18.59000015258789,18.59000015258789,0
2025-11-10T08:25:00Z,18.59000015258789,18.59000015258789,18.559999465942383,18.59000015258789,0
2025-11-10T08:30:00Z,18.59000015258789,18.6299991607666,18.540000915527344,18.540000915527344,0
2025-11-10T08:35:00Z,18.559999465942383,18.6200008392334,18.559999465942383,18.610000610351562,0
2025-11-10T08:40:00Z,18.610000610351562,18.6200008392334,18.600000381469727,18.610000610351562,0
2025-11-10T08:45:00Z,18.610000610351562,18.6299991607666,18.600000381469727,18.600000381469727,0
2025-11-10T08:50:00Z,18.6200008392334,18.670000076293945,18.610000610351562,18.670000076293945,0
2025-11-10T08:55:00Z,18.68000030517578,18.68000030517578,18.639999389648438,18.639999389648438,0
2025-11-10T09:00:00Z,18.649999618530273,18.65999984741211,18.6200008392334,18.6200008392334,0
2025-11-10T09:05:00Z,18.6200008392334,18.670000076293945,18.610000610351562,18.670000076293945,0
2025-11-10T09:10:00Z,18.670000076293945,18.68000030517578,18.639999389648438,18.639999389648438,0
2025-11-10T09:15:00Z,18.639999389648438,18.639999389648438,18.59000015258789,18.600000381469727,0
2025-11-10T09:20:00Z,18.59000015258789,18.6299991607666,18.56999969482422,18.6200008392334,0
2025-11-10T09:25:00Z,18.610000610351562,18.68000030517578,18.610000610351562,18.65999984741211,0
2025-11-10T09:30:00Z,18.649999618530273,18.68000030517578,18.649999618530273,18.68000030517578,0
2025-11-10T09:35:00Z,18.68000030517578,18.700000762939453,18.65999984741211,18.65999984741211,0
2025-11-10T09:40:00Z,18.65999984741211,18.670000076293945,18.639999389648438,18.65999984741211,0
2025-11-10T09:45:00Z,18.65999984741211,18.68000030517578,18.6299991607666,18.6299991607666,0
2025-11-10T09:50:00Z,18.6299991607666,18.6299991607666,18.6200008392334,18.6200008392334,0
2025-11-10T09:55:00Z,18.6200008392334,18.649999618530273,18.6200008392334,18.639999389648438,0
2025-11-10T10:00:00Z,18.639999389648438,18.68000030517578,18.6299991607666,18.65999984741211,0
2025-11-10T10:05:00Z,18.65999984741211,18.690000534057617,18.649999618530273,18.690000534057617,0
2025-11-10T10:10:00Z,18.690000534057617,18.690000534057617,18.65999984741211,18.670000076293945,0
2025-11-10T10:15:00Z,18.670000076293945,18.700000762939453,18.670000076293945,18.690000534057617,0
2025-11-10T10:20:00Z,18.690000534057617,18.709999084472656,18.68000030517578,18.690000534057617,0
2025-11-10T10:25:00Z,18.700000762939453,18.729999542236328,18.700000762939453,18.729999542236328,0
2025-11-10T10:30:00Z,18.729999542236328,18.729999542236328,18.719999313354492,18.729999542236328,0
2025-11-10T10:35:00Z,18.729999542236328,18.729999542236328,18.700000762939453,18.709999084472656,0
2025-11-10T10:40:00Z,18.709999084472656,18.709999084472656,18.690000534057617,18.709999084472656,0
2025-11-10T10:45:00Z,18.709999084472656,18.719999313354492,18.709999084472656,18.719999313354492,0
2025-11-10T10:50:00Z,18.719999313354492,18.760000228881836,18.719999313354492,18.75,0
2025-11-10T10:55:00Z,18.739999771118164,18.770000457763672,18.739999771118164,18.770000457763672,0
2025-11-10T11:00:00Z,18.760000228881836,18.770000457763672,18.729999542236328,18.729999542236328,0
2025-11-10T11:05:00Z,18.729999542236328,18.799999237060547,18.729999542236328,18.799999237060547,0
2025-11-10T11:10:00Z,18.799999237060547,18.809999465942383,18.790000915527344,18.790000915527344,0
2025-11-10T11:15:00Z,18.790000915527344,18.81999969482422,18.780000686645508,18.81999969482422,0
2025-11-10T11:20:00Z,18.81999969482422,18.81999969482422,18.770000457763672,18.799999237060547,0
2025-11-10T11:25:00Z,18.809999465942383,18.809999465942383,18.790000915527344,18.790000915527344,0
2025-11-10T11:30:00Z,18.799999237060547,18.799999237060547,18.780000686645508,18.780000686645508,0
2025-11-10T11:35:00Z,18.780000686645508,18.790000915527344,18.75,18.75,0
2025-11-10T11:40:00Z,18.75,18.75,18.719999313354492,18.729999542236328,0
2025-11-10T11:45:00Z,18.719999313354492,18.719999313354492,18.700000762939453,18.709999084472656,0
2025-11-10T11:50:00Z,18.709999084472656,18.719999313354492,18.670000076293945,18.670000076293945,0
2025-11-10T11:55:00Z,18.670000076293945,18.690000534057617,18.639999389648438,18.639999389648438,0
2025-11-10T12:00:00Z,18.639999389648438,18.649999618530273,18.610000610351562,18.649999618530273,0
2025-11-10T12:05:00Z,18.649999618530273,18.709999084472656,18.6299991607666,18.700000762939453,0
2025-11-10T12:10:00Z,18.68000030517578,18.690000534057617,18.649999618530273,18.649999618530273,0
2025-11-10T12:15:00Z,18.649999618530273,18.65999984741211,18.6299991607666,18.6299991607666,0
2025-11-10T12:20:00Z,18.6200008392334,18.6200008392334,18.579999923706055,18.579999923706055,0
2025-11-10T12:25:00Z,18.579999923706055,18.6299991607666,18.579999923706055,18.6200008392334,0
2025-11-10T12:30:00Z,18.610000610351562,18.610000610351562,18.549999237060547,18.56999969482422,0
2025-11-10T12:35:00Z,18.56999969482422,18.56999969482422,18.530000686645508,18.540000915527344,0
2025-11-10T12:40:00Z,18.540000915527344,18.540000915527344,18.520000457763672,18.520000457763672,0
2025-11-10T12:45:00Z,18.520000457763672,18.549999237060547,18.520000457763672,18.549999237060547,0
2025-11-10T12:50:00Z,18.540000915527344,18.540000915527344,18.489999771118164,18.5,0
2025-11-10T12:55:00Z,18.5,18.5,18.450000762939453,18.469999313354492,0
2025-11-10T13:00:00Z,18.469999313354492,18.489999771118164,18.450000762939453,18.469999313354492,0
2025-11-10T13:05:00Z,18.479999542236328,18.489999771118164,18.450000762939453,18.450000762939453,0
2025-11-10T13:10:00Z,18.450000762939453,18.489999771118164,18.450000762939453,18.479999542236328,0
2025-11-10T13:15:00Z,18.469999313354492,18.479999542236328,18.459999084472656,18.469999313354492,0
2025-11-10T13:20:00Z,18.469999313354492,18.469999313354492,18.420000076293945,18.420000076293945,0
2025-11-10T13:25:00Z,18.43000030517578,18.440000534057617,18.399999618530273,18.399999618530273,0
2025-11-10T13:30:00Z,18.40999984741211,18.40999984741211,18.3799991607666,18.399999618530273,0
2025-11-10T13:35:00Z,18.399999618530273,18.43000030517578,18.3799991607666,18.420000076293945,0
2025-11-10T13:40:00Z,18.420000076293945,18.450000762939453,18.420000076293945,18.420000076293945,0
2025-11-10T13:45:00Z,18.43000030517578,18.459999084472656,18.43000030517578,18.440000534057617,0
2025-11-10T13:50:00Z,18.440000534057617,18.440000534057617,18.360000610351562,18.3799991607666,0
2025-11-10T13:55:00Z,18.389999389648438,18.389999389648438,18.31999969482422,18.329999923706055,0
2025-11-10T14:00:00Z,18.329999923706055,18.360000610351562,18.329999923706055,18.350000381469727,0
2025-11-10T14:05:00Z,18.360000610351562,18.3799991607666,18.329999923706055,18.329999923706055,0
2025-11-10T14:10:00Z,18.329999923706055,18.3799991607666,18.31999969482422,18.3700008392334,0
2025-11-10T14:15:00Z,18.3799991607666,18.389999389648438,18.360000610351562,18.360000610351562,0
2025-11-10T14:20:00Z,18.360000610351562,18.360000610351562,18.31999969482422,18.34000015258789,0
2025-11-10T14:25:00Z,18.34000015258789,18.34000015258789,18.34000015258789,18.34000015258789,0
2025-11-10T14:30:00Z,18.18000030517578,18.18000030517578,17.979999542236328,18.06999969482422,0
2025-11-10T14:35:00Z,18.079999923706055,18.079999923706055,17.959999084472656,17.969999313354492,0
2025-11-10T14:40:00Z,17.959999084472656,18.020000457763672,17.940000534057617,17.950000762939453,0
2025-11-10T14:45:00Z,17.979999542236328,18.040000915527344,17.93000030517578,18.040000915527344,0
2025-11-10T14:50:00Z,18.040000915527344,18.110000610351562,18.040000915527344,18.049999237060547,0
2025-11-10T14:55:00Z,18.049999237060547,18.110000610351562,17.989999771118164,18.030000686645508,0
2025-11-10T15:00:00Z,18.06999969482422,18.06999969482422,18.020000457763672,18.020000457763672,0
2025-11-10T15:05:00Z,18.020000457763672,18.09000015258789,18.010000228881836,18.06999969482422,0
2025-11-10T15:10:00Z,18.049999237060547,18.09000015258789,17.959999084472656,18.09000015258789,0
2025-11-10T15:15:00Z,18.110000610351562,18.110000610351562,17.989999771118164,18.040000915527344,0
2025-11-10T15:20:00Z,18.040000915527344,18.040000915527344,17.920000076293945,17.920000076293945,0
2025-11-10T15:25:00Z,17.920000076293945,17.969999313354492,17.899999618530273,17.940000534057617,0
2025-11-10T15:30:00Z,17.950000762939453,17.979999542236328,17.93000030517578,17.950000762939453,0
2025-11-10T15:35:00Z,17.950000762939453,18.06999969482422,17.950000762939453,18.06999969482422,0
2025-11-10T15:40:00Z,18.06999969482422,18.18000030517578,18.06999969482422,18.18000030517578,0
2025-11-10T15:45:00Z,18.190000534057617,18.229999542236328,18.149999618530273,18.219999313354492,0
2025-11-10T15:50:00Z,18.209999084472656,18.489999771118164,18.209999084472656,18.40999984741211,0
2025-11-10T15:55:00Z,18.389999389648438,18.530000686645508,18.389999389648438,18.520000457763672,0
2025-11-10T16:00:00Z,18.520000457763672,18.6299991607666,18.5,18.530000686645508,0
2025-11-10T16:05:00Z,18.520000457763672,18.59000015258789,18.450000762939453,18.489999771118164,0
2025-11-10T16:10:00Z,18.489999771118164,18.489999771118164,18.34000015258789,18.420000076293945,0
2025-11-10T16:15:00Z,18.40999984741211,18.489999771118164,18.3799991607666,18.40999984741211,0
2025-11-10T16:20:00Z,18.420000076293945,18.559999465942383,18.40999984741211,18.510000228881836,0
2025-11-10T16:25:00Z,18.510000228881836,18.549999237060547,18.479999542236328,18.549999237060547,0
2025-11-10T16:30:00Z,18.549999237060547,18.549999237060547,18.399999618530273,18.469999313354492,0
2025-11-10T16:35:00Z,18.459999084472656,18.5,18.450000762939453,18.469999313354492,0
2025-11-10T16:40:00Z,18.459999084472656,18.520000457763672,18.440000534057617,18.440000534057617,0
2025-11-10T16:45:00Z,18.43000030517578,18.479999542236328,18.3799991607666,18.3799991607666,0
2025-11-10T16:50:00Z,18.399999618530273,18.40999984741211,18.34000015258789,18.399999618530273,0
2025-11-10T16:55:00Z,18.399999618530273,18.399999618530273,18.190000534057617,18.190000534057617,0
2025-11-10T17:00:00Z,18.200000762939453,18.200000762939453,17.989999771118164,17.989999771118164,0
2025-11-10T17:05:00Z,18.0,18.010000228881836,17.940000534057617,18.010000228881836,0
2025-11-10T17:10:00Z,18.0,18.09000015258789,17.989999771118164,18.09000015258789,0
2025-11-10T17:15:00Z,18.100000381469727,18.1200008392334,18.030000686645508,18.030000686645508,0
2025-11-10T17:20:00Z,18.040000915527344,18.079999923706055,17.989999771118164,18.06999969482422,0
2025-11-10T17:25:00Z,18.049999237060547,18.049999237060547,17.940000534057617,17.969999313354492,0
2025-11-10T17:30:00Z,17.979999542236328,17.979999542236328,17.889999389648438,17.889999389648438,0
2025-11-10T17:35:00Z,17.889999389648438,17.920000076293945,17.889999389648438,17.889999389648438,0
2025-11-10T17:40:00Z,17.8799991607666,17.8799991607666,17.799999237060547,17.84000015258789,0
2025-11-10T17:45:00Z,17.84000015258789,17.84000015258789,17.780000686645508,17.780000686645508,0
2025-11-10T17:50:00Z,17.780000686645508,17.790000915527344,17.75,17.760000228881836,0
2025-11-10T17:55:00Z,17.760000228881836,17.790000915527344,17.75,17.770000457763672,0
2025-11-10T18:00:00Z,17.770000457763672,17.790000915527344,17.760000228881836,17.790000915527344,0
2025-11-10T18:05:00Z,17.799999237060547,17.799999237060547,17.780000686645508,17.790000915527344,0
2025-11-10T18:10:00Z,17.799999237060547,17.799999237060547,17.780000686645508,17.799999237060547,0
2025-11-10T18:15:00Z,17.799999237060547,17.799999237060547,17.760000228881836,17.790000915527344,0
2025-11-10T18:20:00Z,17.790000915527344,17.81999969482422,17.790000915527344,17.799999237060547,0
2025-11-10T18:25:00Z,17.790000915527344,17.850000381469727,17.770000457763672,17.850000381469727,0
2025-11-10T18:30:00Z,17.84000015258789,17.84000015258789,17.760000228881836,17.760000228881836,0
2025-11-10T18:35:00Z,17.760000228881836,17.760000228881836,17.739999771118164,17.739999771118164,0
2025-11-10T18:40:00Z,17.739999771118164,17.780000686645508,17.729999542236328,17.770000457763672,0
2025-11-10T18:45:00Z,17.780000686645508,17.780000686645508,17.739999771118164,17.739999771118164,0
2025-11-10T18:50:00Z,17.729999542236328,17.760000228881836,17.729999542236328,17.75,0
2025-11-10T18:55:00Z,17.75,17.809999465942383,17.75,17.809999465942383,0
2025-11-10T19:00:00Z,17.809999465942383,17.809999465942383,17.770000457763672,17.770000457763672,0
2025-11-10T19:05:00Z,17.760000228881836,17.760000228881836,17.729999542236328,17.729999542236328,0
2025-11-10T19:10:00Z,17.729999542236328,17.760000228881836,17.709999084472656,17.729999542236328,0
2025-11-10T19:15:00Z,17.729999542236328,17.729999542236328,17.690000534057617,17.700000762939453,0
2025-11-10T19:20:00Z,17.700000762939453,17.719999313354492,17.700000762939453,17.709999084472656,0
2025-11-10T19:25:00Z,17.709999084472656,17.709999084472656,17.65999984741211,17.68000030517578,0
2025-11-10T19:30:00Z,17.700000762939453,17.719999313354492,17.690000534057617,17.719999313354492,0
2025-11-10T19:35:00Z,17.729999542236328,17.739999771118164,17.719999313354492,17.719999313354492,0
2025-11-10T19:40:00Z,17.719999313354492,17.719999313354492,17.709999084472656,17.719999313354492,0
2025-11-10T19:45:00Z,17.719999313354492,17.729999542236328,17.700000762939453,17.700000762939453,0
2025-11-10T19:50:00Z,17.700000762939453,17.709999084472656,17.639999389648438,17.649999618530273,0
2025-11-10T19:55:00Z,17.65999984741211,17.770000457763672,17.649999618530273,17.760000228881836,0
2025-11-10T20:00:00Z,17.75,17.75,17.719999313354492,17.739999771118164,0
2025-11-10T20:05:00Z,17.75,17.760000228881836,17.75,17.760000228881836,0
2025-11-10T20:10:00Z,17.770000457763672,17.809999465942383,17.770000457763672,17.809999465942383,0
2025-11-10T20:15:00Z,17.799999237060547,17.899999618530273,17.799999237060547,17.889999389648438,0
2025-11-10T20:20:00Z,17.889999389648438,17.940000534057617,17.889999389648438,17.93000030517578,0
2025-11-10T20:25:00Z,17.920000076293945,17.920000076293945,17.8799991607666,17.899999618530273,0
2025-11-10T20:30:00Z,17.90999984741211,17.93000030517578,17.889999389648438,17.920000076293945,0
2025-11-10T20:35:00Z,17.93000030517578,17.93000030517578,17.809999465942383,17.809999465942383,0
2025-11-10T20:40:00Z,17.799999237060547,17.84000015258789,17.799999237060547,17.809999465942383,0
2025-11-10T20:45:00Z,17.81999969482422,17.850000381469727,17.780000686645508,17.780000686645508,0
2025-11-10T20:50:00Z,17.780000686645508,17.81999969482422,17.690000534057617,17.690000534057617,0
2025-11-10T20:55:00Z,17.700000762939453,17.760000228881836,17.700000762939453,17.729999542236328,0
2025-11-10T21:00:00Z,17.719999313354492,17.719999313354492,17.670000076293945,17.68000030517578,0
2025-11-10T21:05:00Z,17.670000076293945,17.670000076293945,17.6299991607666,17.6299991607666,0
2025-11-10T21:10:00Z,17.6299991607666,17.639999389648438,17.600000381469727,17.600000381469727,0
2025-11-11T08:15:00Z,17.899999618530273,17.899999618530273,17.8700008392334,17.8799991607666,0
2025-11-11T08:20:00Z,17.8799991607666,17.93000030517578,17.8700008392334,17.920000076293945,0
2025-11-11T08:25:00Z,17.93000030517578,17.940000534057617,17.920000076293945,17.940000534057617,0
2025-11-11T08:30:00Z,17.940000534057617,17.940000534057617,17.920000076293945,17.93000030517578,0
2025-11-11T08:35:00Z,17.93000030517578,17.950000762939453,17.920000076293945,17.93000030517578,0
2025-11-11T08:40:00Z,17.940000534057617,17.959999084472656,17.940000534057617,17.940000534057617,0
2025-11-11T08:45:00Z,17.940000534057617,17.950000762939453,17.93000030517578,17.93000030517578,0
2025-11-11T08:50:00Z,17.93000030517578,17.950000762939453,17.93000030517578,17.950000762939453,0
2025-11-11T08:55:00Z,17.950000762939453,17.959999084472656,17.93000030517578,17.950000762939453,0
2025-11-11T09:00:00Z,17.950000762939453,17.969999313354492,17.93000030517578,17.93000030517578,0
2025-11-11T09:05:00Z,17.93000030517578,17.93000030517578,17.90999984741211,17.920000076293945,0
2025-11-11T09:10:00Z,17.90999984741211,17.950000762939453,17.90999984741211,17.93000030517578,0
2025-11-11T09:15:00Z,17.920000076293945,17.93000030517578,17.90999984741211,17.920000076293945,0
2025-11-11T09:20:00Z,17.93000030517578,17.93000030517578,17.920000076293945,17.93000030517578,0
2025-11-11T09:25:00Z,17.93000030517578,17.940000534057617,17.920000076293945,17.93000030517578,0
2025-11-11T09:30:00Z,17.920000076293945,17.940000534057617,17.90999984741211,17.940000534057617,0
2025-11-11T09:35:00Z,17.940000534057617,17.950000762939453,17.93000030517578,17.950000762939453,0
2025-11-11T09:40:00Z,17.959999084472656,17.979999542236328,17.950000762939453,17.969999313354492,0
2025-11-11T09:45:00Z,17.969999313354492,17.969999313354492,17.920000076293945,17.920000076293945,0
2025-11-11T09:50:00Z,17.920000076293945,17.979999542236328,17.920000076293945,17.969999313354492,0
2025-11-11T09:55:00Z,17.959999084472656,17.979999542236328,17.959999084472656,17.979999542236328,0
2025-11-11T10:00:00Z,17.979999542236328,18.0,17.979999542236328,18.0,0
2025-11-11T10:05:00Z,18.010000228881836,18.010000228881836,17.989999771118164,18.0,0
2025-11-11T10:10:00Z,18.0,18.0,17.979999542236328,17.979999542236328,0
2025-11-11T10:15:00Z,17.979999542236328,17.989999771118164,17.979999542236328,17.979999542236328,0
2025-11-11T10:20:00Z,17.969999313354492,17.969999313354492,17.950000762939453,17.969999313354492,0
2025-11-11T10:25:00Z,17.959999084472656,17.969999313354492,17.950000762939453,17.950000762939453,0
2025-11-11T10:30:00Z,17.950000762939453,17.979999542236328,17.940000534057617,17.969999313354492,0
2025-11-11T10:35:00Z,17.979999542236328,17.979999542236328,17.940000534057617,17.940000534057617,0
2025-11-11T10:40:00Z,17.940000534057617,17.969999313354492,17.940000534057617,17.959999084472656,0
2025-11-11T10:45:00Z,17.959999084472656,17.969999313354492,17.950000762939453,17.959999084472656,0
2025-11-11T10:50:00Z,17.959999084472656,17.969999313354492,17.950000762939453,17.950000762939453,0
2025-11-11T10:55:00Z,17.959999084472656,17.979999542236328,17.959999084472656,17.959999084472656,0
2025-11-11T11:00:00Z,17.959999084472656,17.959999084472656,17.90999984741211,17.920000076293945,0
2025-11-11T11:05:00Z,17.90999984741211,17.90999984741211,17.889999389648438,17.889999389648438,0
2025-11-11T11:10:00Z,17.889999389648438,17.899999618530273,17.8700008392334,17.8700008392334,0
2025-11-11T11:15:00Z,17.860000610351562,17.889999389648438,17.860000610351562,17.889999389648438,0
2025-11-11T11:20:00Z,17.889999389648438,17.899999618530273,17.8799991607666,17.889999389648438,0
2025-11-11T11:25:00Z,17.889999389648438,17.90999984741211,17.889999389648438,17.889999389648438,0
2025-11-11T11:30:00Z,17.889999389648438,17.920000076293945,17.889999389648438,17.920000076293945,0
2025-11-11T11:35:00Z,17.920000076293945,17.93000030517578,17.90999984741211,17.920000076293945,0
2025-11-11T11:40:00Z,17.920000076293945,17.93000030517578,17.90999984741211,17.90999984741211,0
2025-11-11T11:45:00Z,17.90999984741211,17.93000030517578,17.90999984741211,17.920000076293945,0
2025-11-11T11:50:00Z,17.940000534057617,17.940000534057617,17.920000076293945,17.920000076293945,0
2025-11-11T11:55:00Z,17.93000030517578,17.93000030517578,17.899999618530273,17.899999618530273,0
2025-11-11T12:00:00Z,17.899999618530273,17.90999984741211,17.860000610351562,17.8799991607666,0
2025-11-11T12:05:00Z,17.8700008392334,17.899999618530273,17.8700008392334,17.8799991607666,0
2025-11-11T12:10:00Z,17.8799991607666,17.889999389648438,17.8799991607666,17.889999389648438,0
2025-11-11T12:15:00Z,17.889999389648438,17.90999984741211,17.8700008392334,17.899999618530273,0
2025-11-11T12:20:00Z,17.899999618530273,17.90999984741211,17.889999389648438,17.90999984741211,0
2025-11-11T12:25:00Z,17.899999618530273,17.920000076293945,17.899999618530273,17.90999984741211,0
2025-11-11T12:30:00Z,17.90999984741211,17.90999984741211,17.899999618530273,17.899999618530273,0
2025-11-11T12:35:00Z,17.90999984741211,17.969999313354492,17.90999984741211,17.969999313354492,0
2025-11-11T12:40:00Z,17.969999313354492,17.979999542236328,17.950000762939453,17.950000762939453,0
2025-11-11T12:45:00Z,17.959999084472656,17.979999542236328,17.940000534057617,17.979999542236328,0
2025-11-11T12:50:00Z,17.989999771118164,17.989999771118164,17.950000762939453,17.959999084472656,0
2025-11-11T12:55:00Z,17.959999084472656,17.979999542236328,17.959999084472656,17.969999313354492,0
2025-11-11T13:00:00Z,17.969999313354492,17.969999313354492,17.940000534057617,17.950000762939453,0
2025-11-11T13:05:00Z,17.950000762939453,17.969999313354492,17.93000030517578,17.93000030517578,0
2025-11-11T13:10:00Z,17.90999984741211,17.920000076293945,17.8799991607666,17.8799991607666,0
2025-11-11T13:15:00Z,17.8799991607666,17.90999984741211,17.8799991607666,17.90999984741211,0
2025-11-11T13:20:00Z,17.90999984741211,17.969999313354492,17.899999618530273,17.959999084472656,0
2025-11-11T13:25:00Z,17.969999313354492,18.010000228881836,17.969999313354492,18.0,0
2025-11-11T13:30:00Z,17.989999771118164,17.989999771118164,17.920000076293945,17.920000076293945,0
2025-11-11T13:35:00Z,17.90999984741211,17.93000030517578,17.8700008392334,17.8700008392334,0
2025-11-11T13:40:00Z,17.8799991607666,17.93000030517578,17.8799991607666,17.90999984741211,0
2025-11-11T13:45:00Z,17.90999984741211,17.90999984741211,17.8799991607666,17.889999389648438,0
2025-11-11T13:50:00Z,17.889999389648438,17.90999984741211,17.8799991607666,17.899999618530273,0
2025-11-11T13:55:00Z,17.899999618530273,17.90999984741211,17.889999389648438,17.889999389648438,0
2025-11-11T14:00:00Z,17.8799991607666,17.8799991607666,17.81999969482422,17.81999969482422,0
2025-11-11T14:05:00Z,17.81999969482422,17.850000381469727,17.799999237060547,17.809999465942383,0
2025-11-11T14:10:00Z,17.799999237060547,17.829999923706055,17.790000915527344,17.790000915527344,0
2025-11-11T14:15:00Z,17.790000915527344,17.809999465942383,17.739999771118164,17.739999771118164,0
2025-11-11T14:20:00Z,17.739999771118164,17.739999771118164,17.719999313354492,17.739999771118164,0
2025-11-11T14:25:00Z,17.75,17.75,17.75,17.75,0
2025-11-11T14:30:00Z,17.639999389648438,17.719999313354492,17.6200008392334,17.700000762939453,0
2025-11-11T14:35:00Z,17.68000030517578,17.68000030517578,17.6299991607666,17.6299991607666,0
2025-11-11T14:40:00Z,17.6299991607666,17.68000030517578,17.6299991607666,17.6299991607666,0
2025-11-11T14:45:00Z,17.6200008392334,17.649999618530273,17.579999923706055,17.649999618530273,0
2025-11-11T14:50:00Z,17.649999618530273,17.709999084472656,17.649999618530273,17.649999618530273,0
2025-11-11T14:55:00Z,17.65999984741211,17.700000762939453,17.520000457763672,17.520000457763672,0
2025-11-11T15:00:00Z,17.530000686645508,17.610000610351562,17.530000686645508,17.610000610351562,0
2025-11-11T15:05:00Z,17.610000610351562,17.75,17.600000381469727,17.639999389648438,0
2025-11-11T15:10:00Z,17.6200008392334,17.649999618530273,17.59000015258789,17.639999389648438,0
2025-11-11T15:15:00Z,17.6299991607666,17.770000457763672,17.6299991607666,17.770000457763672,0
2025-11-11T15:20:00Z,17.780000686645508,17.780000686645508,17.700000762939453,17.700000762939453,0
2025-11-11T15:25:00Z,17.690000534057617,17.799999237060547,17.690000534057617,17.75,0
2025-11-11T15:30:00Z,17.75,17.81999969482422,17.719999313354492,17.780000686645508,0
2025-11-11T15:35:00Z,17.780000686645508,17.829999923706055,17.770000457763672,17.790000915527344,0
2025-11-11T15:40:00Z,17.760000228881836,17.799999237060547,17.700000762939453,17.75,0
2025-11-11T15:45:00Z,17.739999771118164,17.84000015258789,17.719999313354492,17.829999923706055,0
2025-11-11T15:50:00Z,17.799999237060547,17.8700008392334,17.799999237060547,17.84000015258789,0
2025-11-11T15:55:00Z,17.860000610351562,17.93000030517578,17.860000610351562,17.899999618530273,0
2025-11-11T16:00:00Z,17.889999389648438,17.889999389648438,17.809999465942383,17.829999923706055,0
2025-11-11T16:05:00Z,17.829999923706055,17.829999923706055,17.780000686645508,17.790000915527344,0
2025-11-11T16:10:00Z,17.799999237060547,17.799999237060547,17.709999084472656,17.709999084472656,0
2025-11-11T16:15:00Z,17.719999313354492,17.760000228881836,17.639999389648438,17.649999618530273,0
2025-11-11T16:20:00Z,17.6299991607666,17.649999618530273,17.579999923706055,17.579999923706055,0
2025-11-11T16:25:00Z,17.59000015258789,17.799999237060547,17.59000015258789,17.799999237060547,0
2025-11-11T16:30:00Z,17.790000915527344,17.860000610351562,17.719999313354492,17.719999313354492,0
2025-11-11T16:35:00Z,17.729999542236328,17.75,17.670000076293945,17.719999313354492,0
2025-11-11T16:40:00Z,17.719999313354492,17.790000915527344,17.690000534057617,17.729999542236328,0
2025-11-11T16:45:00Z,17.719999313354492,17.719999313354492,17.6299991607666,17.639999389648438,0
2025-11-11T16:50:00Z,17.639999389648438,17.700000762939453,17.639999389648438,17.639999389648438,0
2025-11-11T16:55:00Z,17.649999618530273,17.719999313354492,17.639999389648438,17.709999084472656,0
2025-11-11T17:00:00Z,17.709999084472656,17.709999084472656,17.639999389648438,17.649999618530273,0
2025-11-11T17:05:00Z,17.649999618530273,17.649999618530273,17.549999237060547,17.56999969482422,0
2025-11-11T17:10:00Z,17.56999969482422,17.600000381469727,17.549999237060547,17.549999237060547,0
2025-11-11T17:15:00Z,17.540000915527344,17.540000915527344,17.489999771118164,17.489999771118164,0
2025-11-11T17:20:00Z,17.5,17.549999237060547,17.489999771118164,17.549999237060547,0
2025-11-11T17:25:00Z,17.549999237060547,17.6200008392334,17.549999237060547,17.579999923706055,0
2025-11-11T17:30:00Z,17.579999923706055,17.6200008392334,17.579999923706055,17.600000381469727,0
2025-11-11T17:35:00Z,17.6200008392334,17.670000076293945,17.6200008392334,17.649999618530273,0
2025-11-11T17:40:00Z,17.65999984741211,17.68000030517578,17.639999389648438,17.65999984741211,0
2025-11-11T17:45:00Z,17.649999618530273,17.670000076293945,17.6299991607666,17.6299991607666,0
2025-11-11T17:50:00Z,17.639999389648438,17.65999984741211,17.6200008392334,17.639999389648438,0
2025-11-11T17:55:00Z,17.649999618530273,17.649999618530273,17.6200008392334,17.6200008392334,0
2025-11-11T18:00:00Z,17.6200008392334,17.6200008392334,17.579999923706055,17.59000015258789,0
2025-11-11T18:05:00Z,17.579999923706055,17.59000015258789,17.579999923706055,17.59000015258789,0
2025-11-11T18:10:00Z,17.600000381469727,17.610000610351562,17.56999969482422,17.610000610351562,0
2025-11-11T18:15:00Z,17.600000381469727,17.610000610351562,17.559999465942383,17.559999465942383,0
2025-11-11T18:20:00Z,17.549999237060547,17.559999465942383,17.530000686645508,17.540000915527344,0
2025-11-11T18:25:00Z,17.540000915527344,17.559999465942383,17.510000228881836,17.530000686645508,0
2025-11-11T18:30:00Z,17.520000457763672,17.530000686645508,17.5,17.530000686645508,0
2025-11-11T18:35:00Z,17.530000686645508,17.56999969482422,17.5,17.5,0
2025-11-11T18:40:00Z,17.489999771118164,17.489999771118164,17.440000534057617,17.440000534057617,0
2025-11-11T18:45:00Z,17.43000030517578,17.43000030517578,17.399999618530273,17.399999618530273,0
2025-11-11T18:50:00Z,17.399999618530273,17.40999984741211,17.3799991607666,17.399999618530273,0
2025-11-11T18:55:00Z,17.389999389648438,17.389999389648438,17.3700008392334,17.389999389648438,0
2025-11-11T19:00:00Z,17.389999389648438,17.459999084472656,17.389999389648438,17.420000076293945,0
2025-11-11T19:05:00Z,17.420000076293945,17.469999313354492,17.420000076293945,17.450000762939453,0
2025-11-11T19:10:00Z,17.440000534057617,17.440000534057617,17.3700008392334,17.389999389648438,0
2025-11-11T19:15:00Z,17.389999389648438,17.389999389648438,17.350000381469727,17.389999389648438,0
2025-11-11T19:20:00Z,17.389999389648438,17.40999984741211,17.3799991607666,17.389999389648438,0
2025-11-11T19:25:00Z,17.3799991607666,17.399999618530273,17.3700008392334,17.3799991607666,0
2025-11-11T19:30:00Z,17.389999389648438,17.40999984741211,17.3700008392334,17.3799991607666,0
2025-11-11T19:35:00Z,17.389999389648438,17.420000076293945,17.3799991607666,17.40999984741211,0
2025-11-11T19:40:00Z,17.399999618530273,17.399999618530273,17.360000610351562,17.3799991607666,0
2025-11-11T19:45:00Z,17.3700008392334,17.3799991607666,17.290000915527344,17.290000915527344,0
2025-11-11T19:50:00Z,17.290000915527344,17.299999237060547,17.280000686645508,17.290000915527344,0
2025-11-11T19:55:00Z,17.290000915527344,17.299999237060547,17.270000457763672,17.280000686645508,0
2025-11-11T20:00:00Z,17.280000686645508,17.290000915527344,17.280000686645508,17.280000686645508,0
2025-11-11T20:05:00Z,17.270000457763672,17.350000381469727,17.270000457763672,17.350000381469727,0
2025-11-11T20:10:00Z,17.350000381469727,17.350000381469727,17.31999969482422,17.34000015258789,0
2025-11-11T20:15:00Z,17.34000015258789,17.350000381469727,17.31999969482422,17.329999923706055,0
2025-11-11T20:20:00Z,17.329999923706055,17.360000610351562,17.329999923706055,17.34000015258789,0
2025-11-11T20:25:00Z,17.34000015258789,17.360000610351562,17.31999969482422,17.31999969482422,0
2025-11-11T20:30:00Z,17.31999969482422,17.350000381469727,17.290000915527344,17.309999465942383,0
2025-11-11T20:35:00Z,17.299999237060547,17.34000015258789,17.299999237060547,17.31999969482422,0
2025-11-11T20:40:00Z,17.309999465942383,17.329999923706055,17.290000915527344,17.290000915527344,0
2025-11-11T20:45:00Z,17.290000915527344,17.299999237060547,17.280000686645508,17.280000686645508,0
2025-11-11T20:50:00Z,17.280000686645508,17.280000686645508,17.25,17.260000228881836,0
2025-11-11T20:55:00Z,17.25,17.350000381469727,17.25,17.299999237060547,0
2025-11-11T21:00:00Z,17.260000228881836,17.329999923706055,17.25,17.309999465942383,0
2025-11-11T21:05:00Z,17.309999465942383,17.34000015258789,17.270000457763672,17.34000015258789,0
2025-11-11T21:10:00Z,17.34000015258789,17.34000015258789,17.280000686645508,17.280000686645508,0
2025-11-12T08:15:00Z,17.209999084472656,17.209999084472656,17.170000076293945,17.170000076293945,0
2025-11-12T08:20:00Z,17.170000076293945,17.18000030517578,17.170000076293945,17.170000076293945,0
2025-11-12T08:25:00Z,17.18000030517578,17.18000030517578,17.149999618530273,17.149999618530273,0
2025-11-12T08:30:00Z,17.149999618530273,17.18000030517578,17.139999389648438,17.149999618530273,0
2025-11-12T08:35:00Z,17.149999618530273,17.149999618530273,17.1299991607666,17.139999389648438,0
2025-11-12T08:40:00Z,17.149999618530273,17.149999618530273,17.1200008392334,17.1200008392334,0
2025-11-12T08:45:00Z,17.1200008392334,17.1299991607666,17.1200008392334,17.1299991607666,0
2025-11-12T08:50:00Z,17.139999389648438,17.18000030517578,17.1299991607666,17.18000030517578,0
2025-11-12T08:55:00Z,17.18000030517578,17.18000030517578,17.170000076293945,17.170000076293945,0
2025-11-12T09:00:00Z,17.18000030517578,17.200000762939453,17.18000030517578,17.190000534057617,0
2025-11-12T09:05:00Z,17.190000534057617,17.200000762939453,17.18000030517578,17.200000762939453,0
2025-11-12T09:10:00Z,17.200000762939453,17.209999084472656,17.190000534057617,17.190000534057617,0
2025-11-12T09:15:00Z,17.190000534057617,17.200000762939453,17.170000076293945,17.170000076293945,0
2025-11-12T09:20:00Z,17.170000076293945,17.18000030517578,17.15999984741211,17.170000076293945,0
2025-11-12T09:25:00Z,17.170000076293945,17.18000030517578,17.170000076293945,17.18000030517578,0
2025-11-12T09:30:00Z,17.18000030517578,17.18000030517578,17.15999984741211,17.15999984741211,0
2025-11-12T09:35:00Z,17.15999984741211,17.190000534057617,17.15999984741211,17.170000076293945,0
2025-11-12T09:40:00Z,17.170000076293945,17.18000030517578,17.170000076293945,17.170000076293945,0
2025-11-12T09:45:00Z,17.170000076293945,17.190000534057617,17.170000076293945,17.190000534057617,0
2025-11-12T09:50:00Z,17.190000534057617,17.190000534057617,17.170000076293945,17.18000030517578,0
2025-11-12T09:55:00Z,17.18000030517578,17.18000030517578,17.170000076293945,17.170000076293945,0
2025-11-12T10:00:00Z,17.170000076293945,17.18000030517578,17.149999618530273,17.18000030517578,0
2025-11-12T10:05:00Z,17.18000030517578,17.190000534057617,17.18000030517578,17.190000534057617,0
2025-11-12T10:10:00Z,17.18000030517578,17.200000762939453,17.18000030517578,17.18000030517578,0
2025-11-12T10:15:00Z,17.190000534057617,17.209999084472656,17.190000534057617,17.190000534057617,0
2025-11-12T10:20:00Z,17.190000534057617,17.200000762939453,17.18000030517578,17.190000534057617,0
2025-11-12T10:25:00Z,17.190000534057617,17.200000762939453,17.190000534057617,17.200000762939453,0
2025-11-12T10:30:00Z,17.200000762939453,17.200000762939453,17.190000534057617,17.200000762939453,0
2025-11-12T10:35:00Z,17.200000762939453,17.229999542236328,17.200000762939453,17.219999313354492,0
2025-11-12T10:40:00Z,17.219999313354492,17.25,17.219999313354492,17.25,0
2025-11-12T10:45:00Z,17.25,17.25,17.219999313354492,17.219999313354492,0
2025-11-12T10:50:00Z,17.219999313354492,17.219999313354492,17.200000762939453,17.209999084472656,0
2025-11-12T10:55:00Z,17.209999084472656,17.239999771118164,17.209999084472656,17.219999313354492,0
2025-11-12T11:00:00Z,17.209999084472656,17.209999084472656,17.190000534057617,17.200000762939453,0
2025-11-12T11:05:00Z,17.200000762939453,17.209999084472656,17.200000762939453,17.200000762939453,0
2025-11-12T11:10:00Z,17.200000762939453,17.219999313354492,17.200000762939453,17.219999313354492,0
2025-11-12T11:15:00Z,17.219999313354492,17.219999313354492,17.209999084472656,17.219999313354492,0
2025-11-12T11:20:00Z,17.219999313354492,17.219999313354492,17.209999084472656,17.209999084472656,0
2025-11-12T11:25:00Z,17.209999084472656,17.239999771118164,17.209999084472656,17.239999771118164,0
2025-11-12T11:30:00Z,17.270000457763672,17.280000686645508,17.209999084472656,17.209999084472656,0
2025-11-12T11:35:00Z,17.209999084472656,17.229999542236328,17.190000534057617,17.209999084472656,0
2025-11-12T11:40:00Z,17.219999313354492,17.219999313354492,17.200000762939453,17.200000762939453,0
2025-11-12T11:45:00Z,17.200000762939453,17.209999084472656,17.18000030517578,17.200000762939453,0
2025-11-12T11:50:00Z,17.200000762939453,17.200000762939453,17.190000534057617,17.200000762939453,0
2025-11-12T11:55:00Z,17.200000762939453,17.25,17.200000762939453,17.25,0
2025-11-12T12:00:00Z,17.239999771118164,17.260000228881836,17.190000534057617,17.190000534057617,0
2025-11-12T12:05:00Z,17.190000534057617,17.190000534057617,17.1299991607666,17.170000076293945,0
2025-11-12T12:10:00Z,17.170000076293945,17.170000076293945,17.1299991607666,17.1299991607666,0
2025-11-12T12:15:00Z,17.1299991607666,17.1299991607666,17.1200008392334,17.1200008392334,0
2025-11-12T12:20:00Z,17.1200008392334,17.139999389648438,17.1200008392334,17.139999389648438,0
2025-11-12T12:25:00Z,17.139999389648438,17.139999389648438,17.110000610351562,17.110000610351562,0
2025-11-12T12:30:00Z,17.110000610351562,17.1200008392334,17.110000610351562,17.1200008392334,0
2025-11-12T12:35:00Z,17.110000610351562,17.139999389648438,17.100000381469727,17.139999389648438,0
2025-11-12T12:40:00Z,17.139999389648438,17.170000076293945,17.139999389648438,17.170000076293945,0
2025-11-12T12:45:00Z,17.170000076293945,17.18000030517578,17.149999618530273,17.149999618530273,0
2025-11-12T12:50:00Z,17.149999618530273,17.15999984741211,17.149999618530273,17.15999984741211,0
2025-11-12T12:55:00Z,17.149999618530273,17.170000076293945,17.149999618530273,17.149999618530273,0
2025-11-12T13:00:00Z,17.149999618530273,17.15999984741211,17.139999389648438,17.139999389648438,0
2025-11-12T13:05:00Z,17.139999389648438,17.149999618530273,17.1200008392334,17.1299991607666,0
2025-11-12T13:10:00Z,17.1299991607666,17.139999389648438,17.1299991607666,17.1299991607666,0
2025-11-12T13:15:00Z,17.1299991607666,17.149999618530273,17.1299991607666,17.149999618530273,0
2025-11-12T13:20:00Z,17.139999389648438,17.15999984741211,17.139999389648438,17.15999984741211,0
2025-11-12T13:25:00Z,17.149999618530273,17.170000076293945,17.149999618530273,17.15999984741211,0
2025-11-12T13:30:00Z,17.15999984741211,17.18000030517578,17.15999984741211,17.18000030517578,0
2025-11-12T13:35:00Z,17.18000030517578,17.18000030517578,17.1299991607666,17.149999618530273,0
2025-11-12T13:40:00Z,17.149999618530273,17.149999618530273,17.1299991607666,17.149999618530273,0
2025-11-12T13:45:00Z,17.149999618530273,17.149999618530273,17.139999389648438,17.139999389648438,0
2025-11-12T13:50:00Z,17.1299991607666,17.1299991607666,17.110000610351562,17.1200008392334,0
2025-11-12T13:55:00Z,17.1200008392334,17.1299991607666,17.110000610351562,17.110000610351562,0
2025-11-12T14:00:00Z,17.110000610351562,17.139999389648438,17.110000610351562,17.139999389648438,0
2025-11-12T14:05:00Z,17.15999984741211,17.200000762939453,17.15999984741211,17.190000534057617,0
2025-11-12T14:10:00Z,17.190000534057617,17.200000762939453,17.170000076293945,17.170000076293945,0
2025-11-12T14:15:00Z,17.170000076293945,17.18000030517578,17.170000076293945,17.170000076293945,0
2025-11-12T14:20:00Z,17.170000076293945,17.18000030517578,17.170000076293945,17.18000030517578,0
2025-11-12T14:25:00Z,17.170000076293945,17.170000076293945,17.170000076293945,17.170000076293945,0
2025-11-12T14:30:00Z,17.290000915527344,17.299999237060547,17.260000228881836,17.290000915527344,0
2025-11-12T14:35:00Z,17.280000686645508,17.280000686645508,17.219999313354492,17.229999542236328,0
2025-11-12T14:40:00Z,17.229999542236328,17.420000076293945,17.219999313354492,17.420000076293945,0
2025-11-12T14:45:00Z,17.40999984741211,17.65999984741211,17.399999618530273,17.59000015258789,0
2025-11-12T14:50:00Z,17.600000381469727,17.610000610351562,17.479999542236328,17.510000228881836,0
2025-11-12T14:55:00Z,17.520000457763672,17.549999237060547,17.469999313354492,17.489999771118164,0
2025-11-12T15:00:00Z,17.479999542236328,17.479999542236328,17.329999923706055,17.360000610351562,0
2025-11-12T15:05:00Z,17.3700008392334,17.420000076293945,17.31999969482422,17.31999969482422,0
2025-11-12T15:10:00Z,17.34000015258789,17.459999084472656,17.34000015258789,17.459999084472656,0
2025-11-12T15:15:00Z,17.459999084472656,17.5,17.459999084472656,17.479999542236328,0
2025-11-12T15:20:00Z,17.479999542236328,17.520000457763672,17.469999313354492,17.5,0
2025-11-12T15:25:00Z,17.520000457763672,17.549999237060547,17.459999084472656,17.469999313354492,0
2025-11-12T15:30:00Z,17.510000228881836,17.6299991607666,17.510000228881836,17.6299991607666,0
2025-11-12T15:35:00Z,17.649999618530273,17.84000015258789,17.649999618530273,17.670000076293945,0
2025-11-12T15:40:00Z,17.649999618530273,17.690000534057617,17.6200008392334,17.65999984741211,0
2025-11-12T15:45:00Z,17.649999618530273,17.729999542236328,17.600000381469727,17.729999542236328,0
2025-11-12T15:50:00Z,17.729999542236328,17.809999465942383,17.709999084472656,17.790000915527344,0
2025-11-12T15:55:00Z,17.809999465942383,17.84000015258789,17.709999084472656,17.770000457763672,0
2025-11-12T16:00:00Z,17.770000457763672,17.860000610351562,17.770000457763672,17.84000015258789,0
2025-11-12T16:05:00Z,17.860000610351562,17.8799991607666,17.829999923706055,17.8700008392334,0
2025-11-12T16:10:00Z,17.889999389648438,18.020000457763672,17.889999389648438,18.010000228881836,0
2025-11-12T16:15:00Z,17.989999771118164,17.989999771118164,17.860000610351562,17.8700008392334,0
2025-11-12T16:20:00Z,17.8700008392334,17.90999984741211,17.829999923706055,17.899999618530273,0
2025-11-12T16:25:00Z,17.889999389648438,17.889999389648438,17.770000457763672,17.770000457763672,0
2025-11-12T16:30:00Z,17.760000228881836,17.809999465942383,17.68000030517578,17.760000228881836,0
2025-11-12T16:35:00Z,17.770000457763672,17.770000457763672,17.65999984741211,17.700000762939453,0
2025-11-12T16:40:00Z,17.719999313354492,17.790000915527344,17.700000762939453,17.790000915527344,0
2025-11-12T16:45:00Z,17.809999465942383,18.059999465942383,17.770000457763672,18.0,0
2025-11-12T16:50:00Z,18.010000228881836,18.010000228881836,17.899999618530273,17.979999542236328,0
2025-11-12T16:55:00Z,17.969999313354492,17.969999313354492,17.860000610351562,17.940000534057617,0
2025-11-12T17:00:00Z,17.940000534057617,17.940000534057617,17.8799991607666,17.8799991607666,0
2025-11-12T17:05:00Z,17.8700008392334,17.8700008392334,17.770000457763672,17.809999465942383,0
2025-11-12T17:10:00Z,17.81999969482422,17.8799991607666,17.799999237060547,17.799999237060547,0
2025-11-12T17:15:00Z,17.799999237060547,17.889999389648438,17.729999542236328,17.8799991607666,0
2025-11-12T17:20:00Z,17.8799991607666,17.8799991607666,17.760000228881836,17.809999465942383,0
2025-11-12T17:25:00Z,17.809999465942383,17.809999465942383,17.760000228881836,17.780000686645508,0
2025-11-12T17:30:00Z,17.780000686645508,17.780000686645508,17.729999542236328,17.729999542236328,0
2025-11-12T17:35:00Z,17.729999542236328,17.729999542236328,17.520000457763672,17.530000686645508,0
2025-11-12T17:40:00Z,17.530000686645508,17.559999465942383,17.469999313354492,17.559999465942383,0
2025-11-12T17:45:00Z,17.559999465942383,17.639999389648438,17.520000457763672,17.639999389648438,0
2025-11-12T17:50:00Z,17.639999389648438,17.719999313354492,17.639999389648438,17.690000534057617,0
2025-11-12T17:55:00Z,17.690000534057617,17.690000534057617,17.56999969482422,17.579999923706055,0
2025-11-12T18:00:00Z,17.59000015258789,17.600000381469727,17.549999237060547,17.559999465942383,0
2025-11-12T18:05:00Z,17.559999465942383,17.610000610351562,17.559999465942383,17.610000610351562,0
2025-11-12T18:10:00Z,17.639999389648438,17.670000076293945,17.579999923706055,17.579999923706055,0
2025-11-12T18:15:00Z,17.579999923706055,17.579999923706055,17.549999237060547,17.549999237060547,0
2025-11-12T18:20:00Z,17.549999237060547,17.610000610351562,17.549999237060547,17.579999923706055,0
2025-11-12T18:25:00Z,17.59000015258789,17.649999618530273,17.559999465942383,17.610000610351562,0
2025-11-12T18:30:00Z,17.610000610351562,17.610000610351562,17.559999465942383,17.56999969482422,0
2025-11-12T18:35:00Z,17.549999237060547,17.549999237060547,17.420000076293945,17.420000076293945,0
2025-11-12T18:40:00Z,17.40999984741211,17.469999313354492,17.3700008392334,17.459999084472656,0
2025-11-12T18:45:00Z,17.469999313354492,17.559999465942383,17.469999313354492,17.559999465942383,0
2025-11-12T18:50:00Z,17.549999237060547,17.549999237060547,17.479999542236328,17.5,0
2025-11-12T18:55:00Z,17.5,17.5,17.459999084472656,17.469999313354492,0
2025-11-12T19:00:00Z,17.469999313354492,17.479999542236328,17.40999984741211,17.450000762939453,0
2025-11-12T19:05:00Z,17.440000534057617,17.459999084472656,17.389999389648438,17.389999389648438,0
2025-11-12T19:10:00Z,17.389999389648438,17.459999084472656,17.389999389648438,17.459999084472656,0
2025-11-12T19:15:00Z,17.459999084472656,17.530000686645508,17.459999084472656,17.520000457763672,0
2025-11-12T19:20:00Z,17.510000228881836,17.540000915527344,17.459999084472656,17.520000457763672,0
2025-11-12T19:25:00Z,17.530000686645508,17.59000015258789,17.469999313354492,17.56999969482422,0
2025-11-12T19:30:00Z,17.56999969482422,17.6200008392334,17.559999465942383,17.56999969482422,0
2025-11-12T19:35:00Z,17.549999237060547,17.559999465942383,17.450000762939453,17.459999084472656,0
2025-11-12T19:40:00Z,17.469999313354492,17.510000228881836,17.450000762939453,17.479999542236328,0
2025-11-12T19:45:00Z,17.489999771118164,17.489999771118164,17.440000534057617,17.489999771118164,0
2025-11-12T19:50:00Z,17.489999771118164,17.540000915527344,17.450000762939453,17.450000762939453,0
2025-11-12T19:55:00Z,17.450000762939453,17.540000915527344,17.440000534057617,17.479999542236328,0
2025-11-12T20:00:00Z,17.479999542236328,17.59000015258789,17.479999542236328,17.56999969482422,0
2025-11-12T20:05:00Z,17.579999923706055,17.65999984741211,17.579999923706055,17.59000015258789,0
2025-11-12T20:10:00Z,17.600000381469727,17.6200008392334,17.59000015258789,17.59000015258789,0
2025-11-12T20:15:00Z,17.59000015258789,17.610000610351562,17.530000686645508,17.549999237060547,0
2025-11-12T20:20:00Z,17.540000915527344,17.600000381469727,17.5,17.600000381469727,0
2025-11-12T20:25:00Z,17.600000381469727,17.600000381469727,17.510000228881836,17.510000228881836,0
2025-11-12T20:30:00Z,17.520000457763672,17.579999923706055,17.489999771118164,17.510000228881836,0
2025-11-12T20:35:00Z,17.520000457763672,17.6299991607666,17.520000457763672,17.600000381469727,0
2025-11-12T20:40:00Z,17.59000015258789,17.59000015258789,17.540000915527344,17.540000915527344,0
2025-11-12T20:45:00Z,17.530000686645508,17.56999969482422,17.530000686645508,17.540000915527344,0
2025-11-12T20:50:00Z,17.549999237060547,17.549999237060547,17.459999084472656,17.489999771118164,0
2025-11-12T20:55:00Z,17.520000457763672,17.610000610351562,17.520000457763672,17.530000686645508,0
2025-11-12T21:00:00Z,17.5,17.510000228881836,17.479999542236328,17.510000228881836,0
2025-11-12T21:05:00Z,17.520000457763672,17.540000915527344,17.5,17.530000686645508,0
2025-11-12T21:10:00Z,17.520000457763672,17.540000915527344,17.510000228881836,17.520000457763672,0
2025-11-13T08:15:00Z,17.610000610351562,17.6299991607666,17.600000381469727,17.600000381469727,0
2025-11-13T08:20:00Z,17.600000381469727,17.600000381469727,17.530000686645508,17.530000686645508,0
2025-11-13T08:25:00Z,17.530000686645508,17.579999923706055,17.510000228881836,17.579999923706055,0
2025-11-13T08:30:00Z,17.56999969482422,17.59000015258789,17.540000915527344,17.56999969482422,0
2025-11-13T08:35:00Z,17.559999465942383,17.56999969482422,17.540000915527344,17.540000915527344,0
2025-11-13T08:40:00Z,17.549999237060547,17.559999465942383,17.530000686645508,17.540000915527344,0
2025-11-13T08:45:00Z,17.540000915527344,17.559999465942383,17.540000915527344,17.549999237060547,0
2025-11-13T08:50:00Z,17.549999237060547,17.549999237060547,17.510000228881836,17.520000457763672,0
2025-11-13T08:55:00Z,17.520000457763672,17.540000915527344,17.520000457763672,17.520000457763672,0
2025-11-13T09:00:00Z,17.530000686645508,17.59000015258789,17.520000457763672,17.59000015258789,0
2025-11-13T09:05:00Z,17.579999923706055,17.760000228881836,17.579999923706055,17.739999771118164,0
2025-11-13T09:10:00Z,17.739999771118164,17.860000610351562,17.739999771118164,17.860000610351562,0
2025-11-13T09:15:00Z,17.860000610351562,17.8700008392334,17.84000015258789,17.860000610351562,0
2025-11-13T09:20:00Z,17.860000610351562,17.93000030517578,17.850000381469727,17.90999984741211,0
2025-11-13T09:25:00Z,17.90999984741211,17.979999542236328,17.899999618530273,17.979999542236328,0
2025-11-13T09:30:00Z,17.989999771118164,18.0,17.93000030517578,17.959999084472656,0
2025-11-13T09:35:00Z,17.959999084472656,18.059999465942383,17.959999084472656,18.0,0
2025-11-13T09:40:00Z,18.0,18.020000457763672,17.90999984741211,17.90999984741211,0
2025-11-13T09:45:00Z,17.90999984741211,17.90999984741211,17.8700008392334,17.8700008392334,0
2025-11-13T09:50:00Z,17.8700008392334,17.8700008392334,17.850000381469727,17.850000381469727,0
2025-11-13T09:55:00Z,17.860000610351562,17.889999389648438,17.850000381469727,17.8799991607666,0
2025-11-13T10:00:00Z,17.8700008392334,17.8799991607666,17.84000015258789,17.84000015258789,0
2025-11-13T10:05:00Z,17.850000381469727,17.850000381469727,17.760000228881836,17.760000228881836,0
2025-11-13T10:10:00Z,17.760000228881836,17.790000915527344,17.729999542236328,17.760000228881836,0
2025-11-13T10:15:00Z,17.770000457763672,17.799999237060547,17.760000228881836,17.760000228881836,0
2025-11-13T10:20:00Z,17.760000228881836,17.760000228881836,17.700000762939453,17.719999313354492,0
2025-11-13T10:25:00Z,17.719999313354492,17.729999542236328,17.709999084472656,17.729999542236328,0
2025-11-13T10:30:00Z,17.729999542236328,17.760000228881836,17.700000762939453,17.700000762939453,0
2025-11-13T10:35:00Z,17.700000762939453,17.700000762939453,17.649999618530273,17.649999618530273,0
2025-11-13T10:40:00Z,17.649999618530273,17.700000762939453,17.649999618530273,17.690000534057617,0
2025-11-13T10:45:00Z,17.68000030517578,17.709999084472656,17.68000030517578,17.690000534057617,0
2025-11-13T10:50:00Z,17.690000534057617,17.729999542236328,17.690000534057617,17.719999313354492,0
2025-11-13T10:55:00Z,17.709999084472656,17.75,17.709999084472656,17.709999084472656,0
2025-11-13T11:00:00Z,17.719999313354492,17.739999771118164,17.700000762939453,17.709999084472656,0
2025-11-13T11:05:00Z,17.709999084472656,17.709999084472656,17.649999618530273,17.649999618530273,0
2025-11-13T11:10:00Z,17.649999618530273,17.65999984741211,17.6200008392334,17.6299991607666,0
2025-11-13T11:15:00Z,17.639999389648438,17.709999084472656,17.6200008392334,17.700000762939453,0
2025-11-13T11:20:00Z,17.709999084472656,17.790000915527344,17.709999084472656,17.790000915527344,0
2025-11-13T11:25:00Z,17.790000915527344,17.850000381469727,17.760000228881836,17.829999923706055,0
2025-11-13T11:30:00Z,17.829999923706055,17.889999389648438,17.799999237060547,17.889999389648438,0
2025-11-13T11:35:00Z,17.889999389648438,17.959999084472656,17.8799991607666,17.8799991607666,0
2025-11-13T11:40:00Z,17.889999389648438,17.889999389648438,17.860000610351562,17.8700008392334,0
2025-11-13T11:45:00Z,17.860000610351562,17.889999389648438,17.84000015258789,17.850000381469727,0
2025-11-13T11:50:00Z,17.850000381469727,17.850000381469727,17.780000686645508,17.829999923706055,0
2025-11-13T11:55:00Z,17.829999923706055,17.8799991607666,17.790000915527344,17.790000915527344,0
2025-11-13T12:00:00Z,17.799999237060547,17.8799991607666,17.799999237060547,17.8799991607666,0
2025-11-13T12:05:00Z,17.8700008392334,17.950000762939453,17.8700008392334,17.950000762939453,0
2025-11-13T12:10:00Z,17.950000762939453,17.950000762939453,17.889999389648438,17.90999984741211,0
2025-11-13T12:15:00Z,17.920000076293945,17.920000076293945,17.8700008392334,17.889999389648438,0
2025-11-13T12:20:00Z,17.889999389648438,17.90999984741211,17.860000610351562,17.8799991607666,0
2025-11-13T12:25:00Z,17.899999618530273,17.899999618530273,17.850000381469727,17.860000610351562,0
2025-11-13T12:30:00Z,17.850000381469727,17.8799991607666,17.829999923706055,17.829999923706055,0
2025-11-13T12:35:00Z,17.84000015258789,17.84000015258789,17.75,17.760000228881836,0
2025-11-13T12:40:00Z,17.760000228881836,17.770000457763672,17.729999542236328,17.739999771118164,0
2025-11-13T12:45:00Z,17.719999313354492,17.739999771118164,17.700000762939453,17.739999771118164,0
2025-11-13T12:50:00Z,17.75,17.780000686645508,17.739999771118164,17.770000457763672,0
2025-11-13T12:55:00Z,17.770000457763672,17.81999969482422,17.770000457763672,17.799999237060547,0
2025-11-13T13:00:00Z,17.809999465942383,17.8700008392334,17.809999465942383,17.850000381469727,0
2025-11-13T13:05:00Z,17.8700008392334,17.8700008392334,17.84000015258789,17.860000610351562,0
2025-11-13T13:10:00Z,17.84000015258789,17.860000610351562,17.829999923706055,17.84000015258789,0
2025-11-13T13:15:00Z,17.81999969482422,17.8799991607666,17.809999465942383,17.8700008392334,0
2025-11-13T13:20:00Z,17.8700008392334,17.969999313354492,17.8700008392334,17.899999618530273,0
2025-11-13T13:25:00Z,17.889999389648438,17.899999618530273,17.8799991607666,17.8799991607666,0
2025-11-13T13:30:00Z,17.8799991607666,18.059999465942383,17.8700008392334,18.040000915527344,0
2025-11-13T13:35:00Z,18.059999465942383,18.079999923706055,18.010000228881836,18.059999465942383,0
2025-11-13T13:40:00Z,18.049999237060547,18.079999923706055,18.020000457763672,18.059999465942383,0
2025-11-13T13:45:00Z,18.059999465942383,18.059999465942383,17.989999771118164,17.989999771118164,0
2025-11-13T13:50:00Z,17.979999542236328,17.989999771118164,17.93000030517578,17.969999313354492,0
2025-11-13T13:55:00Z,17.969999313354492,18.06999969482422,17.969999313354492,18.06999969482422,0
2025-11-13T14:00:00Z,18.059999465942383,18.110000610351562,18.030000686645508,18.110000610351562,0
2025-11-13T14:05:00Z,18.100000381469727,18.25,18.079999923706055,18.25,0
2025-11-13T14:10:00Z,18.239999771118164,18.260000228881836,18.149999618530273,18.18000030517578,0
2025-11-13T14:15:00Z,18.170000076293945,18.170000076293945,18.149999618530273,18.15999984741211,0
2025-11-13T14:20:00Z,18.15999984741211,18.170000076293945,18.100000381469727,18.110000610351562,0
2025-11-13T14:25:00Z,18.110000610351562,18.110000610351562,18.110000610351562,18.110000610351562,0
2025-11-13T14:30:00Z,18.190000534057617,18.260000228881836,18.1299991607666,18.209999084472656,0
2025-11-13T14:35:00Z,18.219999313354492,18.530000686645508,18.219999313354492,18.459999084472656,0
2025-11-13T14:40:00Z,18.459999084472656,18.670000076293945,18.459999084472656,18.670000076293945,0
2025-11-13T14:45:00Z,18.68000030517578,18.68000030517578,18.520000457763672,18.6200008392334,0
2025-11-13T14:50:00Z,18.579999923706055,18.579999923706055,18.34000015258789,18.420000076293945,0
2025-11-13T14:55:00Z,18.440000534057617,18.440000534057617,18.280000686645508,18.329999923706055,0
2025-11-13T15:00:00Z,18.399999618530273,18.549999237060547,18.31999969482422,18.549999237060547,0
2025-11-13T15:05:00Z,18.530000686645508,18.530000686645508,18.139999389648438,18.139999389648438,0
2025-11-13T15:10:00Z,18.110000610351562,18.149999618530273,18.020000457763672,18.020000457763672,0
2025-11-13T15:15:00Z,18.030000686645508,18.06999969482422,17.959999084472656,18.06999969482422,0
2025-11-13T15:20:00Z,18.079999923706055,18.229999542236328,18.06999969482422,18.15999984741211,0
2025-11-13T15:25:00Z,18.15999984741211,18.350000381469727,18.15999984741211,18.329999923706055,0
2025-11-13T15:30:00Z,18.34000015258789,18.59000015258789,18.34000015258789,18.59000015258789,0
2025-11-13T15:35:00Z,18.59000015258789,18.709999084472656,18.559999465942383,18.579999923706055,0
2025-11-13T15:40:00Z,18.6299991607666,18.729999542236328,18.59000015258789,18.729999542236328,0
2025-11-13T15:45:00Z,18.719999313354492,18.969999313354492,18.719999313354492,18.959999084472656,0
2025-11-13T15:50:00Z,18.959999084472656,19.09000015258789,18.959999084472656,19.09000015258789,0
2025-11-13T15:55:00Z,19.09000015258789,19.1299991607666,18.920000076293945,18.920000076293945,0
2025-11-13T16:00:00Z,18.899999618530273,19.040000915527344,18.81999969482422,19.030000686645508,0
2025-11-13T16:05:00Z,19.040000915527344,19.200000762939453,19.040000915527344,19.040000915527344,0
2025-11-13T16:10:00Z,19.040000915527344,19.139999389648438,19.040000915527344,19.049999237060547,0
2025-11-13T16:15:00Z,19.040000915527344,19.15999984741211,18.959999084472656,19.110000610351562,0
2025-11-13T16:20:00Z,19.06999969482422,19.170000076293945,19.010000228881836,19.170000076293945,0
2025-11-13T16:25:00Z,19.190000534057617,19.219999313354492,19.040000915527344,19.049999237060547,0
2025-11-13T16:30:00Z,19.06999969482422,19.1200008392334,18.940000534057617,18.940000534057617,0
2025-11-13T16:35:00Z,18.940000534057617,19.270000457763672,18.940000534057617,19.270000457763672,0
2025-11-13T16:40:00Z,19.290000915527344,19.440000534057617,19.290000915527344,19.40999984741211,0
2025-11-13T16:45:00Z,19.420000076293945,19.450000762939453,19.31999969482422,19.350000381469727,0
2025-11-13T16:50:00Z,19.329999923706055,19.420000076293945,19.229999542236328,19.360000610351562,0
2025-11-13T16:55:00Z,19.3799991607666,19.440000534057617,19.34000015258789,19.34000015258789,0
2025-11-13T17:00:00Z,19.329999923706055,19.459999084472656,19.280000686645508,19.299999237060547,0
2025-11-13T17:05:00Z,19.290000915527344,19.459999084472656,19.200000762939453,19.459999084472656,0
2025-11-13T17:10:00Z,19.450000762939453,19.510000228881836,19.40999984741211,19.5,0
2025-11-13T17:15:00Z,19.489999771118164,19.489999771118164,19.299999237060547,19.329999923706055,0
2025-11-13T17:20:00Z,19.350000381469727,19.350000381469727,19.100000381469727,19.100000381469727,0
2025-11-13T17:25:00Z,19.1200008392334,19.209999084472656,19.059999465942383,19.09000015258789,0
2025-11-13T17:30:00Z,19.100000381469727,19.100000381469727,18.969999313354492,19.010000228881836,0
2025-11-13T17:35:00Z,19.040000915527344,19.229999542236328,19.040000915527344,19.110000610351562,0
2025-11-13T17:40:00Z,19.09000015258789,19.260000228881836,19.09000015258789,19.229999542236328,0
2025-11-13T17:45:00Z,19.260000228881836,19.479999542236328,19.260000228881836,19.43000030517578,0
2025-11-13T17:50:00Z,19.420000076293945,19.489999771118164,19.40999984741211,19.440000534057617,0
2025-11-13T17:55:00Z,19.459999084472656,19.700000762939453,19.459999084472656,19.68000030517578,0
2025-11-13T18:00:00Z,19.670000076293945,19.760000228881836,19.600000381469727,19.75,0
2025-11-13T18:05:00Z,19.760000228881836,19.790000915527344,19.68000030517578,19.780000686645508,0
2025-11-13T18:10:00Z,19.799999237060547,19.860000610351562,19.75,19.75,0
2025-11-13T18:15:00Z,19.760000228881836,20.030000686645508,19.760000228881836,20.030000686645508,0
2025-11-13T18:20:00Z,20.030000686645508,20.100000381469727,20.0,20.059999465942383,0
2025-11-13T18:25:00Z,20.079999923706055,20.610000610351562,20.079999923706055,20.579999923706055,0
2025-11-13T18:30:00Z,20.59000015258789,20.709999084472656,20.59000015258789,20.670000076293945,0
2025-11-13T18:35:00Z,20.700000762939453,21.09000015258789,20.700000762939453,21.09000015258789,0
2025-11-13T18:40:00Z,21.09000015258789,21.1299991607666,20.829999923706055,20.829999923706055,0
2025-11-13T18:45:00Z,20.829999923706055,20.8700008392334,20.59000015258789,20.6200008392334,0
2025-11-13T18:50:00Z,20.610000610351562,20.770000457763672,20.59000015258789,20.770000457763672,0
2025-11-13T18:55:00Z,20.770000457763672,20.790000915527344,20.649999618530273,20.670000076293945,0
2025-11-13T19:00:00Z,20.649999618530273,20.81999969482422,20.639999389648438,20.780000686645508,0
2025-11-13T19:05:00Z,20.799999237060547,20.8799991607666,20.729999542236328,20.799999237060547,0
2025-11-13T19:10:00Z,20.790000915527344,20.90999984741211,20.780000686645508,20.90999984741211,0
2025-11-13T19:15:00Z,20.920000076293945,20.940000534057617,20.799999237060547,20.860000610351562,0
2025-11-13T19:20:00Z,20.8799991607666,20.889999389648438,20.690000534057617,20.719999313354492,0
2025-11-13T19:25:00Z,20.719999313354492,20.719999313354492,20.520000457763672,20.530000686645508,0
2025-11-13T19:30:00Z,20.520000457763672,20.6200008392334,20.489999771118164,20.5,0
2025-11-13T19:35:00Z,20.510000228881836,20.670000076293945,20.479999542236328,20.600000381469727,0
2025-11-13T19:40:00Z,20.59000015258789,20.829999923706055,20.59000015258789,20.760000228881836,0
2025-11-13T19:45:00Z,20.760000228881836,20.889999389648438,20.760000228881836,20.8799991607666,0
2025-11-13T19:50:00Z,20.8700008392334,20.969999313354492,20.75,20.959999084472656,0
2025-11-13T19:55:00Z,21.030000686645508,21.260000228881836,20.969999313354492,21.020000457763672,0
2025-11-13T20:00:00Z,21.0,21.06999969482422,20.959999084472656,21.06999969482422,0
2025-11-13T20:05:00Z,21.06999969482422,21.1299991607666,20.93000030517578,20.93000030517578,0
2025-11-13T20:10:00Z,20.93000030517578,21.049999237060547,20.93000030517578,20.989999771118164,0
2025-11-13T20:15:00Z,21.040000915527344,21.1299991607666,20.989999771118164,21.110000610351562,0
2025-11-13T20:20:00Z,21.1299991607666,21.309999465942383,21.1299991607666,21.209999084472656,0
2025-11-13T20:25:00Z,21.190000534057617,21.270000457763672,21.139999389648438,21.15999984741211,0
2025-11-13T20:30:00Z,21.1200008392334,21.1200008392334,20.989999771118164,20.989999771118164,0
2025-11-13T20:35:00Z,20.979999542236328,20.979999542236328,20.709999084472656,20.75,0
2025-11-13T20:40:00Z,20.729999542236328,20.729999542236328,20.600000381469727,20.65999984741211,0
2025-11-13T20:45:00Z,20.690000534057617,20.760000228881836,20.610000610351562,20.760000228881836,0
2025-11-13T20:50:00Z,20.780000686645508,20.979999542236328,20.600000381469727,20.979999542236328,0
2025-11-13T20:55:00Z,21.020000457763672,21.020000457763672,20.540000915527344,20.540000915527344,0
2025-11-13T21:00:00Z,20.489999771118164,20.489999771118164,20.1200008392334,20.1200008392334,0
2025-11-13T21:05:00Z,20.149999618530273,20.209999084472656,20.059999465942383,20.059999465942383,0
2025-11-13T21:10:00Z,20.049999237060547,20.059999465942383,20.020000457763672,20.020000457763672,0
2025-11-14T08:15:00Z,21.329999923706055,21.43000030517578,21.329999923706055,21.3799991607666,0
2025-11-14T08:20:00Z,21.389999389648438,21.520000457763672,21.389999389648438,21.5,0
2025-11-14T08:25:00Z,21.5,21.549999237060547,21.3700008392334,21.43000030517578,0
2025-11-14T08:30:00Z,21.43000030517578,21.530000686645508,21.40999984741211,21.43000030517578,0
2025-11-14T08:35:00Z,21.440000534057617,21.440000534057617,21.329999923706055,21.329999923706055,0
2025-11-14T08:40:00Z,21.360000610351562,21.600000381469727,21.360000610351562,21.399999618530273,0
2025-11-14T08:45:00Z,21.399999618530273,21.479999542236328,21.399999618530273,21.399999618530273,0
2025-11-14T08:50:00Z,21.40999984741211,21.40999984741211,21.219999313354492,21.219999313354492,0
2025-11-14T08:55:00Z,21.18000030517578,21.18000030517578,21.09000015258789,21.110000610351562,0
2025-11-14T09:00:00Z,21.1200008392334,21.1299991607666,20.8799991607666,20.959999084472656,0
2025-11-14T09:05:00Z,20.950000762939453,21.030000686645508,20.899999618530273,20.959999084472656,0
2025-11-14T09:10:00Z,20.959999084472656,21.06999969482422,20.959999084472656,21.06999969482422,0
2025-11-14T09:15:00Z,21.059999465942383,21.149999618530273,21.059999465942383,21.149999618530273,0
2025-11-14T09:20:00Z,21.15999984741211,21.18000030517578,21.1200008392334,21.1200008392334,0
2025-11-14T09:25:00Z,21.1200008392334,21.15999984741211,21.1200008392334,21.15999984741211,0
2025-11-14T09:30:00Z,21.170000076293945,21.280000686645508,21.15999984741211,21.270000457763672,0
2025-11-14T09:35:00Z,21.270000457763672,21.290000915527344,21.229999542236328,21.239999771118164,0
2025-11-14T09:40:00Z,21.25,21.25,21.190000534057617,21.219999313354492,0
2025-11-14T09:45:00Z,21.219999313354492,21.3799991607666,21.219999313354492,21.3700008392334,0
2025-11-14T09:50:00Z,21.350000381469727,21.360000610351562,21.260000228881836,21.270000457763672,0
2025-11-14T09:55:00Z,21.280000686645508,21.34000015258789,21.280000686645508,21.34000015258789,0
2025-11-14T10:00:00Z,21.350000381469727,21.399999618530273,21.309999465942383,21.34000015258789,0
2025-11-14T10:05:00Z,21.34000015258789,21.350000381469727,21.209999084472656,21.209999084472656,0
2025-11-14T10:10:00Z,21.18000030517578,21.190000534057617,21.100000381469727,21.1200008392334,0
2025-11-14T10:15:00Z,21.1200008392334,21.209999084472656,21.1200008392334,21.209999084472656,0
2025-11-14T10:20:00Z,21.190000534057617,21.209999084472656,21.110000610351562,21.200000762939453,0
2025-11-14T10:25:00Z,21.200000762939453,21.200000762939453,21.149999618530273,21.15999984741211,0
2025-11-14T10:30:00Z,21.149999618530273,21.149999618530273,21.100000381469727,21.100000381469727,0
2025-11-14T10:35:00Z,21.100000381469727,21.139999389648438,21.030000686645508,21.059999465942383,0
2025-11-14T10:40:00Z,21.06999969482422,21.1200008392334,21.059999465942383,21.079999923706055,0
2025-11-14T10:45:00Z,21.06999969482422,21.06999969482422,21.030000686645508,21.059999465942383,0
2025-11-14T10:50:00Z,21.049999237060547,21.1200008392334,21.040000915527344,21.1200008392334,0
2025-11-14T10:55:00Z,21.15999984741211,21.229999542236328,21.15999984741211,21.15999984741211,0
2025-11-14T11:00:00Z,21.170000076293945,21.280000686645508,21.170000076293945,21.260000228881836,0
2025-11-14T11:05:00Z,21.290000915527344,21.540000915527344,21.290000915527344,21.540000915527344,0
2025-11-14T11:10:00Z,21.510000228881836,21.729999542236328,21.510000228881836,21.690000534057617,0
2025-11-14T11:15:00Z,21.68000030517578,21.889999389648438,21.65999984741211,21.889999389648438,0
2025-11-14T11:20:00Z,21.8799991607666,21.899999618530273,21.709999084472656,21.739999771118164,0
2025-11-14T11:25:00Z,21.729999542236328,21.799999237060547,21.68000030517578,21.760000228881836,0
2025-11-14T11:30:00Z,21.760000228881836,21.84000015258789,21.719999313354492,21.719999313354492,0
2025-11-14T11:35:00Z,21.729999542236328,21.950000762939453,21.729999542236328,21.950000762939453,0
2025-11-14T11:40:00Z,21.950000762939453,21.969999313354492,21.90999984741211,21.969999313354492,0
2025-11-14T11:45:00Z,21.979999542236328,22.149999618530273,21.979999542236328,22.020000457763672,0
2025-11-14T11:50:00Z,21.989999771118164,22.059999465942383,21.989999771118164,22.059999465942383,0
2025-11-14T11:55:00Z,22.049999237060547,22.06999969482422,21.790000915527344,21.790000915527344,0
2025-11-14T12:00:00Z,21.790000915527344,22.079999923706055,21.790000915527344,22.079999923706055,0
2025-11-14T12:05:00Z,22.09000015258789,22.34000015258789,22.09000015258789,22.25,0
2025-11-14T12:10:00Z,22.25,22.25,22.139999389648438,22.239999771118164,0
2025-11-14T12:15:00Z,22.229999542236328,22.260000228881836,22.18000030517578,22.200000762939453,0
2025-11-14T12:20:00Z,22.219999313354492,22.280000686645508,22.15999984741211,22.200000762939453,0
2025-11-14T12:25:00Z,22.229999542236328,22.229999542236328,22.0,22.020000457763672,0
2025-11-14T12:30:00Z,22.040000915527344,22.260000228881836,22.030000686645508,22.229999542236328,0
2025-11-14T12:35:00Z,22.219999313354492,22.360000610351562,22.219999313354492,22.360000610351562,0
2025-11-14T12:40:00Z,22.540000915527344,22.600000381469727,22.489999771118164,22.540000915527344,0
2025-11-14T12:45:00Z,22.5,22.6299991607666,22.290000915527344,22.290000915527344,0
2025-11-14T12:50:00Z,22.280000686645508,22.34000015258789,22.260000228881836,22.270000457763672,0
2025-11-14T12:55:00Z,22.290000915527344,22.399999618530273,22.280000686645508,22.329999923706055,0
2025-11-14T13:00:00Z,22.350000381469727,22.350000381469727,22.25,22.25,0
2025-11-14T13:05:00Z,22.229999542236328,22.360000610351562,22.229999542236328,22.290000915527344,0
2025-11-14T13:10:00Z,22.270000457763672,22.40999984741211,22.229999542236328,22.290000915527344,0
2025-11-14T13:15:00Z,22.25,22.360000610351562,22.219999313354492,22.360000610351562,0
2025-11-14T13:20:00Z,22.3799991607666,22.68000030517578,22.3799991607666,22.649999618530273,0
2025-11-14T13:25:00Z,22.6200008392334,22.6200008392334,22.5,22.520000457763672,0
2025-11-14T13:30:00Z,22.510000228881836,22.610000610351562,22.43000030517578,22.610000610351562,0
2025-11-14T13:35:00Z,22.600000381469727,22.670000076293945,22.579999923706055,22.6200008392334,0
2025-11-14T13:40:00Z,22.649999618530273,22.81999969482422,22.610000610351562,22.799999237060547,0
2025-11-14T13:45:00Z,22.790000915527344,22.829999923706055,22.540000915527344,22.540000915527344,0
2025-11-14T13:50:00Z,22.489999771118164,22.520000457763672,22.3700008392334,22.3799991607666,0
2025-11-14T13:55:00Z,22.389999389648438,22.479999542236328,22.3700008392334,22.420000076293945,0
2025-11-14T14:00:00Z,22.43000030517578,22.510000228881836,22.34000015258789,22.34000015258789,0
2025-11-14T14:05:00Z,22.299999237060547,22.299999237060547,22.18000030517578,22.219999313354492,0
2025-11-14T14:10:00Z,22.200000762939453,22.270000457763672,22.200000762939453,22.260000228881836,0
2025-11-14T14:15:00Z,22.270000457763672,22.270000457763672,22.139999389648438,22.139999389648438,0
2025-11-14T14:20:00Z,22.139999389648438,22.170000076293945,22.1200008392334,22.139999389648438,0
2025-11-14T14:25:00Z,22.149999618530273,22.149999618530273,22.149999618530273,22.149999618530273,0
2025-11-14T14:30:00Z,22.43000030517578,23.030000686645508,22.43000030517578,23.0,0
2025-11-14T14:35:00Z,22.940000534057617,22.969999313354492,22.110000610351562,22.170000076293945,0
2025-11-14T14:40:00Z,22.170000076293945,22.299999237060547,21.850000381469727,21.850000381469727,0
2025-11-14T14:45:00Z,21.8700008392334,21.889999389648438,21.479999542236328,21.649999618530273,0
2025-11-14T14:50:00Z,21.600000381469727,21.729999542236328,21.40999984741211,21.56999969482422,0
2025-11-14T14:55:00Z,21.520000457763672,21.639999389648438,21.489999771118164,21.559999465942383,0
2025-11-14T15:00:00Z,21.559999465942383,21.81999969482422,21.559999465942383,21.81999969482422,0
2025-11-14T15:05:00Z,21.850000381469727,21.93000030517578,21.600000381469727,21.690000534057617,0
2025-11-14T15:10:00Z,21.68000030517578,22.040000915527344,21.649999618530273,22.040000915527344,0
2025-11-14T15:15:00Z,21.93000030517578,21.93000030517578,21.530000686645508,21.709999084472656,0
2025-11-14T15:20:00Z,21.68000030517578,21.739999771118164,21.510000228881836,21.670000076293945,0
2025-11-14T15:25:00Z,21.690000534057617,21.84000015258789,21.239999771118164,21.280000686645508,0
2025-11-14T15:30:00Z,21.239999771118164,21.34000015258789,21.110000610351562,21.139999389648438,0
2025-11-14T15:35:00Z,21.15999984741211,21.170000076293945,20.889999389648438,20.899999618530273,0
2025-11-14T15:40:00Z,20.889999389648438,20.920000076293945,20.760000228881836,20.81999969482422,0
2025-11-14T15:45:00Z,20.770000457763672,20.770000457763672,20.3700008392334,20.43000030517578,0
2025-11-14T15:50:00Z,20.440000534057617,20.520000457763672,20.350000381469727,20.479999542236328,0
2025-11-14T15:55:00Z,20.479999542236328,20.610000610351562,20.479999542236328,20.530000686645508,0
2025-11-14T16:00:00Z,20.469999313354492,20.670000076293945,20.459999084472656,20.670000076293945,0
2025-11-14T16:05:00Z,20.639999389648438,20.780000686645508,20.610000610351562,20.610000610351562,0
2025-11-14T16:10:00Z,20.579999923706055,20.600000381469727,20.40999984741211,20.469999313354492,0
2025-11-14T16:15:00Z,20.479999542236328,20.479999542236328,20.350000381469727,20.3799991607666,0
2025-11-14T16:20:00Z,20.31999969482422,20.399999618530273,20.1299991607666,20.1299991607666,0
2025-11-14T16:25:00Z,20.1299991607666,20.1299991607666,19.959999084472656,20.020000457763672,0
2025-11-14T16:30:00Z,20.010000228881836,20.170000076293945,20.010000228881836,20.1299991607666,0
2025-11-14T16:35:00Z,20.1200008392334,20.1200008392334,19.950000762939453,19.969999313354492,0
2025-11-14T16:40:00Z,19.950000762939453,20.110000610351562,19.93000030517578,20.079999923706055,0
2025-11-14T16:45:00Z,20.09000015258789,20.200000762939453,20.010000228881836,20.010000228881836,0
2025-11-14T16:50:00Z,20.010000228881836,20.010000228881836,19.950000762939453,19.950000762939453,0
2025-11-14T16:55:00Z,19.950000762939453,19.969999313354492,19.850000381469727,19.860000610351562,0
2025-11-14T17:00:00Z,19.850000381469727,19.899999618530273,19.809999465942383,19.809999465942383,0
2025-11-14T17:05:00Z,19.780000686645508,19.850000381469727,19.739999771118164,19.739999771118164,0
2025-11-14T17:10:00Z,19.739999771118164,19.739999771118164,19.600000381469727,19.670000076293945,0
2025-11-14T17:15:00Z,19.65999984741211,19.739999771118164,19.639999389648438,19.65999984741211,0
2025-11-14T17:20:00Z,19.649999618530273,19.709999084472656,19.649999618530273,19.700000762939453,0
2025-11-14T17:25:00Z,19.709999084472656,19.8700008392334,19.709999084472656,19.760000228881836,0
2025-11-14T17:30:00Z,19.739999771118164,19.84000015258789,19.739999771118164,19.790000915527344,0
2025-11-14T17:35:00Z,19.780000686645508,19.780000686645508,19.559999465942383,19.59000015258789,0
2025-11-14T17:40:00Z,19.56999969482422,19.719999313354492,19.56999969482422,19.68000030517578,0
2025-11-14T17:45:00Z,19.68000030517578,19.920000076293945,19.6200008392334,19.90999984741211,0
2025-11-14T17:50:00Z,19.940000534057617,20.270000457763672,19.940000534057617,20.079999923706055,0
2025-11-14T17:55:00Z,20.049999237060547,20.15999984741211,20.040000915527344,20.139999389648438,0
2025-11-14T18:00:00Z,20.09000015258789,20.459999084472656,20.09000015258789,20.459999084472656,0
2025-11-14T18:05:00Z,20.469999313354492,20.56999969482422,20.389999389648438,20.459999084472656,0
2025-11-14T18:10:00Z,20.3799991607666,20.440000534057617,20.06999969482422,20.06999969482422,0
2025-11-14T18:15:00Z,20.059999465942383,20.40999984741211,20.059999465942383,20.40999984741211,0
2025-11-14T18:20:00Z,20.3799991607666,20.559999465942383,20.3799991607666,20.510000228881836,0
2025-11-14T18:25:00Z,20.489999771118164,20.559999465942383,20.40999984741211,20.40999984741211,0
2025-11-14T18:30:00Z,20.3799991607666,20.469999313354492,20.239999771118164,20.329999923706055,0
2025-11-14T18:35:00Z,20.309999465942383,20.56999969482422,20.299999237060547,20.549999237060547,0
2025-11-14T18:40:00Z,20.540000915527344,20.690000534057617,20.540000915527344,20.670000076293945,0
2025-11-14T18:45:00Z,20.690000534057617,20.770000457763672,20.639999389648438,20.760000228881836,0
2025-11-14T18:50:00Z,20.739999771118164,20.739999771118164,20.389999389648438,20.389999389648438,0
2025-11-14T18:55:00Z,20.3799991607666,20.540000915527344,20.360000610351562,20.5,0
2025-11-14T19:00:00Z,20.5,20.610000610351562,20.459999084472656,20.610000610351562,0
2025-11-14T19:05:00Z,20.610000610351562,20.780000686645508,20.579999923706055,20.719999313354492,0
2025-11-14T19:10:00Z,20.709999084472656,20.739999771118164,20.59000015258789,20.600000381469727,0
2025-11-14T19:15:00Z,20.59000015258789,20.59000015258789,20.479999542236328,20.520000457763672,0
2025-11-14T19:20:00Z,20.520000457763672,20.520000457763672,20.15999984741211,20.15999984741211,0
2025-11-14T19:25:00Z,20.18000030517578,20.260000228881836,20.110000610351562,20.1299991607666,0
2025-11-14T19:30:00Z,20.110000610351562,20.139999389648438,20.040000915527344,20.079999923706055,0
2025-11-14T19:35:00Z,20.079999923706055,20.100000381469727,19.959999084472656,19.959999084472656,0
2025-11-14T19:40:00Z,19.979999542236328,20.020000457763672,19.950000762939453,19.969999313354492,0
2025-11-14T19:45:00Z,19.959999084472656,19.959999084472656,19.780000686645508,19.889999389648438,0
2025-11-14T19:50:00Z,19.889999389648438,19.899999618530273,19.75,19.790000915527344,0
2025-11-14T19:55:00Z,19.780000686645508,19.829999923706055,19.6299991607666,19.6299991607666,0
2025-11-14T20:00:00Z,19.65999984741211,19.709999084472656,19.559999465942383,19.68000030517578,0
2025-11-14T20:05:00Z,19.68000030517578,19.889999389648438,19.68000030517578,19.81999969482422,0
2025-11-14T20:10:00Z,19.81999969482422,19.90999984741211,19.709999084472656,19.90999984741211,0
2025-11-14T20:15:00Z,19.889999389648438,20.06999969482422,19.8700008392334,20.059999465942383,0
2025-11-14T20:20:00Z,20.06999969482422,20.229999542236328,20.030000686645508,20.1299991607666,0
2025-11-14T20:25:00Z,20.1299991607666,20.229999542236328,20.100000381469727,20.1299991607666,0
2025-11-14T20:30:00Z,20.149999618530273,20.209999084472656,20.020000457763672,20.06999969482422,0
2025-11-14T20:35:00Z,20.049999237060547,20.049999237060547,19.889999389648438,19.920000076293945,0
2025-11-14T20:40:00Z,19.90999984741211,20.149999618530273,19.90999984741211,20.139999389648438,0
2025-11-14T20:45:00Z,20.15999984741211,20.329999923706055,20.06999969482422,20.299999237060547,0
2025-11-14T20:50:00Z,20.350000381469727,20.350000381469727,20.139999389648438,20.18000030517578,0
2025-11-14T20:55:00Z,20.209999084472656,20.219999313354492,20.1200008392334,20.15999984741211,0
2025-11-14T21:00:00Z,20.030000686645508,20.139999389648438,20.020000457763672,20.040000915527344,0
2025-11-14T21:05:00Z,20.040000915527344,20.079999923706055,19.93000030517578,19.950000762939453,0
2025-11-14T21:10:00Z,19.969999313354492,19.979999542236328,19.81999969482422,19.829999923706055,0
2025-11-17T08:15:00Z,19.579999923706055,19.6200008392334,19.579999923706055,19.610000610351562,0
2025-11-17T08:20:00Z,19.610000610351562,19.610000610351562,19.549999237060547,19.59000015258789,0
2025-11-17T08:25:00Z,19.59000015258789,19.65999984741211,19.559999465942383,19.639999389648438,0
2025-11-17T08:30:00Z,19.649999618530273,19.649999618530273,19.59000015258789,19.600000381469727,0
2025-11-17T08:35:00Z,19.600000381469727,19.6200008392334,19.540000915527344,19.540000915527344,0
2025-11-17T08:40:00Z,19.540000915527344,19.579999923706055,19.540000915527344,19.579999923706055,0
2025-11-17T08:45:00Z,19.579999923706055,19.6299991607666,19.579999923706055,19.6200008392334,0
2025-11-17T08:50:00Z,19.610000610351562,19.6200008392334,19.579999923706055,19.600000381469727,0
2025-11-17T08:55:00Z,19.610000610351562,19.610000610351562,19.579999923706055,19.59000015258789,0
2025-11-17T09:00:00Z,19.59000015258789,19.84000015258789,19.56999969482422,19.829999923706055,0
2025-11-17T09:05:00Z,19.829999923706055,19.860000610351562,19.770000457763672,19.780000686645508,0
2025-11-17T09:10:00Z,19.770000457763672,19.780000686645508,19.729999542236328,19.780000686645508,0
2025-11-17T09:15:00Z,19.780000686645508,19.81999969482422,19.760000228881836,19.81999969482422,0
2025-11-17T09:20:00Z,19.809999465942383,19.809999465942383,19.770000457763672,19.790000915527344,0
2025-11-17T09:25:00Z,19.799999237060547,19.81999969482422,19.770000457763672,19.780000686645508,0
2025-11-17T09:30:00Z,19.790000915527344,19.829999923706055,19.760000228881836,19.81999969482422,0
2025-11-17T09:35:00Z,19.829999923706055,19.979999542236328,19.829999923706055,19.959999084472656,0
2025-11-17T09:40:00Z,19.959999084472656,19.959999084472656,19.8799991607666,19.889999389648438,0
2025-11-17T09:45:00Z,19.889999389648438,19.899999618530273,19.8700008392334,19.8700008392334,0
2025-11-17T09:50:00Z,19.8700008392334,19.940000534057617,19.8700008392334,19.940000534057617,0
2025-11-17T09:55:00Z,19.93000030517578,19.93000030517578,19.899999618530273,19.899999618530273,0
2025-11-17T10:00:00Z,19.90999984741211,19.969999313354492,19.90999984741211,19.959999084472656,0
2025-11-17T10:05:00Z,19.969999313354492,19.989999771118164,19.969999313354492,19.979999542236328,0
2025-11-17T10:10:00Z,19.989999771118164,20.0,19.940000534057617,19.969999313354492,0
2025-11-17T10:15:00Z,19.969999313354492,20.170000076293945,19.969999313354492,20.15999984741211,0
2025-11-17T10:20:00Z,20.170000076293945,20.200000762939453,20.1299991607666,20.18000030517578,0
2025-11-17T10:25:00Z,20.18000030517578,20.280000686645508,20.1299991607666,20.280000686645508,0
2025-11-17T10:30:00Z,20.260000228881836,20.350000381469727,20.25,20.329999923706055,0
2025-11-17T10:35:00Z,20.329999923706055,20.329999923706055,20.219999313354492,20.280000686645508,0
2025-11-17T10:40:00Z,20.290000915527344,20.40999984741211,20.290000915527344,20.40999984741211,0
2025-11-17T10:45:00Z,20.40999984741211,20.43000030517578,20.34000015258789,20.43000030517578,0
2025-11-17T10:50:00Z,20.43000030517578,20.549999237060547,20.43000030517578,20.489999771118164,0
2025-11-17T10:55:00Z,20.5,20.520000457763672,20.459999084472656,20.479999542236328,0
2025-11-17T11:00:00Z,20.479999542236328,20.540000915527344,20.479999542236328,20.530000686645508,0
2025-11-17T11:05:00Z,20.549999237060547,20.59000015258789,20.520000457763672,20.530000686645508,0
2025-11-17T11:10:00Z,20.530000686645508,20.56999969482422,20.479999542236328,20.479999542236328,0
2025-11-17T11:15:00Z,20.469999313354492,20.489999771118164,20.40999984741211,20.40999984741211,0
2025-11-17T11:20:00Z,20.399999618530273,20.420000076293945,20.3799991607666,20.3799991607666,0
2025-11-17T11:25:00Z,20.3799991607666,20.420000076293945,20.3799991607666,20.420000076293945,0
2025-11-17T11:30:00Z,20.420000076293945,20.440000534057617,20.299999237060547,20.299999237060547,0
2025-11-17T11:35:00Z,20.309999465942383,20.34000015258789,20.309999465942383,20.34000015258789,0
2025-11-17T11:40:00Z,20.350000381469727,20.3799991607666,20.329999923706055,20.3700008392334,0
2025-11-17T11:45:00Z,20.3799991607666,20.43000030517578,20.3700008392334,20.40999984741211,0
2025-11-17T11:50:00Z,20.40999984741211,20.40999984741211,20.31999969482422,20.31999969482422,0
2025-11-17T11:55:00Z,20.309999465942383,20.440000534057617,20.309999465942383,20.399999618530273,0
2025-11-17T12:00:00Z,20.40999984741211,20.649999618530273,20.40999984741211,20.649999618530273,0
2025-11-17T12:05:00Z,20.65999984741211,20.65999984741211,20.56999969482422,20.600000381469727,0
2025-11-17T12:10:00Z,20.600000381469727,20.649999618530273,20.59000015258789,20.6200008392334,0
2025-11-17T12:15:00Z,20.6200008392334,20.6200008392334,20.549999237060547,20.559999465942383,0
2025-11-17T12:20:00Z,20.559999465942383,20.600000381469727,20.549999237060547,20.579999923706055,0
2025-11-17T12:25:00Z,20.559999465942383,20.56999969482422,20.520000457763672,20.56999969482422,0
2025-11-17T12:30:00Z,20.579999923706055,20.649999618530273,20.56999969482422,20.600000381469727,0
2025-11-17T12:35:00Z,20.600000381469727,20.6299991607666,20.56999969482422,20.6200008392334,0
2025-11-17T12:40:00Z,20.6200008392334,20.690000534057617,20.610000610351562,20.639999389648438,0
2025-11-17T12:45:00Z,20.6299991607666,20.719999313354492,20.6299991607666,20.649999618530273,0
2025-11-17T12:50:00Z,20.65999984741211,20.739999771118164,20.65999984741211,20.719999313354492,0
2025-11-17T12:55:00Z,20.729999542236328,20.729999542236328,20.670000076293945,20.690000534057617,0
2025-11-17T13:00:00Z,20.690000534057617,20.729999542236328,20.670000076293945,20.719999313354492,0
2025-11-17T13:05:00Z,20.719999313354492,20.780000686645508,20.68000030517578,20.780000686645508,0
2025-11-17T13:10:00Z,20.829999923706055,21.0,20.829999923706055,20.950000762939453,0
2025-11-17T13:15:00Z,20.940000534057617,20.940000534057617,20.770000457763672,20.81999969482422,0
2025-11-17T13:20:00Z,20.809999465942383,20.850000381469727,20.780000686645508,20.84000015258789,0
2025-11-17T13:25:00Z,20.84000015258789,20.84000015258789,20.790000915527344,20.81999969482422,0
2025-11-17T13:30:00Z,20.809999465942383,20.969999313354492,20.809999465942383,20.969999313354492,0
2025-11-17T13:35:00Z,20.959999084472656,21.0,20.940000534057617,21.0,0
2025-11-17T13:40:00Z,20.989999771118164,21.100000381469727,20.989999771118164,21.100000381469727,0
2025-11-17T13:45:00Z,21.110000610351562,21.1299991607666,21.049999237060547,21.100000381469727,0
2025-11-17T13:50:00Z,21.110000610351562,21.190000534057617,21.040000915527344,21.040000915527344,0
2025-11-17T13:55:00Z,21.030000686645508,21.030000686645508,20.860000610351562,20.860000610351562,0
2025-11-17T14:00:00Z,20.84000015258789,20.950000762939453,20.84000015258789,20.920000076293945,0
2025-11-17T14:05:00Z,20.920000076293945,20.979999542236328,20.899999618530273,20.959999084472656,0
2025-11-17T14:10:00Z,20.969999313354492,21.09000015258789,20.969999313354492,21.079999923706055,0
2025-11-17T14:15:00Z,21.06999969482422,21.06999969482422,21.0,21.010000228881836,0
2025-11-17T14:20:00Z,21.010000228881836,21.030000686645508,20.940000534057617,21.030000686645508,0
2025-11-17T14:25:00Z,21.049999237060547,21.049999237060547,21.049999237060547,21.049999237060547,0
2025-11-17T14:30:00Z,21.209999084472656,21.209999084472656,20.75,20.75,0
2025-11-17T14:35:00Z,20.719999313354492,20.719999313354492,20.40999984741211,20.40999984741211,0
2025-11-17T14:40:00Z,20.399999618530273,20.549999237060547,20.3700008392334,20.510000228881836,0
2025-11-17T14:45:00Z,20.520000457763672,20.520000457763672,20.25,20.309999465942383,0
2025-11-17T14:50:00Z,20.290000915527344,20.290000915527344,20.09000015258789,20.200000762939453,0
2025-11-17T14:55:00Z,20.200000762939453,20.40999984741211,20.18000030517578,20.389999389648438,0
2025-11-17T15:00:00Z,20.389999389648438,20.59000015258789,20.34000015258789,20.59000015258789,0
2025-11-17T15:05:00Z,20.610000610351562,20.899999618530273,20.510000228881836,20.899999618530273,0
2025-11-17T15:10:00Z,20.829999923706055,20.829999923706055,20.600000381469727,20.639999389648438,0
2025-11-17T15:15:00Z,20.6299991607666,20.860000610351562,20.530000686645508,20.860000610351562,0
2025-11-17T15:20:00Z,20.850000381469727,20.90999984741211,20.709999084472656,20.75,0
2025-11-17T15:25:00Z,20.799999237060547,20.889999389648438,20.59000015258789,20.6200008392334,0
2025-11-17T15:30:00Z,20.6200008392334,20.979999542236328,20.610000610351562,20.90999984741211,0
2025-11-17T15:35:00Z,20.889999389648438,21.0,20.860000610351562,21.0,0
2025-11-17T15:40:00Z,21.010000228881836,21.100000381469727,20.829999923706055,20.84000015258789,0
2025-11-17T15:45:00Z,20.780000686645508,20.8799991607666,20.639999389648438,20.8799991607666,0
2025-11-17T15:50:00Z,20.84000015258789,20.889999389648438,20.719999313354492,20.739999771118164,0
2025-11-17T15:55:00Z,20.799999237060547,20.940000534057617,20.729999542236328,20.920000076293945,0
2025-11-17T16:00:00Z,20.899999618530273,21.149999618530273,20.860000610351562,21.040000915527344,0
2025-11-17T16:05:00Z,21.030000686645508,21.329999923706055,21.030000686645508,21.309999465942383,0
2025-11-17T16:10:00Z,21.280000686645508,21.479999542236328,21.209999084472656,21.479999542236328,0
2025-11-17T16:15:00Z,21.469999313354492,21.690000534057617,21.469999313354492,21.6299991607666,0
2025-11-17T16:20:00Z,21.6200008392334,21.670000076293945,21.479999542236328,21.489999771118164,0
2025-11-17T16:25:00Z,21.5,21.559999465942383,21.020000457763672,21.020000457763672,0
2025-11-17T16:30:00Z,21.020000457763672,21.020000457763672,20.860000610351562,20.979999542236328,0
2025-11-17T16:35:00Z,20.969999313354492,21.020000457763672,20.860000610351562,20.899999618530273,0
2025-11-17T16:40:00Z,20.889999389648438,20.889999389648438,20.670000076293945,20.719999313354492,0
2025-11-17T16:45:00Z,20.729999542236328,20.739999771118164,20.649999618530273,20.65999984741211,0
2025-11-17T16:50:00Z,20.65999984741211,20.65999984741211,20.530000686645508,20.540000915527344,0
2025-11-17T16:55:00Z,20.530000686645508,20.6200008392334,20.43000030517578,20.43000030517578,0
2025-11-17T17:00:00Z,20.440000534057617,20.549999237060547,20.440000534057617,20.540000915527344,0
2025-11-17T17:05:00Z,20.559999465942383,20.65999984741211,20.540000915527344,20.600000381469727,0
2025-11-17T17:10:00Z,20.600000381469727,20.719999313354492,20.600000381469727,20.670000076293945,0
2025-11-17T17:15:00Z,20.670000076293945,20.81999969482422,20.670000076293945,20.770000457763672,0
2025-11-17T17:20:00Z,20.75,20.790000915527344,20.68000030517578,20.690000534057617,0
2025-11-17T17:25:00Z,20.690000534057617,20.780000686645508,20.690000534057617,20.709999084472656,0
2025-11-17T17:30:00Z,20.700000762939453,20.799999237060547,20.670000076293945,20.729999542236328,0
2025-11-17T17:35:00Z,20.729999542236328,20.920000076293945,20.68000030517578,20.920000076293945,0
2025-11-17T17:40:00Z,20.920000076293945,21.079999923706055,20.920000076293945,21.079999923706055,0
2025-11-17T17:45:00Z,21.079999923706055,21.260000228881836,21.079999923706055,21.139999389648438,0
2025-11-17T17:50:00Z,21.149999618530273,21.40999984741211,21.149999618530273,21.40999984741211,0
2025-11-17T17:55:00Z,21.40999984741211,21.510000228881836,21.399999618530273,21.510000228881836,0
2025-11-17T18:00:00Z,21.530000686645508,21.739999771118164,21.530000686645508,21.700000762939453,0
2025-11-17T18:05:00Z,21.700000762939453,21.760000228881836,21.600000381469727,21.739999771118164,0
2025-11-17T18:10:00Z,21.719999313354492,21.719999313354492,21.5,21.549999237060547,0
2025-11-17T18:15:00Z,21.579999923706055,21.690000534057617,21.479999542236328,21.530000686645508,0
2025-11-17T18:20:00Z,21.520000457763672,21.639999389648438,21.469999313354492,21.610000610351562,0
2025-11-17T18:25:00Z,21.610000610351562,21.639999389648438,21.56999969482422,21.6200008392334,0
2025-11-17T18:30:00Z,21.6200008392334,21.760000228881836,21.6200008392334,21.739999771118164,0
2025-11-17T18:35:00Z,21.739999771118164,21.780000686645508,21.690000534057617,21.760000228881836,0
2025-11-17T18:40:00Z,21.760000228881836,21.809999465942383,21.670000076293945,21.670000076293945,0
2025-11-17T18:45:00Z,21.65999984741211,21.65999984741211,21.40999984741211,21.549999237060547,0
2025-11-17T18:50:00Z,21.559999465942383,21.770000457763672,21.489999771118164,21.770000457763672,0
2025-11-17T18:55:00Z,21.799999237060547,22.280000686645508,21.799999237060547,22.239999771118164,0
2025-11-17T19:00:00Z,22.270000457763672,22.40999984741211,22.170000076293945,22.309999465942383,0
2025-11-17T19:05:00Z,22.290000915527344,22.350000381469727,22.100000381469727,22.100000381469727,0
2025-11-17T19:10:00Z,22.1200008392334,22.200000762939453,22.010000228881836,22.149999618530273,0
2025-11-17T19:15:00Z,22.139999389648438,22.260000228881836,22.1200008392334,22.239999771118164,0
2025-11-17T19:20:00Z,22.209999084472656,22.260000228881836,22.170000076293945,22.260000228881836,0
2025-11-17T19:25:00Z,22.25,22.43000030517578,22.229999542236328,22.229999542236328,0
2025-11-17T19:30:00Z,22.190000534057617,22.459999084472656,22.100000381469727,22.459999084472656,0
2025-11-17T19:35:00Z,22.43000030517578,22.6299991607666,22.309999465942383,22.6299991607666,0
2025-11-17T19:40:00Z,22.690000534057617,22.799999237060547,22.6299991607666,22.65999984741211,0
2025-11-17T19:45:00Z,22.6299991607666,22.90999984741211,22.6200008392334,22.790000915527344,0
2025-11-17T19:50:00Z,22.770000457763672,22.860000610351562,22.700000762939453,22.81999969482422,0
2025-11-17T19:55:00Z,22.829999923706055,23.170000076293945,22.829999923706055,23.170000076293945,0
2025-11-17T20:00:00Z,23.190000534057617,23.440000534057617,23.190000534057617,23.350000381469727,0
2025-11-17T20:05:00Z,23.31999969482422,23.31999969482422,23.100000381469727,23.309999465942383,0
2025-11-17T20:10:00Z,23.280000686645508,23.280000686645508,23.100000381469727,23.25,0
2025-11-17T20:15:00Z,23.25,23.25,22.93000030517578,23.020000457763672,0
2025-11-17T20:20:00Z,23.1200008392334,23.149999618530273,22.93000030517578,23.0,0
2025-11-17T20:25:00Z,22.969999313354492,22.969999313354492,22.84000015258789,22.8799991607666,0
2025-11-17T20:30:00Z,22.8799991607666,22.950000762939453,22.709999084472656,22.889999389648438,0
2025-11-17T20:35:00Z,22.90999984741211,22.940000534057617,22.709999084472656,22.940000534057617,0
2025-11-17T20:40:00Z,22.93000030517578,22.950000762939453,22.780000686645508,22.780000686645508,0
2025-11-17T20:45:00Z,22.75,22.75,22.479999542236328,22.489999771118164,0
2025-11-17T20:50:00Z,22.510000228881836,22.6200008392334,22.350000381469727,22.6200008392334,0
2025-11-17T20:55:00Z,22.559999465942383,22.559999465942383,22.34000015258789,22.5,0
2025-11-17T21:00:00Z,22.450000762939453,22.450000762939453,22.329999923706055,22.420000076293945,0
2025-11-17T21:05:00Z,22.40999984741211,22.420000076293945,22.360000610351562,22.40999984741211,0
2025-11-17T21:10:00Z,22.40999984741211,22.440000534057617,22.3700008392334,22.3799991607666,0
2025-11-18T08:15:00Z,23.540000915527344,23.649999618530273,23.489999771118164,23.579999923706055,0
2025-11-18T08:20:00Z,23.579999923706055,23.6299991607666,23.549999237060547,23.56999969482422,0
2025-11-18T08:25:00Z,23.59000015258789,23.6299991607666,23.510000228881836,23.510000228881836,0
2025-11-18T08:30:00Z,23.5,23.5,23.260000228881836,23.260000228881836,0
2025-11-18T08:35:00Z,23.270000457763672,23.270000457763672,22.989999771118164,23.0,0
2025-11-18T08:40:00Z,23.0,23.110000610351562,22.979999542236328,23.110000610351562,0
2025-11-18T08:45:00Z,23.1299991607666,23.280000686645508,23.1299991607666,23.270000457763672,0
2025-11-18T08:50:00Z,23.270000457763672,23.31999969482422,23.270000457763672,23.299999237060547,0
2025-11-18T08:55:00Z,23.270000457763672,23.290000915527344,23.209999084472656,23.229999542236328,0
2025-11-18T09:00:00Z,23.239999771118164,23.350000381469727,23.190000534057617,23.260000228881836,0
2025-11-18T09:05:00Z,23.270000457763672,23.34000015258789,23.25,23.299999237060547,0
2025-11-18T09:10:00Z,23.299999237060547,23.34000015258789,23.149999618530273,23.149999618530273,0
2025-11-18T09:15:00Z,23.170000076293945,23.170000076293945,23.020000457763672,23.059999465942383,0
2025-11-18T09:20:00Z,23.06999969482422,23.270000457763672,23.06999969482422,23.270000457763672,0
2025-11-18T09:25:00Z,23.270000457763672,23.31999969482422,23.260000228881836,23.270000457763672,0
2025-11-18T09:30:00Z,23.280000686645508,23.31999969482422,23.170000076293945,23.219999313354492,0
2025-11-18T09:35:00Z,23.270000457763672,23.420000076293945,23.270000457763672,23.350000381469727,0
2025-11-18T09:40:00Z,23.350000381469727,23.40999984741211,23.290000915527344,23.290000915527344,0
2025-11-18T09:45:00Z,23.270000457763672,23.290000915527344,23.229999542236328,23.260000228881836,0
2025-11-18T09:50:00Z,23.25,23.25,23.06999969482422,23.1200008392334,0
2025-11-18T09:55:00Z,23.110000610351562,23.110000610351562,23.030000686645508,23.030000686645508,0
2025-11-18T10:00:00Z,23.049999237060547,23.100000381469727,23.030000686645508,23.06999969482422,0
2025-11-18T10:05:00Z,23.06999969482422,23.18000030517578,23.059999465942383,23.18000030517578,0
2025-11-18T10:10:00Z,23.18000030517578,23.260000228881836,23.18000030517578,23.260000228881836,0
2025-11-18T10:15:00Z,23.260000228881836,23.280000686645508,23.170000076293945,23.190000534057617,0
2025-11-18T10:20:00Z,23.190000534057617,23.280000686645508,23.190000534057617,23.270000457763672,0
2025-11-18T10:25:00Z,23.270000457763672,23.270000457763672,23.239999771118164,23.270000457763672,0
2025-11-18T10:30:00Z,23.270000457763672,23.270000457763672,23.1299991607666,23.149999618530273,0
2025-11-18T10:35:00Z,23.18000030517578,23.280000686645508,23.18000030517578,23.270000457763672,0
2025-11-18T10:40:00Z,23.270000457763672,23.290000915527344,23.229999542236328,23.229999542236328,0
2025-11-18T10:45:00Z,23.219999313354492,23.229999542236328,23.190000534057617,23.209999084472656,0
2025-11-18T10:50:00Z,23.209999084472656,23.239999771118164,23.1299991607666,23.1299991607666,0
2025-11-18T10:55:00Z,23.1299991607666,23.1299991607666,23.0,23.030000686645508,0
2025-11-18T11:00:00Z,23.040000915527344,23.110000610351562,23.040000915527344,23.059999465942383,0
2025-11-18T11:05:00Z,23.040000915527344,23.190000534057617,23.030000686645508,23.190000534057617,0
2025-11-18T11:10:00Z,23.18000030517578,23.31999969482422,23.18000030517578,23.299999237060547,0
2025-11-18T11:15:00Z,23.290000915527344,23.329999923706055,23.290000915527344,23.309999465942383,0
2025-11-18T11:20:00Z,23.299999237060547,23.31999969482422,23.15999984741211,23.15999984741211,0
2025-11-18T11:25:00Z,23.170000076293945,23.260000228881836,23.170000076293945,23.200000762939453,0
2025-11-18T11:30:00Z,23.229999542236328,23.329999923706055,23.190000534057617,23.299999237060547,0
2025-11-18T11:35:00Z,23.309999465942383,23.3700008392334,23.299999237060547,23.31999969482422,0
2025-11-18T11:40:00Z,23.329999923706055,23.350000381469727,23.190000534057617,23.280000686645508,0
2025-11-18T11:45:00Z,23.280000686645508,23.329999923706055,23.190000534057617,23.260000228881836,0
2025-11-18T11:50:00Z,23.239999771118164,23.299999237060547,23.229999542236328,23.229999542236328,0
2025-11-18T11:55:00Z,23.209999084472656,23.209999084472656,23.09000015258789,23.09000015258789,0
2025-11-18T12:00:00Z,23.079999923706055,23.440000534057617,23.079999923706055,23.420000076293945,0
2025-11-18T12:05:00Z,23.420000076293945,23.5,23.3799991607666,23.469999313354492,0
2025-11-18T12:10:00Z,23.459999084472656,23.600000381469727,23.440000534057617,23.579999923706055,0
2025-11-18T12:15:00Z,23.579999923706055,23.579999923706055,23.31999969482422,23.31999969482422,0
2025-11-18T12:20:00Z,23.31999969482422,23.40999984741211,23.299999237060547,23.399999618530273,0
2025-11-18T12:25:00Z,23.420000076293945,23.540000915527344,23.420000076293945,23.540000915527344,0
2025-11-18T12:30:00Z,23.530000686645508,23.530000686645508,23.43000030517578,23.459999084472656,0
2025-11-18T12:35:00Z,23.450000762939453,23.459999084472656,23.350000381469727,23.420000076293945,0
2025-11-18T12:40:00Z,23.40999984741211,23.540000915527344,23.399999618530273,23.540000915527344,0
2025-11-18T12:45:00Z,23.530000686645508,23.639999389648438,23.530000686645508,23.6200008392334,0
2025-11-18T12:50:00Z,23.6200008392334,23.719999313354492,23.6200008392334,23.719999313354492,0
2025-11-18T12:55:00Z,23.709999084472656,23.90999984741211,23.68000030517578,23.760000228881836,0
2025-11-18T13:00:00Z,23.75,23.75,23.399999618530273,23.399999618530273,0
2025-11-18T13:05:00Z,23.40999984741211,23.479999542236328,23.40999984741211,23.420000076293945,0
2025-11-18T13:10:00Z,23.399999618530273,23.459999084472656,23.399999618530273,23.459999084472656,0
2025-11-18T13:15:00Z,23.43000030517578,23.530000686645508,23.3700008392334,23.530000686645508,0
2025-11-18T13:20:00Z,23.5,23.65999984741211,23.479999542236328,23.6200008392334,0
2025-11-18T13:25:00Z,23.6200008392334,23.700000762939453,23.610000610351562,23.690000534057617,0
2025-11-18T13:30:00Z,23.690000534057617,23.700000762939453,23.469999313354492,23.520000457763672,0
2025-11-18T13:35:00Z,23.540000915527344,23.719999313354492,23.540000915527344,23.649999618530273,0
2025-11-18T13:40:00Z,23.6299991607666,23.649999618530273,23.540000915527344,23.639999389648438,0
2025-11-18T13:45:00Z,23.649999618530273,23.81999969482422,23.649999618530273,23.799999237060547,0
2025-11-18T13:50:00Z,23.780000686645508,23.790000915527344,23.649999618530273,23.649999618530273,0
2025-11-18T13:55:00Z,23.6299991607666,23.719999313354492,23.610000610351562,23.719999313354492,0
2025-11-18T14:00:00Z,23.719999313354492,23.760000228881836,23.6299991607666,23.709999084472656,0
2025-11-18T14:05:00Z,23.709999084472656,23.719999313354492,23.670000076293945,23.709999084472656,0
2025-11-18T14:10:00Z,23.700000762939453,23.799999237060547,23.68000030517578,23.790000915527344,0
2025-11-18T14:15:00Z,23.799999237060547,23.850000381469727,23.770000457763672,23.790000915527344,0
2025-11-18T14:20:00Z,23.809999465942383,23.860000610351562,23.790000915527344,23.790000915527344,0
2025-11-18T14:25:00Z,23.790000915527344,23.790000915527344,23.790000915527344,23.790000915527344,0
2025-11-18T14:30:00Z,23.739999771118164,24.1299991607666,23.40999984741211,23.690000534057617,0
2025-11-18T14:35:00Z,23.729999542236328,23.770000457763672,23.510000228881836,23.579999923706055,0
2025-11-18T14:40:00Z,23.670000076293945,24.06999969482422,23.65999984741211,24.0,0
2025-11-18T14:45:00Z,24.020000457763672,24.31999969482422,23.65999984741211,24.31999969482422,0
2025-11-18T14:50:00Z,24.270000457763672,24.700000762939453,24.270000457763672,24.579999923706055,0
2025-11-18T14:55:00Z,24.600000381469727,25.09000015258789,24.600000381469727,25.09000015258789,0
2025-11-18T15:00:00Z,25.139999389648438,25.670000076293945,24.950000762939453,25.670000076293945,0
2025-11-18T15:05:00Z,25.65999984741211,25.709999084472656,24.969999313354492,25.0,0
2025-11-18T15:10:00Z,24.950000762939453,25.389999389648438,24.790000915527344,24.979999542236328,0
2025-11-18T15:15:00Z,25.020000457763672,25.549999237060547,25.020000457763672,25.399999618530273,0
2025-11-18T15:20:00Z,25.3700008392334,25.3700008392334,24.5,24.899999618530273,0
2025-11-18T15:25:00Z,24.809999465942383,24.899999618530273,24.549999237060547,24.899999618530273,0
2025-11-18T15:30:00Z,24.899999618530273,25.010000228881836,24.579999923706055,25.010000228881836,0
2025-11-18T15:35:00Z,25.020000457763672,25.3700008392334,25.020000457763672,25.280000686645508,0
2025-11-18T15:40:00Z,25.190000534057617,25.360000610351562,24.959999084472656,25.06999969482422,0
2025-11-18T15:45:00Z,25.139999389648438,25.280000686645508,25.139999389648438,25.25,0
2025-11-18T15:50:00Z,25.219999313354492,25.420000076293945,25.1200008392334,25.190000534057617,0
2025-11-18T15:55:00Z,25.18000030517578,25.350000381469727,24.989999771118164,25.350000381469727,0
2025-11-18T16:00:00Z,25.3700008392334,25.84000015258789,25.280000686645508,25.68000030517578,0
2025-11-18T16:05:00Z,25.6299991607666,25.670000076293945,25.030000686645508,25.030000686645508,0
2025-11-18T16:10:00Z,24.989999771118164,24.989999771118164,24.6200008392334,24.65999984741211,0
2025-11-18T16:15:00Z,24.729999542236328,24.940000534057617,24.549999237060547,24.549999237060547,0
2025-11-18T16:20:00Z,24.579999923706055,24.579999923706055,24.200000762939453,24.219999313354492,0
2025-11-18T16:25:00Z,24.209999084472656,24.209999084472656,23.65999984741211,23.700000762939453,0
2025-11-18T16:30:00Z,23.690000534057617,23.719999313354492,23.56999969482422,23.6200008392334,0
2025-11-18T16:35:00Z,23.709999084472656,23.780000686645508,23.530000686645508,23.780000686645508,0
2025-11-18T16:40:00Z,23.799999237060547,23.8799991607666,23.639999389648438,23.639999389648438,0
2025-11-18T16:45:00Z,23.6200008392334,23.969999313354492,23.59000015258789,23.84000015258789,0
2025-11-18T16:50:00Z,23.829999923706055,24.0,23.790000915527344,23.989999771118164,0
2025-11-18T16:55:00Z,23.860000610351562,23.899999618530273,23.68000030517578,23.81999969482422,0
2025-11-18T17:00:00Z,23.850000381469727,23.959999084472656,23.690000534057617,23.959999084472656,0
2025-11-18T17:05:00Z,23.950000762939453,24.190000534057617,23.950000762939453,24.110000610351562,0
2025-11-18T17:10:00Z,24.06999969482422,24.299999237060547,24.0,24.299999237060547,0
2025-11-18T17:15:00Z,24.329999923706055,24.469999313354492,24.170000076293945,24.3799991607666,0
2025-11-18T17:20:00Z,24.329999923706055,24.389999389648438,24.110000610351562,24.389999389648438,0
2025-11-18T17:25:00Z,24.420000076293945,24.719999313354492,24.309999465942383,24.709999084472656,0
2025-11-18T17:30:00Z,24.719999313354492,24.969999313354492,24.719999313354492,24.850000381469727,0
2025-11-18T17:35:00Z,24.690000534057617,24.690000534057617,24.100000381469727,24.100000381469727,0
2025-11-18T17:40:00Z,24.020000457763672,24.020000457763672,23.450000762939453,23.59000015258789,0
2025-11-18T17:45:00Z,23.540000915527344,23.780000686645508,23.459999084472656,23.479999542236328,0
2025-11-18T17:50:00Z,23.489999771118164,23.68000030517578,23.420000076293945,23.420000076293945,0
2025-11-18T17:55:00Z,23.43000030517578,23.530000686645508,23.209999084472656,23.34000015258789,0
2025-11-18T18:00:00Z,23.3700008392334,23.420000076293945,23.239999771118164,23.3799991607666,0
2025-11-18T18:05:00Z,23.3700008392334,23.389999389648438,23.229999542236328,23.309999465942383,0
2025-11-18T18:10:00Z,23.280000686645508,23.31999969482422,23.100000381469727,23.31999969482422,0
2025-11-18T18:15:00Z,23.31999969482422,23.440000534057617,23.280000686645508,23.31999969482422,0
2025-11-18T18:20:00Z,23.299999237060547,23.540000915527344,23.299999237060547,23.309999465942383,0
2025-11-18T18:25:00Z,23.329999923706055,23.489999771118164,23.229999542236328,23.459999084472656,0
2025-11-18T18:30:00Z,23.479999542236328,23.479999542236328,23.139999389648438,23.139999389648438,0
2025-11-18T18:35:00Z,23.1200008392334,23.450000762939453,23.079999923706055,23.18000030517578,0
2025-11-18T18:40:00Z,23.149999618530273,23.329999923706055,22.940000534057617,23.219999313354492,0
2025-11-18T18:45:00Z,23.260000228881836,23.270000457763672,23.1200008392334,23.1200008392334,0
2025-11-18T18:50:00Z,23.09000015258789,23.139999389648438,22.90999984741211,22.989999771118164,0
2025-11-18T18:55:00Z,22.989999771118164,23.5,22.989999771118164,23.459999084472656,0
2025-11-18T19:00:00Z,23.420000076293945,23.420000076293945,23.1200008392334,23.34000015258789,0
2025-11-18T19:05:00Z,23.3700008392334,23.399999618530273,23.229999542236328,23.229999542236328,0
2025-11-18T19:10:00Z,23.229999542236328,23.43000030517578,23.149999618530273,23.18000030517578,0
2025-11-18T19:15:00Z,23.209999084472656,23.479999542236328,23.200000762939453,23.219999313354492,0
2025-11-18T19:20:00Z,23.190000534057617,23.459999084472656,23.18000030517578,23.40999984741211,0
2025-11-18T19:25:00Z,23.389999389648438,23.5,23.25,23.440000534057617,0
2025-11-18T19:30:00Z,23.450000762939453,23.59000015258789,23.43000030517578,23.56999969482422,0
2025-11-18T19:35:00Z,23.549999237060547,23.549999237060547,23.010000228881836,23.010000228881836,0
2025-11-18T19:40:00Z,23.010000228881836,23.3700008392334,22.959999084472656,23.3700008392334,0
2025-11-18T19:45:00Z,23.329999923706055,23.329999923706055,22.969999313354492,23.209999084472656,0
2025-11-18T19:50:00Z,23.170000076293945,23.34000015258789,23.149999618530273,23.309999465942383,0
2025-11-18T19:55:00Z,23.3799991607666,23.450000762939453,23.049999237060547,23.049999237060547,0
2025-11-18T20:00:00Z,23.030000686645508,23.239999771118164,22.969999313354492,23.239999771118164,0
2025-11-18T20:05:00Z,23.239999771118164,23.469999313354492,23.239999771118164,23.469999313354492,0
2025-11-18T20:10:00Z,23.440000534057617,23.549999237060547,23.420000076293945,23.520000457763672,0
2025-11-18T20:15:00Z,23.5,23.709999084472656,23.469999313354492,23.709999084472656,0
2025-11-18T20:20:00Z,23.709999084472656,23.809999465942383,23.559999465942383,23.790000915527344,0
2025-11-18T20:25:00Z,23.780000686645508,24.040000915527344,23.780000686645508,23.850000381469727,0
2025-11-18T20:30:00Z,23.81999969482422,24.0,23.739999771118164,24.0,0
2025-11-18T20:35:00Z,24.0,24.0,23.780000686645508,23.850000381469727,0
2025-11-18T20:40:00Z,23.81999969482422,23.940000534057617,23.81999969482422,23.940000534057617,0
2025-11-18T20:45:00Z,23.959999084472656,24.170000076293945,23.920000076293945,24.170000076293945,0
2025-11-18T20:50:00Z,24.190000534057617,24.190000534057617,23.860000610351562,24.059999465942383,0
2025-11-18T20:55:00Z,24.09000015258789,24.31999969482422,24.020000457763672,24.239999771118164,0
2025-11-18T21:00:00Z,24.290000915527344,24.68000030517578,24.290000915527344,24.6200008392334,0
2025-11-18T21:05:00Z,24.610000610351562,24.729999542236328,24.579999923706055,24.690000534057617,0
2025-11-18T21:10:00Z,24.729999542236328,24.729999542236328,24.639999389648438,24.670000076293945,0
2025-11-19T08:15:00Z,24.520000457763672,24.540000915527344,24.5,24.5,0
2025-11-19T08:20:00Z,24.489999771118164,24.489999771118164,24.31999969482422,24.34000015258789,0
2025-11-19T08:25:00Z,24.329999923706055,24.3799991607666,24.209999084472656,24.229999542236328,0
2025-11-19T08:30:00Z,24.219999313354492,24.360000610351562,24.219999313354492,24.299999237060547,0
2025-11-19T08:35:00Z,24.309999465942383,24.450000762939453,24.299999237060547,24.450000762939453,0
2025-11-19T08:40:00Z,24.469999313354492,24.549999237060547,24.450000762939453,24.450000762939453,0
2025-11-19T08:45:00Z,24.450000762939453,24.530000686645508,24.420000076293945,24.420000076293945,0
2025-11-19T08:50:00Z,24.420000076293945,24.540000915527344,24.420000076293945,24.530000686645508,0
2025-11-19T08:55:00Z,24.540000915527344,24.559999465942383,24.479999542236328,24.559999465942383,0
2025-11-19T09:00:00Z,24.56999969482422,24.610000610351562,24.5,24.559999465942383,0
2025-11-19T09:05:00Z,24.559999465942383,24.59000015258789,24.540000915527344,24.540000915527344,0
2025-11-19T09:10:00Z,24.520000457763672,24.540000915527344,24.3700008392334,24.3700008392334,0
2025-11-19T09:15:00Z,24.3799991607666,24.43000030517578,24.3700008392334,24.3799991607666,0
2025-11-19T09:20:00Z,24.3799991607666,24.3799991607666,24.34000015258789,24.3700008392334,0
2025-11-19T09:25:00Z,24.3799991607666,24.389999389648438,24.329999923706055,24.329999923706055,0
2025-11-19T09:30:00Z,24.329999923706055,24.34000015258789,24.229999542236328,24.309999465942383,0
2025-11-19T09:35:00Z,24.309999465942383,24.3799991607666,24.309999465942383,24.350000381469727,0
2025-11-19T09:40:00Z,24.360000610351562,24.360000610351562,24.239999771118164,24.239999771118164,0
2025-11-19T09:45:00Z,24.239999771118164,24.239999771118164,24.18000030517578,24.18000030517578,0
2025-11-19T09:50:00Z,24.15999984741211,24.170000076293945,24.010000228881836,24.010000228881836,0
2025-11-19T09:55:00Z,24.010000228881836,24.020000457763672,23.950000762939453,23.959999084472656,0
2025-11-19T10:00:00Z,23.959999084472656,23.979999542236328,23.920000076293945,23.920000076293945,0
2025-11-19T10:05:00Z,23.920000076293945,24.0,23.920000076293945,23.979999542236328,0
2025-11-19T10:10:00Z,23.989999771118164,23.989999771118164,23.959999084472656,23.959999084472656,0
2025-11-19T10:15:00Z,23.959999084472656,23.959999084472656,23.90999984741211,23.93000030517578,0
2025-11-19T10:20:00Z,23.93000030517578,23.93000030517578,23.829999923706055,23.84000015258789,0
2025-11-19T10:25:00Z,23.829999923706055,23.860000610351562,23.809999465942383,23.84000015258789,0
2025-11-19T10:30:00Z,23.84000015258789,23.93000030517578,23.84000015258789,23.920000076293945,0
2025-11-19T10:35:00Z,23.920000076293945,23.920000076293945,23.850000381469727,23.8700008392334,0
2025-11-19T10:40:00Z,23.8700008392334,23.90999984741211,23.8700008392334,23.8700008392334,0
2025-11-19T10:45:00Z,23.860000610351562,23.93000030517578,23.84000015258789,23.90999984741211,0
2025-11-19T10:50:00Z,23.920000076293945,23.920000076293945,23.799999237060547,23.799999237060547,0
2025-11-19T10:55:00Z,23.790000915527344,23.809999465942383,23.780000686645508,23.809999465942383,0
2025-11-19T11:00:00Z,23.809999465942383,23.81999969482422,23.75,23.790000915527344,0
2025-11-19T11:05:00Z,23.790000915527344,23.829999923706055,23.790000915527344,23.81999969482422,0
2025-11-19T11:10:00Z,23.829999923706055,23.829999923706055,23.739999771118164,23.790000915527344,0
2025-11-19T11:15:00Z,23.770000457763672,23.799999237060547,23.729999542236328,23.729999542236328,0
2025-11-19T11:20:00Z,23.739999771118164,23.780000686645508,23.719999313354492,23.75,0
2025-11-19T11:25:00Z,23.75,23.780000686645508,23.739999771118164,23.770000457763672,0
2025-11-19T11:30:00Z,23.770000457763672,23.850000381469727,23.770000457763672,23.84000015258789,0
2025-11-19T11:35:00Z,23.850000381469727,23.8700008392334,23.81999969482422,23.829999923706055,0
2025-11-19T11:40:00Z,23.84000015258789,23.850000381469727,23.780000686645508,23.81999969482422,0
2025-11-19T11:45:00Z,23.81999969482422,23.81999969482422,23.770000457763672,23.790000915527344,0
2025-11-19T11:50:00Z,23.790000915527344,23.8799991607666,23.760000228881836,23.8799991607666,0
2025-11-19T11:55:00Z,23.889999389648438,23.940000534057617,23.889999389648438,23.920000076293945,0
2025-11-19T12:00:00Z,23.940000534057617,24.0,23.90999984741211,23.959999084472656,0
2025-11-19T12:05:00Z,23.959999084472656,24.010000228881836,23.959999084472656,23.969999313354492,0
2025-11-19T12:10:00Z,23.979999542236328,24.020000457763672,23.899999618530273,23.899999618530273,0
2025-11-19T12:15:00Z,23.899999618530273,23.93000030517578,23.860000610351562,23.889999389648438,0
2025-11-19T12:20:00Z,23.899999618530273,23.920000076293945,23.81999969482422,23.829999923706055,0
2025-11-19T12:25:00Z,23.829999923706055,23.920000076293945,23.829999923706055,23.850000381469727,0
2025-11-19T12:30:00Z,23.860000610351562,23.860000610351562,23.729999542236328,23.729999542236328,0
2025-11-19T12:35:00Z,23.719999313354492,23.770000457763672,23.719999313354492,23.739999771118164,0
2025-11-19T12:40:00Z,23.739999771118164,23.770000457763672,23.739999771118164,23.760000228881836,0
2025-11-19T12:45:00Z,23.770000457763672,23.780000686645508,23.760000228881836,23.780000686645508,0
2025-11-19T12:50:00Z,23.780000686645508,23.799999237060547,23.75,23.799999237060547,0
2025-11-19T12:55:00Z,23.799999237060547,23.850000381469727,23.799999237060547,23.829999923706055,0
2025-11-19T13:00:00Z,23.809999465942383,23.899999618530273,23.770000457763672,23.899999618530273,0
2025-11-19T13:05:00Z,23.899999618530273,23.979999542236328,23.899999618530273,23.93000030517578,0
2025-11-19T13:10:00Z,23.93000030517578,24.049999237060547,23.93000030517578,24.020000457763672,0
2025-11-19T13:15:00Z,24.020000457763672,24.040000915527344,23.950000762939453,23.950000762939453,0
2025-11-19T13:20:00Z,23.950000762939453,24.010000228881836,23.950000762939453,23.959999084472656,0
2025-11-19T13:25:00Z,23.959999084472656,23.959999084472656,23.860000610351562,23.860000610351562,0
2025-11-19T13:30:00Z,23.84000015258789,23.84000015258789,23.729999542236328,23.81999969482422,0
2025-11-19T13:35:00Z,23.81999969482422,23.8799991607666,23.81999969482422,23.8799991607666,0
2025-11-19T13:40:00Z,23.8700008392334,23.93000030517578,23.860000610351562,23.899999618530273,0
2025-11-19T13:45:00Z,23.8700008392334,23.8700008392334,23.790000915527344,23.850000381469727,0
2025-11-19T13:50:00Z,23.850000381469727,23.8700008392334,23.829999923706055,23.8700008392334,0
2025-11-19T13:55:00Z,23.8700008392334,23.969999313354492,23.860000610351562,23.950000762939453,0
2025-11-19T14:00:00Z,23.93000030517578,24.010000228881836,23.93000030517578,24.010000228881836,0
2025-11-19T14:05:00Z,24.010000228881836,24.15999984741211,24.010000228881836,24.15999984741211,0
2025-11-19T14:10:00Z,24.170000076293945,24.190000534057617,23.829999923706055,23.84000015258789,0
2025-11-19T14:15:00Z,23.84000015258789,23.850000381469727,23.799999237060547,23.829999923706055,0
2025-11-19T14:20:00Z,23.84000015258789,23.84000015258789,23.780000686645508,23.81999969482422,0
2025-11-19T14:25:00Z,23.829999923706055,23.829999923706055,23.829999923706055,23.829999923706055,0
2025-11-19T14:30:00Z,23.950000762939453,24.040000915527344,23.84000015258789,23.920000076293945,0
2025-11-19T14:35:00Z,23.8700008392334,23.8700008392334,23.649999618530273,23.700000762939453,0
2025-11-19T14:40:00Z,23.700000762939453,23.770000457763672,23.350000381469727,23.350000381469727,0
2025-11-19T14:45:00Z,23.3799991607666,23.420000076293945,23.15999984741211,23.18000030517578,0
2025-11-19T14:50:00Z,23.219999313354492,23.31999969482422,22.850000381469727,22.850000381469727,0
2025-11-19T14:55:00Z,22.84000015258789,22.8799991607666,22.43000030517578,22.43000030517578,0
2025-11-19T15:00:00Z,22.450000762939453,22.459999084472656,22.25,22.280000686645508,0
2025-11-19T15:05:00Z,22.239999771118164,22.290000915527344,22.190000534057617,22.270000457763672,0
2025-11-19T15:10:00Z,22.260000228881836,22.350000381469727,22.06999969482422,22.079999923706055,0
2025-11-19T15:15:00Z,22.079999923706055,22.09000015258789,21.93000030517578,22.09000015258789,0
2025-11-19T15:20:00Z,22.100000381469727,22.239999771118164,22.030000686645508,22.170000076293945,0
2025-11-19T15:25:00Z,22.15999984741211,22.399999618530273,22.15999984741211,22.34000015258789,0
2025-11-19T15:30:00Z,22.3700008392334,22.5,22.329999923706055,22.469999313354492,0
2025-11-19T15:35:00Z,22.459999084472656,22.690000534057617,22.459999084472656,22.690000534057617,0
2025-11-19T15:40:00Z,22.670000076293945,22.81999969482422,22.670000076293945,22.700000762939453,0
2025-11-19T15:45:00Z,22.719999313354492,23.049999237060547,22.719999313354492,23.049999237060547,0
2025-11-19T15:50:00Z,23.100000381469727,23.489999771118164,23.100000381469727,23.469999313354492,0
2025-11-19T15:55:00Z,23.43000030517578,23.889999389648438,23.43000030517578,23.809999465942383,0
2025-11-19T16:00:00Z,23.739999771118164,23.739999771118164,23.510000228881836,23.6200008392334,0
2025-11-19T16:05:00Z,23.6200008392334,23.8799991607666,23.579999923706055,23.760000228881836,0
2025-11-19T16:10:00Z,23.75,23.860000610351562,23.729999542236328,23.790000915527344,0
2025-11-19T16:15:00Z,23.729999542236328,23.780000686645508,23.639999389648438,23.690000534057617,0
2025-11-19T16:20:00Z,23.670000076293945,23.780000686645508,23.469999313354492,23.780000686645508,0
2025-11-19T16:25:00Z,23.850000381469727,23.969999313354492,23.68000030517578,23.790000915527344,0
2025-11-19T16:30:00Z,23.770000457763672,23.860000610351562,23.700000762939453,23.780000686645508,0
2025-11-19T16:35:00Z,23.770000457763672,24.040000915527344,23.770000457763672,24.020000457763672,0
2025-11-19T16:40:00Z,24.010000228881836,24.15999984741211,23.860000610351562,23.8700008392334,0
2025-11-19T16:45:00Z,23.90999984741211,24.030000686645508,23.84000015258789,24.030000686645508,0
2025-11-19T16:50:00Z,24.030000686645508,24.1299991607666,23.959999084472656,24.0,0
2025-11-19T16:55:00Z,23.979999542236328,24.040000915527344,23.729999542236328,23.729999542236328,0
2025-11-19T17:00:00Z,23.729999542236328,24.059999465942383,23.530000686645508,24.049999237060547,0
2025-11-19T17:05:00Z,24.09000015258789,24.25,24.0,24.1299991607666,0
2025-11-19T17:10:00Z,24.149999618530273,24.290000915527344,24.1200008392334,24.239999771118164,0
2025-11-19T17:15:00Z,24.229999542236328,24.239999771118164,24.010000228881836,24.18000030517578,0
2025-11-19T17:20:00Z,24.190000534057617,24.25,24.059999465942383,24.190000534057617,0
2025-11-19T17:25:00Z,24.190000534057617,24.389999389648438,24.079999923706055,24.18000030517578,0
2025-11-19T17:30:00Z,24.149999618530273,24.3799991607666,24.059999465942383,24.3799991607666,0
2025-11-19T17:35:00Z,24.3700008392334,24.780000686645508,24.3700008392334,24.739999771118164,0
2025-11-19T17:40:00Z,24.729999542236328,24.790000915527344,24.020000457763672,24.079999923706055,0
2025-11-19T17:45:00Z,24.100000381469727,24.389999389648438,24.079999923706055,24.3799991607666,0
2025-11-19T17:50:00Z,24.34000015258789,24.360000610351562,23.959999084472656,23.989999771118164,0
2025-11-19T17:55:00Z,23.969999313354492,23.969999313354492,23.780000686645508,23.8799991607666,0
2025-11-19T18:00:00Z,23.8799991607666,23.93000030517578,23.56999969482422,23.56999969482422,0
2025-11-19T18:05:00Z,23.56999969482422,23.799999237060547,23.489999771118164,23.600000381469727,0
2025-11-19T18:10:00Z,23.559999465942383,23.6299991607666,23.440000534057617,23.479999542236328,0
2025-11-19T18:15:00Z,23.489999771118164,23.799999237060547,23.479999542236328,23.760000228881836,0
2025-11-19T18:20:00Z,23.729999542236328,23.729999542236328,23.280000686645508,23.440000534057617,0
2025-11-19T18:25:00Z,23.360000610351562,23.760000228881836,23.309999465942383,23.760000228881836,0
2025-11-19T18:30:00Z,23.780000686645508,23.780000686645508,23.600000381469727,23.610000610351562,0
2025-11-19T18:35:00Z,23.559999465942383,23.559999465942383,23.200000762939453,23.34000015258789,0
2025-11-19T18:40:00Z,23.290000915527344,23.709999084472656,23.280000686645508,23.639999389648438,0
2025-11-19T18:45:00Z,23.68000030517578,23.889999389648438,23.68000030517578,23.889999389648438,0
2025-11-19T18:50:00Z,23.860000610351562,23.860000610351562,23.450000762939453,23.450000762939453,0
2025-11-19T18:55:00Z,23.459999084472656,23.459999084472656,23.290000915527344,23.399999618530273,0
2025-11-19T19:00:00Z,23.40999984741211,23.579999923706055,23.40999984741211,23.540000915527344,0
2025-11-19T19:05:00Z,23.520000457763672,23.6200008392334,23.440000534057617,23.479999542236328,0
2025-11-19T19:10:00Z,23.520000457763672,23.670000076293945,23.520000457763672,23.559999465942383,0
2025-11-19T19:15:00Z,23.540000915527344,23.760000228881836,23.540000915527344,23.709999084472656,0
2025-11-19T19:20:00Z,23.729999542236328,23.8799991607666,23.709999084472656,23.829999923706055,0
2025-11-19T19:25:00Z,23.850000381469727,24.290000915527344,23.850000381469727,24.190000534057617,0
2025-11-19T19:30:00Z,24.209999084472656,24.280000686645508,24.06999969482422,24.200000762939453,0
2025-11-19T19:35:00Z,24.190000534057617,24.299999237060547,24.1200008392334,24.290000915527344,0
2025-11-19T19:40:00Z,24.299999237060547,24.329999923706055,24.18000030517578,24.209999084472656,0
2025-11-19T19:45:00Z,24.190000534057617,24.25,24.100000381469727,24.190000534057617,0
2025-11-19T19:50:00Z,24.190000534057617,24.190000534057617,23.739999771118164,23.739999771118164,0
2025-11-19T19:55:00Z,23.739999771118164,23.940000534057617,23.6200008392334,23.81999969482422,0
2025-11-19T20:00:00Z,23.790000915527344,23.8700008392334,23.709999084472656,23.75,0
2025-11-19T20:05:00Z,23.770000457763672,23.81999969482422,23.739999771118164,23.760000228881836,0
2025-11-19T20:10:00Z,23.770000457763672,23.770000457763672,23.610000610351562,23.610000610351562,0
2025-11-19T20:15:00Z,23.6200008392334,23.6200008392334,23.100000381469727,23.1200008392334,0
2025-11-19T20:20:00Z,23.100000381469727,23.360000610351562,23.030000686645508,23.31999969482422,0
2025-11-19T20:25:00Z,23.350000381469727,23.43000030517578,23.299999237060547,23.31999969482422,0
2025-11-19T20:30:00Z,23.329999923706055,23.469999313354492,23.31999969482422,23.350000381469727,0
2025-11-19T20:35:00Z,23.34000015258789,23.34000015258789,23.110000610351562,23.299999237060547,0
2025-11-19T20:40:00Z,23.299999237060547,23.5,23.299999237060547,23.350000381469727,0
2025-11-19T20:45:00Z,23.31999969482422,23.670000076293945,23.31999969482422,23.670000076293945,0
2025-11-19T20:50:00Z,23.719999313354492,23.719999313354492,23.3700008392334,23.489999771118164,0
2025-11-19T20:55:00Z,23.549999237060547,23.59000015258789,23.389999389648438,23.510000228881836,0
2025-11-19T21:00:00Z,23.559999465942383,23.84000015258789,23.549999237060547,23.790000915527344,0
2025-11-19T21:05:00Z,23.760000228881836,23.860000610351562,23.709999084472656,23.709999084472656,0
2025-11-19T21:10:00Z,23.709999084472656,23.850000381469727,23.68000030517578,23.690000534057617,0
2025-11-20T08:15:00Z,20.780000686645508,20.809999465942383,20.739999771118164,20.770000457763672,0
2025-11-20T08:20:00Z,20.760000228881836,20.770000457763672,20.739999771118164,20.739999771118164,0
2025-11-20T08:25:00Z,20.739999771118164,20.780000686645508,20.739999771118164,20.75,0
2025-11-20T08:30:00Z,20.75,20.81999969482422,20.739999771118164,20.770000457763672,0
2025-11-20T08:35:00Z,20.780000686645508,20.780000686645508,20.709999084472656,20.709999084472656,0
2025-11-20T08:40:00Z,20.719999313354492,20.75,20.65999984741211,20.65999984741211,0
2025-11-20T08:45:00Z,20.65999984741211,20.65999984741211,20.579999923706055,20.6299991607666,0
2025-11-20T08:50:00Z,20.6299991607666,20.65999984741211,20.6299991607666,20.649999618530273,0
2025-11-20T08:55:00Z,20.649999618530273,20.760000228881836,20.649999618530273,20.760000228881836,0
2025-11-20T09:00:00Z,20.760000228881836,20.889999389648438,20.75,20.8700008392334,0
2025-11-20T09:05:00Z,20.8700008392334,20.8700008392334,20.790000915527344,20.790000915527344,0
2025-11-20T09:10:00Z,20.770000457763672,20.780000686645508,20.700000762939453,20.739999771118164,0
2025-11-20T09:15:00Z,20.739999771118164,20.780000686645508,20.729999542236328,20.780000686645508,0
2025-11-20T09:20:00Z,20.790000915527344,20.81999969482422,20.790000915527344,20.799999237060547,0
2025-11-20T09:25:00Z,20.799999237060547,21.020000457763672,20.799999237060547,21.020000457763672,0
2025-11-20T09:30:00Z,21.030000686645508,21.049999237060547,20.989999771118164,21.020000457763672,0
2025-11-20T09:35:00Z,21.020000457763672,21.040000915527344,20.969999313354492,20.969999313354492,0
2025-11-20T09:40:00Z,20.989999771118164,21.010000228881836,20.959999084472656,20.989999771118164,0
2025-11-20T09:45:00Z,21.010000228881836,21.15999984741211,21.010000228881836,21.1299991607666,0
2025-11-20T09:50:00Z,21.1299991607666,21.15999984741211,21.079999923706055,21.100000381469727,0
2025-11-20T09:55:00Z,21.100000381469727,21.1200008392334,21.09000015258789,21.110000610351562,0
2025-11-20T10:00:00Z,21.100000381469727,21.110000610351562,21.100000381469727,21.110000610351562,0
2025-11-20T10:05:00Z,21.1200008392334,21.209999084472656,21.110000610351562,21.200000762939453,0
2025-11-20T10:10:00Z,21.200000762939453,21.200000762939453,21.1200008392334,21.170000076293945,0
2025-11-20T10:15:00Z,21.15999984741211,21.15999984741211,20.969999313354492,20.969999313354492,0
2025-11-20T10:20:00Z,20.93000030517578,20.989999771118164,20.920000076293945,20.989999771118164,0
2025-11-20T10:25:00Z,20.989999771118164,20.989999771118164,20.860000610351562,20.860000610351562,0
2025-11-20T10:30:00Z,20.860000610351562,20.860000610351562,20.790000915527344,20.799999237060547,0
2025-11-20T10:35:00Z,20.809999465942383,20.81999969482422,20.790000915527344,20.790000915527344,0
2025-11-20T10:40:00Z,20.780000686645508,20.780000686645508,20.719999313354492,20.719999313354492,0
2025-11-20T10:45:00Z,20.709999084472656,20.75,20.700000762939453,20.729999542236328,0
2025-11-20T10:50:00Z,20.729999542236328,20.75,20.709999084472656,20.729999542236328,0
2025-11-20T10:55:00Z,20.729999542236328,20.729999542236328,20.68000030517578,20.690000534057617,0
2025-11-20T11:00:00Z,20.709999084472656,20.889999389648438,20.709999084472656,20.889999389648438,0
2025-11-20T11:05:00Z,20.889999389648438,20.969999313354492,20.889999389648438,20.90999984741211,0
2025-11-20T11:10:00Z,20.90999984741211,20.93000030517578,20.84000015258789,20.899999618530273,0
2025-11-20T11:15:00Z,20.899999618530273,20.959999084472656,20.899999618530273,20.93000030517578,0
2025-11-20T11:20:00Z,20.93000030517578,21.0,20.93000030517578,21.0,0
2025-11-20T11:25:00Z,20.989999771118164,21.049999237060547,20.979999542236328,21.040000915527344,0
2025-11-20T11:30:00Z,21.030000686645508,21.030000686645508,20.920000076293945,20.920000076293945,0
2025-11-20T11:35:00Z,20.899999618530273,20.899999618530273,20.829999923706055,20.829999923706055,0
2025-11-20T11:40:00Z,20.81999969482422,20.81999969482422,20.739999771118164,20.760000228881836,0
2025-11-20T11:45:00Z,20.75,20.899999618530273,20.739999771118164,20.899999618530273,0
2025-11-20T11:50:00Z,20.920000076293945,20.959999084472656,20.899999618530273,20.959999084472656,0
2025-11-20T11:55:00Z,20.959999084472656,20.959999084472656,20.8700008392334,20.8700008392334,0
2025-11-20T12:00:00Z,20.8799991607666,20.979999542236328,20.829999923706055,20.979999542236328,0
2025-11-20T12:05:00Z,20.979999542236328,21.020000457763672,20.860000610351562,20.860000610351562,0
2025-11-20T12:10:00Z,20.889999389648438,20.950000762939453,20.8799991607666,20.940000534057617,0
2025-11-20T12:15:00Z,20.940000534057617,20.969999313354492,20.84000015258789,20.850000381469727,0
2025-11-20T12:20:00Z,20.860000610351562,20.93000030517578,20.81999969482422,20.93000030517578,0
2025-11-20T12:25:00Z,20.93000030517578,20.950000762939453,20.899999618530273,20.920000076293945,0
2025-11-20T12:30:00Z,20.920000076293945,20.920000076293945,20.81999969482422,20.81999969482422,0
2025-11-20T12:35:00Z,20.809999465942383,20.829999923706055,20.790000915527344,20.790000915527344,0
2025-11-20T12:40:00Z,20.780000686645508,20.790000915527344,20.75,20.790000915527344,0
2025-11-20T12:45:00Z,20.780000686645508,20.790000915527344,20.690000534057617,20.690000534057617,0
2025-11-20T12:50:00Z,20.690000534057617,20.690000534057617,20.6299991607666,20.6299991607666,0
2025-11-20T12:55:00Z,20.6200008392334,20.6200008392334,20.579999923706055,20.600000381469727,0
2025-11-20T13:00:00Z,20.59000015258789,20.600000381469727,20.510000228881836,20.530000686645508,0
2025-11-20T13:05:00Z,20.540000915527344,20.579999923706055,20.520000457763672,20.549999237060547,0
2025-11-20T13:10:00Z,20.579999923706055,20.6299991607666,20.559999465942383,20.559999465942383,0
2025-11-20T13:15:00Z,20.559999465942383,20.639999389648438,20.520000457763672,20.639999389648438,0
2025-11-20T13:20:00Z,20.649999618530273,20.75,20.649999618530273,20.700000762939453,0
2025-11-20T13:25:00Z,20.709999084472656,20.770000457763672,20.670000076293945,20.670000076293945,0
2025-11-20T13:30:00Z,20.469999313354492,20.469999313354492,19.940000534057617,20.149999618530273,0
2025-11-20T13:35:00Z,20.170000076293945,20.18000030517578,20.030000686645508,20.1200008392334,0
2025-11-20T13:40:00Z,20.149999618530273,20.170000076293945,19.959999084472656,19.979999542236328,0
2025-11-20T13:45:00Z,19.989999771118164,20.040000915527344,19.790000915527344,19.790000915527344,0
2025-11-20T13:50:00Z,19.780000686645508,19.780000686645508,19.649999618530273,19.68000030517578,0
2025-11-20T13:55:00Z,19.670000076293945,19.75,19.670000076293945,19.729999542236328,0
2025-11-20T14:00:00Z,19.729999542236328,19.739999771118164,19.6299991607666,19.68000030517578,0
2025-11-20T14:05:00Z,19.68000030517578,19.75,19.639999389648438,19.670000076293945,0
2025-11-20T14:10:00Z,19.65999984741211,19.739999771118164,19.65999984741211,19.700000762939453,0
2025-11-20T14:15:00Z,19.700000762939453,19.739999771118164,19.600000381469727,19.600000381469727,0
2025-11-20T14:20:00Z,19.600000381469727,19.6299991607666,19.56999969482422,19.59000015258789,0
2025-11-20T14:25:00Z,19.59000015258789,19.59000015258789,19.59000015258789,19.59000015258789,0
2025-11-20T14:30:00Z,19.5,19.5,19.309999465942383,19.34000015258789,0
2025-11-20T14:35:00Z,19.389999389648438,19.40999984741211,19.280000686645508,19.399999618530273,0
2025-11-20T14:40:00Z,19.389999389648438,19.639999389648438,19.350000381469727,19.489999771118164,0
2025-11-20T14:45:00Z,19.520000457763672,19.649999618530273,19.399999618530273,19.510000228881836,0
2025-11-20T14:50:00Z,19.510000228881836,19.59000015258789,19.43000030517578,19.56999969482422,0
2025-11-20T14:55:00Z,19.600000381469727,19.6299991607666,19.5,19.540000915527344,0
2025-11-20T15:00:00Z,19.540000915527344,19.649999618530273,19.469999313354492,19.639999389648438,0
2025-11-20T15:05:00Z,19.6299991607666,19.920000076293945,19.6299991607666,19.90999984741211,0
2025-11-20T15:10:00Z,19.90999984741211,19.90999984741211,19.790000915527344,19.889999389648438,0
2025-11-20T15:15:00Z,19.860000610351562,19.93000030517578,19.709999084472656,19.75,0
2025-11-20T15:20:00Z,19.719999313354492,19.790000915527344,19.59000015258789,19.65999984741211,0
2025-11-20T15:25:00Z,19.690000534057617,19.809999465942383,19.68000030517578,19.719999313354492,0
2025-11-20T15:30:00Z,19.700000762939453,19.799999237060547,19.65999984741211,19.780000686645508,0
2025-11-20T15:35:00Z,19.809999465942383,19.809999465942383,19.709999084472656,19.75,0
2025-11-20T15:40:00Z,19.760000228881836,19.860000610351562,19.760000228881836,19.780000686645508,0
2025-11-20T15:45:00Z,19.790000915527344,20.010000228881836,19.790000915527344,20.0,0
2025-11-20T15:50:00Z,20.010000228881836,20.170000076293945,19.989999771118164,20.170000076293945,0
2025-11-20T15:55:00Z,20.239999771118164,20.459999084472656,20.229999542236328,20.459999084472656,0
2025-11-20T16:00:00Z,20.469999313354492,20.84000015258789,20.469999313354492,20.84000015258789,0
2025-11-20T16:05:00Z,20.850000381469727,20.93000030517578,20.75,20.889999389648438,0
2025-11-20T16:10:00Z,20.940000534057617,21.25,20.940000534057617,21.25,0
2025-11-20T16:15:00Z,21.309999465942383,21.850000381469727,21.309999465942383,21.790000915527344,0
2025-11-20T16:20:00Z,21.809999465942383,22.030000686645508,21.68000030517578,21.860000610351562,0
2025-11-20T16:25:00Z,21.899999618530273,21.989999771118164,21.440000534057617,21.809999465942383,0
2025-11-20T16:30:00Z,21.84000015258789,22.40999984741211,21.84000015258789,22.40999984741211,0
2025-11-20T16:35:00Z,22.350000381469727,23.190000534057617,22.350000381469727,22.950000762939453,0
2025-11-20T16:40:00Z,23.0,23.65999984741211,23.0,23.65999984741211,0
2025-11-20T16:45:00Z,23.709999084472656,23.93000030517578,23.59000015258789,23.649999618530273,0
2025-11-20T16:50:00Z,23.549999237060547,24.020000457763672,23.079999923706055,24.020000457763672,0
2025-11-20T16:55:00Z,23.989999771118164,25.719999313354492,23.989999771118164,25.709999084472656,0
2025-11-20T17:00:00Z,25.75,25.75,25.059999465942383,25.059999465942383,0
2025-11-20T17:05:00Z,25.049999237060547,25.959999084472656,25.049999237060547,25.829999923706055,0
2025-11-20T17:10:00Z,25.860000610351562,27.579999923706055,25.860000610351562,26.979999542236328,0
2025-11-20T17:15:00Z,26.81999969482422,28.1200008392334,26.81999969482422,27.790000915527344,0
2025-11-20T17:20:00Z,27.780000686645508,28.270000457763672,26.959999084472656,27.190000534057617,0
2025-11-20T17:25:00Z,27.260000228881836,27.690000534057617,26.59000015258789,26.59000015258789,0
2025-11-20T17:30:00Z,26.520000457763672,27.18000030517578,26.139999389648438,27.059999465942383,0
2025-11-20T17:35:00Z,27.059999465942383,27.84000015258789,26.270000457763672,26.270000457763672,0
2025-11-20T17:40:00Z,26.149999618530273,26.68000030517578,26.030000686645508,26.6299991607666,0
2025-11-20T17:45:00Z,26.719999313354492,27.200000762939453,26.68000030517578,26.989999771118164,0
2025-11-20T17:50:00Z,27.049999237060547,27.049999237060547,26.399999618530273,26.8799991607666,0
2025-11-20T17:55:00Z,26.8799991607666,26.8799991607666,26.06999969482422,26.09000015258789,0
2025-11-20T18:00:00Z,26.030000686645508,26.040000915527344,25.170000076293945,25.170000076293945,0
2025-11-20T18:05:00Z,25.139999389648438,25.139999389648438,24.40999984741211,24.40999984741211,0
2025-11-20T18:10:00Z,24.34000015258789,24.559999465942383,23.899999618530273,23.899999618530273,0
2025-11-20T18:15:00Z,23.84000015258789,24.899999618530273,23.84000015258789,24.81999969482422,0
2025-11-20T18:20:00Z,24.700000762939453,24.950000762939453,24.5,24.8799991607666,0
2025-11-20T18:25:00Z,25.030000686645508,25.18000030517578,24.889999389648438,25.010000228881836,0
2025-11-20T18:30:00Z,25.020000457763672,25.610000610351562,24.989999771118164,25.31999969482422,0
2025-11-20T18:35:00Z,25.280000686645508,25.989999771118164,25.280000686645508,25.989999771118164,0
2025-11-20T18:40:00Z,25.90999984741211,26.290000915527344,25.90999984741211,26.290000915527344,0
2025-11-20T18:45:00Z,26.34000015258789,26.6299991607666,26.34000015258789,26.59000015258789,0
2025-11-20T18:50:00Z,26.600000381469727,27.43000030517578,26.600000381469727,27.399999618530273,0
2025-11-20T18:55:00Z,27.40999984741211,27.5,26.920000076293945,26.920000076293945,0
2025-11-20T19:00:00Z,27.030000686645508,27.3799991607666,26.90999984741211,27.3799991607666,0
2025-11-20T19:05:00Z,27.399999618530273,27.479999542236328,27.170000076293945,27.170000076293945,0
2025-11-20T19:10:00Z,27.030000686645508,27.040000915527344,26.670000076293945,26.709999084472656,0
2025-11-20T19:15:00Z,26.670000076293945,26.780000686645508,26.15999984741211,26.399999618530273,0
2025-11-20T19:20:00Z,26.350000381469727,26.350000381469727,26.030000686645508,26.280000686645508,0
2025-11-20T19:25:00Z,26.329999923706055,26.329999923706055,25.440000534057617,25.440000534057617,0
2025-11-20T19:30:00Z,25.56999969482422,26.18000030517578,25.56999969482422,26.170000076293945,0
2025-11-20T19:35:00Z,26.06999969482422,26.06999969482422,25.760000228881836,26.020000457763672,0
2025-11-20T19:40:00Z,26.030000686645508,26.079999923706055,25.579999923706055,25.579999923706055,0
2025-11-20T19:45:00Z,25.520000457763672,25.90999984741211,25.520000457763672,25.84000015258789,0
2025-11-20T19:50:00Z,25.829999923706055,25.829999923706055,25.440000534057617,25.450000762939453,0
2025-11-20T19:55:00Z,25.479999542236328,25.479999542236328,24.850000381469727,24.850000381469727,0
2025-11-20T20:00:00Z,24.84000015258789,25.450000762939453,24.84000015258789,25.260000228881836,0
2025-11-20T20:05:00Z,25.350000381469727,25.350000381469727,25.139999389648438,25.15999984741211,0
2025-11-20T20:10:00Z,25.18000030517578,25.469999313354492,25.15999984741211,25.420000076293945,0
2025-11-20T20:15:00Z,25.360000610351562,25.40999984741211,25.209999084472656,25.25,0
2025-11-20T20:20:00Z,25.260000228881836,25.399999618530273,25.0,25.399999618530273,0
2025-11-20T20:25:00Z,25.399999618530273,25.739999771118164,25.389999389648438,25.489999771118164,0
2025-11-20T20:30:00Z,25.520000457763672,25.559999465942383,25.3700008392334,25.530000686645508,0
2025-11-20T20:35:00Z,25.600000381469727,26.329999923706055,25.579999923706055,26.329999923706055,0
2025-11-20T20:40:00Z,26.329999923706055,26.59000015258789,26.280000686645508,26.559999465942383,0
2025-11-20T20:45:00Z,26.579999923706055,26.969999313354492,26.510000228881836,26.969999313354492,0
2025-11-20T20:50:00Z,27.100000381469727,27.100000381469727,26.389999389648438,26.399999618530273,0
2025-11-20T20:55:00Z,26.3799991607666,26.440000534057617,26.049999237060547,26.360000610351562,0
2025-11-20T21:00:00Z,26.360000610351562,26.530000686645508,26.270000457763672,26.43000030517578,0
2025-11-20T21:05:00Z,26.440000534057617,26.440000534057617,26.260000228881836,26.360000610351562,0
2025-11-20T21:10:00Z,26.350000381469727,26.40999984741211,26.329999923706055,26.389999389648438,0
2025-11-21T08:15:00Z,25.969999313354492,26.100000381469727,25.920000076293945,26.100000381469727,0
2025-11-21T08:20:00Z,26.100000381469727,26.299999237060547,25.969999313354492,25.989999771118164,0
2025-11-21T08:25:00Z,26.0,26.15999984741211,26.0,26.040000915527344,0
2025-11-21T08:30:00Z,25.969999313354492,26.06999969482422,25.90999984741211,26.059999465942383,0
2025-11-21T08:35:00Z,26.049999237060547,26.219999313354492,26.0,26.0,0
2025-11-21T08:40:00Z,25.959999084472656,26.049999237060547,25.889999389648438,25.889999389648438,0
2025-11-21T08:45:00Z,25.889999389648438,25.889999389648438,25.610000610351562,25.719999313354492,0
2025-11-21T08:50:00Z,25.780000686645508,25.850000381469727,25.540000915527344,25.579999923706055,0
2025-11-21T08:55:00Z,25.56999969482422,25.56999969482422,25.479999542236328,25.489999771118164,0
2025-11-21T09:00:00Z,25.40999984741211,25.520000457763672,25.399999618530273,25.420000076293945,0
2025-11-21T09:05:00Z,25.43000030517578,25.43000030517578,25.34000015258789,25.399999618530273,0
2025-11-21T09:10:00Z,25.40999984741211,25.459999084472656,25.3799991607666,25.450000762939453,0
2025-11-21T09:15:00Z,25.489999771118164,25.65999984741211,25.489999771118164,25.6200008392334,0
2025-11-21T09:20:00Z,25.6200008392334,25.829999923706055,25.6200008392334,25.75,0
2025-11-21T09:25:00Z,25.770000457763672,25.860000610351562,25.770000457763672,25.829999923706055,0
2025-11-21T09:30:00Z,25.739999771118164,25.889999389648438,25.690000534057617,25.860000610351562,0
2025-11-21T09:35:00Z,25.8799991607666,26.0,25.8799991607666,26.0,0
2025-11-21T09:40:00Z,26.040000915527344,26.209999084472656,26.030000686645508,26.209999084472656,0
2025-11-21T09:45:00Z,26.25,26.420000076293945,26.219999313354492,26.219999313354492,0
2025-11-21T09:50:00Z,26.209999084472656,26.3799991607666,26.209999084472656,26.309999465942383,0
2025-11-21T09:55:00Z,26.309999465942383,26.520000457763672,26.309999465942383,26.520000457763672,0
2025-11-21T10:00:00Z,26.530000686645508,27.3799991607666,26.530000686645508,27.3799991607666,0
2025-11-21T10:05:00Z,27.399999618530273,27.59000015258789,27.299999237060547,27.520000457763672,0
2025-11-21T10:10:00Z,27.6299991607666,27.6299991607666,27.25,27.350000381469727,0
2025-11-21T10:15:00Z,27.389999389648438,27.65999984741211,27.389999389648438,27.530000686645508,0
2025-11-21T10:20:00Z,27.559999465942383,27.719999313354492,27.549999237060547,27.709999084472656,0
2025-11-21T10:25:00Z,27.649999618530273,27.84000015258789,27.6200008392334,27.84000015258789,0
2025-11-21T10:30:00Z,27.829999923706055,27.829999923706055,27.219999313354492,27.25,0
2025-11-21T10:35:00Z,27.25,27.25,26.920000076293945,26.920000076293945,0
2025-11-21T10:40:00Z,26.899999618530273,26.90999984741211,26.809999465942383,26.90999984741211,0
2025-11-21T10:45:00Z,26.90999984741211,26.950000762939453,26.850000381469727,26.889999389648438,0
2025-11-21T10:50:00Z,26.8700008392334,26.889999389648438,26.700000762939453,26.719999313354492,0
2025-11-21T10:55:00Z,26.739999771118164,26.780000686645508,26.68000030517578,26.68000030517578,0
2025-11-21T11:00:00Z,26.670000076293945,26.690000534057617,26.510000228881836,26.670000076293945,0
2025-11-21T11:05:00Z,26.670000076293945,26.68000030517578,26.420000076293945,26.469999313354492,0
2025-11-21T11:10:00Z,26.469999313354492,26.469999313354492,26.3700008392334,26.3700008392334,0
2025-11-21T11:15:00Z,26.350000381469727,26.469999313354492,26.31999969482422,26.469999313354492,0
2025-11-21T11:20:00Z,26.459999084472656,26.489999771118164,26.360000610351562,26.450000762939453,0
2025-11-21T11:25:00Z,26.43000030517578,26.579999923706055,26.43000030517578,26.579999923706055,0
2025-11-21T11:30:00Z,26.579999923706055,26.579999923706055,26.5,26.540000915527344,0
2025-11-21T11:35:00Z,26.540000915527344,26.600000381469727,26.5,26.600000381469727,0
2025-11-21T11:40:00Z,26.59000015258789,26.729999542236328,26.549999237060547,26.6200008392334,0
2025-11-21T11:45:00Z,26.600000381469727,26.8700008392334,26.600000381469727,26.860000610351562,0
2025-11-21T11:50:00Z,26.899999618530273,27.18000030517578,26.899999618530273,27.15999984741211,0
2025-11-21T11:55:00Z,27.149999618530273,27.170000076293945,26.93000030517578,26.959999084472656,0
2025-11-21T12:00:00Z,26.93000030517578,27.049999237060547,26.75,26.850000381469727,0
2025-11-21T12:05:00Z,26.860000610351562,26.989999771118164,26.850000381469727,26.989999771118164,0
2025-11-21T12:10:00Z,27.010000228881836,27.389999389648438,27.0,27.149999618530273,0
2025-11-21T12:15:00Z,27.139999389648438,27.270000457763672,27.059999465942383,27.200000762939453,0
2025-11-21T12:20:00Z,27.139999389648438,27.6200008392334,27.139999389648438,27.59000015258789,0
2025-11-21T12:25:00Z,27.579999923706055,27.579999923706055,27.420000076293945,27.549999237060547,0
2025-11-21T12:30:00Z,27.559999465942383,27.559999465942383,27.559999465942383,27.559999465942383,0
2025-11-21T12:35:00Z,26.43000030517578,26.459999084472656,25.899999618530273,26.06999969482422,0
2025-11-21T12:40:00Z,26.020000457763672,26.34000015258789,26.020000457763672,26.09000015258789,0
2025-11-21T12:45:00Z,26.100000381469727,26.100000381469727,25.799999237060547,25.799999237060547,0
2025-11-21T12:50:00Z,25.770000457763672,25.799999237060547,25.56999969482422,25.59000015258789,0
2025-11-21T12:55:00Z,25.579999923706055,25.81999969482422,25.56999969482422,25.780000686645508,0
2025-11-21T13:00:00Z,25.84000015258789,25.959999084472656,25.690000534057617,25.959999084472656,0
2025-11-21T13:05:00Z,25.950000762939453,25.950000762939453,25.799999237060547,25.81999969482422,0
2025-11-21T13:10:00Z,25.84000015258789,25.8700008392334,25.610000610351562,25.610000610351562,0
2025-11-21T13:15:00Z,25.600000381469727,25.600000381469727,25.329999923706055,25.34000015258789,0
2025-11-21T13:20:00Z,25.31999969482422,25.34000015258789,25.18000030517578,25.299999237060547,0
2025-11-21T13:25:00Z,25.350000381469727,25.549999237060547,25.350000381469727,25.540000915527344,0
2025-11-21T13:30:00Z,25.59000015258789,25.59000015258789,25.420000076293945,25.450000762939453,0
2025-11-21T13:35:00Z,25.440000534057617,25.440000534057617,25.139999389648438,25.229999542236328,0
2025-11-21T13:40:00Z,25.25,25.260000228881836,25.110000610351562,25.149999618530273,0
2025-11-21T13:45:00Z,25.18000030517578,25.239999771118164,25.139999389648438,25.239999771118164,0
2025-11-21T13:50:00Z,25.290000915527344,25.309999465942383,25.15999984741211,25.170000076293945,0
2025-11-21T13:55:00Z,25.170000076293945,25.290000915527344,25.170000076293945,25.200000762939453,0
2025-11-21T14:00:00Z,25.200000762939453,25.34000015258789,25.190000534057617,25.309999465942383,0
2025-11-21T14:05:00Z,25.329999923706055,25.389999389648438,25.15999984741211,25.15999984741211,0
2025-11-21T14:10:00Z,25.170000076293945,25.209999084472656,25.110000610351562,25.190000534057617,0
2025-11-21T14:15:00Z,25.18000030517578,25.270000457763672,25.18000030517578,25.270000457763672,0
2025-11-21T14:20:00Z,25.299999237060547,25.440000534057617,25.299999237060547,25.420000076293945,0
2025-11-21T14:25:00Z,25.440000534057617,25.440000534057617,25.440000534057617,25.440000534057617,0
2025-11-21T14:30:00Z,25.209999084472656,25.479999542236328,25.1299991607666,25.270000457763672,0
2025-11-21T14:35:00Z,25.209999084472656,25.530000686645508,25.059999465942383,25.530000686645508,0
2025-11-21T14:40:00Z,25.559999465942383,25.709999084472656,25.309999465942383,25.709999084472656,0
2025-11-21T14:45:00Z,25.729999542236328,26.15999984741211,25.6299991607666,25.920000076293945,0
2025-11-21T14:50:00Z,25.799999237060547,25.850000381469727,25.3799991607666,25.3799991607666,0
2025-11-21T14:55:00Z,25.3799991607666,25.989999771118164,25.3799991607666,25.90999984741211,0
2025-11-21T15:00:00Z,25.6200008392334,26.350000381469727,25.6200008392334,26.260000228881836,0
2025-11-21T15:05:00Z,26.239999771118164,26.239999771118164,25.739999771118164,25.920000076293945,0
2025-11-21T15:10:00Z,26.020000457763672,26.420000076293945,26.020000457763672,26.399999618530273,0
2025-11-21T15:15:00Z,26.389999389648438,26.790000915527344,26.219999313354492,26.450000762939453,0
2025-11-21T15:20:00Z,26.399999618530273,26.979999542236328,26.280000686645508,26.280000686645508,0
2025-11-21T15:25:00Z,26.190000534057617,26.809999465942383,26.0,26.809999465942383,0
2025-11-21T15:30:00Z,26.790000915527344,26.899999618530273,26.600000381469727,26.899999618530273,0
2025-11-21T15:35:00Z,26.93000030517578,27.540000915527344,26.93000030517578,27.3700008392334,0
2025-11-21T15:40:00Z,27.360000610351562,27.450000762939453,26.6200008392334,26.6200008392334,0
2025-11-21T15:45:00Z,26.729999542236328,26.81999969482422,26.299999237060547,26.299999237060547,0
2025-11-21T15:50:00Z,26.489999771118164,26.639999389648438,26.260000228881836,26.260000228881836,0
2025-11-21T15:55:00Z,26.309999465942383,26.579999923706055,26.229999542236328,26.579999923706055,0
2025-11-21T16:00:00Z,26.610000610351562,27.020000457763672,26.549999237060547,27.020000457763672,0
2025-11-21T16:05:00Z,27.0,27.190000534057617,26.68000030517578,26.739999771118164,0
2025-11-21T16:10:00Z,26.65999984741211,26.65999984741211,26.350000381469727,26.440000534057617,0
2025-11-21T16:15:00Z,26.450000762939453,26.799999237060547,26.219999313354492,26.799999237060547,0
2025-11-21T16:20:00Z,26.790000915527344,26.790000915527344,25.950000762939453,25.950000762939453,0
2025-11-21T16:25:00Z,25.93000030517578,25.93000030517578,25.420000076293945,25.420000076293945,0
2025-11-21T16:30:00Z,25.309999465942383,25.520000457763672,25.209999084472656,25.3700008392334,0
2025-11-21T16:35:00Z,25.399999618530273,25.399999618530273,24.93000030517578,25.0,0
2025-11-21T16:40:00Z,25.010000228881836,25.010000228881836,24.81999969482422,24.90999984741211,0
2025-11-21T16:45:00Z,24.90999984741211,25.09000015258789,24.780000686645508,24.81999969482422,0
2025-11-21T16:50:00Z,24.860000610351562,24.899999618530273,24.530000686645508,24.6200008392334,0
2025-11-21T16:55:00Z,24.600000381469727,24.600000381469727,24.229999542236328,24.270000457763672,0
2025-11-21T17:00:00Z,24.270000457763672,24.469999313354492,24.270000457763672,24.309999465942383,0
2025-11-21T17:05:00Z,24.309999465942383,24.3700008392334,24.079999923706055,24.079999923706055,0
2025-11-21T17:10:00Z,24.100000381469727,24.239999771118164,24.09000015258789,24.15999984741211,0
2025-11-21T17:15:00Z,24.170000076293945,24.25,24.110000610351562,24.239999771118164,0
2025-11-21T17:20:00Z,24.270000457763672,24.399999618530273,24.149999618530273,24.149999618530273,0
2025-11-21T17:25:00Z,24.170000076293945,24.389999389648438,24.139999389648438,24.290000915527344,0
2025-11-21T17:30:00Z,24.260000228881836,24.260000228881836,24.06999969482422,24.079999923706055,0
2025-11-21T17:35:00Z,24.079999923706055,24.079999923706055,23.8799991607666,24.020000457763672,0
2025-11-21T17:40:00Z,24.030000686645508,24.1200008392334,23.850000381469727,23.850000381469727,0
2025-11-21T17:45:00Z,23.850000381469727,23.969999313354492,23.75,23.770000457763672,0
2025-11-21T17:50:00Z,23.770000457763672,24.110000610351562,23.770000457763672,24.020000457763672,0
2025-11-21T17:55:00Z,23.989999771118164,24.079999923706055,23.829999923706055,23.979999542236328,0
2025-11-21T18:00:00Z,23.959999084472656,24.31999969482422,23.899999618530273,24.31999969482422,0
2025-11-21T18:05:00Z,24.389999389648438,24.459999084472656,24.280000686645508,24.350000381469727,0
2025-11-21T18:10:00Z,24.389999389648438,24.600000381469727,24.389999389648438,24.600000381469727,0
2025-11-21T18:15:00Z,24.6200008392334,24.81999969482422,24.6200008392334,24.709999084472656,0
2025-11-21T18:20:00Z,24.709999084472656,24.709999084472656,24.420000076293945,24.479999542236328,0
2025-11-21T18:25:00Z,24.5,24.5,24.260000228881836,24.260000228881836,0
2025-11-21T18:30:00Z,24.239999771118164,24.239999771118164,23.81999969482422,23.860000610351562,0
2025-11-21T18:35:00Z,23.829999923706055,23.829999923706055,23.5,23.520000457763672,0
2025-11-21T18:40:00Z,23.510000228881836,23.600000381469727,23.43000030517578,23.440000534057617,0
2025-11-21T18:45:00Z,23.420000076293945,23.5,22.959999084472656,22.959999084472656,0
2025-11-21T18:50:00Z,22.93000030517578,22.989999771118164,22.790000915527344,22.989999771118164,0
2025-11-21T18:55:00Z,22.920000076293945,23.18000030517578,22.899999618530273,23.09000015258789,0
2025-11-21T19:00:00Z,23.09000015258789,23.09000015258789,22.790000915527344,22.790000915527344,0
2025-11-21T19:05:00Z,22.780000686645508,22.790000915527344,22.68000030517578,22.719999313354492,0
2025-11-21T19:10:00Z,22.719999313354492,22.860000610351562,22.690000534057617,22.799999237060547,0
2025-11-21T19:15:00Z,22.809999465942383,22.8700008392334,22.719999313354492,22.75,0
2025-11-21T19:20:00Z,22.760000228881836,22.760000228881836,22.59000015258789,22.610000610351562,0
2025-11-21T19:25:00Z,22.6299991607666,22.6299991607666,22.540000915527344,22.59000015258789,0
2025-11-21T19:30:00Z,22.59000015258789,22.90999984741211,22.549999237060547,22.90999984741211,0
2025-11-21T19:35:00Z,22.90999984741211,22.93000030517578,22.790000915527344,22.81999969482422,0
2025-11-21T19:40:00Z,22.829999923706055,23.239999771118164,22.799999237060547,23.239999771118164,0
2025-11-21T19:45:00Z,23.209999084472656,23.31999969482422,23.110000610351562,23.170000076293945,0
2025-11-21T19:50:00Z,23.219999313354492,23.540000915527344,23.18000030517578,23.440000534057617,0
2025-11-21T19:55:00Z,23.420000076293945,23.420000076293945,23.270000457763672,23.270000457763672,0
2025-11-21T20:00:00Z,23.239999771118164,23.239999771118164,23.100000381469727,23.15999984741211,0
2025-11-21T20:05:00Z,23.149999618530273,23.280000686645508,23.149999618530273,23.170000076293945,0
2025-11-21T20:10:00Z,23.15999984741211,23.209999084472656,23.06999969482422,23.200000762939453,0
2025-11-21T20:15:00Z,23.170000076293945,23.170000076293945,23.0,23.0,0
2025-11-21T20:20:00Z,23.020000457763672,23.329999923706055,23.020000457763672,23.329999923706055,0
2025-11-21T20:25:00Z,23.299999237060547,23.59000015258789,23.25,23.579999923706055,0
2025-11-21T20:30:00Z,23.6200008392334,23.790000915527344,23.610000610351562,23.610000610351562,0
2025-11-21T20:35:00Z,23.6299991607666,23.639999389648438,23.360000610351562,23.579999923706055,0
2025-11-21T20:40:00Z,23.579999923706055,23.75,23.579999923706055,23.729999542236328,0
2025-11-21T20:45:00Z,23.709999084472656,23.709999084472656,23.350000381469727,23.360000610351562,0
2025-11-21T20:50:00Z,23.3700008392334,23.670000076293945,23.360000610351562,23.639999389648438,0
2025-11-21T20:55:00Z,23.670000076293945,23.829999923706055,23.670000076293945,23.739999771118164,0
2025-11-21T21:00:00Z,23.6299991607666,23.6299991607666,23.389999389648438,23.389999389648438,0
2025-11-21T21:05:00Z,23.389999389648438,23.5,23.360000610351562,23.5,0
2025-11-21T21:10:00Z,23.510000228881836,23.59000015258789,23.459999084472656,23.469999313354492,0
2025-11-24T08:15:00Z,22.690000534057617,22.690000534057617,22.489999771118164,22.5,0
2025-11-24T08:20:00Z,22.5,22.549999237060547,22.489999771118164,22.510000228881836,0
2025-11-24T08:25:00Z,22.510000228881836,22.510000228881836,22.43000030517578,22.479999542236328,0
2025-11-24T08:30:00Z,22.489999771118164,22.530000686645508,22.450000762939453,22.530000686645508,0
2025-11-24T08:35:00Z,22.549999237060547,22.6200008392334,22.510000228881836,22.6200008392334,0
2025-11-24T08:40:00Z,22.610000610351562,22.649999618530273,22.600000381469727,22.649999618530273,0
2025-11-24T08:45:00Z,22.649999618530273,22.65999984741211,22.600000381469727,22.6200008392334,0
2025-11-24T08:50:00Z,22.610000610351562,22.639999389648438,22.610000610351562,22.6200008392334,0
2025-11-24T08:55:00Z,22.600000381469727,22.610000610351562,22.56999969482422,22.579999923706055,0
2025-11-24T09:00:00Z,22.579999923706055,22.600000381469727,22.559999465942383,22.600000381469727,0
2025-11-24T09:05:00Z,22.59000015258789,22.68000030517578,22.549999237060547,22.68000030517578,0
2025-11-24T09:10:00Z,22.68000030517578,22.799999237060547,22.65999984741211,22.799999237060547,0
2025-11-24T09:15:00Z,22.790000915527344,22.950000762939453,22.75,22.950000762939453,0
2025-11-24T09:20:00Z,22.969999313354492,23.290000915527344,22.969999313354492,23.290000915527344,0
2025-11-24T09:25:00Z,23.309999465942383,23.670000076293945,23.309999465942383,23.670000076293945,0
2025-11-24T09:30:00Z,23.68000030517578,23.68000030517578,23.34000015258789,23.3700008392334,0
2025-11-24T09:35:00Z,23.43000030517578,23.43000030517578,23.209999084472656,23.399999618530273,0
2025-11-24T09:40:00Z,23.420000076293945,23.56999969482422,23.420000076293945,23.450000762939453,0
2025-11-24T09:45:00Z,23.450000762939453,23.450000762939453,23.270000457763672,23.309999465942383,0
2025-11-24T09:50:00Z,23.309999465942383,23.43000030517578,23.290000915527344,23.34000015258789,0
2025-11-24T09:55:00Z,23.350000381469727,23.360000610351562,23.299999237060547,23.34000015258789,0
2025-11-24T10:00:00Z,23.350000381469727,23.40999984741211,23.270000457763672,23.290000915527344,0
2025-11-24T10:05:00Z,23.290000915527344,23.34000015258789,23.290000915527344,23.31999969482422,0
2025-11-24T10:10:00Z,23.31999969482422,23.5,23.31999969482422,23.450000762939453,0
2025-11-24T10:15:00Z,23.450000762939453,23.469999313354492,23.389999389648438,23.389999389648438,0
2025-11-24T10:20:00Z,23.389999389648438,23.459999084472656,23.299999237060547,23.459999084472656,0
2025-11-24T10:25:00Z,23.489999771118164,23.530000686645508,23.459999084472656,23.510000228881836,0
2025-11-24T10:30:00Z,23.520000457763672,23.600000381469727,23.479999542236328,23.600000381469727,0
2025-11-24T10:35:00Z,23.600000381469727,23.639999389648438,23.290000915527344,23.309999465942383,0
2025-11-24T10:40:00Z,23.329999923706055,23.389999389648438,23.290000915527344,23.350000381469727,0
2025-11-24T10:45:00Z,23.360000610351562,23.3799991607666,23.329999923706055,23.329999923706055,0
2025-11-24T10:50:00Z,23.34000015258789,23.43000030517578,23.31999969482422,23.43000030517578,0
2025-11-24T10:55:00Z,23.40999984741211,23.440000534057617,23.309999465942383,23.43000030517578,0
2025-11-24T11:00:00Z,23.43000030517578,23.479999542236328,23.40999984741211,23.459999084472656,0
2025-11-24T11:05:00Z,23.459999084472656,23.6299991607666,23.459999084472656,23.600000381469727,0
2025-11-24T11:10:00Z,23.600000381469727,23.6299991607666,23.530000686645508,23.610000610351562,0
2025-11-24T11:15:00Z,23.59000015258789,23.6200008392334,23.489999771118164,23.5,0
2025-11-24T11:20:00Z,23.459999084472656,23.540000915527344,23.43000030517578,23.440000534057617,0
2025-11-24T11:25:00Z,23.469999313354492,23.549999237060547,23.469999313354492,23.510000228881836,0
2025-11-24T11:30:00Z,23.479999542236328,23.489999771118164,23.40999984741211,23.489999771118164,0
2025-11-24T11:35:00Z,23.489999771118164,23.5,23.43000030517578,23.479999542236328,0
2025-11-24T11:40:00Z,23.469999313354492,23.479999542236328,23.34000015258789,23.34000015258789,0
2025-11-24T11:45:00Z,23.350000381469727,23.389999389648438,23.329999923706055,23.329999923706055,0
2025-11-24T11:50:00Z,23.329999923706055,23.329999923706055,23.170000076293945,23.18000030517578,0
2025-11-24T11:55:00Z,23.200000762939453,23.209999084472656,23.149999618530273,23.149999618530273,0
2025-11-24T12:00:00Z,23.149999618530273,23.25,23.149999618530273,23.239999771118164,0
2025-11-24T12:05:00Z,23.219999313354492,23.219999313354492,23.1200008392334,23.18000030517578,0
2025-11-24T12:10:00Z,23.170000076293945,23.260000228881836,23.149999618530273,23.229999542236328,0
2025-11-24T12:15:00Z,23.229999542236328,23.239999771118164,23.170000076293945,23.239999771118164,0
2025-11-24T12:20:00Z,23.25,23.25,23.1200008392334,23.149999618530273,0
2025-11-24T12:25:00Z,23.149999618530273,23.149999618530273,22.90999984741211,22.940000534057617,0
2025-11-24T12:30:00Z,22.940000534057617,22.940000534057617,22.829999923706055,22.8700008392334,0
2025-11-24T12:35:00Z,22.8700008392334,22.959999084472656,22.8700008392334,22.93000030517578,0
2025-11-24T12:40:00Z,22.93000030517578,22.979999542236328,22.90999984741211,22.950000762939453,0
2025-11-24T12:45:00Z,22.950000762939453,22.950000762939453,22.829999923706055,22.829999923706055,0
2025-11-24T12:50:00Z,22.829999923706055,22.899999618530273,22.809999465942383,22.829999923706055,0
2025-11-24T12:55:00Z,22.790000915527344,22.799999237060547,22.729999542236328,22.75,0
2025-11-24T13:00:00Z,22.760000228881836,22.770000457763672,22.709999084472656,22.719999313354492,0
2025-11-24T13:05:00Z,22.719999313354492,22.719999313354492,22.559999465942383,22.559999465942383,0
2025-11-24T13:10:00Z,22.559999465942383,22.559999465942383,22.489999771118164,22.489999771118164,0
2025-11-24T13:15:00Z,22.479999542236328,22.530000686645508,22.459999084472656,22.489999771118164,0
2025-11-24T13:20:00Z,22.489999771118164,22.549999237060547,22.489999771118164,22.510000228881836,0
2025-11-24T13:25:00Z,22.5,22.5,22.440000534057617,22.479999542236328,0
2025-11-24T13:30:00Z,22.469999313354492,22.530000686645508,22.440000534057617,22.530000686645508,0
2025-11-24T13:35:00Z,22.530000686645508,22.549999237060547,22.510000228881836,22.549999237060547,0
2025-11-24T13:40:00Z,22.559999465942383,22.6200008392334,22.549999237060547,22.610000610351562,0
2025-11-24T13:45:00Z,22.610000610351562,22.700000762939453,22.56999969482422,22.649999618530273,0
2025-11-24T13:50:00Z,22.649999618530273,22.700000762939453,22.649999618530273,22.700000762939453,0
2025-11-24T13:55:00Z,22.700000762939453,22.809999465942383,22.690000534057617,22.790000915527344,0
2025-11-24T14:00:00Z,22.780000686645508,22.790000915527344,22.65999984741211,22.670000076293945,0
2025-11-24T14:05:00Z,22.670000076293945,22.670000076293945,22.540000915527344,22.540000915527344,0
2025-11-24T14:10:00Z,22.520000457763672,22.520000457763672,22.350000381469727,22.350000381469727,0
2025-11-24T14:15:00Z,22.360000610351562,22.459999084472656,22.360000610351562,22.459999084472656,0
2025-11-24T14:20:00Z,22.450000762939453,22.56999969482422,22.450000762939453,22.56999969482422,0
2025-11-24T14:25:00Z,22.59000015258789,22.59000015258789,22.59000015258789,22.59000015258789,0
2025-11-24T14:30:00Z,22.450000762939453,22.450000762939453,21.860000610351562,21.860000610351562,0
2025-11-24T14:35:00Z,21.799999237060547,22.1299991607666,21.700000762939453,22.110000610351562,0
2025-11-24T14:40:00Z,22.1299991607666,22.3700008392334,22.010000228881836,22.3700008392334,0
2025-11-24T14:45:00Z,22.34000015258789,22.450000762939453,22.049999237060547,22.450000762939453,0
2025-11-24T14:50:00Z,22.479999542236328,22.700000762939453,22.190000534057617,22.329999923706055,0
2025-11-24T14:55:00Z,22.350000381469727,22.40999984741211,22.139999389648438,22.200000762939453,0
2025-11-24T15:00:00Z,22.049999237060547,22.049999237060547,21.790000915527344,21.790000915527344,0
2025-11-24T15:05:00Z,21.790000915527344,21.829999923706055,21.700000762939453,21.780000686645508,0
2025-11-24T15:10:00Z,21.75,21.90999984741211,21.549999237060547,21.549999237060547,0
2025-11-24T15:15:00Z,21.549999237060547,21.610000610351562,21.510000228881836,21.559999465942383,0
2025-11-24T15:20:00Z,21.59000015258789,21.59000015258789,21.43000030517578,21.56999969482422,0
2025-11-24T15:25:00Z,21.549999237060547,21.6299991607666,21.260000228881836,21.299999237060547,0
2025-11-24T15:30:00Z,21.309999465942383,21.440000534057617,21.260000228881836,21.399999618530273,0
2025-11-24T15:35:00Z,21.3700008392334,21.3700008392334,21.239999771118164,21.239999771118164,0
2025-11-24T15:40:00Z,21.25,21.299999237060547,21.149999618530273,21.15999984741211,0
2025-11-24T15:45:00Z,21.15999984741211,21.15999984741211,21.030000686645508,21.030000686645508,0
2025-11-24T15:50:00Z,21.030000686645508,21.15999984741211,21.020000457763672,21.15999984741211,0
2025-11-24T15:55:00Z,21.18000030517578,21.360000610351562,21.18000030517578,21.329999923706055,0
2025-11-24T16:00:00Z,21.329999923706055,21.329999923706055,21.1200008392334,21.1200008392334,0
2025-11-24T16:05:00Z,21.100000381469727,21.110000610351562,20.959999084472656,20.959999084472656,0
2025-11-24T16:10:00Z,20.969999313354492,21.020000457763672,20.93000030517578,21.020000457763672,0
2025-11-24T16:15:00Z,21.010000228881836,21.079999923706055,20.979999542236328,21.079999923706055,0
2025-11-24T16:20:00Z,21.09000015258789,21.170000076293945,21.079999923706055,21.170000076293945,0
2025-11-24T16:25:00Z,21.18000030517578,21.219999313354492,21.1200008392334,21.190000534057617,0
2025-11-24T16:30:00Z,21.190000534057617,21.34000015258789,21.170000076293945,21.239999771118164,0
2025-11-24T16:35:00Z,21.270000457763672,21.34000015258789,21.25,21.34000015258789,0
2025-11-24T16:40:00Z,21.299999237060547,21.34000015258789,21.18000030517578,21.18000030517578,0
2025-11-24T16:45:00Z,21.200000762939453,21.209999084472656,21.1200008392334,21.139999389648438,0
2025-11-24T16:50:00Z,21.139999389648438,21.190000534057617,21.079999923706055,21.09000015258789,0
2025-11-24T16:55:00Z,21.100000381469727,21.280000686645508,21.100000381469727,21.239999771118164,0
2025-11-24T17:00:00Z,21.229999542236328,21.290000915527344,21.139999389648438,21.270000457763672,0
2025-11-24T17:05:00Z,21.260000228881836,21.31999969482422,21.200000762939453,21.270000457763672,0
2025-11-24T17:10:00Z,21.299999237060547,21.31999969482422,21.239999771118164,21.260000228881836,0
2025-11-24T17:15:00Z,21.25,21.280000686645508,21.040000915527344,21.040000915527344,0
2025-11-24T17:20:00Z,21.049999237060547,21.059999465942383,20.969999313354492,20.989999771118164,0
2025-11-24T17:25:00Z,21.0,21.040000915527344,20.969999313354492,20.979999542236328,0
2025-11-24T17:30:00Z,20.969999313354492,20.979999542236328,20.93000030517578,20.979999542236328,0
2025-11-24T17:35:00Z,20.989999771118164,21.0,20.8700008392334,20.8799991607666,0
2025-11-24T17:40:00Z,20.860000610351562,20.860000610351562,20.770000457763672,20.799999237060547,0
2025-11-24T17:45:00Z,20.790000915527344,20.829999923706055,20.770000457763672,20.809999465942383,0
2025-11-24T17:50:00Z,20.809999465942383,20.8700008392334,20.770000457763672,20.81999969482422,0
2025-11-24T17:55:00Z,20.84000015258789,20.920000076293945,20.84000015258789,20.8799991607666,0
2025-11-24T18:00:00Z,20.899999618530273,20.899999618530273,20.809999465942383,20.829999923706055,0
2025-11-24T18:05:00Z,20.809999465942383,20.81999969482422,20.780000686645508,20.809999465942383,0
2025-11-24T18:10:00Z,20.809999465942383,20.809999465942383,20.68000030517578,20.690000534057617,0
2025-11-24T18:15:00Z,20.700000762939453,20.790000915527344,20.68000030517578,20.770000457763672,0
2025-11-24T18:20:00Z,20.770000457763672,20.799999237060547,20.75,20.760000228881836,0
2025-11-24T18:25:00Z,20.760000228881836,20.81999969482422,20.75,20.809999465942383,0
2025-11-24T18:30:00Z,20.809999465942383,20.8799991607666,20.770000457763672,20.81999969482422,0
2025-11-24T18:35:00Z,20.829999923706055,20.8799991607666,20.799999237060547,20.84000015258789,0
2025-11-24T18:40:00Z,20.829999923706055,20.8700008392334,20.770000457763672,20.790000915527344,0
2025-11-24T18:45:00Z,20.760000228881836,20.809999465942383,20.739999771118164,20.760000228881836,0
2025-11-24T18:50:00Z,20.780000686645508,20.780000686645508,20.75,20.760000228881836,0
2025-11-24T18:55:00Z,20.75,20.760000228881836,20.729999542236328,20.760000228881836,0
2025-11-24T19:00:00Z,20.760000228881836,20.760000228881836,20.600000381469727,20.610000610351562,0
2025-11-24T19:05:00Z,20.610000610351562,20.610000610351562,20.549999237060547,20.59000015258789,0
2025-11-24T19:10:00Z,20.600000381469727,20.639999389648438,20.59000015258789,20.639999389648438,0
2025-11-24T19:15:00Z,20.649999618530273,20.700000762939453,20.6200008392334,20.6200008392334,0
2025-11-24T19:20:00Z,20.6200008392334,20.670000076293945,20.6200008392334,20.639999389648438,0
2025-11-24T19:25:00Z,20.649999618530273,20.700000762939453,20.639999389648438,20.690000534057617,0
2025-11-24T19:30:00Z,20.690000534057617,20.809999465942383,20.690000534057617,20.799999237060547,0
2025-11-24T19:35:00Z,20.780000686645508,20.84000015258789,20.729999542236328,20.729999542236328,0
2025-11-24T19:40:00Z,20.75,20.780000686645508,20.709999084472656,20.780000686645508,0
2025-11-24T19:45:00Z,20.790000915527344,20.81999969482422,20.790000915527344,20.81999969482422,0
2025-11-24T19:50:00Z,20.809999465942383,20.90999984741211,20.739999771118164,20.8700008392334,0
2025-11-24T19:55:00Z,20.860000610351562,20.90999984741211,20.81999969482422,20.889999389648438,0
2025-11-24T20:00:00Z,20.8799991607666,20.8799991607666,20.68000030517578,20.68000030517578,0
2025-11-24T20:05:00Z,20.670000076293945,20.700000762939453,20.65999984741211,20.670000076293945,0
2025-11-24T20:10:00Z,20.68000030517578,20.719999313354492,20.639999389648438,20.68000030517578,0
2025-11-24T20:15:00Z,20.68000030517578,20.68000030517578,20.610000610351562,20.6299991607666,0
2025-11-24T20:20:00Z,20.649999618530273,20.709999084472656,20.649999618530273,20.700000762939453,0
2025-11-24T20:25:00Z,20.700000762939453,20.790000915527344,20.700000762939453,20.739999771118164,0
2025-11-24T20:30:00Z,20.75,20.790000915527344,20.739999771118164,20.75,0
2025-11-24T20:35:00Z,20.739999771118164,20.780000686645508,20.670000076293945,20.690000534057617,0
2025-11-24T20:40:00Z,20.690000534057617,20.770000457763672,20.649999618530273,20.649999618530273,0
2025-11-24T20:45:00Z,20.649999618530273,20.68000030517578,20.600000381469727,20.649999618530273,0
2025-11-24T20:50:00Z,20.65999984741211,20.700000762939453,20.469999313354492,20.469999313354492,0
2025-11-24T20:55:00Z,20.450000762939453,20.610000610351562,20.40999984741211,20.59000015258789,0
2025-11-24T21:00:00Z,20.6299991607666,20.65999984741211,20.520000457763672,20.549999237060547,0
2025-11-24T21:05:00Z,20.549999237060547,20.59000015258789,20.5,20.510000228881836,0
2025-11-24T21:10:00Z,20.5,20.520000457763672,20.479999542236328,20.510000228881836,0
2025-11-25T08:15:00Z,20.549999237060547,20.549999237060547,20.450000762939453,20.489999771118164,0
2025-11-25T08:20:00Z,20.489999771118164,20.489999771118164,20.420000076293945,20.440000534057617,0
2025-11-25T08:25:00Z,20.43000030517578,20.5,20.43000030517578,20.450000762939453,0
2025-11-25T08:30:00Z,20.450000762939453,20.489999771118164,20.440000534057617,20.440000534057617,0
2025-11-25T08:35:00Z,20.450000762939453,20.469999313354492,20.440000534057617,20.450000762939453,0
2025-11-25T08:40:00Z,20.459999084472656,20.489999771118164,20.450000762939453,20.489999771118164,0
2025-11-25T08:45:00Z,20.489999771118164,20.559999465942383,20.489999771118164,20.540000915527344,0
2025-11-25T08:50:00Z,20.530000686645508,20.639999389648438,20.530000686645508,20.639999389648438,0
2025-11-25T08:55:00Z,20.65999984741211,20.68000030517578,20.6200008392334,20.6299991607666,0
2025-11-25T09:00:00Z,20.6299991607666,20.6299991607666,20.56999969482422,20.56999969482422,0
2025-11-25T09:05:00Z,20.559999465942383,20.559999465942383,20.489999771118164,20.549999237060547,0
2025-11-25T09:10:00Z,20.549999237060547,20.610000610351562,20.520000457763672,20.540000915527344,0
2025-11-25T09:15:00Z,20.530000686645508,20.6299991607666,20.530000686645508,20.6299991607666,0
2025-11-25T09:20:00Z,20.6299991607666,20.649999618530273,20.6299991607666,20.649999618530273,0
2025-11-25T09:25:00Z,20.670000076293945,20.739999771118164,20.670000076293945,20.739999771118164,0
2025-11-25T09:30:00Z,20.75,20.780000686645508,20.739999771118164,20.760000228881836,0
2025-11-25T09:35:00Z,20.770000457763672,20.790000915527344,20.739999771118164,20.780000686645508,0
2025-11-25T09:40:00Z,20.799999237060547,20.809999465942383,20.6299991607666,20.6299991607666,0
2025-11-25T09:45:00Z,20.6299991607666,20.709999084472656,20.6299991607666,20.68000030517578,0
2025-11-25T09:50:00Z,20.670000076293945,20.68000030517578,20.6299991607666,20.68000030517578,0
2025-11-25T09:55:00Z,20.670000076293945,20.690000534057617,20.65999984741211,20.690000534057617,0
2025-11-25T10:00:00Z,20.68000030517578,20.729999542236328,20.68000030517578,20.719999313354492,0
2025-11-25T10:05:00Z,20.709999084472656,20.739999771118164,20.700000762939453,20.709999084472656,0
2025-11-25T10:10:00Z,20.700000762939453,20.700000762939453,20.6200008392334,20.639999389648438,0
2025-11-25T10:15:00Z,20.639999389648438,20.709999084472656,20.6200008392334,20.709999084472656,0
2025-11-25T10:20:00Z,20.709999084472656,20.709999084472656,20.649999618530273,20.670000076293945,0
2025-11-25T10:25:00Z,20.670000076293945,20.700000762939453,20.670000076293945,20.68000030517578,0
2025-11-25T10:30:00Z,20.68000030517578,20.780000686645508,20.649999618530273,20.649999618530273,0
2025-11-25T10:35:00Z,20.65999984741211,20.690000534057617,20.6200008392334,20.6299991607666,0
2025-11-25T10:40:00Z,20.6200008392334,20.6200008392334,20.549999237060547,20.610000610351562,0
2025-11-25T10:45:00Z,20.610000610351562,20.6200008392334,20.56999969482422,20.610000610351562,0
2025-11-25T10:50:00Z,20.59000015258789,20.600000381469727,20.559999465942383,20.56999969482422,0
2025-11-25T10:55:00Z,20.540000915527344,20.549999237060547,20.520000457763672,20.540000915527344,0
2025-11-25T11:00:00Z,20.540000915527344,20.600000381469727,20.540000915527344,20.579999923706055,0
2025-11-25T11:05:00Z,20.56999969482422,20.579999923706055,20.520000457763672,20.530000686645508,0
2025-11-25T11:10:00Z,20.530000686645508,20.56999969482422,20.520000457763672,20.540000915527344,0
2025-11-25T11:15:00Z,20.540000915527344,20.59000015258789,20.540000915527344,20.59000015258789,0
2025-11-25T11:20:00Z,20.600000381469727,20.610000610351562,20.56999969482422,20.56999969482422,0
2025-11-25T11:25:00Z,20.579999923706055,20.6200008392334,20.56999969482422,20.610000610351562,0
2025-11-25T11:30:00Z,20.610000610351562,20.65999984741211,20.610000610351562,20.649999618530273,0
2025-11-25T11:35:00Z,20.65999984741211,20.65999984741211,20.600000381469727,20.6200008392334,0
2025-11-25T11:40:00Z,20.6200008392334,20.6200008392334,20.600000381469727,20.600000381469727,0
2025-11-25T11:45:00Z,20.610000610351562,20.6299991607666,20.600000381469727,20.6299991607666,0
2025-11-25T11:50:00Z,20.6299991607666,20.670000076293945,20.600000381469727,20.610000610351562,0
2025-11-25T11:55:00Z,20.600000381469727,20.610000610351562,20.540000915527344,20.549999237060547,0
2025-11-25T12:00:00Z,20.540000915527344,20.549999237060547,20.360000610351562,20.3799991607666,0
2025-11-25T12:05:00Z,20.3799991607666,20.40999984741211,20.329999923706055,20.350000381469727,0
2025-11-25T12:10:00Z,20.34000015258789,20.3799991607666,20.309999465942383,20.350000381469727,0
2025-11-25T12:15:00Z,20.350000381469727,20.399999618530273,20.329999923706055,20.399999618530273,0
2025-11-25T12:20:00Z,20.40999984741211,20.40999984741211,20.360000610351562,20.360000610351562,0
2025-11-25T12:25:00Z,20.360000610351562,20.389999389648438,20.329999923706055,20.329999923706055,0
2025-11-25T12:30:00Z,20.31999969482422,20.40999984741211,20.31999969482422,20.40999984741211,0
2025-11-25T12:35:00Z,20.420000076293945,20.459999084472656,20.420000076293945,20.420000076293945,0
2025-11-25T12:40:00Z,20.420000076293945,20.450000762939453,19.950000762939453,20.1200008392334,0
2025-11-25T12:45:00Z,20.139999389648438,20.270000457763672,20.100000381469727,20.270000457763672,0
2025-11-25T12:50:00Z,20.260000228881836,20.280000686645508,20.219999313354492,20.260000228881836,0
2025-11-25T12:55:00Z,20.260000228881836,20.290000915527344,20.239999771118164,20.260000228881836,0
2025-11-25T13:00:00Z,20.260000228881836,20.260000228881836,20.110000610351562,20.139999389648438,0
2025-11-25T13:05:00Z,20.139999389648438,20.149999618530273,20.100000381469727,20.1299991607666,0
2025-11-25T13:10:00Z,20.1299991607666,20.139999389648438,20.110000610351562,20.1299991607666,0
2025-11-25T13:15:00Z,20.1299991607666,20.1299991607666,20.020000457763672,20.020000457763672,0
2025-11-25T13:20:00Z,20.030000686645508,20.040000915527344,19.969999313354492,20.0,0
2025-11-25T13:25:00Z,20.0,20.040000915527344,20.0,20.0,0
2025-11-25T13:30:00Z,19.969999313354492,20.049999237060547,19.950000762939453,20.049999237060547,0
2025-11-25T13:35:00Z,20.06999969482422,20.139999389648438,20.06999969482422,20.09000015258789,0
2025-11-25T13:40:00Z,20.100000381469727,20.209999084472656,20.100000381469727,20.209999084472656,0
2025-11-25T13:45:00Z,20.200000762939453,20.200000762939453,20.049999237060547,20.049999237060547,0
2025-11-25T13:50:00Z,20.040000915527344,20.110000610351562,20.030000686645508,20.06999969482422,0
2025-11-25T13:55:00Z,20.079999923706055,20.149999618530273,20.079999923706055,20.100000381469727,0
2025-11-25T14:00:00Z,20.100000381469727,20.170000076293945,20.06999969482422,20.170000076293945,0
2025-11-25T14:05:00Z,20.170000076293945,20.229999542236328,20.170000076293945,20.229999542236328,0
2025-11-25T14:10:00Z,20.219999313354492,20.219999313354492,20.149999618530273,20.149999618530273,0
2025-11-25T14:15:00Z,20.15999984741211,20.229999542236328,20.15999984741211,20.18000030517578,0
2025-11-25T14:20:00Z,20.18000030517578,20.190000534057617,20.15999984741211,20.190000534057617,0
2025-11-25T14:25:00Z,20.190000534057617,20.190000534057617,20.190000534057617,20.190000534057617,0
2025-11-25T14:30:00Z,20.290000915527344,20.290000915527344,20.040000915527344,20.06999969482422,0
2025-11-25T14:35:00Z,20.06999969482422,20.1200008392334,20.030000686645508,20.100000381469727,0
2025-11-25T14:40:00Z,20.1299991607666,20.729999542236328,20.1299991607666,20.65999984741211,0
2025-11-25T14:45:00Z,20.719999313354492,21.65999984741211,20.719999313354492,21.65999984741211,0
2025-11-25T14:50:00Z,21.649999618530273,21.770000457763672,20.84000015258789,20.8700008392334,0
2025-11-25T14:55:00Z,20.860000610351562,20.860000610351562,20.43000030517578,20.43000030517578,0
2025-11-25T15:00:00Z,20.420000076293945,21.31999969482422,20.420000076293945,21.260000228881836,0
2025-11-25T15:05:00Z,21.209999084472656,21.270000457763672,20.600000381469727,20.649999618530273,0
2025-11-25T15:10:00Z,20.6200008392334,20.780000686645508,20.510000228881836,20.729999542236328,0
2025-11-25T15:15:00Z,20.690000534057617,20.739999771118164,20.5,20.559999465942383,0
2025-11-25T15:20:00Z,20.540000915527344,20.899999618530273,20.5,20.84000015258789,0
2025-11-25T15:25:00Z,20.809999465942383,20.809999465942383,20.440000534057617,20.459999084472656,0
2025-11-25T15:30:00Z,20.43000030517578,20.43000030517578,20.079999923706055,20.079999923706055,0
2025-11-25T15:35:00Z,20.100000381469727,20.260000228881836,20.06999969482422,20.1200008392334,0
2025-11-25T15:40:00Z,20.110000610351562,20.139999389648438,19.81999969482422,19.81999969482422,0
2025-11-25T15:45:00Z,19.850000381469727,20.0,19.729999542236328,20.0,0
2025-11-25T15:50:00Z,19.940000534057617,20.18000030517578,19.940000534057617,20.079999923706055,0
2025-11-25T15:55:00Z,20.110000610351562,20.239999771118164,19.920000076293945,19.989999771118164,0
2025-11-25T16:00:00Z,19.969999313354492,20.1200008392334,19.940000534057617,19.940000534057617,0
2025-11-25T16:05:00Z,19.989999771118164,20.1299991607666,19.93000030517578,20.079999923706055,0
2025-11-25T16:10:00Z,20.079999923706055,20.079999923706055,19.920000076293945,20.0,0
2025-11-25T16:15:00Z,20.020000457763672,20.059999465942383,19.68000030517578,19.700000762939453,0
2025-11-25T16:20:00Z,19.690000534057617,19.690000534057617,19.489999771118164,19.579999923706055,0
2025-11-25T16:25:00Z,19.579999923706055,19.6200008392334,19.540000915527344,19.549999237060547,0
2025-11-25T16:30:00Z,19.540000915527344,19.540000915527344,19.440000534057617,19.479999542236328,0
2025-11-25T16:35:00Z,19.479999542236328,19.559999465942383,19.459999084472656,19.469999313354492,0
2025-11-25T16:40:00Z,19.459999084472656,19.459999084472656,19.350000381469727,19.40999984741211,0
2025-11-25T16:45:00Z,19.40999984741211,19.540000915527344,19.40999984741211,19.489999771118164,0
2025-11-25T16:50:00Z,19.469999313354492,19.469999313354492,19.270000457763672,19.299999237060547,0
2025-11-25T16:55:00Z,19.299999237060547,19.309999465942383,19.25,19.309999465942383,0
2025-11-25T17:00:00Z,19.31999969482422,19.31999969482422,19.200000762939453,19.209999084472656,0
2025-11-25T17:05:00Z,19.209999084472656,19.229999542236328,19.149999618530273,19.18000030517578,0
2025-11-25T17:10:00Z,19.18000030517578,19.190000534057617,19.170000076293945,19.190000534057617,0
2025-11-25T17:15:00Z,19.18000030517578,19.219999313354492,19.149999618530273,19.149999618530273,0
2025-11-25T17:20:00Z,19.15999984741211,19.15999984741211,19.020000457763672,19.020000457763672,0
2025-11-25T17:25:00Z,19.010000228881836,19.1200008392334,19.010000228881836,19.1200008392334,0
2025-11-25T17:30:00Z,19.09000015258789,19.15999984741211,19.06999969482422,19.100000381469727,0
